Thu Jan 02 2014 00:00:00 GMT+0800 (China Standard Time),64.82,64.82,62.550001,63,1234500,21,ACIW
Fri Jan 03 2014 00:00:00 GMT+0800 (China Standard Time),62.959997,64.430002,62.33,64.34,1455600,21.446667,ACIW
Mon Jan 06 2014 00:00:00 GMT+0800 (China Standard Time),64.729998,64.789999,63.060001,63.16,577800,21.053333,ACIW
Tue Jan 07 2014 00:00:00 GMT+0800 (China Standard Time),63.209999,64.960001,63.16,64.299997,882000,21.433332,ACIW
Wed Jan 08 2014 00:00:00 GMT+0800 (China Standard Time),64.07,64.07,62.76,63.149998,1094400,21.049999,ACIW
Thu Jan 09 2014 00:00:00 GMT+0800 (China Standard Time),63.35,63.840002,62.850002,63.110001,714600,21.036667,ACIW
Fri Jan 10 2014 00:00:00 GMT+0800 (China Standard Time),62.92,63.460001,62.619999,63.369999,723900,21.123333,ACIW
Mon Jan 13 2014 00:00:00 GMT+0800 (China Standard Time),63.060001,63.559999,62.059999,62.479998,575100,20.826666,ACIW
Tue Jan 14 2014 00:00:00 GMT+0800 (China Standard Time),62.740002,63.709997,62.310001,63.629997,577200,21.209999,ACIW
Wed Jan 15 2014 00:00:00 GMT+0800 (China Standard Time),63.579998,64.359999,63.289999,63.840002,512400,21.280001,ACIW
Thu Jan 16 2014 00:00:00 GMT+0800 (China Standard Time),63.540001,64.080002,63.140001,63.739998,618600,21.246666,ACIW
Fri Jan 17 2014 00:00:00 GMT+0800 (China Standard Time),63.700001,63.799999,63.030001,63.520002,497700,21.173334,ACIW
Tue Jan 21 2014 00:00:00 GMT+0800 (China Standard Time),64.000002,64.199999,63.229998,63.700001,786300,21.233334,ACIW
Wed Jan 22 2014 00:00:00 GMT+0800 (China Standard Time),63.780001,64.430002,63.780001,64.34,444900,21.446667,ACIW
Thu Jan 23 2014 00:00:00 GMT+0800 (China Standard Time),63.929998,64.000002,63.250002,63.339998,647400,21.113333,ACIW
Fri Jan 24 2014 00:00:00 GMT+0800 (China Standard Time),63,63.049999,60.739998,60.879999,1031100,20.293333,ACIW
Mon Jan 27 2014 00:00:00 GMT+0800 (China Standard Time),61.199999,61.26,59.749998,60.069998,1348200,20.023333,ACIW
Tue Jan 28 2014 00:00:00 GMT+0800 (China Standard Time),60.170002,61.26,60.140001,61.219997,931500,20.406666,ACIW
Wed Jan 29 2014 00:00:00 GMT+0800 (China Standard Time),60.75,61.240002,60.27,60.380001,706800,20.126667,ACIW
Thu Jan 30 2014 00:00:00 GMT+0800 (China Standard Time),60.799999,61.999998,60.43,61.430002,585600,20.476667,ACIW
Fri Jan 31 2014 00:00:00 GMT+0800 (China Standard Time),60.32,61.270002,59.500002,60.609999,592200,20.203333,ACIW
Mon Feb 03 2014 00:00:00 GMT+0800 (China Standard Time),60.499998,60.99,57.490002,58.059998,1395600,19.353333,ACIW
Tue Feb 04 2014 00:00:00 GMT+0800 (China Standard Time),58.249998,59.189999,58.110003,58.569998,994200,19.523333,ACIW
Wed Feb 05 2014 00:00:00 GMT+0800 (China Standard Time),58.249998,58.74,56.959997,58.469999,738300,19.49,ACIW
Thu Feb 06 2014 00:00:00 GMT+0800 (China Standard Time),58.780003,59.260002,58.080002,59.070002,519600,19.690001,ACIW
Fri Feb 07 2014 00:00:00 GMT+0800 (China Standard Time),59.120001,59.429998,58.430002,59.209997,568500,19.736666,ACIW
Mon Feb 10 2014 00:00:00 GMT+0800 (China Standard Time),57.75,58.530001,55.059998,55.290001,3033600,18.43,ACIW
Tue Feb 11 2014 00:00:00 GMT+0800 (China Standard Time),55.350002,56.550001,55.26,56.020002,1881600,18.673334,ACIW
Wed Feb 12 2014 00:00:00 GMT+0800 (China Standard Time),56.180002,57.099998,56.01,56.379999,1136100,18.793333,ACIW
Thu Feb 13 2014 00:00:00 GMT+0800 (China Standard Time),55.940002,57.849998,55.940002,57.4,1314900,19.133333,ACIW
Fri Feb 14 2014 00:00:00 GMT+0800 (China Standard Time),57.339998,57.75,56.699999,57.449999,834900,19.15,ACIW
Tue Feb 18 2014 00:00:00 GMT+0800 (China Standard Time),57.819998,59.65,57.659998,58.590002,1266000,19.530001,ACIW
Wed Feb 19 2014 00:00:00 GMT+0800 (China Standard Time),58.240002,59.909998,58.240002,59.020002,929100,19.673334,ACIW
Thu Feb 20 2014 00:00:00 GMT+0800 (China Standard Time),59.17,60.010002,58.530001,59.57,1020600,19.856667,ACIW
Fri Feb 21 2014 00:00:00 GMT+0800 (China Standard Time),59.829998,60.090002,58.489998,58.960001,1482000,19.653334,ACIW
Mon Feb 24 2014 00:00:00 GMT+0800 (China Standard Time),59.17,59.699999,58.700003,59.079998,1294500,19.693333,ACIW
Tue Feb 25 2014 00:00:00 GMT+0800 (China Standard Time),59.209997,59.390001,58.219997,58.510002,927300,19.503334,ACIW
Wed Feb 26 2014 00:00:00 GMT+0800 (China Standard Time),58.700003,58.780003,57.819998,57.99,1650300,19.33,ACIW
Thu Feb 27 2014 00:00:00 GMT+0800 (China Standard Time),57.629997,60.209999,56.01,59.660002,2250300,19.886667,ACIW
Fri Feb 28 2014 00:00:00 GMT+0800 (China Standard Time),60.16,61.02,59.589998,60.030001,1383300,20.01,ACIW
Mon Mar 03 2014 00:00:00 GMT+0800 (China Standard Time),59.610003,60.920002,59.440001,60.449999,1545900,20.15,ACIW
Tue Mar 04 2014 00:00:00 GMT+0800 (China Standard Time),61.350002,62.710001,61.350002,62.319998,1253100,20.773333,ACIW
Wed Mar 05 2014 00:00:00 GMT+0800 (China Standard Time),62.310001,63.090002,62.310001,62.870001,1207200,20.956667,ACIW
Thu Mar 06 2014 00:00:00 GMT+0800 (China Standard Time),63.049999,63.060001,62.159998,62.559998,744600,20.853333,ACIW
Fri Mar 07 2014 00:00:00 GMT+0800 (China Standard Time),62.959997,62.959997,62.150002,62.909998,690600,20.969999,ACIW
Mon Mar 10 2014 00:00:00 GMT+0800 (China Standard Time),62.68,62.950001,61.85,62.539999,586800,20.846666,ACIW
Tue Mar 11 2014 00:00:00 GMT+0800 (China Standard Time),62.429998,62.900002,61.85,62.349998,834300,20.783333,ACIW
Wed Mar 12 2014 00:00:00 GMT+0800 (China Standard Time),62.139999,62.6,61.350002,62.539999,679200,20.846666,ACIW
Thu Mar 13 2014 00:00:00 GMT+0800 (China Standard Time),62.669998,62.669998,60,60.16,1104300,20.053333,ACIW
Fri Mar 14 2014 00:00:00 GMT+0800 (China Standard Time),59.909998,61.009998,59.450003,60.209999,830700,20.07,ACIW
Mon Mar 17 2014 00:00:00 GMT+0800 (China Standard Time),60.520002,61.139997,59.820002,60.030001,1214700,20.01,ACIW
Tue Mar 18 2014 00:00:00 GMT+0800 (China Standard Time),60.16,60.99,60.16,60.67,761100,20.223333,ACIW
Wed Mar 19 2014 00:00:00 GMT+0800 (China Standard Time),60.559999,60.810001,60.200003,60.4,631500,20.133333,ACIW
Thu Mar 20 2014 00:00:00 GMT+0800 (China Standard Time),60.300001,61.009998,60,60.929998,397200,20.309999,ACIW
Fri Mar 21 2014 00:00:00 GMT+0800 (China Standard Time),61.219997,61.219997,60.300001,60.389997,888300,20.129999,ACIW
Mon Mar 24 2014 00:00:00 GMT+0800 (China Standard Time),60.650002,60.700001,59.109999,60.149998,662700,20.049999,ACIW
Tue Mar 25 2014 00:00:00 GMT+0800 (China Standard Time),60.360003,60.940001,59.479998,60.190001,469200,20.063334,ACIW
Wed Mar 26 2014 00:00:00 GMT+0800 (China Standard Time),60.769999,60.950003,58.98,59.33,802200,19.776667,ACIW
Thu Mar 27 2014 00:00:00 GMT+0800 (China Standard Time),59.209997,59.73,58.210001,58.450001,672300,19.483334,ACIW
Fri Mar 28 2014 00:00:00 GMT+0800 (China Standard Time),58.450001,59.100002,58.299997,58.5,732000,19.5,ACIW
Mon Mar 31 2014 00:00:00 GMT+0800 (China Standard Time),58.729998,59.619999,58.26,59.189999,686700,19.73,ACIW
Tue Apr 01 2014 00:00:00 GMT+0800 (China Standard Time),59.429998,60.609999,59.429998,60.460001,868500,20.153334,ACIW
Wed Apr 02 2014 00:00:00 GMT+0800 (China Standard Time),60.540001,61.379997,60.030001,61.139997,744300,20.379999,ACIW
Thu Apr 03 2014 00:00:00 GMT+0800 (China Standard Time),61.009998,61.409998,60.120003,60.440002,416100,20.146667,ACIW
Fri Apr 04 2014 00:00:00 GMT+0800 (China Standard Time),60.920002,61.210001,58.169998,58.549999,786900,19.516666,ACIW
Mon Apr 07 2014 00:00:00 GMT+0800 (China Standard Time),58.23,58.480001,56.660002,57.040003,944700,19.013334,ACIW
Tue Apr 08 2014 00:00:00 GMT+0800 (China Standard Time),57.110001,57.780001,56.459999,57.449999,729000,19.15,ACIW
Wed Apr 09 2014 00:00:00 GMT+0800 (China Standard Time),57.769999,58.219997,57.099998,58.059998,511800,19.353333,ACIW
Thu Apr 10 2014 00:00:00 GMT+0800 (China Standard Time),58.679998,58.690001,57,57.389997,962100,19.129999,ACIW
Fri Apr 11 2014 00:00:00 GMT+0800 (China Standard Time),56.879997,57.920002,55.999998,56.200001,612900,18.733334,ACIW
Mon Apr 14 2014 00:00:00 GMT+0800 (China Standard Time),56.900002,57.490002,55.999998,56.539999,392100,18.846666,ACIW
Tue Apr 15 2014 00:00:00 GMT+0800 (China Standard Time),56.630001,57.330002,55.940002,57.16,610800,19.053333,ACIW
Wed Apr 16 2014 00:00:00 GMT+0800 (China Standard Time),57.51,57.879999,56.6,57.600002,395700,19.200001,ACIW
Thu Apr 17 2014 00:00:00 GMT+0800 (China Standard Time),57.32,58.469999,56.829998,57.730001,542700,19.243334,ACIW
Mon Apr 21 2014 00:00:00 GMT+0800 (China Standard Time),57.639999,57.99,57.030001,57.499998,362700,19.166666,ACIW
Tue Apr 22 2014 00:00:00 GMT+0800 (China Standard Time),57.59,59.290003,57.369999,59.079998,501300,19.693333,ACIW
Wed Apr 23 2014 00:00:00 GMT+0800 (China Standard Time),58.880001,59.470001,58.350002,59.180002,515400,19.726667,ACIW
Thu Apr 24 2014 00:00:00 GMT+0800 (China Standard Time),59.390001,59.390001,58.119999,58.309999,489000,19.436666,ACIW
Fri Apr 25 2014 00:00:00 GMT+0800 (China Standard Time),57.899998,58.450001,56.580002,56.799997,532500,18.933332,ACIW
Mon Apr 28 2014 00:00:00 GMT+0800 (China Standard Time),57.099998,58.720001,55.640001,56.539999,738000,18.846666,ACIW
Tue Apr 29 2014 00:00:00 GMT+0800 (China Standard Time),57,57.060001,55.599998,56.209997,2258400,18.736666,ACIW
Wed Apr 30 2014 00:00:00 GMT+0800 (China Standard Time),55.999998,57.529999,55.880001,57.149998,851700,19.049999,ACIW
Thu May 01 2014 00:00:00 GMT+0800 (China Standard Time),56.440001,58.15,54.680002,56.01,1632300,18.67,ACIW
Fri May 02 2014 00:00:00 GMT+0800 (China Standard Time),56.120001,56.859999,55.620003,55.949999,876000,18.65,ACIW
Mon May 05 2014 00:00:00 GMT+0800 (China Standard Time),54.24,55.66,52.599998,54.75,858000,18.25,ACIW
Tue May 06 2014 00:00:00 GMT+0800 (China Standard Time),54.380001,54.890001,54,54.030001,703200,18.01,ACIW
Wed May 07 2014 00:00:00 GMT+0800 (China Standard Time),54.24,54.24,52.9,53.820002,824100,17.940001,ACIW
Thu May 08 2014 00:00:00 GMT+0800 (China Standard Time),53.619999,54.700001,52.759998,52.85,580800,17.616667,ACIW
Fri May 09 2014 00:00:00 GMT+0800 (China Standard Time),52.569998,53.820002,52.059998,53.690002,426000,17.896667,ACIW
Mon May 12 2014 00:00:00 GMT+0800 (China Standard Time),54.019999,56.539999,54.019999,55.93,959400,18.643333,ACIW
Tue May 13 2014 00:00:00 GMT+0800 (China Standard Time),55.889997,56.299999,55.130001,55.199999,1077900,18.4,ACIW
Wed May 14 2014 00:00:00 GMT+0800 (China Standard Time),54.940001,55.139997,53.370003,53.580002,526500,17.860001,ACIW
Thu May 15 2014 00:00:00 GMT+0800 (China Standard Time),53.239998,53.500002,52.540003,53.319998,701700,17.773333,ACIW
Fri May 16 2014 00:00:00 GMT+0800 (China Standard Time),53.290003,53.969999,52.370001,53.770002,669300,17.923334,ACIW
Mon May 19 2014 00:00:00 GMT+0800 (China Standard Time),53.660002,54.979998,53.660002,54.730001,405900,18.243334,ACIW
Tue May 20 2014 00:00:00 GMT+0800 (China Standard Time),54.460001,54.460001,52.809998,53.319998,946200,17.773333,ACIW
Wed May 21 2014 00:00:00 GMT+0800 (China Standard Time),53.399998,53.619999,52.800001,53.260002,469800,17.753334,ACIW
Thu May 22 2014 00:00:00 GMT+0800 (China Standard Time),53.299999,53.84,53.01,53.120001,544500,17.706667,ACIW
Fri May 23 2014 00:00:00 GMT+0800 (China Standard Time),53.200001,54.149998,52.729998,54.049999,460500,18.016666,ACIW
Tue May 27 2014 00:00:00 GMT+0800 (China Standard Time),54.609999,54.899998,53.850002,54.570002,560700,18.190001,ACIW
Wed May 28 2014 00:00:00 GMT+0800 (China Standard Time),54.389997,55.519999,54.389997,54.559999,743700,18.186666,ACIW
Thu May 29 2014 00:00:00 GMT+0800 (China Standard Time),54.890001,55.1,54.4,54.929998,653400,18.309999,ACIW
Fri May 30 2014 00:00:00 GMT+0800 (China Standard Time),55.089998,55.089998,54.140001,54.309998,545400,18.103333,ACIW
Mon Jun 02 2014 00:00:00 GMT+0800 (China Standard Time),54.4,54.4,52.940002,53.379999,532800,17.793333,ACIW
Tue Jun 03 2014 00:00:00 GMT+0800 (China Standard Time),52.860003,53.930002,52.789999,53.509998,549000,17.836666,ACIW
Wed Jun 04 2014 00:00:00 GMT+0800 (China Standard Time),53.219999,53.790001,53.219999,53.440001,361200,17.813334,ACIW
Thu Jun 05 2014 00:00:00 GMT+0800 (China Standard Time),53.429998,54.600002,53.139999,54.280003,446400,18.093334,ACIW
Fri Jun 06 2014 00:00:00 GMT+0800 (China Standard Time),54.650002,55.560001,54.309998,55.290001,482400,18.43,ACIW
Mon Jun 09 2014 00:00:00 GMT+0800 (China Standard Time),55.169998,56.25,54.899998,56.040001,894000,18.68,ACIW
Tue Jun 10 2014 00:00:00 GMT+0800 (China Standard Time),55.77,56.779999,55.77,56.57,682500,18.856667,ACIW
Wed Jun 11 2014 00:00:00 GMT+0800 (China Standard Time),56.349998,57,56.09,56.589998,614700,18.863333,ACIW
Thu Jun 12 2014 00:00:00 GMT+0800 (China Standard Time),56.500002,56.870001,55.889997,56.239998,588900,18.746666,ACIW
Fri Jun 13 2014 00:00:00 GMT+0800 (China Standard Time),56.530003,56.859999,55.98,56.65,483300,18.883333,ACIW
Mon Jun 16 2014 00:00:00 GMT+0800 (China Standard Time),56.459999,56.809999,55.469999,56.269999,524700,18.756666,ACIW
Tue Jun 17 2014 00:00:00 GMT+0800 (China Standard Time),56.379999,57.300001,56.189999,56.379999,758400,18.793333,ACIW
Wed Jun 18 2014 00:00:00 GMT+0800 (China Standard Time),56.290003,56.33,55.030003,55.400002,735900,18.466667,ACIW
Thu Jun 19 2014 00:00:00 GMT+0800 (China Standard Time),55.700003,55.919998,55.02,55.249998,626100,18.416666,ACIW
Fri Jun 20 2014 00:00:00 GMT+0800 (China Standard Time),55.469999,56.280001,55.249998,56.25,1126500,18.75,ACIW
Mon Jun 23 2014 00:00:00 GMT+0800 (China Standard Time),56.459999,56.779999,55.910002,56.230001,586800,18.743334,ACIW
Tue Jun 24 2014 00:00:00 GMT+0800 (China Standard Time),55.98,56.710001,55.160002,55.249998,577800,18.416666,ACIW
Wed Jun 25 2014 00:00:00 GMT+0800 (China Standard Time),54.950003,56.619999,54.410002,54.870003,609300,18.290001,ACIW
Thu Jun 26 2014 00:00:00 GMT+0800 (China Standard Time),54.959999,54.959999,54.099998,54.469997,387600,18.156666,ACIW
Fri Jun 27 2014 00:00:00 GMT+0800 (China Standard Time),54.099998,54.99,54,54.979998,2191200,18.326666,ACIW
Mon Jun 30 2014 00:00:00 GMT+0800 (China Standard Time),54.83,55.940002,54.35,55.830002,769800,18.610001,ACIW
Tue Jul 01 2014 00:00:00 GMT+0800 (China Standard Time),56.180002,58.590002,56.180002,58.130001,1074000,19.376667,ACIW
Wed Jul 02 2014 00:00:00 GMT+0800 (China Standard Time),57.739998,58.679998,56.749998,57.67,546000,19.223333,ACIW
Thu Jul 03 2014 00:00:00 GMT+0800 (China Standard Time),57.959999,58.320002,57.460001,58.1,303300,19.366667,ACIW
Mon Jul 07 2014 00:00:00 GMT+0800 (China Standard Time),57.760002,57.970001,57,57.069998,350100,19.023333,ACIW
Tue Jul 08 2014 00:00:00 GMT+0800 (China Standard Time),57.069998,57.069998,55.640001,55.999998,681300,18.666666,ACIW
Wed Jul 09 2014 00:00:00 GMT+0800 (China Standard Time),56.129997,56.65,55.679998,55.960001,318900,18.653334,ACIW
Thu Jul 10 2014 00:00:00 GMT+0800 (China Standard Time),54.790003,55.919998,54.59,55.469999,586500,18.49,ACIW
Fri Jul 11 2014 00:00:00 GMT+0800 (China Standard Time),18.48,18.57,18.24,18.360001,284100,18.360001,ACIW
Mon Jul 14 2014 00:00:00 GMT+0800 (China Standard Time),18.540001,18.700001,18.379999,18.549999,342400,18.549999,ACIW
Tue Jul 15 2014 00:00:00 GMT+0800 (China Standard Time),18.42,18.65,18,18.07,576100,18.07,ACIW
Wed Jul 16 2014 00:00:00 GMT+0800 (China Standard Time),18.139999,18.370001,17.58,17.620001,1001400,17.620001,ACIW
Thu Jul 17 2014 00:00:00 GMT+0800 (China Standard Time),17.59,17.780001,17.32,17.389999,930400,17.389999,ACIW
Fri Jul 18 2014 00:00:00 GMT+0800 (China Standard Time),17.34,17.860001,17.34,17.75,1312800,17.75,ACIW
Mon Jul 21 2014 00:00:00 GMT+0800 (China Standard Time),17.700001,17.91,17.5,17.790001,543800,17.790001,ACIW
Tue Jul 22 2014 00:00:00 GMT+0800 (China Standard Time),17.99,18.15,17.799999,18.110001,537100,18.110001,ACIW
Wed Jul 23 2014 00:00:00 GMT+0800 (China Standard Time),18.120001,18.200001,17.799999,17.85,476500,17.85,ACIW
Thu Jul 24 2014 00:00:00 GMT+0800 (China Standard Time),17.690001,18.02,17.58,17.790001,403400,17.790001,ACIW
Fri Jul 25 2014 00:00:00 GMT+0800 (China Standard Time),17.6,17.799999,17.49,17.709999,674800,17.709999,ACIW
Mon Jul 28 2014 00:00:00 GMT+0800 (China Standard Time),17.690001,17.98,17.610001,17.82,577800,17.82,ACIW
Tue Jul 29 2014 00:00:00 GMT+0800 (China Standard Time),17.82,18.219999,17.82,18.07,565100,18.07,ACIW
Wed Jul 30 2014 00:00:00 GMT+0800 (China Standard Time),18.219999,18.610001,17.879999,18.469999,1027500,18.469999,ACIW
Thu Jul 31 2014 00:00:00 GMT+0800 (China Standard Time),18.51,19.16,17.58,18.74,1225400,18.74,ACIW
Fri Aug 01 2014 00:00:00 GMT+0800 (China Standard Time),19.719999,19.73,18.68,18.76,1241000,18.76,ACIW
Mon Aug 04 2014 00:00:00 GMT+0800 (China Standard Time),18.790001,18.98,18.299999,18.459999,622200,18.459999,ACIW
Tue Aug 05 2014 00:00:00 GMT+0800 (China Standard Time),18.389999,18.780001,18.389999,18.639999,410500,18.639999,ACIW
Wed Aug 06 2014 00:00:00 GMT+0800 (China Standard Time),18.57,18.780001,18.43,18.52,719800,18.52,ACIW
Thu Aug 07 2014 00:00:00 GMT+0800 (China Standard Time),18.610001,18.799999,18.33,18.43,583300,18.43,ACIW
Fri Aug 08 2014 00:00:00 GMT+0800 (China Standard Time),18.42,18.68,18.25,18.610001,368600,18.610001,ACIW
Mon Aug 11 2014 00:00:00 GMT+0800 (China Standard Time),18.65,19.110001,18.57,19,723400,19,ACIW
Tue Aug 12 2014 00:00:00 GMT+0800 (China Standard Time),18.92,18.93,18.41,18.49,276400,18.49,ACIW
Wed Aug 13 2014 00:00:00 GMT+0800 (China Standard Time),18.52,18.719999,18.41,18.469999,449700,18.469999,ACIW
Thu Aug 14 2014 00:00:00 GMT+0800 (China Standard Time),18.52,18.66,18.299999,18.58,360200,18.58,ACIW
Fri Aug 15 2014 00:00:00 GMT+0800 (China Standard Time),18.76,18.870001,18.42,18.700001,575600,18.700001,ACIW
Mon Aug 18 2014 00:00:00 GMT+0800 (China Standard Time),18.9,19.15,18.75,19,681100,19,ACIW
Tue Aug 19 2014 00:00:00 GMT+0800 (China Standard Time),19,19.200001,18.9,19.18,419700,19.18,ACIW
Wed Aug 20 2014 00:00:00 GMT+0800 (China Standard Time),19.08,19.24,18.93,19.07,450800,19.07,ACIW
Thu Aug 21 2014 00:00:00 GMT+0800 (China Standard Time),19.040001,19.17,18.76,19.049999,318800,19.049999,ACIW
Fri Aug 22 2014 00:00:00 GMT+0800 (China Standard Time),19.02,19.200001,18.889999,19.08,371900,19.08,ACIW
Mon Aug 25 2014 00:00:00 GMT+0800 (China Standard Time),19.23,19.24,18.99,19.1,407000,19.1,ACIW
Tue Aug 26 2014 00:00:00 GMT+0800 (China Standard Time),19.129999,19.629999,19.129999,19.549999,415800,19.549999,ACIW
Wed Aug 27 2014 00:00:00 GMT+0800 (China Standard Time),19.59,19.59,19.17,19.389999,422500,19.389999,ACIW
Thu Aug 28 2014 00:00:00 GMT+0800 (China Standard Time),19.34,19.41,19.139999,19.25,333500,19.25,ACIW
Fri Aug 29 2014 00:00:00 GMT+0800 (China Standard Time),19.299999,19.51,19.1,19.469999,417500,19.469999,ACIW
Tue Sep 02 2014 00:00:00 GMT+0800 (China Standard Time),19.57,20.059999,19.35,19.99,729600,19.99,ACIW
Wed Sep 03 2014 00:00:00 GMT+0800 (China Standard Time),19.68,19.690001,19.43,19.450001,688400,19.450001,ACIW
Thu Sep 04 2014 00:00:00 GMT+0800 (China Standard Time),19.549999,19.610001,19.309999,19.389999,258700,19.389999,ACIW
Fri Sep 05 2014 00:00:00 GMT+0800 (China Standard Time),19.32,19.530001,19.190001,19.49,278900,19.49,ACIW
Mon Sep 08 2014 00:00:00 GMT+0800 (China Standard Time),19.41,19.610001,19.35,19.610001,378400,19.610001,ACIW
Tue Sep 09 2014 00:00:00 GMT+0800 (China Standard Time),19.6,19.620001,19.16,19.190001,315100,19.190001,ACIW
Wed Sep 10 2014 00:00:00 GMT+0800 (China Standard Time),19.25,19.4,19.120001,19.379999,258000,19.379999,ACIW
Thu Sep 11 2014 00:00:00 GMT+0800 (China Standard Time),19.24,19.889999,19.23,19.84,553900,19.84,ACIW
Fri Sep 12 2014 00:00:00 GMT+0800 (China Standard Time),19.9,19.969999,19.41,19.5,438500,19.5,ACIW
Mon Sep 15 2014 00:00:00 GMT+0800 (China Standard Time),19.49,19.559999,19.280001,19.440001,363900,19.440001,ACIW
Tue Sep 16 2014 00:00:00 GMT+0800 (China Standard Time),19.299999,19.540001,19.02,19.23,699500,19.23,ACIW
Wed Sep 17 2014 00:00:00 GMT+0800 (China Standard Time),19.18,19.299999,19.02,19.059999,376700,19.059999,ACIW
Thu Sep 18 2014 00:00:00 GMT+0800 (China Standard Time),19.07,19.26,18.969999,19.16,355400,19.16,ACIW
Fri Sep 19 2014 00:00:00 GMT+0800 (China Standard Time),19.200001,19.200001,18.639999,18.700001,794700,18.700001,ACIW
Mon Sep 22 2014 00:00:00 GMT+0800 (China Standard Time),18.66,18.67,18.27,18.33,404300,18.33,ACIW
Tue Sep 23 2014 00:00:00 GMT+0800 (China Standard Time),18.290001,18.469999,18.129999,18.190001,490900,18.190001,ACIW
Wed Sep 24 2014 00:00:00 GMT+0800 (China Standard Time),18.290001,18.73,18.15,18.67,497900,18.67,ACIW
Thu Sep 25 2014 00:00:00 GMT+0800 (China Standard Time),18.58,18.77,18.1,18.280001,569400,18.280001,ACIW
Fri Sep 26 2014 00:00:00 GMT+0800 (China Standard Time),18.280001,18.59,18.129999,18.540001,406600,18.540001,ACIW
Mon Sep 29 2014 00:00:00 GMT+0800 (China Standard Time),18.26,18.809999,18.219999,18.76,656900,18.76,ACIW
Tue Sep 30 2014 00:00:00 GMT+0800 (China Standard Time),18.790001,19.110001,18.559999,18.76,1268900,18.76,ACIW
Wed Oct 01 2014 00:00:00 GMT+0800 (China Standard Time),18.700001,18.709999,18.26,18.41,974800,18.41,ACIW
Thu Oct 02 2014 00:00:00 GMT+0800 (China Standard Time),18.440001,18.950001,18.360001,18.790001,461100,18.790001,ACIW
Fri Oct 03 2014 00:00:00 GMT+0800 (China Standard Time),19.02,19.190001,18.860001,19.16,622600,19.16,ACIW
Mon Oct 06 2014 00:00:00 GMT+0800 (China Standard Time),19.190001,19.4,18.93,18.940001,557900,18.940001,ACIW
Tue Oct 07 2014 00:00:00 GMT+0800 (China Standard Time),18.790001,18.809999,18.209999,18.24,712000,18.24,ACIW
Wed Oct 08 2014 00:00:00 GMT+0800 (China Standard Time),18.200001,18.51,17.879999,18.48,538800,18.48,ACIW
Thu Oct 09 2014 00:00:00 GMT+0800 (China Standard Time),18.41,18.51,17.950001,17.950001,474700,17.950001,ACIW
Fri Oct 10 2014 00:00:00 GMT+0800 (China Standard Time),17.83,18.25,17.610001,17.65,523300,17.65,ACIW
Mon Oct 13 2014 00:00:00 GMT+0800 (China Standard Time),17.690001,18.110001,17.33,17.82,576900,17.82,ACIW
Tue Oct 14 2014 00:00:00 GMT+0800 (China Standard Time),18.01,18.35,17.92,18.110001,668700,18.110001,ACIW
Wed Oct 15 2014 00:00:00 GMT+0800 (China Standard Time),17.799999,18.469999,17.68,18.35,786200,18.35,ACIW
Thu Oct 16 2014 00:00:00 GMT+0800 (China Standard Time),18.049999,18.440001,17.82,17.99,1015700,17.99,ACIW
Fri Oct 17 2014 00:00:00 GMT+0800 (China Standard Time),18.280001,18.379999,17.76,17.780001,686500,17.780001,ACIW
Mon Oct 20 2014 00:00:00 GMT+0800 (China Standard Time),17.65,17.85,17.48,17.780001,761200,17.780001,ACIW
Tue Oct 21 2014 00:00:00 GMT+0800 (China Standard Time),17.93,18.459999,17.620001,18.299999,666000,18.299999,ACIW
Wed Oct 22 2014 00:00:00 GMT+0800 (China Standard Time),18.309999,18.48,18.030001,18.040001,508300,18.040001,ACIW
Thu Oct 23 2014 00:00:00 GMT+0800 (China Standard Time),18.280001,18.67,17.92,18.41,504700,18.41,ACIW
Fri Oct 24 2014 00:00:00 GMT+0800 (China Standard Time),18.4,18.6,18.34,18.450001,351300,18.450001,ACIW
Mon Oct 27 2014 00:00:00 GMT+0800 (China Standard Time),18.389999,18.65,18.24,18.540001,467600,18.540001,ACIW
Tue Oct 28 2014 00:00:00 GMT+0800 (China Standard Time),18.65,19.030001,18.65,19.02,731400,19.02,ACIW
Wed Oct 29 2014 00:00:00 GMT+0800 (China Standard Time),19.02,19.42,18.83,19.27,1372100,19.27,ACIW
Thu Oct 30 2014 00:00:00 GMT+0800 (China Standard Time),18.75,19.24,18,19.200001,1839200,19.200001,ACIW
Fri Oct 31 2014 00:00:00 GMT+0800 (China Standard Time),19.51,19.52,18.49,19.24,1947800,19.24,ACIW
Mon Nov 03 2014 00:00:00 GMT+0800 (China Standard Time),19.110001,19.25,18.860001,18.969999,2541600,18.969999,ACIW
Tue Nov 04 2014 00:00:00 GMT+0800 (China Standard Time),18.889999,19.049999,18.610001,18.610001,774400,18.610001,ACIW
Wed Nov 05 2014 00:00:00 GMT+0800 (China Standard Time),18.67,18.85,18.4,18.48,454100,18.48,ACIW
Thu Nov 06 2014 00:00:00 GMT+0800 (China Standard Time),18.459999,18.73,18.41,18.610001,719800,18.610001,ACIW
Fri Nov 07 2014 00:00:00 GMT+0800 (China Standard Time),18.540001,18.67,18.450001,18.52,640300,18.52,ACIW
Mon Nov 10 2014 00:00:00 GMT+0800 (China Standard Time),18.530001,18.66,18.360001,18.540001,602600,18.540001,ACIW
Tue Nov 11 2014 00:00:00 GMT+0800 (China Standard Time),18.52,18.66,18.370001,18.41,451200,18.41,ACIW
Wed Nov 12 2014 00:00:00 GMT+0800 (China Standard Time),18.280001,18.59,18.280001,18.52,448100,18.52,ACIW
Thu Nov 13 2014 00:00:00 GMT+0800 (China Standard Time),18.5,18.889999,18.48,18.879999,825100,18.879999,ACIW
Fri Nov 14 2014 00:00:00 GMT+0800 (China Standard Time),18.93,19.629999,18.889999,19.27,1030300,19.27,ACIW
Mon Nov 17 2014 00:00:00 GMT+0800 (China Standard Time),19.219999,19.51,19.209999,19.5,794700,19.5,ACIW
Tue Nov 18 2014 00:00:00 GMT+0800 (China Standard Time),19.540001,19.799999,19.49,19.719999,1004600,19.719999,ACIW
Wed Nov 19 2014 00:00:00 GMT+0800 (China Standard Time),19.74,19.74,19.370001,19.49,941400,19.49,ACIW
Thu Nov 20 2014 00:00:00 GMT+0800 (China Standard Time),19.440001,19.52,19.35,19.5,550300,19.5,ACIW
Fri Nov 21 2014 00:00:00 GMT+0800 (China Standard Time),19.719999,19.719999,19.450001,19.610001,624000,19.610001,ACIW
Mon Nov 24 2014 00:00:00 GMT+0800 (China Standard Time),19.690001,19.860001,19.559999,19.780001,435800,19.780001,ACIW
Tue Nov 25 2014 00:00:00 GMT+0800 (China Standard Time),19.84,19.9,19.540001,19.67,615100,19.67,ACIW
Wed Nov 26 2014 00:00:00 GMT+0800 (China Standard Time),19.719999,19.870001,19.450001,19.52,789500,19.52,ACIW
Fri Nov 28 2014 00:00:00 GMT+0800 (China Standard Time),19.51,19.799999,19.4,19.450001,517400,19.450001,ACIW
Mon Dec 01 2014 00:00:00 GMT+0800 (China Standard Time),19.190001,19.51,19.120001,19.379999,815700,19.379999,ACIW
Tue Dec 02 2014 00:00:00 GMT+0800 (China Standard Time),19.379999,19.6,19.299999,19.4,397100,19.4,ACIW
Wed Dec 03 2014 00:00:00 GMT+0800 (China Standard Time),19.459999,19.469999,19.23,19.309999,566300,19.309999,ACIW
Thu Dec 04 2014 00:00:00 GMT+0800 (China Standard Time),19.24,19.379999,18.24,19.059999,1471000,19.059999,ACIW
Fri Dec 05 2014 00:00:00 GMT+0800 (China Standard Time),19.09,19.33,19.07,19.24,301700,19.24,ACIW
Mon Dec 08 2014 00:00:00 GMT+0800 (China Standard Time),19.129999,19.200001,18.73,18.879999,603300,18.879999,ACIW
Tue Dec 09 2014 00:00:00 GMT+0800 (China Standard Time),18.629999,19.209999,18.530001,19.190001,694000,19.190001,ACIW
Wed Dec 10 2014 00:00:00 GMT+0800 (China Standard Time),19.09,19.18,18.73,18.85,613100,18.85,ACIW
Thu Dec 11 2014 00:00:00 GMT+0800 (China Standard Time),18.93,19.459999,18.790001,19.059999,499900,19.059999,ACIW
Fri Dec 12 2014 00:00:00 GMT+0800 (China Standard Time),18.92,19.1,18.84,18.91,538500,18.91,ACIW
Mon Dec 15 2014 00:00:00 GMT+0800 (China Standard Time),18.98,19.120001,18.77,18.860001,697700,18.860001,ACIW
Tue Dec 16 2014 00:00:00 GMT+0800 (China Standard Time),18.83,19.309999,18.57,19.09,908200,19.09,ACIW
Wed Dec 17 2014 00:00:00 GMT+0800 (China Standard Time),19.09,19.48,18.889999,19.469999,777200,19.469999,ACIW
Thu Dec 18 2014 00:00:00 GMT+0800 (China Standard Time),19.790001,20.16,19.690001,20.139999,606500,20.139999,ACIW
Fri Dec 19 2014 00:00:00 GMT+0800 (China Standard Time),20.09,20.25,19.75,20.02,1413100,20.02,ACIW
Mon Dec 22 2014 00:00:00 GMT+0800 (China Standard Time),20.1,20.42,20.1,20.41,321200,20.41,ACIW
Tue Dec 23 2014 00:00:00 GMT+0800 (China Standard Time),20.6,20.780001,20.450001,20.639999,368900,20.639999,ACIW
Wed Dec 24 2014 00:00:00 GMT+0800 (China Standard Time),20.719999,20.85,20.719999,20.76,159700,20.76,ACIW
Fri Dec 26 2014 00:00:00 GMT+0800 (China Standard Time),20.84,21.040001,20.74,20.77,358200,20.77,ACIW
Mon Dec 29 2014 00:00:00 GMT+0800 (China Standard Time),20.76,21,20.57,20.58,413600,20.58,ACIW
Tue Dec 30 2014 00:00:00 GMT+0800 (China Standard Time),20.559999,20.66,20.43,20.57,383900,20.57,ACIW
Wed Dec 31 2014 00:00:00 GMT+0800 (China Standard Time),20.639999,20.860001,20.07,20.17,631000,20.17,ACIW
Fri Jan 02 2015 00:00:00 GMT+0800 (China Standard Time),20.290001,20.459999,19.440001,19.709999,895900,19.709999,ACIW
Mon Jan 05 2015 00:00:00 GMT+0800 (China Standard Time),19.610001,19.799999,19.139999,19.26,561800,19.26,ACIW
Tue Jan 06 2015 00:00:00 GMT+0800 (China Standard Time),19.26,19.379999,18.83,18.950001,653400,18.950001,ACIW
Wed Jan 07 2015 00:00:00 GMT+0800 (China Standard Time),19.07,19.18,18.91,19.030001,407500,19.030001,ACIW
Thu Jan 08 2015 00:00:00 GMT+0800 (China Standard Time),19.209999,19.389999,18.950001,19.01,854200,19.01,ACIW
Fri Jan 09 2015 00:00:00 GMT+0800 (China Standard Time),19.01,19.209999,18.66,18.68,530200,18.68,ACIW
Mon Jan 12 2015 00:00:00 GMT+0800 (China Standard Time),18.68,18.76,18.41,18.440001,601700,18.440001,ACIW
Tue Jan 13 2015 00:00:00 GMT+0800 (China Standard Time),18.58,19.07,18.08,18.35,725800,18.35,ACIW
Wed Jan 14 2015 00:00:00 GMT+0800 (China Standard Time),18.18,18.75,18.02,18.469999,861300,18.469999,ACIW
Thu Jan 15 2015 00:00:00 GMT+0800 (China Standard Time),18.459999,18.629999,17.790001,17.84,464600,17.84,ACIW
Fri Jan 16 2015 00:00:00 GMT+0800 (China Standard Time),17.780001,18.299999,17.780001,18.26,413200,18.26,ACIW
Tue Jan 20 2015 00:00:00 GMT+0800 (China Standard Time),18.299999,18.43,18.110001,18.24,455800,18.24,ACIW
Wed Jan 21 2015 00:00:00 GMT+0800 (China Standard Time),18.17,18.530001,18.139999,18.200001,417000,18.200001,ACIW
Thu Jan 22 2015 00:00:00 GMT+0800 (China Standard Time),18.32,18.809999,18.16,18.790001,358200,18.790001,ACIW
Fri Jan 23 2015 00:00:00 GMT+0800 (China Standard Time),18.77,19.200001,18.76,18.85,793300,18.85,ACIW
Mon Jan 26 2015 00:00:00 GMT+0800 (China Standard Time),18.790001,19.16,18.549999,19.08,812100,19.08,ACIW
Tue Jan 27 2015 00:00:00 GMT+0800 (China Standard Time),18.879999,19.059999,18.559999,18.67,692800,18.67,ACIW
Wed Jan 28 2015 00:00:00 GMT+0800 (China Standard Time),18.85,18.85,18.4,18.469999,448100,18.469999,ACIW
Thu Jan 29 2015 00:00:00 GMT+0800 (China Standard Time),18.559999,18.83,18.389999,18.799999,380600,18.799999,ACIW
Fri Jan 30 2015 00:00:00 GMT+0800 (China Standard Time),18.629999,18.780001,18.43,18.469999,553000,18.469999,ACIW
Mon Feb 02 2015 00:00:00 GMT+0800 (China Standard Time),18.51,18.82,18,18.799999,529200,18.799999,ACIW
Tue Feb 03 2015 00:00:00 GMT+0800 (China Standard Time),19,19.379999,18.9,19.309999,473700,19.309999,ACIW
Wed Feb 04 2015 00:00:00 GMT+0800 (China Standard Time),19.24,19.620001,19.24,19.469999,387600,19.469999,ACIW
Thu Feb 05 2015 00:00:00 GMT+0800 (China Standard Time),19.59,19.92,19.440001,19.85,314200,19.85,ACIW
Fri Feb 06 2015 00:00:00 GMT+0800 (China Standard Time),19.91,20.17,19.73,19.99,395400,19.99,ACIW
Mon Feb 09 2015 00:00:00 GMT+0800 (China Standard Time),19.879999,20.08,19.42,19.42,386300,19.42,ACIW
Tue Feb 10 2015 00:00:00 GMT+0800 (China Standard Time),19.620001,19.76,19.32,19.67,253800,19.67,ACIW
Wed Feb 11 2015 00:00:00 GMT+0800 (China Standard Time),19.59,19.73,19.51,19.690001,239100,19.690001,ACIW
Thu Feb 12 2015 00:00:00 GMT+0800 (China Standard Time),19.799999,20.110001,19.77,20.059999,285100,20.059999,ACIW
Fri Feb 13 2015 00:00:00 GMT+0800 (China Standard Time),20.17,20.68,20.129999,20.65,555600,20.65,ACIW
Tue Feb 17 2015 00:00:00 GMT+0800 (China Standard Time),20.610001,20.799999,20.190001,20.27,562900,20.27,ACIW
Wed Feb 18 2015 00:00:00 GMT+0800 (China Standard Time),20.190001,20.549999,20.17,20.49,305600,20.49,ACIW
Thu Feb 19 2015 00:00:00 GMT+0800 (China Standard Time),20.49,20.629999,20.299999,20.450001,207900,20.450001,ACIW
Fri Feb 20 2015 00:00:00 GMT+0800 (China Standard Time),20.49,20.5,20.120001,20.459999,518300,20.459999,ACIW
Mon Feb 23 2015 00:00:00 GMT+0800 (China Standard Time),20.370001,20.41,20.08,20.389999,341300,20.389999,ACIW
Tue Feb 24 2015 00:00:00 GMT+0800 (China Standard Time),20.360001,20.52,20.1,20.48,575100,20.48,ACIW
Wed Feb 25 2015 00:00:00 GMT+0800 (China Standard Time),20.4,20.52,20.27,20.450001,506600,20.450001,ACIW
Thu Feb 26 2015 00:00:00 GMT+0800 (China Standard Time),19.57,20.540001,19.309999,19.889999,1341800,19.889999,ACIW
Fri Feb 27 2015 00:00:00 GMT+0800 (China Standard Time),19.879999,20.07,19.6,19.85,972200,19.85,ACIW
Mon Mar 02 2015 00:00:00 GMT+0800 (China Standard Time),19.85,20.5,19.799999,20.469999,1471600,20.469999,ACIW
Tue Mar 03 2015 00:00:00 GMT+0800 (China Standard Time),20.360001,20.450001,20,20.15,749000,20.15,ACIW
Wed Mar 04 2015 00:00:00 GMT+0800 (China Standard Time),20.02,20.23,19.959999,20.02,621200,20.02,ACIW
Thu Mar 05 2015 00:00:00 GMT+0800 (China Standard Time),20.110001,20.32,19.969999,20.15,401100,20.15,ACIW
Fri Mar 06 2015 00:00:00 GMT+0800 (China Standard Time),20.110001,20.23,19.98,20,367900,20,ACIW
Mon Mar 09 2015 00:00:00 GMT+0800 (China Standard Time),20.059999,20.27,20,20.07,293200,20.07,ACIW
Tue Mar 10 2015 00:00:00 GMT+0800 (China Standard Time),19.940001,20.059999,19.620001,19.98,570100,19.98,ACIW
Wed Mar 11 2015 00:00:00 GMT+0800 (China Standard Time),20.01,20.24,19.82,20.139999,565400,20.139999,ACIW
Thu Mar 12 2015 00:00:00 GMT+0800 (China Standard Time),20.190001,20.549999,20.08,20.48,656100,20.48,ACIW
Fri Mar 13 2015 00:00:00 GMT+0800 (China Standard Time),20.5,20.5,20.08,20.299999,405900,20.299999,ACIW
Mon Mar 16 2015 00:00:00 GMT+0800 (China Standard Time),20.389999,20.559999,20.280001,20.469999,494700,20.469999,ACIW
Tue Mar 17 2015 00:00:00 GMT+0800 (China Standard Time),20.35,20.549999,20.26,20.309999,672400,20.309999,ACIW
Wed Mar 18 2015 00:00:00 GMT+0800 (China Standard Time),20.219999,21.1,20.219999,21.09,874200,21.09,ACIW
Thu Mar 19 2015 00:00:00 GMT+0800 (China Standard Time),21.08,21.5,20.9,21.43,446600,21.43,ACIW
Fri Mar 20 2015 00:00:00 GMT+0800 (China Standard Time),21.57,22.209999,21.57,21.889999,1907700,21.889999,ACIW
Mon Mar 23 2015 00:00:00 GMT+0800 (China Standard Time),21.93,22.17,21.860001,21.9,854900,21.9,ACIW
Tue Mar 24 2015 00:00:00 GMT+0800 (China Standard Time),21.9,22.040001,21.809999,21.860001,597900,21.860001,ACIW
Wed Mar 25 2015 00:00:00 GMT+0800 (China Standard Time),21.879999,21.879999,21.540001,21.559999,529600,21.559999,ACIW
Thu Mar 26 2015 00:00:00 GMT+0800 (China Standard Time),21.48,21.75,21.389999,21.52,579200,21.52,ACIW
Fri Mar 27 2015 00:00:00 GMT+0800 (China Standard Time),21.52,21.74,21.48,21.51,579600,21.51,ACIW
Mon Mar 30 2015 00:00:00 GMT+0800 (China Standard Time),21.629999,21.790001,21.57,21.629999,366900,21.629999,ACIW
Tue Mar 31 2015 00:00:00 GMT+0800 (China Standard Time),21.48,21.809999,21.32,21.66,698500,21.66,ACIW
Wed Apr 01 2015 00:00:00 GMT+0800 (China Standard Time),21.57,21.77,21.450001,21.639999,570800,21.639999,ACIW
Thu Apr 02 2015 00:00:00 GMT+0800 (China Standard Time),21.719999,21.84,21.379999,21.48,879400,21.48,ACIW
Mon Apr 06 2015 00:00:00 GMT+0800 (China Standard Time),21.41,21.799999,21.360001,21.76,636200,21.76,ACIW
Tue Apr 07 2015 00:00:00 GMT+0800 (China Standard Time),21.75,21.76,21.48,21.559999,635200,21.559999,ACIW
Wed Apr 08 2015 00:00:00 GMT+0800 (China Standard Time),21.52,21.889999,21.48,21.709999,547900,21.709999,ACIW
Thu Apr 09 2015 00:00:00 GMT+0800 (China Standard Time),21.65,21.9,21.559999,21.77,347700,21.77,ACIW
Fri Apr 10 2015 00:00:00 GMT+0800 (China Standard Time),21.83,21.85,21.57,21.66,446700,21.66,ACIW
Mon Apr 13 2015 00:00:00 GMT+0800 (China Standard Time),21.709999,21.809999,21.559999,21.58,419500,21.58,ACIW
Tue Apr 14 2015 00:00:00 GMT+0800 (China Standard Time),21.57,21.76,21.530001,21.700001,301800,21.700001,ACIW
Wed Apr 15 2015 00:00:00 GMT+0800 (China Standard Time),21.77,21.84,21.690001,21.719999,445600,21.719999,ACIW
Thu Apr 16 2015 00:00:00 GMT+0800 (China Standard Time),21.610001,22,21.610001,21.77,357600,21.77,ACIW
Fri Apr 17 2015 00:00:00 GMT+0800 (China Standard Time),21.6,21.809999,21.51,21.68,594800,21.68,ACIW
Mon Apr 20 2015 00:00:00 GMT+0800 (China Standard Time),21.780001,22.120001,21.77,22.02,502200,22.02,ACIW
Tue Apr 21 2015 00:00:00 GMT+0800 (China Standard Time),22.139999,22.57,22.049999,22.4,546500,22.4,ACIW
Wed Apr 22 2015 00:00:00 GMT+0800 (China Standard Time),22.49,22.719999,22.040001,22.17,522900,22.17,ACIW
Thu Apr 23 2015 00:00:00 GMT+0800 (China Standard Time),22.030001,22.280001,22.01,22.129999,431700,22.129999,ACIW
Fri Apr 24 2015 00:00:00 GMT+0800 (China Standard Time),22.190001,22.370001,22,22.27,442800,22.27,ACIW
Mon Apr 27 2015 00:00:00 GMT+0800 (China Standard Time),22.35,22.469999,22.030001,22.120001,537900,22.120001,ACIW
Tue Apr 28 2015 00:00:00 GMT+0800 (China Standard Time),22.18,22.33,21.940001,22.25,652300,22.25,ACIW
Wed Apr 29 2015 00:00:00 GMT+0800 (China Standard Time),22.09,22.469999,22,22.1,569700,22.1,ACIW
Thu Apr 30 2015 00:00:00 GMT+0800 (China Standard Time),21.879999,23.59,21.879999,23.030001,1413300,23.030001,ACIW
Fri May 01 2015 00:00:00 GMT+0800 (China Standard Time),23.24,23.57,22.969999,23.02,992000,23.02,ACIW
Mon May 04 2015 00:00:00 GMT+0800 (China Standard Time),22.870001,23.389999,22.85,23.02,1447600,23.02,ACIW
Tue May 05 2015 00:00:00 GMT+0800 (China Standard Time),22.9,23.17,22.83,22.969999,732700,22.969999,ACIW
Wed May 06 2015 00:00:00 GMT+0800 (China Standard Time),23.120001,23.280001,22.780001,23.209999,648800,23.209999,ACIW
Thu May 07 2015 00:00:00 GMT+0800 (China Standard Time),23.1,23.51,22.959999,23.290001,389400,23.290001,ACIW
Fri May 08 2015 00:00:00 GMT+0800 (China Standard Time),23.559999,23.809999,23.459999,23.49,343200,23.49,ACIW
Mon May 11 2015 00:00:00 GMT+0800 (China Standard Time),23.49,23.75,23.43,23.49,384300,23.49,ACIW
Tue May 12 2015 00:00:00 GMT+0800 (China Standard Time),23.42,23.6,23.209999,23.51,316800,23.51,ACIW
Wed May 13 2015 00:00:00 GMT+0800 (China Standard Time),23.52,23.790001,23.5,23.540001,428600,23.540001,ACIW
Thu May 14 2015 00:00:00 GMT+0800 (China Standard Time),23.65,23.92,23.459999,23.92,405900,23.92,ACIW
Fri May 15 2015 00:00:00 GMT+0800 (China Standard Time),23.870001,23.969999,23.549999,23.84,516600,23.84,ACIW
Mon May 18 2015 00:00:00 GMT+0800 (China Standard Time),23.73,24.17,23.549999,24.15,390300,24.15,ACIW
Tue May 19 2015 00:00:00 GMT+0800 (China Standard Time),24.209999,24.219999,23.85,24.18,417500,24.18,ACIW
Wed May 20 2015 00:00:00 GMT+0800 (China Standard Time),24.24,24.26,23.99,24.129999,338800,24.129999,ACIW
Thu May 21 2015 00:00:00 GMT+0800 (China Standard Time),24.139999,24.190001,23.799999,23.99,401800,23.99,ACIW
Fri May 22 2015 00:00:00 GMT+0800 (China Standard Time),24,24.18,23.68,23.790001,484900,23.790001,ACIW
Tue May 26 2015 00:00:00 GMT+0800 (China Standard Time),23.68,23.9,23.26,23.4,491100,23.4,ACIW
Wed May 27 2015 00:00:00 GMT+0800 (China Standard Time),23.49,23.98,23.290001,23.969999,455600,23.969999,ACIW
Thu May 28 2015 00:00:00 GMT+0800 (China Standard Time),23.9,24.01,23.65,23.969999,469300,23.969999,ACIW
Fri May 29 2015 00:00:00 GMT+0800 (China Standard Time),23.879999,23.99,23.58,23.809999,392800,23.809999,ACIW
Mon Jun 01 2015 00:00:00 GMT+0800 (China Standard Time),23.969999,24.219999,23.719999,23.9,378400,23.9,ACIW
Tue Jun 02 2015 00:00:00 GMT+0800 (China Standard Time),23.860001,24.059999,23.620001,23.83,358300,23.83,ACIW
Wed Jun 03 2015 00:00:00 GMT+0800 (China Standard Time),23.950001,24.83,23.82,24.790001,709000,24.790001,ACIW
Thu Jun 04 2015 00:00:00 GMT+0800 (China Standard Time),24.17,24.66,24.07,24.32,767000,24.32,ACIW
Fri Jun 05 2015 00:00:00 GMT+0800 (China Standard Time),24.290001,24.43,23.99,24.4,442900,24.4,ACIW
Mon Jun 08 2015 00:00:00 GMT+0800 (China Standard Time),24.33,24.610001,24.290001,24.42,504400,24.42,ACIW
Tue Jun 09 2015 00:00:00 GMT+0800 (China Standard Time),24.389999,24.530001,24.030001,24.41,493500,24.41,ACIW
Wed Jun 10 2015 00:00:00 GMT+0800 (China Standard Time),24.52,25.059999,24.469999,24.91,698000,24.91,ACIW
Thu Jun 11 2015 00:00:00 GMT+0800 (China Standard Time),24.940001,25.129999,24.84,25.030001,536500,25.030001,ACIW
Fri Jun 12 2015 00:00:00 GMT+0800 (China Standard Time),24.77,25.639999,24.77,25.35,764300,25.35,ACIW
Mon Jun 15 2015 00:00:00 GMT+0800 (China Standard Time),25.15,25.219999,24.59,24.799999,608800,24.799999,ACIW
Tue Jun 16 2015 00:00:00 GMT+0800 (China Standard Time),24.68,25.309999,24.620001,25.24,536300,25.24,ACIW
Wed Jun 17 2015 00:00:00 GMT+0800 (China Standard Time),25.379999,25.51,25.129999,25.190001,434700,25.190001,ACIW
Thu Jun 18 2015 00:00:00 GMT+0800 (China Standard Time),25.299999,25.610001,25.18,25.48,850800,25.48,ACIW
Fri Jun 19 2015 00:00:00 GMT+0800 (China Standard Time),25.49,25.52,25.209999,25.42,884900,25.42,ACIW
Mon Jun 22 2015 00:00:00 GMT+0800 (China Standard Time),25.629999,25.790001,25.49,25.59,391000,25.59,ACIW
Tue Jun 23 2015 00:00:00 GMT+0800 (China Standard Time),25.66,25.799999,25.35,25.52,582400,25.52,ACIW
Wed Jun 24 2015 00:00:00 GMT+0800 (China Standard Time),25.51,25.700001,25.040001,25.309999,455700,25.309999,ACIW
Thu Jun 25 2015 00:00:00 GMT+0800 (China Standard Time),25.389999,25.6,25.16,25.34,374200,25.34,ACIW
Fri Jun 26 2015 00:00:00 GMT+0800 (China Standard Time),25.42,25.51,25.049999,25.120001,842900,25.120001,ACIW
Mon Jun 29 2015 00:00:00 GMT+0800 (China Standard Time),24.91,25.209999,24.57,24.57,598000,24.57,ACIW
Tue Jun 30 2015 00:00:00 GMT+0800 (China Standard Time),24.780001,24.950001,24.34,24.57,1004300,24.57,ACIW
Wed Jul 01 2015 00:00:00 GMT+0800 (China Standard Time),24.83,25.02,24.209999,24.4,753600,24.4,ACIW
Thu Jul 02 2015 00:00:00 GMT+0800 (China Standard Time),24.41,24.57,24.08,24.33,556300,24.33,ACIW
Mon Jul 06 2015 00:00:00 GMT+0800 (China Standard Time),23.639999,24.08,23.57,23.879999,919400,23.879999,ACIW
Tue Jul 07 2015 00:00:00 GMT+0800 (China Standard Time),23.870001,23.99,23.440001,23.940001,446300,23.940001,ACIW
Wed Jul 08 2015 00:00:00 GMT+0800 (China Standard Time),23.790001,23.93,23.209999,23.700001,1313900,23.700001,ACIW
Thu Jul 09 2015 00:00:00 GMT+0800 (China Standard Time),23.889999,24.030001,23.530001,23.620001,672900,23.620001,ACIW
Fri Jul 10 2015 00:00:00 GMT+0800 (China Standard Time),23.870001,24.01,23.700001,23.959999,418500,23.959999,ACIW
Mon Jul 13 2015 00:00:00 GMT+0800 (China Standard Time),24.18,24.27,23.950001,24,487300,24,ACIW
Tue Jul 14 2015 00:00:00 GMT+0800 (China Standard Time),24,24.15,23.860001,24.040001,816400,24.040001,ACIW
Wed Jul 15 2015 00:00:00 GMT+0800 (China Standard Time),24.040001,24.07,23.91,23.99,673500,23.99,ACIW
Thu Jul 16 2015 00:00:00 GMT+0800 (China Standard Time),24,24.049999,23.959999,24.030001,860000,24.030001,ACIW
Fri Jul 17 2015 00:00:00 GMT+0800 (China Standard Time),24.059999,24.15,23.860001,24.120001,2273100,24.120001,ACIW
Mon Jul 20 2015 00:00:00 GMT+0800 (China Standard Time),24.26,24.389999,24.23,24.309999,612800,24.309999,ACIW
Tue Jul 21 2015 00:00:00 GMT+0800 (China Standard Time),24.4,24.469999,23.950001,23.950001,667600,23.950001,ACIW
Wed Jul 22 2015 00:00:00 GMT+0800 (China Standard Time),23.799999,24.040001,23.629999,23.99,440500,23.99,ACIW
Thu Jul 23 2015 00:00:00 GMT+0800 (China Standard Time),24,24.030001,23.4,23.440001,502200,23.440001,ACIW
Fri Jul 24 2015 00:00:00 GMT+0800 (China Standard Time),23.32,23.59,22.82,22.860001,735300,22.860001,ACIW
Mon Jul 27 2015 00:00:00 GMT+0800 (China Standard Time),22.65,22.879999,22.51,22.58,690100,22.58,ACIW
Tue Jul 28 2015 00:00:00 GMT+0800 (China Standard Time),22.68,22.83,22.190001,22.25,1077000,22.25,ACIW
Wed Jul 29 2015 00:00:00 GMT+0800 (China Standard Time),22.290001,22.530001,22.15,22.41,956000,22.41,ACIW
Thu Jul 30 2015 00:00:00 GMT+0800 (China Standard Time),22.719999,24.620001,22.709999,24.209999,2050500,24.209999,ACIW
Fri Jul 31 2015 00:00:00 GMT+0800 (China Standard Time),24.379999,24.379999,23.65,23.67,839500,23.67,ACIW
Mon Aug 03 2015 00:00:00 GMT+0800 (China Standard Time),23.82,23.82,23.200001,23.48,744300,23.48,ACIW
Tue Aug 04 2015 00:00:00 GMT+0800 (China Standard Time),23.42,23.67,23.360001,23.57,645800,23.57,ACIW
Wed Aug 05 2015 00:00:00 GMT+0800 (China Standard Time),23.77,23.92,23.09,23.120001,733900,23.120001,ACIW
Thu Aug 06 2015 00:00:00 GMT+0800 (China Standard Time),23.030001,23.200001,22.68,22.719999,476800,22.719999,ACIW
Fri Aug 07 2015 00:00:00 GMT+0800 (China Standard Time),22.6,22.85,22.290001,22.68,450300,22.68,ACIW
Mon Aug 10 2015 00:00:00 GMT+0800 (China Standard Time),22.860001,23.07,22.77,22.92,472400,22.92,ACIW
Tue Aug 11 2015 00:00:00 GMT+0800 (China Standard Time),22.809999,22.9,22.370001,22.629999,434200,22.629999,ACIW
Wed Aug 12 2015 00:00:00 GMT+0800 (China Standard Time),22.620001,22.799999,22.33,22.74,523700,22.74,ACIW
Thu Aug 13 2015 00:00:00 GMT+0800 (China Standard Time),22.84,22.98,22.540001,22.709999,324900,22.709999,ACIW
Fri Aug 14 2015 00:00:00 GMT+0800 (China Standard Time),22.58,23.040001,22.52,23.030001,400600,23.030001,ACIW
Mon Aug 17 2015 00:00:00 GMT+0800 (China Standard Time),22.940001,23.190001,22.690001,23.17,308100,23.17,ACIW
Tue Aug 18 2015 00:00:00 GMT+0800 (China Standard Time),23.190001,23.27,22.860001,22.9,280900,22.9,ACIW
Wed Aug 19 2015 00:00:00 GMT+0800 (China Standard Time),22.709999,22.870001,22.48,22.65,356000,22.65,ACIW
Thu Aug 20 2015 00:00:00 GMT+0800 (China Standard Time),22.4,22.690001,22.09,22.1,563300,22.1,ACIW
Fri Aug 21 2015 00:00:00 GMT+0800 (China Standard Time),21.82,22.35,21.799999,21.889999,752700,21.889999,ACIW
Mon Aug 24 2015 00:00:00 GMT+0800 (China Standard Time),20.950001,21.860001,20.450001,20.940001,916300,20.940001,ACIW
Tue Aug 25 2015 00:00:00 GMT+0800 (China Standard Time),21.629999,21.67,20.700001,20.719999,761500,20.719999,ACIW
Wed Aug 26 2015 00:00:00 GMT+0800 (China Standard Time),21.120001,22.26,20.42,21.08,826100,21.08,ACIW
Thu Aug 27 2015 00:00:00 GMT+0800 (China Standard Time),21.27,21.450001,20.700001,21.07,865900,21.07,ACIW
Fri Aug 28 2015 00:00:00 GMT+0800 (China Standard Time),21.01,21.440001,20.92,21.379999,441000,21.379999,ACIW
Mon Aug 31 2015 00:00:00 GMT+0800 (China Standard Time),21.389999,21.6,21.15,21.33,363200,21.33,ACIW
Tue Sep 01 2015 00:00:00 GMT+0800 (China Standard Time),20.99,21.360001,20.74,20.790001,623400,20.790001,ACIW
Wed Sep 02 2015 00:00:00 GMT+0800 (China Standard Time),21.120001,21.370001,20.870001,21.370001,560400,21.370001,ACIW
Thu Sep 03 2015 00:00:00 GMT+0800 (China Standard Time),21.379999,21.66,21.25,21.440001,448800,21.440001,ACIW
Fri Sep 04 2015 00:00:00 GMT+0800 (China Standard Time),21.129999,21.49,21.059999,21.1,256300,21.1,ACIW
Tue Sep 08 2015 00:00:00 GMT+0800 (China Standard Time),21.360001,21.76,21.110001,21.719999,345600,21.719999,ACIW
Wed Sep 09 2015 00:00:00 GMT+0800 (China Standard Time),21.940001,22.01,21.389999,21.42,389700,21.42,ACIW
Thu Sep 10 2015 00:00:00 GMT+0800 (China Standard Time),21.32,21.610001,21.200001,21.379999,281000,21.379999,ACIW
Fri Sep 11 2015 00:00:00 GMT+0800 (China Standard Time),21.17,21.559999,21.040001,21.540001,264100,21.540001,ACIW
Mon Sep 14 2015 00:00:00 GMT+0800 (China Standard Time),21.639999,21.639999,21.25,21.549999,270900,21.549999,ACIW
Tue Sep 15 2015 00:00:00 GMT+0800 (China Standard Time),21.65,22.02,21.450001,21.889999,383000,21.889999,ACIW
Wed Sep 16 2015 00:00:00 GMT+0800 (China Standard Time),21.84,22.110001,21.639999,21.98,346400,21.98,ACIW
Thu Sep 17 2015 00:00:00 GMT+0800 (China Standard Time),21.940001,22.26,21.83,22.040001,353100,22.040001,ACIW
Fri Sep 18 2015 00:00:00 GMT+0800 (China Standard Time),21.690001,22.120001,21.68,21.879999,1061200,21.879999,ACIW
Mon Sep 21 2015 00:00:00 GMT+0800 (China Standard Time),22,22.32,21.780001,22.049999,341900,22.049999,ACIW
Tue Sep 22 2015 00:00:00 GMT+0800 (China Standard Time),21.889999,22.040001,21.6,21.82,352600,21.82,ACIW
Wed Sep 23 2015 00:00:00 GMT+0800 (China Standard Time),21.91,22,21.549999,21.719999,261100,21.719999,ACIW
Thu Sep 24 2015 00:00:00 GMT+0800 (China Standard Time),21.66,21.82,21.309999,21.68,355200,21.68,ACIW
Fri Sep 25 2015 00:00:00 GMT+0800 (China Standard Time),21.99,21.99,21.190001,21.33,456400,21.33,ACIW
Mon Sep 28 2015 00:00:00 GMT+0800 (China Standard Time),21.34,21.370001,20.969999,21.08,401700,21.08,ACIW
Tue Sep 29 2015 00:00:00 GMT+0800 (China Standard Time),21.09,21.16,20.889999,21.040001,437900,21.040001,ACIW
Wed Sep 30 2015 00:00:00 GMT+0800 (China Standard Time),21.219999,21.41,20.940001,21.120001,546500,21.120001,ACIW
Thu Oct 01 2015 00:00:00 GMT+0800 (China Standard Time),21.07,21.26,20.639999,20.959999,379700,20.959999,ACIW
Fri Oct 02 2015 00:00:00 GMT+0800 (China Standard Time),20.809999,21.139999,20.700001,21.120001,350400,21.120001,ACIW
Mon Oct 05 2015 00:00:00 GMT+0800 (China Standard Time),21.25,21.719999,21.07,21.709999,260500,21.709999,ACIW
Tue Oct 06 2015 00:00:00 GMT+0800 (China Standard Time),21.65,21.969999,21.08,21.719999,532200,21.719999,ACIW
Wed Oct 07 2015 00:00:00 GMT+0800 (China Standard Time),21.91,22.27,21.700001,22.059999,670600,22.059999,ACIW
Thu Oct 08 2015 00:00:00 GMT+0800 (China Standard Time),21.969999,22.59,21.969999,22.559999,293300,22.559999,ACIW
Fri Oct 09 2015 00:00:00 GMT+0800 (China Standard Time),22.68,22.84,20.200001,22.77,238000,22.77,ACIW
Mon Oct 12 2015 00:00:00 GMT+0800 (China Standard Time),22.67,22.85,21.15,22.85,209300,22.85,ACIW
Tue Oct 13 2015 00:00:00 GMT+0800 (China Standard Time),22.67,23.07,21.530001,22.65,321100,22.65,ACIW
Wed Oct 14 2015 00:00:00 GMT+0800 (China Standard Time),22.59,22.860001,22.27,22.35,271300,22.35,ACIW
Thu Oct 15 2015 00:00:00 GMT+0800 (China Standard Time),22.42,22.959999,22.07,22.950001,261600,22.950001,ACIW
Fri Oct 16 2015 00:00:00 GMT+0800 (China Standard Time),23.040001,23.280001,22.41,23.23,293100,23.23,ACIW
Mon Oct 19 2015 00:00:00 GMT+0800 (China Standard Time),23.209999,23.4,23.030001,23.15,232200,23.15,ACIW
Tue Oct 20 2015 00:00:00 GMT+0800 (China Standard Time),23.139999,23.25,22.809999,23.059999,165800,23.059999,ACIW
Wed Oct 21 2015 00:00:00 GMT+0800 (China Standard Time),23.209999,23.209999,22.5,22.540001,193600,22.540001,ACIW
Thu Oct 22 2015 00:00:00 GMT+0800 (China Standard Time),22.73,23.48,22.690001,23.4,227700,23.4,ACIW
Fri Oct 23 2015 00:00:00 GMT+0800 (China Standard Time),23.709999,23.959999,23.34,23.860001,242300,23.860001,ACIW
Mon Oct 26 2015 00:00:00 GMT+0800 (China Standard Time),23.870001,23.99,23.540001,23.76,238900,23.76,ACIW
Tue Oct 27 2015 00:00:00 GMT+0800 (China Standard Time),23.690001,23.93,23.18,23.389999,308900,23.389999,ACIW
Wed Oct 28 2015 00:00:00 GMT+0800 (China Standard Time),23.530001,24.51,23.25,24.360001,614100,24.360001,ACIW
Thu Oct 29 2015 00:00:00 GMT+0800 (China Standard Time),24.370001,24.41,23.9,23.950001,353100,23.950001,ACIW
Fri Oct 30 2015 00:00:00 GMT+0800 (China Standard Time),23.969999,24.17,23.870001,23.950001,271100,23.950001,ACIW
Mon Nov 02 2015 00:00:00 GMT+0800 (China Standard Time),24.01,24.309999,23.91,24.139999,564400,24.139999,ACIW
Tue Nov 03 2015 00:00:00 GMT+0800 (China Standard Time),24.030001,24.51,23.92,24.129999,392000,24.129999,ACIW
Wed Nov 04 2015 00:00:00 GMT+0800 (China Standard Time),24.26,24.530001,23.98,24.24,498800,24.24,ACIW
Thu Nov 05 2015 00:00:00 GMT+0800 (China Standard Time),24.07,24.41,23,23.35,1994100,23.35,ACIW
Fri Nov 06 2015 00:00:00 GMT+0800 (China Standard Time),22.99,24.25,22.35,24.25,619000,24.25,ACIW
Mon Nov 09 2015 00:00:00 GMT+0800 (China Standard Time),24.139999,24.26,23.549999,23.870001,644500,23.870001,ACIW
Tue Nov 10 2015 00:00:00 GMT+0800 (China Standard Time),23.75,24.16,23.18,24.129999,346200,24.129999,ACIW
Wed Nov 11 2015 00:00:00 GMT+0800 (China Standard Time),24.200001,24.610001,23.969999,24.290001,427800,24.290001,ACIW
Thu Nov 12 2015 00:00:00 GMT+0800 (China Standard Time),24.049999,24.309999,22.379999,23.889999,334600,23.889999,ACIW
Fri Nov 13 2015 00:00:00 GMT+0800 (China Standard Time),23.73,23.9,23.309999,23.360001,399600,23.360001,ACIW
Mon Nov 16 2015 00:00:00 GMT+0800 (China Standard Time),23.27,23.58,22.75,23.559999,210900,23.559999,ACIW
Tue Nov 17 2015 00:00:00 GMT+0800 (China Standard Time),23.65,23.879999,23.379999,23.52,303700,23.52,ACIW
Wed Nov 18 2015 00:00:00 GMT+0800 (China Standard Time),23.49,23.67,22.59,23.639999,368400,23.639999,ACIW
Thu Nov 19 2015 00:00:00 GMT+0800 (China Standard Time),23.690001,23.690001,23.32,23.48,358400,23.48,ACIW
Fri Nov 20 2015 00:00:00 GMT+0800 (China Standard Time),23.629999,23.65,23.139999,23.280001,616000,23.280001,ACIW
Mon Nov 23 2015 00:00:00 GMT+0800 (China Standard Time),23.290001,23.469999,23.07,23.190001,476600,23.190001,ACIW
Tue Nov 24 2015 00:00:00 GMT+0800 (China Standard Time),23.02,23.309999,22.85,23.190001,552200,23.190001,ACIW
Wed Nov 25 2015 00:00:00 GMT+0800 (China Standard Time),23.16,23.41,23.15,23.25,360800,23.25,ACIW
Fri Nov 27 2015 00:00:00 GMT+0800 (China Standard Time),23.209999,23.530001,23.129999,23.43,198600,23.43,ACIW
Mon Nov 30 2015 00:00:00 GMT+0800 (China Standard Time),23.440001,23.610001,23.34,23.52,782100,23.52,ACIW
Tue Dec 01 2015 00:00:00 GMT+0800 (China Standard Time),23.66,23.67,23.26,23.58,549800,23.58,ACIW
Wed Dec 02 2015 00:00:00 GMT+0800 (China Standard Time),23.59,23.65,23.110001,23.18,389400,23.18,ACIW
Thu Dec 03 2015 00:00:00 GMT+0800 (China Standard Time),23.34,23.5,22.870001,23.040001,398100,23.040001,ACIW
Fri Dec 04 2015 00:00:00 GMT+0800 (China Standard Time),23.030001,23.690001,23.030001,23.58,352900,23.58,ACIW
Mon Dec 07 2015 00:00:00 GMT+0800 (China Standard Time),23.5,23.559999,22.799999,22.940001,289700,22.940001,ACIW
Tue Dec 08 2015 00:00:00 GMT+0800 (China Standard Time),22.780001,22.91,21.92,22.620001,291900,22.620001,ACIW
Wed Dec 09 2015 00:00:00 GMT+0800 (China Standard Time),22.58,22.77,22.139999,22.26,301600,22.26,ACIW
Thu Dec 10 2015 00:00:00 GMT+0800 (China Standard Time),22.309999,22.370001,21.52,22.16,333700,22.16,ACIW
Fri Dec 11 2015 00:00:00 GMT+0800 (China Standard Time),21.74,22.07,21.57,21.75,370600,21.75,ACIW
Mon Dec 14 2015 00:00:00 GMT+0800 (China Standard Time),21.66,22.48,20.450001,22.35,568700,22.35,ACIW
Tue Dec 15 2015 00:00:00 GMT+0800 (China Standard Time),22.51,23.030001,22.09,22.959999,384500,22.959999,ACIW
Wed Dec 16 2015 00:00:00 GMT+0800 (China Standard Time),23.18,23.27,22.790001,23.190001,530700,23.190001,ACIW
Thu Dec 17 2015 00:00:00 GMT+0800 (China Standard Time),23.299999,23.299999,22.9,23.059999,462300,23.059999,ACIW
Fri Dec 18 2015 00:00:00 GMT+0800 (China Standard Time),23,23,22.34,22.73,1713800,22.73,ACIW
Mon Dec 21 2015 00:00:00 GMT+0800 (China Standard Time),22.85,22.85,22.24,22.440001,311700,22.440001,ACIW
Tue Dec 22 2015 00:00:00 GMT+0800 (China Standard Time),22.49,22.57,22.139999,22.459999,459300,22.459999,ACIW
Wed Dec 23 2015 00:00:00 GMT+0800 (China Standard Time),22.58,22.610001,22.190001,22.33,576800,22.33,ACIW
Thu Dec 24 2015 00:00:00 GMT+0800 (China Standard Time),22.25,22.309999,22.059999,22.219999,382000,22.219999,ACIW
Mon Dec 28 2015 00:00:00 GMT+0800 (China Standard Time),22.129999,22.360001,21.879999,22.35,526800,22.35,ACIW
Tue Dec 29 2015 00:00:00 GMT+0800 (China Standard Time),22.5,22.549999,22.26,22.440001,424400,22.440001,ACIW
Wed Dec 30 2015 00:00:00 GMT+0800 (China Standard Time),22.469999,22.52,20.83,21.889999,341500,21.889999,ACIW
Thu Dec 31 2015 00:00:00 GMT+0800 (China Standard Time),21.799999,21.92,21.370001,21.4,754300,21.4,ACIW
Mon Jan 04 2016 00:00:00 GMT+0800 (China Standard Time),21.18,23.200001,20.5,20.67,773100,20.67,ACIW
Tue Jan 05 2016 00:00:00 GMT+0800 (China Standard Time),20.67,21.01,20.379999,20.6,577400,20.6,ACIW
Wed Jan 06 2016 00:00:00 GMT+0800 (China Standard Time),20.25,20.66,20.08,20.5,726300,20.5,ACIW
Thu Jan 07 2016 00:00:00 GMT+0800 (China Standard Time),20.139999,20.379999,19.51,19.6,528100,19.6,ACIW
Fri Jan 08 2016 00:00:00 GMT+0800 (China Standard Time),19.65,19.9,19.139999,19.18,647800,19.18,ACIW
Mon Jan 11 2016 00:00:00 GMT+0800 (China Standard Time),19.33,19.35,18.870001,19.18,559600,19.18,ACIW
Tue Jan 12 2016 00:00:00 GMT+0800 (China Standard Time),19.4,19.530001,18.950001,19.43,516400,19.43,ACIW
Wed Jan 13 2016 00:00:00 GMT+0800 (China Standard Time),19.469999,19.51,18.52,18.809999,1021700,18.809999,ACIW
Thu Jan 14 2016 00:00:00 GMT+0800 (China Standard Time),18.969999,19.49,17.360001,19.360001,573900,19.360001,ACIW
Fri Jan 15 2016 00:00:00 GMT+0800 (China Standard Time),18.790001,19.120001,17.23,19.040001,645600,19.040001,ACIW
Tue Jan 19 2016 00:00:00 GMT+0800 (China Standard Time),19.110001,19.84,18.33,18.709999,665200,18.709999,ACIW
Wed Jan 20 2016 00:00:00 GMT+0800 (China Standard Time),18.440001,19.1,18.370001,18.83,1011200,18.83,ACIW
Thu Jan 21 2016 00:00:00 GMT+0800 (China Standard Time),18.83,18.969999,18.629999,18.700001,657300,18.700001,ACIW
Fri Jan 22 2016 00:00:00 GMT+0800 (China Standard Time),18.940001,19.16,18.08,18.91,673000,18.91,ACIW
Mon Jan 25 2016 00:00:00 GMT+0800 (China Standard Time),18.790001,18.790001,18.09,18.129999,503800,18.129999,ACIW
Tue Jan 26 2016 00:00:00 GMT+0800 (China Standard Time),18.16,18.280001,17.879999,18.01,704200,18.01,ACIW
Wed Jan 27 2016 00:00:00 GMT+0800 (China Standard Time),17.92,18.190001,17.450001,17.52,601900,17.52,ACIW
Thu Jan 28 2016 00:00:00 GMT+0800 (China Standard Time),17.76,17.83,17.309999,17.440001,605900,17.440001,ACIW
Fri Jan 29 2016 00:00:00 GMT+0800 (China Standard Time),17.5,17.92,17.5,17.9,950500,17.9,ACIW
Mon Feb 01 2016 00:00:00 GMT+0800 (China Standard Time),17.719999,18.24,17.4,18.09,605400,18.09,ACIW
Tue Feb 02 2016 00:00:00 GMT+0800 (China Standard Time),17.870001,18.16,17.629999,17.77,522000,17.77,ACIW
Wed Feb 03 2016 00:00:00 GMT+0800 (China Standard Time),17.950001,17.969999,17.27,17.799999,559600,17.799999,ACIW
Thu Feb 04 2016 00:00:00 GMT+0800 (China Standard Time),17.75,17.93,17.01,17.540001,348600,17.540001,ACIW
Fri Feb 05 2016 00:00:00 GMT+0800 (China Standard Time),17.440001,17.6,16.629999,16.629999,624300,16.629999,ACIW
Mon Feb 08 2016 00:00:00 GMT+0800 (China Standard Time),16.4,16.719999,16.049999,16.34,477200,16.34,ACIW
Tue Feb 09 2016 00:00:00 GMT+0800 (China Standard Time),16.120001,16.440001,15.64,16.23,948800,16.23,ACIW
Wed Feb 10 2016 00:00:00 GMT+0800 (China Standard Time),16.370001,16.860001,16.370001,16.41,462100,16.41,ACIW
Thu Feb 11 2016 00:00:00 GMT+0800 (China Standard Time),16.110001,16.49,15.97,16.41,436400,16.41,ACIW
Fri Feb 12 2016 00:00:00 GMT+0800 (China Standard Time),16.57,16.6,15.07,16.559999,519200,16.559999,ACIW
Tue Feb 16 2016 00:00:00 GMT+0800 (China Standard Time),16.77,17.209999,16.49,17,480200,17,ACIW
Wed Feb 17 2016 00:00:00 GMT+0800 (China Standard Time),17.08,17.6,17.059999,17.5,620500,17.5,ACIW
Thu Feb 18 2016 00:00:00 GMT+0800 (China Standard Time),17.629999,18.809999,17.57,17.74,682000,17.74,ACIW
Fri Feb 19 2016 00:00:00 GMT+0800 (China Standard Time),17.68,18.16,15.89,17.940001,384800,17.940001,ACIW
Mon Feb 22 2016 00:00:00 GMT+0800 (China Standard Time),18.040001,18.440001,18.040001,18.389999,665500,18.389999,ACIW
Tue Feb 23 2016 00:00:00 GMT+0800 (China Standard Time),18.27,18.51,17.639999,17.889999,970500,17.889999,ACIW
Wed Feb 24 2016 00:00:00 GMT+0800 (China Standard Time),17.67,18.370001,17.389999,18.33,994400,18.33,ACIW
Thu Feb 25 2016 00:00:00 GMT+0800 (China Standard Time),18.1,18.48,16.02,17.98,1509600,17.98,ACIW
Fri Feb 26 2016 00:00:00 GMT+0800 (China Standard Time),17.940001,18.690001,17.1,18.290001,989200,18.290001,ACIW
Mon Feb 29 2016 00:00:00 GMT+0800 (China Standard Time),18.219999,19,17.469999,18.66,944100,18.66,ACIW
Tue Mar 01 2016 00:00:00 GMT+0800 (China Standard Time),18.76,19.73,18.690001,19.629999,1528200,19.629999,ACIW
Wed Mar 02 2016 00:00:00 GMT+0800 (China Standard Time),19.58,19.959999,19.35,19.950001,1356200,19.950001,ACIW
Thu Mar 03 2016 00:00:00 GMT+0800 (China Standard Time),19.879999,19.98,19.370001,19.940001,948500,19.940001,ACIW
Fri Mar 04 2016 00:00:00 GMT+0800 (China Standard Time),20,20.209999,19.629999,20.18,643800,20.18,ACIW
Mon Mar 07 2016 00:00:00 GMT+0800 (China Standard Time),20.139999,20.219999,19.549999,20.200001,646200,20.200001,ACIW
Tue Mar 08 2016 00:00:00 GMT+0800 (China Standard Time),20.02,20.25,19.73,19.889999,1058900,19.889999,ACIW
Wed Mar 09 2016 00:00:00 GMT+0800 (China Standard Time),19.959999,19.959999,19.530001,19.620001,671900,19.620001,ACIW
Thu Mar 10 2016 00:00:00 GMT+0800 (China Standard Time),19.65,19.99,19.09,19.440001,669200,19.440001,ACIW
Fri Mar 11 2016 00:00:00 GMT+0800 (China Standard Time),19.67,20.16,19.57,20.059999,621700,20.059999,ACIW
Mon Mar 14 2016 00:00:00 GMT+0800 (China Standard Time),20.059999,20.32,19.98,20.1,635500,20.1,ACIW
Tue Mar 15 2016 00:00:00 GMT+0800 (China Standard Time),20.059999,20.41,20.02,20.18,720100,20.18,ACIW
Wed Mar 16 2016 00:00:00 GMT+0800 (China Standard Time),20.07,20.209999,19.940001,20.040001,1019500,20.040001,ACIW
Thu Mar 17 2016 00:00:00 GMT+0800 (China Standard Time),20.049999,20.219999,19.790001,19.969999,880000,19.969999,ACIW
Fri Mar 18 2016 00:00:00 GMT+0800 (China Standard Time),20.059999,20.24,19.83,20.02,1259100,20.02,ACIW
Mon Mar 21 2016 00:00:00 GMT+0800 (China Standard Time),19.92,20.200001,19.83,19.98,525300,19.98,ACIW
Tue Mar 22 2016 00:00:00 GMT+0800 (China Standard Time),19.940001,20.17,19.93,19.950001,558300,19.950001,ACIW
Wed Mar 23 2016 00:00:00 GMT+0800 (China Standard Time),19.860001,19.92,19.24,19.26,781000,19.26,ACIW
Thu Mar 24 2016 00:00:00 GMT+0800 (China Standard Time),19.190001,19.48,19.08,19.43,591100,19.43,ACIW
Mon Mar 28 2016 00:00:00 GMT+0800 (China Standard Time),19.43,19.52,19.030001,19.09,776000,19.09,ACIW
Tue Mar 29 2016 00:00:00 GMT+0800 (China Standard Time),19,20.1,19,20.08,974200,20.08,ACIW
Wed Mar 30 2016 00:00:00 GMT+0800 (China Standard Time),20.15,20.440001,20.030001,20.309999,712600,20.309999,ACIW
Thu Mar 31 2016 00:00:00 GMT+0800 (China Standard Time),20.24,20.879999,20.24,20.790001,719900,20.790001,ACIW
Fri Apr 01 2016 00:00:00 GMT+0800 (China Standard Time),20.610001,20.879999,20.48,20.799999,495900,20.799999,ACIW
Mon Apr 04 2016 00:00:00 GMT+0800 (China Standard Time),20.77,21,20.66,20.68,381800,20.68,ACIW
Tue Apr 05 2016 00:00:00 GMT+0800 (China Standard Time),20.52,20.709999,20.370001,20.379999,425100,20.379999,ACIW
Wed Apr 06 2016 00:00:00 GMT+0800 (China Standard Time),20.43,20.5,20.17,20.4,410700,20.4,ACIW
Thu Apr 07 2016 00:00:00 GMT+0800 (China Standard Time),20.26,20.379999,19.67,19.85,364300,19.85,ACIW
Fri Apr 08 2016 00:00:00 GMT+0800 (China Standard Time),20.030001,20.030001,19.549999,19.719999,322300,19.719999,ACIW
Mon Apr 11 2016 00:00:00 GMT+0800 (China Standard Time),19.870001,20.049999,19.450001,19.469999,376600,19.469999,ACIW
Tue Apr 12 2016 00:00:00 GMT+0800 (China Standard Time),19.540001,19.67,19.299999,19.58,313100,19.58,ACIW
Wed Apr 13 2016 00:00:00 GMT+0800 (China Standard Time),19.719999,20.299999,19.68,20.290001,457600,20.290001,ACIW
Thu Apr 14 2016 00:00:00 GMT+0800 (China Standard Time),20.26,20.48,20.200001,20.34,278200,20.34,ACIW
Fri Apr 15 2016 00:00:00 GMT+0800 (China Standard Time),20.27,20.389999,20,20.379999,415000,20.379999,ACIW
Mon Apr 18 2016 00:00:00 GMT+0800 (China Standard Time),20.360001,20.5,20,20.4,441800,20.4,ACIW
Tue Apr 19 2016 00:00:00 GMT+0800 (China Standard Time),20.450001,20.6,20.26,20.5,332200,20.5,ACIW
Wed Apr 20 2016 00:00:00 GMT+0800 (China Standard Time),20.450001,20.889999,20.450001,20.790001,308000,20.790001,ACIW
Thu Apr 21 2016 00:00:00 GMT+0800 (China Standard Time),20.860001,21.07,20.700001,20.700001,397200,20.700001,ACIW
Fri Apr 22 2016 00:00:00 GMT+0800 (China Standard Time),20.6,21.09,20.6,20.99,483000,20.99,ACIW
Mon Apr 25 2016 00:00:00 GMT+0800 (China Standard Time),20.879999,21,20.49,20.629999,524800,20.629999,ACIW
Tue Apr 26 2016 00:00:00 GMT+0800 (China Standard Time),20.65,21,20.58,20.93,293900,20.93,ACIW
Wed Apr 27 2016 00:00:00 GMT+0800 (China Standard Time),20.84,21,20.49,20.709999,287200,20.709999,ACIW
Thu Apr 28 2016 00:00:00 GMT+0800 (China Standard Time),20.709999,20.84,20.219999,20.290001,493700,20.290001,ACIW
Fri Apr 29 2016 00:00:00 GMT+0800 (China Standard Time),20.24,20.25,19.799999,19.99,326600,19.99,ACIW
Mon May 02 2016 00:00:00 GMT+0800 (China Standard Time),20.049999,20.43,19.93,20.42,563100,20.42,ACIW
Tue May 03 2016 00:00:00 GMT+0800 (China Standard Time),20.290001,20.35,19.74,20.059999,303800,20.059999,ACIW
Wed May 04 2016 00:00:00 GMT+0800 (China Standard Time),20,20.040001,19.639999,19.68,400300,19.68,ACIW
Thu May 05 2016 00:00:00 GMT+0800 (China Standard Time),20.030001,20.9,18.93,19.440001,401900,19.440001,ACIW
Fri May 06 2016 00:00:00 GMT+0800 (China Standard Time),19.41,19.950001,19.16,19.75,537000,19.75,ACIW
Mon May 09 2016 00:00:00 GMT+0800 (China Standard Time),19.690001,20.309999,19.690001,20.129999,321200,20.129999,ACIW
Tue May 10 2016 00:00:00 GMT+0800 (China Standard Time),20.15,20.41,19.969999,20.389999,355200,20.389999,ACIW
Wed May 11 2016 00:00:00 GMT+0800 (China Standard Time),20.389999,20.48,20.049999,20.26,471500,20.26,ACIW
Thu May 12 2016 00:00:00 GMT+0800 (China Standard Time),20.370001,20.370001,19.629999,19.959999,564100,19.959999,ACIW
Fri May 13 2016 00:00:00 GMT+0800 (China Standard Time),19.98,20,19.610001,19.76,459000,19.76,ACIW
Mon May 16 2016 00:00:00 GMT+0800 (China Standard Time),19.879999,20.16,19.639999,19.99,531800,19.99,ACIW
Tue May 17 2016 00:00:00 GMT+0800 (China Standard Time),19.950001,19.950001,19.290001,19.370001,409500,19.370001,ACIW
Wed May 18 2016 00:00:00 GMT+0800 (China Standard Time),19.27,19.75,18.85,19.41,566500,19.41,ACIW
Thu May 19 2016 00:00:00 GMT+0800 (China Standard Time),19.280001,19.700001,18.940001,19.02,449900,19.02,ACIW
Fri May 20 2016 00:00:00 GMT+0800 (China Standard Time),19.16,19.48,18.620001,19.370001,428100,19.370001,ACIW
Mon May 23 2016 00:00:00 GMT+0800 (China Standard Time),19.42,19.629999,19.360001,19.440001,292200,19.440001,ACIW
Tue May 24 2016 00:00:00 GMT+0800 (China Standard Time),19.6,20.02,19.549999,19.969999,502900,19.969999,ACIW
Wed May 25 2016 00:00:00 GMT+0800 (China Standard Time),20.08,20.08,19.83,19.93,409000,19.93,ACIW
Thu May 26 2016 00:00:00 GMT+0800 (China Standard Time),19.959999,20.190001,19.85,20.059999,192800,20.059999,ACIW
Fri May 27 2016 00:00:00 GMT+0800 (China Standard Time),20.049999,20.450001,20.049999,20.43,374200,20.43,ACIW
Tue May 31 2016 00:00:00 GMT+0800 (China Standard Time),20.459999,20.77,20.459999,20.66,397900,20.66,ACIW
Wed Jun 01 2016 00:00:00 GMT+0800 (China Standard Time),20.540001,20.809999,20.440001,20.790001,285500,20.790001,ACIW
Thu Jun 02 2016 00:00:00 GMT+0800 (China Standard Time),20.629999,21.17,20.629999,21.110001,329500,21.110001,ACIW
Fri Jun 03 2016 00:00:00 GMT+0800 (China Standard Time),21.040001,21.07,20.610001,20.93,263500,20.93,ACIW
Mon Jun 06 2016 00:00:00 GMT+0800 (China Standard Time),20.940001,21.379999,20.91,21.34,258300,21.34,ACIW
Tue Jun 07 2016 00:00:00 GMT+0800 (China Standard Time),21.280001,21.77,21.27,21.73,459500,21.73,ACIW
Wed Jun 08 2016 00:00:00 GMT+0800 (China Standard Time),21.68,22,21.469999,21.780001,462300,21.780001,ACIW
Thu Jun 09 2016 00:00:00 GMT+0800 (China Standard Time),21.73,21.82,21.459999,21.73,287600,21.73,ACIW
Fri Jun 10 2016 00:00:00 GMT+0800 (China Standard Time),21.440001,21.440001,21.129999,21.190001,288600,21.190001,ACIW
Mon Jun 13 2016 00:00:00 GMT+0800 (China Standard Time),21.02,21.25,20.77,20.809999,333400,20.809999,ACIW
Tue Jun 14 2016 00:00:00 GMT+0800 (China Standard Time),20.66,20.91,20.459999,20.73,293000,20.73,ACIW
Wed Jun 15 2016 00:00:00 GMT+0800 (China Standard Time),21.059999,21.08,20.74,20.75,348300,20.75,ACIW
Thu Jun 16 2016 00:00:00 GMT+0800 (China Standard Time),20.66,20.969999,20.459999,20.93,297500,20.93,ACIW
Fri Jun 17 2016 00:00:00 GMT+0800 (China Standard Time),20.959999,21.120001,20.41,20.52,1132900,20.52,ACIW
Mon Jun 20 2016 00:00:00 GMT+0800 (China Standard Time),20.809999,21.219999,20.68,20.85,307100,20.85,ACIW
Tue Jun 21 2016 00:00:00 GMT+0800 (China Standard Time),20.889999,21.030001,20.67,20.99,337700,20.99,ACIW
Wed Jun 22 2016 00:00:00 GMT+0800 (China Standard Time),20.969999,21.07,20.790001,20.790001,350100,20.790001,ACIW
Thu Jun 23 2016 00:00:00 GMT+0800 (China Standard Time),21.02,21.51,20.790001,21.49,345400,21.49,ACIW
Fri Jun 24 2016 00:00:00 GMT+0800 (China Standard Time),20.35,20.5,19.83,19.91,650800,19.91,ACIW
Mon Jun 27 2016 00:00:00 GMT+0800 (China Standard Time),19.629999,19.780001,18.49,18.540001,624700,18.540001,ACIW
Tue Jun 28 2016 00:00:00 GMT+0800 (China Standard Time),18.65,18.91,18.25,18.719999,512800,18.719999,ACIW
Wed Jun 29 2016 00:00:00 GMT+0800 (China Standard Time),18.940001,19.110001,18.389999,19.040001,324500,19.040001,ACIW
Thu Jun 30 2016 00:00:00 GMT+0800 (China Standard Time),19.129999,19.530001,18.719999,19.51,429900,19.51,ACIW
Fri Jul 01 2016 00:00:00 GMT+0800 (China Standard Time),19.450001,19.67,19.42,19.57,303300,19.57,ACIW
Tue Jul 05 2016 00:00:00 GMT+0800 (China Standard Time),19.48,19.639999,18.950001,19.07,258700,19.07,ACIW
Wed Jul 06 2016 00:00:00 GMT+0800 (China Standard Time),18.889999,19.07,18.719999,18.959999,355300,18.959999,ACIW
Thu Jul 07 2016 00:00:00 GMT+0800 (China Standard Time),19.059999,19.16,18.780001,18.98,238300,18.98,ACIW
Fri Jul 08 2016 00:00:00 GMT+0800 (China Standard Time),19.209999,19.42,18.969999,19.379999,518000,19.379999,ACIW
Mon Jul 11 2016 00:00:00 GMT+0800 (China Standard Time),19.52,19.610001,19.41,19.549999,406900,19.549999,ACIW
Tue Jul 12 2016 00:00:00 GMT+0800 (China Standard Time),19.76,19.959999,19.559999,19.85,460400,19.85,ACIW
Wed Jul 13 2016 00:00:00 GMT+0800 (China Standard Time),19.93,20,19.6,19.67,351100,19.67,ACIW
Thu Jul 14 2016 00:00:00 GMT+0800 (China Standard Time),19.940001,19.940001,19.540001,19.639999,346900,19.639999,ACIW
Fri Jul 15 2016 00:00:00 GMT+0800 (China Standard Time),19.76,19.84,19.24,19.68,377700,19.68,ACIW
Mon Jul 18 2016 00:00:00 GMT+0800 (China Standard Time),19.719999,19.9,19.51,19.629999,230800,19.629999,ACIW
Tue Jul 19 2016 00:00:00 GMT+0800 (China Standard Time),19.639999,19.68,18.51,19.639999,240700,19.639999,ACIW
Wed Jul 20 2016 00:00:00 GMT+0800 (China Standard Time),19.73,19.790001,19.51,19.690001,325600,19.690001,ACIW
Thu Jul 21 2016 00:00:00 GMT+0800 (China Standard Time),19.629999,19.77,19.280001,19.309999,244900,19.309999,ACIW
Fri Jul 22 2016 00:00:00 GMT+0800 (China Standard Time),19.290001,19.360001,18.98,19.32,292000,19.32,ACIW
Mon Jul 25 2016 00:00:00 GMT+0800 (China Standard Time),19.309999,19.360001,19.1,19.16,345700,19.16,ACIW
Tue Jul 26 2016 00:00:00 GMT+0800 (China Standard Time),19.219999,19.41,19.01,19.389999,615100,19.389999,ACIW
Wed Jul 27 2016 00:00:00 GMT+0800 (China Standard Time),19.469999,19.74,19.379999,19.629999,492800,19.629999,ACIW
Thu Jul 28 2016 00:00:00 GMT+0800 (China Standard Time),18.940001,20.32,18.26,19.85,975600,19.85,ACIW
Fri Jul 29 2016 00:00:00 GMT+0800 (China Standard Time),19.91,20.1,19.57,19.809999,620900,19.809999,ACIW
Mon Aug 01 2016 00:00:00 GMT+0800 (China Standard Time),19.780001,20.09,19.35,19.73,508900,19.73,ACIW
Tue Aug 02 2016 00:00:00 GMT+0800 (China Standard Time),19.67,19.75,18.99,18.99,455200,18.99,ACIW
Wed Aug 03 2016 00:00:00 GMT+0800 (China Standard Time),18.91,19.16,18.83,18.889999,482100,18.889999,ACIW
Thu Aug 04 2016 00:00:00 GMT+0800 (China Standard Time),18.83,19.01,18.559999,18.6,287500,18.6,ACIW
Fri Aug 05 2016 00:00:00 GMT+0800 (China Standard Time),18.709999,19.27,18.709999,18.98,565900,18.98,ACIW
Mon Aug 08 2016 00:00:00 GMT+0800 (China Standard Time),18.92,19.049999,18.780001,18.84,397600,18.84,ACIW
Tue Aug 09 2016 00:00:00 GMT+0800 (China Standard Time),18.9,19.24,18.73,19.17,325000,19.17,ACIW
Wed Aug 10 2016 00:00:00 GMT+0800 (China Standard Time),19.16,19.200001,19.040001,19.1,461300,19.1,ACIW
Thu Aug 11 2016 00:00:00 GMT+0800 (China Standard Time),19.110001,19.209999,18.99,19.049999,713700,19.049999,ACIW
Fri Aug 12 2016 00:00:00 GMT+0800 (China Standard Time),18.969999,18.969999,18.549999,18.68,322000,18.68,ACIW
Mon Aug 15 2016 00:00:00 GMT+0800 (China Standard Time),18.690001,18.870001,18.450001,18.540001,288500,18.540001,ACIW
Tue Aug 16 2016 00:00:00 GMT+0800 (China Standard Time),18.51,18.59,18.139999,18.16,430200,18.16,ACIW
Wed Aug 17 2016 00:00:00 GMT+0800 (China Standard Time),18.129999,18.4,17.57,17.870001,589000,17.870001,ACIW
Thu Aug 18 2016 00:00:00 GMT+0800 (China Standard Time),17.879999,18.040001,17.780001,17.92,640900,17.92,ACIW
Fri Aug 19 2016 00:00:00 GMT+0800 (China Standard Time),17.91,18.1,17.799999,18.08,393200,18.08,ACIW
Mon Aug 22 2016 00:00:00 GMT+0800 (China Standard Time),17.969999,18.129999,17.9,18,182800,18,ACIW
Tue Aug 23 2016 00:00:00 GMT+0800 (China Standard Time),18.049999,18.549999,17.709999,18.51,461200,18.51,ACIW
Wed Aug 24 2016 00:00:00 GMT+0800 (China Standard Time),18.440001,18.610001,17.790001,18.549999,349000,18.549999,ACIW
Thu Aug 25 2016 00:00:00 GMT+0800 (China Standard Time),18.530001,18.639999,18.059999,18.629999,254400,18.629999,ACIW
Fri Aug 26 2016 00:00:00 GMT+0800 (China Standard Time),18.59,18.940001,17.74,18.76,286000,18.76,ACIW
Mon Aug 29 2016 00:00:00 GMT+0800 (China Standard Time),18.77,18.98,18.59,18.77,301000,18.77,ACIW
Tue Aug 30 2016 00:00:00 GMT+0800 (China Standard Time),18.82,19.02,18.77,19,226800,19,ACIW
Wed Aug 31 2016 00:00:00 GMT+0800 (China Standard Time),19.030001,19.200001,18.870001,19.1,499300,19.1,ACIW
Thu Sep 01 2016 00:00:00 GMT+0800 (China Standard Time),19.16,19.26,18.85,19.23,387800,19.23,ACIW
Fri Sep 02 2016 00:00:00 GMT+0800 (China Standard Time),19.389999,19.57,19.32,19.540001,408300,19.540001,ACIW
Tue Sep 06 2016 00:00:00 GMT+0800 (China Standard Time),19.620001,19.719999,19.290001,19.389999,269400,19.389999,ACIW
Wed Sep 07 2016 00:00:00 GMT+0800 (China Standard Time),19.33,19.799999,19.309999,19.440001,670000,19.440001,ACIW
Thu Sep 08 2016 00:00:00 GMT+0800 (China Standard Time),19.440001,19.440001,19.110001,19.129999,388300,19.129999,ACIW
Fri Sep 09 2016 00:00:00 GMT+0800 (China Standard Time),18.9,19,18.43,18.43,465400,18.43,ACIW
Mon Sep 12 2016 00:00:00 GMT+0800 (China Standard Time),18.309999,18.860001,18.309999,18.84,350600,18.84,ACIW
Tue Sep 13 2016 00:00:00 GMT+0800 (China Standard Time),18.639999,18.709999,18.030001,18.040001,362400,18.040001,ACIW
Wed Sep 14 2016 00:00:00 GMT+0800 (China Standard Time),18.08,18.280001,17.889999,17.969999,197800,17.969999,ACIW
Thu Sep 15 2016 00:00:00 GMT+0800 (China Standard Time),17.969999,18.299999,17.870001,18.280001,457100,18.280001,ACIW
Fri Sep 16 2016 00:00:00 GMT+0800 (China Standard Time),18.27,18.32,18.07,18.16,639000,18.16,ACIW
Mon Sep 19 2016 00:00:00 GMT+0800 (China Standard Time),18.290001,18.5,18.049999,18.309999,267600,18.309999,ACIW
Tue Sep 20 2016 00:00:00 GMT+0800 (China Standard Time),18.450001,18.450001,18.219999,18.299999,224400,18.299999,ACIW
Wed Sep 21 2016 00:00:00 GMT+0800 (China Standard Time),18.34,18.530001,18.27,18.51,256800,18.51,ACIW
Thu Sep 22 2016 00:00:00 GMT+0800 (China Standard Time),18.68,18.99,18.66,18.969999,435000,18.969999,ACIW
Fri Sep 23 2016 00:00:00 GMT+0800 (China Standard Time),18.93,19.049999,18.74,18.940001,346600,18.940001,ACIW
Mon Sep 26 2016 00:00:00 GMT+0800 (China Standard Time),18.799999,18.959999,18.67,18.690001,393800,18.690001,ACIW
Tue Sep 27 2016 00:00:00 GMT+0800 (China Standard Time),18.66,19.030001,18.66,18.99,234400,18.99,ACIW
Wed Sep 28 2016 00:00:00 GMT+0800 (China Standard Time),19.059999,19.309999,18.790001,19.299999,284600,19.299999,ACIW
Thu Sep 29 2016 00:00:00 GMT+0800 (China Standard Time),19.23,19.27,18.98,19.120001,394900,19.120001,ACIW
Fri Sep 30 2016 00:00:00 GMT+0800 (China Standard Time),19.26,19.49,18.879999,19.379999,557400,19.379999,ACIW
Mon Oct 03 2016 00:00:00 GMT+0800 (China Standard Time),19.24,19.41,19.110001,19.16,291900,19.16,ACIW
Tue Oct 04 2016 00:00:00 GMT+0800 (China Standard Time),19.18,19.559999,19.139999,19.49,285800,19.49,ACIW
Wed Oct 05 2016 00:00:00 GMT+0800 (China Standard Time),19.610001,19.84,19.459999,19.610001,342700,19.610001,ACIW
Thu Oct 06 2016 00:00:00 GMT+0800 (China Standard Time),19.58,19.799999,19.5,19.709999,214600,19.709999,ACIW
Fri Oct 07 2016 00:00:00 GMT+0800 (China Standard Time),19.719999,19.719999,19.18,19.209999,861400,19.209999,ACIW
Mon Oct 10 2016 00:00:00 GMT+0800 (China Standard Time),19.370001,19.610001,19.25,19.41,255100,19.41,ACIW
Tue Oct 11 2016 00:00:00 GMT+0800 (China Standard Time),19.32,19.559999,18.629999,18.65,381600,18.65,ACIW
Wed Oct 12 2016 00:00:00 GMT+0800 (China Standard Time),18.700001,18.860001,18.610001,18.74,283300,18.74,ACIW
Thu Oct 13 2016 00:00:00 GMT+0800 (China Standard Time),18.52,18.6,18.34,18.469999,351700,18.469999,ACIW
Fri Oct 14 2016 00:00:00 GMT+0800 (China Standard Time),18.52,19.02,18.49,19,717900,19,ACIW
Mon Oct 17 2016 00:00:00 GMT+0800 (China Standard Time),19.07,19.530001,19.02,19.5,651100,19.5,ACIW
Tue Oct 18 2016 00:00:00 GMT+0800 (China Standard Time),19.77,19.77,19.49,19.73,343600,19.73,ACIW
Wed Oct 19 2016 00:00:00 GMT+0800 (China Standard Time),19.75,20.059999,19.690001,20.040001,355100,20.040001,ACIW
Thu Oct 20 2016 00:00:00 GMT+0800 (China Standard Time),19.940001,20.02,19.620001,19.709999,472300,19.709999,ACIW
Fri Oct 21 2016 00:00:00 GMT+0800 (China Standard Time),19.540001,19.790001,19.389999,19.690001,258500,19.690001,ACIW
Mon Oct 24 2016 00:00:00 GMT+0800 (China Standard Time),19.93,20.200001,19.790001,19.83,259900,19.83,ACIW
Tue Oct 25 2016 00:00:00 GMT+0800 (China Standard Time),19.84,19.870001,19.370001,19.41,302700,19.41,ACIW
Wed Oct 26 2016 00:00:00 GMT+0800 (China Standard Time),19.32,19.469999,18.950001,19.1,289500,19.1,ACIW
Thu Oct 27 2016 00:00:00 GMT+0800 (China Standard Time),19.219999,19.35,18.540001,18.700001,342500,18.700001,ACIW
Fri Oct 28 2016 00:00:00 GMT+0800 (China Standard Time),18.639999,18.870001,18.41,18.5,471100,18.5,ACIW
Mon Oct 31 2016 00:00:00 GMT+0800 (China Standard Time),18.48,18.610001,18.02,18.120001,610700,18.120001,ACIW
Tue Nov 01 2016 00:00:00 GMT+0800 (China Standard Time),18.200001,19.049999,18.200001,19.01,1117800,19.01,ACIW
Wed Nov 02 2016 00:00:00 GMT+0800 (China Standard Time),18.799999,18.870001,18.07,18.120001,742600,18.120001,ACIW
Thu Nov 03 2016 00:00:00 GMT+0800 (China Standard Time),17.09,17.43,15.11,17.209999,2408600,17.209999,ACIW
Fri Nov 04 2016 00:00:00 GMT+0800 (China Standard Time),17,17.450001,16.809999,17.01,1068500,17.01,ACIW
Mon Nov 07 2016 00:00:00 GMT+0800 (China Standard Time),17.559999,17.559999,17.030001,17.26,577200,17.26,ACIW
Tue Nov 08 2016 00:00:00 GMT+0800 (China Standard Time),17.25,17.52,17.059999,17.219999,459100,17.219999,ACIW
Wed Nov 09 2016 00:00:00 GMT+0800 (China Standard Time),16.950001,17.92,16.93,17.870001,596600,17.870001,ACIW
Thu Nov 10 2016 00:00:00 GMT+0800 (China Standard Time),18.190001,18.530001,17.559999,18,651900,18,ACIW
Fri Nov 11 2016 00:00:00 GMT+0800 (China Standard Time),18.01,18.76,17.84,18.65,858700,18.65,ACIW
