Thu Jan 02 2014 00:00:00 GMT+0800 (China Standard Time),10.06,10.27,10.01,10.16,176000,10.16,AMRI
Fri Jan 03 2014 00:00:00 GMT+0800 (China Standard Time),10.23,10.39,10.16,10.23,312900,10.23,AMRI
Mon Jan 06 2014 00:00:00 GMT+0800 (China Standard Time),10.26,10.35,10.15,10.17,290400,10.17,AMRI
Tue Jan 07 2014 00:00:00 GMT+0800 (China Standard Time),10.19,10.43,10.15,10.24,439900,10.24,AMRI
Wed Jan 08 2014 00:00:00 GMT+0800 (China Standard Time),10.22,10.57,10.19,10.54,396200,10.54,AMRI
Thu Jan 09 2014 00:00:00 GMT+0800 (China Standard Time),10.57,10.67,10.42,10.6,238300,10.6,AMRI
Fri Jan 10 2014 00:00:00 GMT+0800 (China Standard Time),10.61,10.97,10.51,10.96,239600,10.96,AMRI
Mon Jan 13 2014 00:00:00 GMT+0800 (China Standard Time),10.95,10.98,10.64,10.69,288100,10.69,AMRI
Tue Jan 14 2014 00:00:00 GMT+0800 (China Standard Time),10.73,10.85,10.66,10.74,245200,10.74,AMRI
Wed Jan 15 2014 00:00:00 GMT+0800 (China Standard Time),10.73,10.91,10.73,10.84,136300,10.84,AMRI
Thu Jan 16 2014 00:00:00 GMT+0800 (China Standard Time),10.8,10.88,10.57,10.71,146500,10.71,AMRI
Fri Jan 17 2014 00:00:00 GMT+0800 (China Standard Time),10.68,10.9,10.53,10.88,199100,10.88,AMRI
Tue Jan 21 2014 00:00:00 GMT+0800 (China Standard Time),10.92,11.21,10.9,11.16,609300,11.16,AMRI
Wed Jan 22 2014 00:00:00 GMT+0800 (China Standard Time),11.19,11.34,10.95,11.18,239900,11.18,AMRI
Thu Jan 23 2014 00:00:00 GMT+0800 (China Standard Time),11.14,11.28,10.86,11.27,382500,11.27,AMRI
Fri Jan 24 2014 00:00:00 GMT+0800 (China Standard Time),11.16,11.25,10.82,10.95,514000,10.95,AMRI
Mon Jan 27 2014 00:00:00 GMT+0800 (China Standard Time),10.91,10.97,10.42,10.88,409000,10.88,AMRI
Tue Jan 28 2014 00:00:00 GMT+0800 (China Standard Time),10.93,11.01,10.61,10.81,279200,10.81,AMRI
Wed Jan 29 2014 00:00:00 GMT+0800 (China Standard Time),10.7,10.88,10.62,10.75,204800,10.75,AMRI
Thu Jan 30 2014 00:00:00 GMT+0800 (China Standard Time),10.86,11.03,10.69,10.84,285100,10.84,AMRI
Fri Jan 31 2014 00:00:00 GMT+0800 (China Standard Time),10.65,10.86,10.36,10.7,245200,10.7,AMRI
Mon Feb 03 2014 00:00:00 GMT+0800 (China Standard Time),10.68,10.78,10.28,10.4,544800,10.4,AMRI
Tue Feb 04 2014 00:00:00 GMT+0800 (China Standard Time),10.5,10.56,10.3,10.5,169800,10.5,AMRI
Wed Feb 05 2014 00:00:00 GMT+0800 (China Standard Time),10.44,10.58,10.33,10.46,199400,10.46,AMRI
Thu Feb 06 2014 00:00:00 GMT+0800 (China Standard Time),10.49,10.73,10.49,10.61,209900,10.61,AMRI
Fri Feb 07 2014 00:00:00 GMT+0800 (China Standard Time),10.59,11.11,10.44,11.02,412500,11.02,AMRI
Mon Feb 10 2014 00:00:00 GMT+0800 (China Standard Time),11.03,11.27,10.92,11.25,162900,11.25,AMRI
Tue Feb 11 2014 00:00:00 GMT+0800 (China Standard Time),11.3,11.47,11.06,11.1,337100,11.1,AMRI
Wed Feb 12 2014 00:00:00 GMT+0800 (China Standard Time),11.5,11.97,11.27,11.88,575700,11.88,AMRI
Thu Feb 13 2014 00:00:00 GMT+0800 (China Standard Time),11.78,12.5,11.73,12.41,534500,12.41,AMRI
Fri Feb 14 2014 00:00:00 GMT+0800 (China Standard Time),12.33,12.65,12.03,12.5,310400,12.5,AMRI
Tue Feb 18 2014 00:00:00 GMT+0800 (China Standard Time),12.6,13.32,12.6,13.27,498700,13.27,AMRI
Wed Feb 19 2014 00:00:00 GMT+0800 (China Standard Time),13.26,13.79,13.1,13.69,1086100,13.69,AMRI
Thu Feb 20 2014 00:00:00 GMT+0800 (China Standard Time),13.77,14.43,13.6,14.4,1226000,14.4,AMRI
Fri Feb 21 2014 00:00:00 GMT+0800 (China Standard Time),14.41,15.14,14.19,14.99,864900,14.99,AMRI
Mon Feb 24 2014 00:00:00 GMT+0800 (China Standard Time),14.99,15.22,14.53,15.03,849600,15.03,AMRI
Tue Feb 25 2014 00:00:00 GMT+0800 (China Standard Time),15.13,15.43,14.85,15.34,553100,15.34,AMRI
Wed Feb 26 2014 00:00:00 GMT+0800 (China Standard Time),15.44,15.78,15.08,15.61,574300,15.61,AMRI
Thu Feb 27 2014 00:00:00 GMT+0800 (China Standard Time),15.54,16.16,15.31,16.07,1022200,16.07,AMRI
Fri Feb 28 2014 00:00:00 GMT+0800 (China Standard Time),16.01,16.379999,15.33,15.6,379900,15.6,AMRI
Mon Mar 03 2014 00:00:00 GMT+0800 (China Standard Time),15.36,15.91,15.11,15.58,462900,15.58,AMRI
Tue Mar 04 2014 00:00:00 GMT+0800 (China Standard Time),15.76,16.290001,15.76,16.040001,550700,16.040001,AMRI
Wed Mar 05 2014 00:00:00 GMT+0800 (China Standard Time),16.07,16.129999,15.77,15.87,599600,15.87,AMRI
Thu Mar 06 2014 00:00:00 GMT+0800 (China Standard Time),15.91,16.040001,15.3,15.48,219100,15.48,AMRI
Fri Mar 07 2014 00:00:00 GMT+0800 (China Standard Time),15.56,15.65,14.85,15.62,721300,15.62,AMRI
Mon Mar 10 2014 00:00:00 GMT+0800 (China Standard Time),15.6,15.8,15.29,15.73,357800,15.73,AMRI
Tue Mar 11 2014 00:00:00 GMT+0800 (China Standard Time),15.74,15.79,15.33,15.61,313600,15.61,AMRI
Wed Mar 12 2014 00:00:00 GMT+0800 (China Standard Time),15.49,16.33,15.28,16.23,977300,16.23,AMRI
Thu Mar 13 2014 00:00:00 GMT+0800 (China Standard Time),16.360001,18.18,16.35,17.18,1691400,17.18,AMRI
Fri Mar 14 2014 00:00:00 GMT+0800 (China Standard Time),17.01,18.950001,17,18.809999,851800,18.809999,AMRI
Mon Mar 17 2014 00:00:00 GMT+0800 (China Standard Time),18.889999,19.07,17.870001,18.84,1018300,18.84,AMRI
Tue Mar 18 2014 00:00:00 GMT+0800 (China Standard Time),18.879999,19.549999,18.709999,19.549999,1176400,19.549999,AMRI
Wed Mar 19 2014 00:00:00 GMT+0800 (China Standard Time),19.549999,20.549999,19.389999,19.780001,1104200,19.780001,AMRI
Thu Mar 20 2014 00:00:00 GMT+0800 (China Standard Time),19.74,19.969999,19.299999,19.91,328100,19.91,AMRI
Fri Mar 21 2014 00:00:00 GMT+0800 (China Standard Time),18.99,19.1,17.18,18.440001,2244800,18.440001,AMRI
Mon Mar 24 2014 00:00:00 GMT+0800 (China Standard Time),18.469999,19.620001,18.190001,18.91,1077800,18.91,AMRI
Tue Mar 25 2014 00:00:00 GMT+0800 (China Standard Time),19.09,19.35,18.4,18.48,565700,18.48,AMRI
Wed Mar 26 2014 00:00:00 GMT+0800 (China Standard Time),18.48,18.91,17.41,17.459999,780600,17.459999,AMRI
Thu Mar 27 2014 00:00:00 GMT+0800 (China Standard Time),17.9,18.690001,17.9,18.360001,1134300,18.360001,AMRI
Fri Mar 28 2014 00:00:00 GMT+0800 (China Standard Time),18.35,18.6,17.940001,18.030001,431200,18.030001,AMRI
Mon Mar 31 2014 00:00:00 GMT+0800 (China Standard Time),18.1,18.75,18.07,18.59,981400,18.59,AMRI
Tue Apr 01 2014 00:00:00 GMT+0800 (China Standard Time),18.59,19.110001,18.32,18.49,3302000,18.49,AMRI
Wed Apr 02 2014 00:00:00 GMT+0800 (China Standard Time),18.4,18.41,17.6,17.790001,929200,17.790001,AMRI
Thu Apr 03 2014 00:00:00 GMT+0800 (China Standard Time),17.719999,17.91,17.129999,17.68,444700,17.68,AMRI
Fri Apr 04 2014 00:00:00 GMT+0800 (China Standard Time),17.85,17.969999,16.4,16.49,571400,16.49,AMRI
Mon Apr 07 2014 00:00:00 GMT+0800 (China Standard Time),16.4,16.700001,15.6,16.1,764600,16.1,AMRI
Tue Apr 08 2014 00:00:00 GMT+0800 (China Standard Time),16.07,16.1,15.2,15.28,705600,15.28,AMRI
Wed Apr 09 2014 00:00:00 GMT+0800 (China Standard Time),16.16,17.09,15.74,16.889999,976600,16.889999,AMRI
Thu Apr 10 2014 00:00:00 GMT+0800 (China Standard Time),16.52,16.68,15.87,16.18,610200,16.18,AMRI
Fri Apr 11 2014 00:00:00 GMT+0800 (China Standard Time),16.1,16.92,15.81,16.200001,520600,16.200001,AMRI
Mon Apr 14 2014 00:00:00 GMT+0800 (China Standard Time),16.32,16.52,15.6,16.139999,311100,16.139999,AMRI
Tue Apr 15 2014 00:00:00 GMT+0800 (China Standard Time),16.280001,16.530001,15.17,15.91,444800,15.91,AMRI
Wed Apr 16 2014 00:00:00 GMT+0800 (China Standard Time),16.1,16.129999,15.76,16.07,239100,16.07,AMRI
Thu Apr 17 2014 00:00:00 GMT+0800 (China Standard Time),15.99,16.450001,15.74,16.09,222400,16.09,AMRI
Mon Apr 21 2014 00:00:00 GMT+0800 (China Standard Time),16.07,16.620001,16.01,16.59,243600,16.59,AMRI
Tue Apr 22 2014 00:00:00 GMT+0800 (China Standard Time),16.67,16.99,16.58,16.870001,526400,16.870001,AMRI
Wed Apr 23 2014 00:00:00 GMT+0800 (China Standard Time),16.85,17.139999,16.459999,16.620001,165000,16.620001,AMRI
Thu Apr 24 2014 00:00:00 GMT+0800 (China Standard Time),16.780001,16.92,16.16,16.440001,180700,16.440001,AMRI
Fri Apr 25 2014 00:00:00 GMT+0800 (China Standard Time),16.309999,16.370001,15.96,16.09,272900,16.09,AMRI
Mon Apr 28 2014 00:00:00 GMT+0800 (China Standard Time),16.200001,16.26,15.47,15.95,362100,15.95,AMRI
Tue Apr 29 2014 00:00:00 GMT+0800 (China Standard Time),16.059999,16.459999,16,16.02,278700,16.02,AMRI
Wed Apr 30 2014 00:00:00 GMT+0800 (China Standard Time),15.91,16.16,15.72,16.059999,385500,16.059999,AMRI
Thu May 01 2014 00:00:00 GMT+0800 (China Standard Time),16.01,16.360001,15.7,15.92,495000,15.92,AMRI
Fri May 02 2014 00:00:00 GMT+0800 (China Standard Time),15.99,16.23,15.47,15.6,416000,15.6,AMRI
Mon May 05 2014 00:00:00 GMT+0800 (China Standard Time),15.45,16.200001,15.28,16,248700,16,AMRI
Tue May 06 2014 00:00:00 GMT+0800 (China Standard Time),15.29,16.4,15.29,15.68,490600,15.68,AMRI
Wed May 07 2014 00:00:00 GMT+0800 (China Standard Time),15.76,15.86,15.08,15.25,440500,15.25,AMRI
Thu May 08 2014 00:00:00 GMT+0800 (China Standard Time),15.17,15.44,14.77,14.9,263400,14.9,AMRI
Fri May 09 2014 00:00:00 GMT+0800 (China Standard Time),14.8,14.9,14.38,14.63,420700,14.63,AMRI
Mon May 12 2014 00:00:00 GMT+0800 (China Standard Time),14.71,15.5,14.67,15.38,364000,15.38,AMRI
Tue May 13 2014 00:00:00 GMT+0800 (China Standard Time),15.29,15.59,15.2,15.32,283500,15.32,AMRI
Wed May 14 2014 00:00:00 GMT+0800 (China Standard Time),15.51,16.08,15.47,15.62,524100,15.62,AMRI
Thu May 15 2014 00:00:00 GMT+0800 (China Standard Time),15.59,15.83,15.29,15.71,308900,15.71,AMRI
Fri May 16 2014 00:00:00 GMT+0800 (China Standard Time),15.68,16.09,15.4,15.72,383500,15.72,AMRI
Mon May 19 2014 00:00:00 GMT+0800 (China Standard Time),15.72,16.030001,15.65,15.84,251100,15.84,AMRI
Tue May 20 2014 00:00:00 GMT+0800 (China Standard Time),15.75,15.75,15.38,15.41,473900,15.41,AMRI
Wed May 21 2014 00:00:00 GMT+0800 (China Standard Time),15.46,15.71,15.34,15.48,160900,15.48,AMRI
Thu May 22 2014 00:00:00 GMT+0800 (China Standard Time),15.48,15.99,15.45,15.9,245500,15.9,AMRI
Fri May 23 2014 00:00:00 GMT+0800 (China Standard Time),15.89,16.040001,15.55,15.9,226300,15.9,AMRI
Tue May 27 2014 00:00:00 GMT+0800 (China Standard Time),15.99,16.4,15.8,16.309999,222000,16.309999,AMRI
Wed May 28 2014 00:00:00 GMT+0800 (China Standard Time),16.27,16.469999,15.96,16.17,155200,16.17,AMRI
Thu May 29 2014 00:00:00 GMT+0800 (China Standard Time),16.18,16.4,16.049999,16.23,152700,16.23,AMRI
Fri May 30 2014 00:00:00 GMT+0800 (China Standard Time),16.27,16.35,15.65,15.79,481200,15.79,AMRI
Mon Jun 02 2014 00:00:00 GMT+0800 (China Standard Time),16.26,16.969999,15.93,16.84,741300,16.84,AMRI
Tue Jun 03 2014 00:00:00 GMT+0800 (China Standard Time),16.66,17.629999,16.450001,17.280001,654400,17.280001,AMRI
Wed Jun 04 2014 00:00:00 GMT+0800 (China Standard Time),17.219999,17.290001,17.030001,17.059999,298000,17.059999,AMRI
Thu Jun 05 2014 00:00:00 GMT+0800 (China Standard Time),17.110001,17.450001,16.799999,17.24,315500,17.24,AMRI
Fri Jun 06 2014 00:00:00 GMT+0800 (China Standard Time),17.299999,17.440001,17,17.209999,332700,17.209999,AMRI
Mon Jun 09 2014 00:00:00 GMT+0800 (China Standard Time),17.27,17.809999,17.120001,17.58,237200,17.58,AMRI
Tue Jun 10 2014 00:00:00 GMT+0800 (China Standard Time),17.440001,17.57,17.16,17.440001,120400,17.440001,AMRI
Wed Jun 11 2014 00:00:00 GMT+0800 (China Standard Time),17.690001,18.76,17.690001,18.67,1058000,18.67,AMRI
Thu Jun 12 2014 00:00:00 GMT+0800 (China Standard Time),18.610001,18.76,18.27,18.690001,406700,18.690001,AMRI
Fri Jun 13 2014 00:00:00 GMT+0800 (China Standard Time),18.790001,18.99,18.299999,18.58,197300,18.58,AMRI
Mon Jun 16 2014 00:00:00 GMT+0800 (China Standard Time),18.99,19.25,18.6,18.950001,435400,18.950001,AMRI
Tue Jun 17 2014 00:00:00 GMT+0800 (China Standard Time),18.889999,20.120001,18.82,19.41,1010100,19.41,AMRI
Wed Jun 18 2014 00:00:00 GMT+0800 (China Standard Time),19.5,20.049999,19.389999,19.51,915700,19.51,AMRI
Thu Jun 19 2014 00:00:00 GMT+0800 (China Standard Time),19.59,19.99,19.280001,19.389999,276900,19.389999,AMRI
Fri Jun 20 2014 00:00:00 GMT+0800 (China Standard Time),19.530001,19.85,19.530001,19.83,423900,19.83,AMRI
Mon Jun 23 2014 00:00:00 GMT+0800 (China Standard Time),20,20.450001,19.559999,19.790001,586700,19.790001,AMRI
Tue Jun 24 2014 00:00:00 GMT+0800 (China Standard Time),19.84,20.15,19.6,19.620001,304100,19.620001,AMRI
Wed Jun 25 2014 00:00:00 GMT+0800 (China Standard Time),19.6,20.08,19.6,19.889999,311300,19.889999,AMRI
Thu Jun 26 2014 00:00:00 GMT+0800 (China Standard Time),19.85,20,19.4,19.49,355900,19.49,AMRI
Fri Jun 27 2014 00:00:00 GMT+0800 (China Standard Time),19.34,19.809999,19.299999,19.77,539100,19.77,AMRI
Mon Jun 30 2014 00:00:00 GMT+0800 (China Standard Time),19.790001,20.309999,19.780001,20.120001,604800,20.120001,AMRI
Tue Jul 01 2014 00:00:00 GMT+0800 (China Standard Time),20.26,21.5,20.139999,21.280001,1594700,21.280001,AMRI
Wed Jul 02 2014 00:00:00 GMT+0800 (China Standard Time),21.34,22.299999,21.280001,21.58,1244000,21.58,AMRI
Thu Jul 03 2014 00:00:00 GMT+0800 (China Standard Time),21.67,21.940001,21.65,21.82,166000,21.82,AMRI
Mon Jul 07 2014 00:00:00 GMT+0800 (China Standard Time),22,22.18,21.16,21.5,546500,21.5,AMRI
Tue Jul 08 2014 00:00:00 GMT+0800 (China Standard Time),21.389999,21.73,20.68,21.26,1623000,21.26,AMRI
Wed Jul 09 2014 00:00:00 GMT+0800 (China Standard Time),21.360001,21.459999,20.73,21.209999,361800,21.209999,AMRI
Thu Jul 10 2014 00:00:00 GMT+0800 (China Standard Time),20.84,21.129999,20.42,21.02,340700,21.02,AMRI
Fri Jul 11 2014 00:00:00 GMT+0800 (China Standard Time),21.209999,21.469999,20.950001,21,339400,21,AMRI
Mon Jul 14 2014 00:00:00 GMT+0800 (China Standard Time),21.23,21.48,20.969999,21.25,242900,21.25,AMRI
Tue Jul 15 2014 00:00:00 GMT+0800 (China Standard Time),21.27,21.49,20.49,20.6,286600,20.6,AMRI
Wed Jul 16 2014 00:00:00 GMT+0800 (China Standard Time),20.700001,20.870001,20.379999,20.57,316400,20.57,AMRI
Thu Jul 17 2014 00:00:00 GMT+0800 (China Standard Time),20.43,20.540001,19.549999,19.65,617100,19.65,AMRI
Fri Jul 18 2014 00:00:00 GMT+0800 (China Standard Time),19.68,20.059999,19.5,20.01,306800,20.01,AMRI
Mon Jul 21 2014 00:00:00 GMT+0800 (China Standard Time),19.77,20.1,19.51,19.870001,221500,19.870001,AMRI
Tue Jul 22 2014 00:00:00 GMT+0800 (China Standard Time),19.93,20.709999,19.58,20.389999,325200,20.389999,AMRI
Wed Jul 23 2014 00:00:00 GMT+0800 (China Standard Time),20.68,20.879999,20.1,20.24,280000,20.24,AMRI
Thu Jul 24 2014 00:00:00 GMT+0800 (China Standard Time),20.299999,20.299999,19.799999,20.02,674800,20.02,AMRI
Fri Jul 25 2014 00:00:00 GMT+0800 (China Standard Time),19.93,20.18,19.65,20.030001,188200,20.030001,AMRI
Mon Jul 28 2014 00:00:00 GMT+0800 (China Standard Time),20.040001,20.049999,19.370001,19.51,283200,19.51,AMRI
Tue Jul 29 2014 00:00:00 GMT+0800 (China Standard Time),19.559999,19.709999,19,19.360001,235200,19.360001,AMRI
Wed Jul 30 2014 00:00:00 GMT+0800 (China Standard Time),19.629999,19.879999,19.219999,19.370001,166900,19.370001,AMRI
Thu Jul 31 2014 00:00:00 GMT+0800 (China Standard Time),19.24,19.290001,18.43,19.040001,477100,19.040001,AMRI
Fri Aug 01 2014 00:00:00 GMT+0800 (China Standard Time),19.030001,19.030001,18.440001,18.700001,252500,18.700001,AMRI
Mon Aug 04 2014 00:00:00 GMT+0800 (China Standard Time),18.82,18.959999,18.16,18.790001,321000,18.790001,AMRI
Tue Aug 05 2014 00:00:00 GMT+0800 (China Standard Time),19.42,20.68,19.190001,20.290001,558400,20.290001,AMRI
Wed Aug 06 2014 00:00:00 GMT+0800 (China Standard Time),20.030001,20.219999,19.5,19.85,385300,19.85,AMRI
Thu Aug 07 2014 00:00:00 GMT+0800 (China Standard Time),19.82,20.01,19.24,19.33,219800,19.33,AMRI
Fri Aug 08 2014 00:00:00 GMT+0800 (China Standard Time),19.27,19.27,18.82,19.02,202700,19.02,AMRI
Mon Aug 11 2014 00:00:00 GMT+0800 (China Standard Time),19.139999,19.139999,18.809999,19.040001,219200,19.040001,AMRI
Tue Aug 12 2014 00:00:00 GMT+0800 (China Standard Time),19.02,19.209999,18.85,19.120001,270600,19.120001,AMRI
Wed Aug 13 2014 00:00:00 GMT+0800 (China Standard Time),19.18,19.379999,19,19.360001,196700,19.360001,AMRI
Thu Aug 14 2014 00:00:00 GMT+0800 (China Standard Time),19.02,20.209999,19.02,20.139999,492800,20.139999,AMRI
Fri Aug 15 2014 00:00:00 GMT+0800 (China Standard Time),20.32,20.559999,19.879999,20,250000,20,AMRI
Mon Aug 18 2014 00:00:00 GMT+0800 (China Standard Time),20.139999,20.27,19.92,20.09,118500,20.09,AMRI
Tue Aug 19 2014 00:00:00 GMT+0800 (China Standard Time),20.049999,20.4,19.92,20.24,137700,20.24,AMRI
Wed Aug 20 2014 00:00:00 GMT+0800 (China Standard Time),20.120001,20.440001,19.549999,20.07,224900,20.07,AMRI
Thu Aug 21 2014 00:00:00 GMT+0800 (China Standard Time),20.07,20.18,19.360001,19.57,387500,19.57,AMRI
Fri Aug 22 2014 00:00:00 GMT+0800 (China Standard Time),19.6,19.68,19.07,19.65,211200,19.65,AMRI
Mon Aug 25 2014 00:00:00 GMT+0800 (China Standard Time),19.709999,20,19.469999,19.629999,135100,19.629999,AMRI
Tue Aug 26 2014 00:00:00 GMT+0800 (China Standard Time),19.610001,20.1,19.57,19.959999,143200,19.959999,AMRI
Wed Aug 27 2014 00:00:00 GMT+0800 (China Standard Time),20.08,20.129999,19.48,19.870001,119800,19.870001,AMRI
Thu Aug 28 2014 00:00:00 GMT+0800 (China Standard Time),19.85,20.049999,19.52,19.809999,146800,19.809999,AMRI
Fri Aug 29 2014 00:00:00 GMT+0800 (China Standard Time),19.9,19.9,19.5,19.799999,146000,19.799999,AMRI
Tue Sep 02 2014 00:00:00 GMT+0800 (China Standard Time),19.940001,20,19.059999,19.309999,534900,19.309999,AMRI
Wed Sep 03 2014 00:00:00 GMT+0800 (China Standard Time),19.34,19.35,18.9,19.33,335400,19.33,AMRI
Thu Sep 04 2014 00:00:00 GMT+0800 (China Standard Time),19.32,19.709999,19.07,19.139999,159200,19.139999,AMRI
Fri Sep 05 2014 00:00:00 GMT+0800 (China Standard Time),19.08,19.5,19,19.469999,145300,19.469999,AMRI
Mon Sep 08 2014 00:00:00 GMT+0800 (China Standard Time),19.459999,20.23,19.219999,20.139999,299800,20.139999,AMRI
Tue Sep 09 2014 00:00:00 GMT+0800 (China Standard Time),20.49,20.66,19.959999,20.129999,630800,20.129999,AMRI
Wed Sep 10 2014 00:00:00 GMT+0800 (China Standard Time),20.110001,20.26,19.860001,20.18,219600,20.18,AMRI
Thu Sep 11 2014 00:00:00 GMT+0800 (China Standard Time),20.07,22.059999,20,21.870001,803200,21.870001,AMRI
Fri Sep 12 2014 00:00:00 GMT+0800 (China Standard Time),21.74,21.870001,21.4,21.83,363800,21.83,AMRI
Mon Sep 15 2014 00:00:00 GMT+0800 (China Standard Time),21.870001,22.27,21.42,21.719999,324800,21.719999,AMRI
Tue Sep 16 2014 00:00:00 GMT+0800 (China Standard Time),21.709999,22,21.450001,21.959999,294400,21.959999,AMRI
Wed Sep 17 2014 00:00:00 GMT+0800 (China Standard Time),22.01,22.9,21.860001,22.76,482400,22.76,AMRI
Thu Sep 18 2014 00:00:00 GMT+0800 (China Standard Time),22.780001,23.309999,22.6,22.889999,391300,22.889999,AMRI
Fri Sep 19 2014 00:00:00 GMT+0800 (China Standard Time),23.1,23.110001,21.809999,22.18,886900,22.18,AMRI
Mon Sep 22 2014 00:00:00 GMT+0800 (China Standard Time),22.139999,22.139999,21.5,21.85,226000,21.85,AMRI
Tue Sep 23 2014 00:00:00 GMT+0800 (China Standard Time),21.700001,21.950001,21.459999,21.77,220400,21.77,AMRI
Wed Sep 24 2014 00:00:00 GMT+0800 (China Standard Time),21.82,22.620001,21.719999,22.549999,248800,22.549999,AMRI
Thu Sep 25 2014 00:00:00 GMT+0800 (China Standard Time),22.57,22.75,21.93,22.17,215000,22.17,AMRI
Fri Sep 26 2014 00:00:00 GMT+0800 (China Standard Time),22.299999,22.389999,22.030001,22.17,168800,22.17,AMRI
Mon Sep 29 2014 00:00:00 GMT+0800 (China Standard Time),21.790001,22.1,21.790001,22.1,148400,22.1,AMRI
Tue Sep 30 2014 00:00:00 GMT+0800 (China Standard Time),22.1,22.389999,22,22.07,294400,22.07,AMRI
Wed Oct 01 2014 00:00:00 GMT+0800 (China Standard Time),22.129999,22.129999,21.4,21.870001,309400,21.870001,AMRI
Thu Oct 02 2014 00:00:00 GMT+0800 (China Standard Time),21.82,22.360001,21.4,21.75,227700,21.75,AMRI
Fri Oct 03 2014 00:00:00 GMT+0800 (China Standard Time),22.02,22.860001,21.83,22.540001,234100,22.540001,AMRI
Mon Oct 06 2014 00:00:00 GMT+0800 (China Standard Time),22.540001,22.889999,22.200001,22.530001,238100,22.530001,AMRI
Tue Oct 07 2014 00:00:00 GMT+0800 (China Standard Time),22.43,22.620001,22.030001,22.07,275000,22.07,AMRI
Wed Oct 08 2014 00:00:00 GMT+0800 (China Standard Time),22.049999,22.24,21.4,22.09,355100,22.09,AMRI
Thu Oct 09 2014 00:00:00 GMT+0800 (China Standard Time),22.08,22.370001,21.43,21.48,345600,21.48,AMRI
Fri Oct 10 2014 00:00:00 GMT+0800 (China Standard Time),21.42,22.219999,21.200001,21.549999,338300,21.549999,AMRI
Mon Oct 13 2014 00:00:00 GMT+0800 (China Standard Time),21.450001,22.15,20.860001,20.950001,377600,20.950001,AMRI
Tue Oct 14 2014 00:00:00 GMT+0800 (China Standard Time),21.08,21.42,20.42,20.719999,382700,20.719999,AMRI
Wed Oct 15 2014 00:00:00 GMT+0800 (China Standard Time),20.469999,21.07,19.809999,21.01,299500,21.01,AMRI
Thu Oct 16 2014 00:00:00 GMT+0800 (China Standard Time),20.73,21.780001,20.57,21.559999,402500,21.559999,AMRI
Fri Oct 17 2014 00:00:00 GMT+0800 (China Standard Time),21.85,21.860001,21.120001,21.549999,590300,21.549999,AMRI
Mon Oct 20 2014 00:00:00 GMT+0800 (China Standard Time),21.58,21.98,21.57,21.860001,339400,21.860001,AMRI
Tue Oct 21 2014 00:00:00 GMT+0800 (China Standard Time),21.969999,22.52,21.780001,22.450001,166600,22.450001,AMRI
Wed Oct 22 2014 00:00:00 GMT+0800 (China Standard Time),22.559999,23.18,22.120001,22.209999,264300,22.209999,AMRI
Thu Oct 23 2014 00:00:00 GMT+0800 (China Standard Time),22.360001,22.969999,22.360001,22.65,227800,22.65,AMRI
Fri Oct 24 2014 00:00:00 GMT+0800 (China Standard Time),22.82,23.559999,22.82,22.99,329700,22.99,AMRI
Mon Oct 27 2014 00:00:00 GMT+0800 (China Standard Time),22.98,23.360001,22.549999,22.84,184200,22.84,AMRI
Tue Oct 28 2014 00:00:00 GMT+0800 (China Standard Time),23.07,23.360001,22.65,22.73,360100,22.73,AMRI
Wed Oct 29 2014 00:00:00 GMT+0800 (China Standard Time),22.620001,23.440001,22.549999,22.9,425000,22.9,AMRI
Thu Oct 30 2014 00:00:00 GMT+0800 (China Standard Time),22.940001,23,22.379999,22.73,240300,22.73,AMRI
Fri Oct 31 2014 00:00:00 GMT+0800 (China Standard Time),23.280001,23.84,22.559999,23.26,574200,23.26,AMRI
Mon Nov 03 2014 00:00:00 GMT+0800 (China Standard Time),23.290001,23.950001,22.5,22.889999,498700,22.889999,AMRI
Tue Nov 04 2014 00:00:00 GMT+0800 (China Standard Time),22.709999,22.950001,22.440001,22.67,318700,22.67,AMRI
Wed Nov 05 2014 00:00:00 GMT+0800 (China Standard Time),18.91,18.91,16.4,16.59,4427700,16.59,AMRI
Thu Nov 06 2014 00:00:00 GMT+0800 (China Standard Time),16.1,16.51,14.83,16.09,1778800,16.09,AMRI
Fri Nov 07 2014 00:00:00 GMT+0800 (China Standard Time),15.9,16.879999,15.41,16.84,1027200,16.84,AMRI
Mon Nov 10 2014 00:00:00 GMT+0800 (China Standard Time),16.77,17.360001,16.450001,17.1,1264800,17.1,AMRI
Tue Nov 11 2014 00:00:00 GMT+0800 (China Standard Time),17.57,18.08,17.27,17.549999,801100,17.549999,AMRI
Wed Nov 12 2014 00:00:00 GMT+0800 (China Standard Time),17.34,17.360001,16.76,16.83,544400,16.83,AMRI
Thu Nov 13 2014 00:00:00 GMT+0800 (China Standard Time),16.68,16.940001,16.42,16.709999,443700,16.709999,AMRI
Fri Nov 14 2014 00:00:00 GMT+0800 (China Standard Time),16.620001,16.620001,16.030001,16.129999,394500,16.129999,AMRI
Mon Nov 17 2014 00:00:00 GMT+0800 (China Standard Time),16.049999,16.209999,15.84,15.9,856100,15.9,AMRI
Tue Nov 18 2014 00:00:00 GMT+0800 (China Standard Time),15.91,16.360001,15.91,16.24,319000,16.24,AMRI
Wed Nov 19 2014 00:00:00 GMT+0800 (China Standard Time),16.200001,16.290001,15.65,16.24,675400,16.24,AMRI
Thu Nov 20 2014 00:00:00 GMT+0800 (China Standard Time),16.129999,16.68,15.96,16.35,548800,16.35,AMRI
Fri Nov 21 2014 00:00:00 GMT+0800 (China Standard Time),16.49,16.49,15.63,15.69,529400,15.69,AMRI
Mon Nov 24 2014 00:00:00 GMT+0800 (China Standard Time),15.7,16.01,15.66,15.79,579200,15.79,AMRI
Tue Nov 25 2014 00:00:00 GMT+0800 (China Standard Time),15.78,15.99,15.33,15.5,387700,15.5,AMRI
Wed Nov 26 2014 00:00:00 GMT+0800 (China Standard Time),15.56,15.9,15.48,15.85,287200,15.85,AMRI
Fri Nov 28 2014 00:00:00 GMT+0800 (China Standard Time),15.84,16.309999,15.52,16.27,265100,16.27,AMRI
Mon Dec 01 2014 00:00:00 GMT+0800 (China Standard Time),16.18,16.24,15.34,15.46,384300,15.46,AMRI
Tue Dec 02 2014 00:00:00 GMT+0800 (China Standard Time),15.5,15.96,15.31,15.86,341900,15.86,AMRI
Wed Dec 03 2014 00:00:00 GMT+0800 (China Standard Time),15.9,16.02,15.7,15.87,218300,15.87,AMRI
Thu Dec 04 2014 00:00:00 GMT+0800 (China Standard Time),15.9,16.02,15.63,15.77,232700,15.77,AMRI
Fri Dec 05 2014 00:00:00 GMT+0800 (China Standard Time),15.8,16.25,15.79,16.209999,330600,16.209999,AMRI
Mon Dec 08 2014 00:00:00 GMT+0800 (China Standard Time),16.18,16.59,16,16.18,459400,16.18,AMRI
Tue Dec 09 2014 00:00:00 GMT+0800 (China Standard Time),16,16.76,15.6,16.67,430400,16.67,AMRI
Wed Dec 10 2014 00:00:00 GMT+0800 (China Standard Time),16.6,16.76,15.86,16.110001,590400,16.110001,AMRI
Thu Dec 11 2014 00:00:00 GMT+0800 (China Standard Time),16.24,16.4,15.94,15.98,318800,15.98,AMRI
Fri Dec 12 2014 00:00:00 GMT+0800 (China Standard Time),15.91,16.370001,15.75,15.84,624200,15.84,AMRI
Mon Dec 15 2014 00:00:00 GMT+0800 (China Standard Time),15.89,15.95,14.51,14.94,1074100,14.94,AMRI
Tue Dec 16 2014 00:00:00 GMT+0800 (China Standard Time),14.85,14.96,13.97,14.19,1028500,14.19,AMRI
Wed Dec 17 2014 00:00:00 GMT+0800 (China Standard Time),14.15,14.85,13.73,14.79,1070200,14.79,AMRI
Thu Dec 18 2014 00:00:00 GMT+0800 (China Standard Time),15,15.16,14.55,15.04,549000,15.04,AMRI
Fri Dec 19 2014 00:00:00 GMT+0800 (China Standard Time),15.1,15.13,14.73,14.89,743900,14.89,AMRI
Mon Dec 22 2014 00:00:00 GMT+0800 (China Standard Time),14.83,15.54,14.44,15.42,379800,15.42,AMRI
Tue Dec 23 2014 00:00:00 GMT+0800 (China Standard Time),15.45,15.45,14.97,15.14,344700,15.14,AMRI
Wed Dec 24 2014 00:00:00 GMT+0800 (China Standard Time),15.11,15.58,15.11,15.19,124300,15.19,AMRI
Fri Dec 26 2014 00:00:00 GMT+0800 (China Standard Time),15.32,15.81,15.2,15.63,248700,15.63,AMRI
Mon Dec 29 2014 00:00:00 GMT+0800 (China Standard Time),15.69,15.78,15.53,15.7,275600,15.7,AMRI
Tue Dec 30 2014 00:00:00 GMT+0800 (China Standard Time),15.62,15.97,15.45,15.87,277700,15.87,AMRI
Wed Dec 31 2014 00:00:00 GMT+0800 (China Standard Time),15.88,16.469999,15.73,16.280001,1006500,16.280001,AMRI
Fri Jan 02 2015 00:00:00 GMT+0800 (China Standard Time),16.440001,16.559999,15.53,15.69,371700,15.69,AMRI
Mon Jan 05 2015 00:00:00 GMT+0800 (China Standard Time),15.6,15.96,14.95,15.07,512100,15.07,AMRI
Tue Jan 06 2015 00:00:00 GMT+0800 (China Standard Time),15.08,15.34,14.34,15.28,885500,15.28,AMRI
Wed Jan 07 2015 00:00:00 GMT+0800 (China Standard Time),15.3,16.030001,15.09,16,705900,16,AMRI
Thu Jan 08 2015 00:00:00 GMT+0800 (China Standard Time),16.120001,16.25,15.7,15.7,828700,15.7,AMRI
Fri Jan 09 2015 00:00:00 GMT+0800 (China Standard Time),15.83,16.57,15.83,16.35,745400,16.35,AMRI
Mon Jan 12 2015 00:00:00 GMT+0800 (China Standard Time),16.58,16.82,16.290001,16.629999,542800,16.629999,AMRI
Tue Jan 13 2015 00:00:00 GMT+0800 (China Standard Time),16.84,17.280001,16.5,17.16,1755600,17.16,AMRI
Wed Jan 14 2015 00:00:00 GMT+0800 (China Standard Time),16.860001,17.33,16.620001,17.26,1912100,17.26,AMRI
Thu Jan 15 2015 00:00:00 GMT+0800 (China Standard Time),17.450001,17.549999,17,17.1,903200,17.1,AMRI
Fri Jan 16 2015 00:00:00 GMT+0800 (China Standard Time),17.200001,17.33,16.66,17,455200,17,AMRI
Tue Jan 20 2015 00:00:00 GMT+0800 (China Standard Time),17.040001,17.129999,16.219999,16.67,325200,16.67,AMRI
Wed Jan 21 2015 00:00:00 GMT+0800 (China Standard Time),16.639999,16.82,16.34,16.48,357500,16.48,AMRI
Thu Jan 22 2015 00:00:00 GMT+0800 (China Standard Time),16.549999,16.549999,16.120001,16.290001,356600,16.290001,AMRI
Fri Jan 23 2015 00:00:00 GMT+0800 (China Standard Time),16.24,16.35,15.83,16.09,439200,16.09,AMRI
Mon Jan 26 2015 00:00:00 GMT+0800 (China Standard Time),16.139999,16.74,16.02,16.49,241100,16.49,AMRI
Tue Jan 27 2015 00:00:00 GMT+0800 (China Standard Time),16.27,16.549999,16.07,16.219999,139000,16.219999,AMRI
Wed Jan 28 2015 00:00:00 GMT+0800 (China Standard Time),16.35,16.43,16.15,16.24,250900,16.24,AMRI
Thu Jan 29 2015 00:00:00 GMT+0800 (China Standard Time),16.26,16.860001,16.1,16.799999,388400,16.799999,AMRI
Fri Jan 30 2015 00:00:00 GMT+0800 (China Standard Time),16.67,16.780001,16.209999,16.33,363200,16.33,AMRI
Mon Feb 02 2015 00:00:00 GMT+0800 (China Standard Time),16.4,16.73,16.040001,16.34,440900,16.34,AMRI
Tue Feb 03 2015 00:00:00 GMT+0800 (China Standard Time),16.35,16.43,15.76,16.370001,238700,16.370001,AMRI
Wed Feb 04 2015 00:00:00 GMT+0800 (China Standard Time),16.35,16.35,16.01,16.200001,365500,16.200001,AMRI
Thu Feb 05 2015 00:00:00 GMT+0800 (China Standard Time),16.32,17.040001,16.27,16.870001,306400,16.870001,AMRI
Fri Feb 06 2015 00:00:00 GMT+0800 (China Standard Time),16.91,17.18,16.68,16.76,244900,16.76,AMRI
Mon Feb 09 2015 00:00:00 GMT+0800 (China Standard Time),16.700001,17.200001,16.559999,16.99,771000,16.99,AMRI
Tue Feb 10 2015 00:00:00 GMT+0800 (China Standard Time),17,17.120001,16.629999,16.83,212700,16.83,AMRI
Wed Feb 11 2015 00:00:00 GMT+0800 (China Standard Time),16.719999,17.34,16.690001,17,1380800,17,AMRI
Thu Feb 12 2015 00:00:00 GMT+0800 (China Standard Time),16.26,17.49,16.07,17.219999,1040700,17.219999,AMRI
Fri Feb 13 2015 00:00:00 GMT+0800 (China Standard Time),17.360001,17.360001,16.77,16.940001,798700,16.940001,AMRI
Tue Feb 17 2015 00:00:00 GMT+0800 (China Standard Time),16.85,17,16.35,16.700001,279300,16.700001,AMRI
Wed Feb 18 2015 00:00:00 GMT+0800 (China Standard Time),16.66,16.719999,16.379999,16.540001,407700,16.540001,AMRI
Thu Feb 19 2015 00:00:00 GMT+0800 (China Standard Time),16.5,16.549999,16.4,16.450001,217000,16.450001,AMRI
Fri Feb 20 2015 00:00:00 GMT+0800 (China Standard Time),16.48,16.51,16.139999,16.27,343000,16.27,AMRI
Mon Feb 23 2015 00:00:00 GMT+0800 (China Standard Time),16.219999,16.41,16.09,16.200001,321400,16.200001,AMRI
Tue Feb 24 2015 00:00:00 GMT+0800 (China Standard Time),16.200001,16.200001,15.91,16.18,318800,16.18,AMRI
Wed Feb 25 2015 00:00:00 GMT+0800 (China Standard Time),16.15,16.34,16.07,16.18,214800,16.18,AMRI
Thu Feb 26 2015 00:00:00 GMT+0800 (China Standard Time),16.139999,16.32,16.02,16.17,318700,16.17,AMRI
Fri Feb 27 2015 00:00:00 GMT+0800 (China Standard Time),16.18,16.43,16.030001,16.219999,268700,16.219999,AMRI
Mon Mar 02 2015 00:00:00 GMT+0800 (China Standard Time),16.18,17.110001,16.18,17.049999,913600,17.049999,AMRI
Tue Mar 03 2015 00:00:00 GMT+0800 (China Standard Time),17.08,17.389999,17.08,17.190001,687500,17.190001,AMRI
Wed Mar 04 2015 00:00:00 GMT+0800 (China Standard Time),17.07,17.43,16.84,17.200001,192200,17.200001,AMRI
Thu Mar 05 2015 00:00:00 GMT+0800 (China Standard Time),17.34,17.99,17.24,17.77,400500,17.77,AMRI
Fri Mar 06 2015 00:00:00 GMT+0800 (China Standard Time),17.709999,17.709999,17.09,17.450001,685800,17.450001,AMRI
Mon Mar 09 2015 00:00:00 GMT+0800 (China Standard Time),17.790001,18.09,17.469999,17.860001,334500,17.860001,AMRI
Tue Mar 10 2015 00:00:00 GMT+0800 (China Standard Time),17.559999,18.059999,17.52,17.969999,307700,17.969999,AMRI
Wed Mar 11 2015 00:00:00 GMT+0800 (China Standard Time),18.08,18.440001,17.610001,18.34,470700,18.34,AMRI
Thu Mar 12 2015 00:00:00 GMT+0800 (China Standard Time),18.5,19.35,18.17,19.08,851400,19.08,AMRI
Fri Mar 13 2015 00:00:00 GMT+0800 (China Standard Time),19.030001,19.110001,18.27,18.85,513900,18.85,AMRI
Mon Mar 16 2015 00:00:00 GMT+0800 (China Standard Time),19.08,19.15,18.85,19,350000,19,AMRI
Tue Mar 17 2015 00:00:00 GMT+0800 (China Standard Time),18.790001,18.92,18.5,18.629999,572900,18.629999,AMRI
Wed Mar 18 2015 00:00:00 GMT+0800 (China Standard Time),18.610001,18.99,18.290001,18.639999,513200,18.639999,AMRI
Thu Mar 19 2015 00:00:00 GMT+0800 (China Standard Time),18.629999,18.969999,18.41,18.940001,252000,18.940001,AMRI
Fri Mar 20 2015 00:00:00 GMT+0800 (China Standard Time),19.02,19.16,18.76,18.799999,468100,18.799999,AMRI
Mon Mar 23 2015 00:00:00 GMT+0800 (China Standard Time),18.67,19.23,18.49,19.040001,407700,19.040001,AMRI
Tue Mar 24 2015 00:00:00 GMT+0800 (China Standard Time),19.01,19.34,18.469999,18.5,360800,18.5,AMRI
Wed Mar 25 2015 00:00:00 GMT+0800 (China Standard Time),18.469999,18.58,17.549999,17.629999,495600,17.629999,AMRI
Thu Mar 26 2015 00:00:00 GMT+0800 (China Standard Time),17.5,17.65,17.139999,17.42,368600,17.42,AMRI
Fri Mar 27 2015 00:00:00 GMT+0800 (China Standard Time),17.459999,17.959999,17.42,17.559999,335100,17.559999,AMRI
Mon Mar 30 2015 00:00:00 GMT+0800 (China Standard Time),17.700001,17.85,17.450001,17.549999,274100,17.549999,AMRI
Tue Mar 31 2015 00:00:00 GMT+0800 (China Standard Time),17.4,17.639999,17.299999,17.6,399500,17.6,AMRI
Wed Apr 01 2015 00:00:00 GMT+0800 (China Standard Time),17.620001,17.73,16.959999,17.719999,503000,17.719999,AMRI
Thu Apr 02 2015 00:00:00 GMT+0800 (China Standard Time),17.790001,18.040001,17.450001,17.719999,699100,17.719999,AMRI
Mon Apr 06 2015 00:00:00 GMT+0800 (China Standard Time),17.6,18.040001,17.59,17.91,417100,17.91,AMRI
Tue Apr 07 2015 00:00:00 GMT+0800 (China Standard Time),18,18.59,17.91,18.17,447800,18.17,AMRI
Wed Apr 08 2015 00:00:00 GMT+0800 (China Standard Time),18.25,18.9,18.09,18.66,393600,18.66,AMRI
Thu Apr 09 2015 00:00:00 GMT+0800 (China Standard Time),18.629999,18.790001,18.32,18.59,386400,18.59,AMRI
Fri Apr 10 2015 00:00:00 GMT+0800 (China Standard Time),18.57,18.93,18.27,18.5,411200,18.5,AMRI
Mon Apr 13 2015 00:00:00 GMT+0800 (China Standard Time),18.52,19.01,18.49,18.68,247300,18.68,AMRI
Tue Apr 14 2015 00:00:00 GMT+0800 (China Standard Time),18.65,18.809999,18.27,18.469999,338000,18.469999,AMRI
Wed Apr 15 2015 00:00:00 GMT+0800 (China Standard Time),18.49,18.860001,18.4,18.77,363600,18.77,AMRI
Thu Apr 16 2015 00:00:00 GMT+0800 (China Standard Time),18.65,19.549999,18.540001,19.1,543500,19.1,AMRI
Fri Apr 17 2015 00:00:00 GMT+0800 (China Standard Time),18.950001,18.950001,18.459999,18.790001,502100,18.790001,AMRI
Mon Apr 20 2015 00:00:00 GMT+0800 (China Standard Time),18.85,19.040001,18.6,18.76,219400,18.76,AMRI
Tue Apr 21 2015 00:00:00 GMT+0800 (China Standard Time),18.99,19.190001,18.389999,18.67,286500,18.67,AMRI
Wed Apr 22 2015 00:00:00 GMT+0800 (China Standard Time),18.620001,18.889999,18.379999,18.48,391900,18.48,AMRI
Thu Apr 23 2015 00:00:00 GMT+0800 (China Standard Time),18.360001,19.08,18.35,19.040001,397200,19.040001,AMRI
Fri Apr 24 2015 00:00:00 GMT+0800 (China Standard Time),19.1,19.370001,18.940001,19.08,314500,19.08,AMRI
Mon Apr 27 2015 00:00:00 GMT+0800 (China Standard Time),19.190001,19.33,18.620001,18.99,548800,18.99,AMRI
Tue Apr 28 2015 00:00:00 GMT+0800 (China Standard Time),18.940001,19.32,18.440001,18.77,504200,18.77,AMRI
Wed Apr 29 2015 00:00:00 GMT+0800 (China Standard Time),18.6,19.040001,18.190001,18.219999,483900,18.219999,AMRI
Thu Apr 30 2015 00:00:00 GMT+0800 (China Standard Time),18.09,18.25,17.52,18.059999,569700,18.059999,AMRI
Fri May 01 2015 00:00:00 GMT+0800 (China Standard Time),18.200001,18.25,17.540001,17.98,485700,17.98,AMRI
Mon May 04 2015 00:00:00 GMT+0800 (China Standard Time),17.92,18.74,17.92,18.629999,607000,18.629999,AMRI
Tue May 05 2015 00:00:00 GMT+0800 (China Standard Time),19.6,19.6,18.709999,18.969999,1391200,18.969999,AMRI
Wed May 06 2015 00:00:00 GMT+0800 (China Standard Time),18.940001,19.040001,18.27,18.51,936600,18.51,AMRI
Thu May 07 2015 00:00:00 GMT+0800 (China Standard Time),18.43,19.67,18.43,19.5,721100,19.5,AMRI
Fri May 08 2015 00:00:00 GMT+0800 (China Standard Time),19.48,19.620001,19.02,19.200001,614200,19.200001,AMRI
Mon May 11 2015 00:00:00 GMT+0800 (China Standard Time),19.190001,19.440001,18.92,18.950001,473100,18.950001,AMRI
Tue May 12 2015 00:00:00 GMT+0800 (China Standard Time),18.790001,19.200001,18.790001,19.139999,461400,19.139999,AMRI
Wed May 13 2015 00:00:00 GMT+0800 (China Standard Time),19.18,19.32,18.870001,19,229700,19,AMRI
Thu May 14 2015 00:00:00 GMT+0800 (China Standard Time),19.07,19.540001,18.83,19.43,220000,19.43,AMRI
Fri May 15 2015 00:00:00 GMT+0800 (China Standard Time),19.42,19.620001,19.209999,19.34,280300,19.34,AMRI
Mon May 18 2015 00:00:00 GMT+0800 (China Standard Time),19.26,19.879999,19.23,19.67,263000,19.67,AMRI
Tue May 19 2015 00:00:00 GMT+0800 (China Standard Time),19.610001,19.65,19.41,19.57,173000,19.57,AMRI
Wed May 20 2015 00:00:00 GMT+0800 (China Standard Time),19.57,19.92,19.42,19.790001,272100,19.790001,AMRI
Thu May 21 2015 00:00:00 GMT+0800 (China Standard Time),19.780001,20.35,19.59,19.74,585800,19.74,AMRI
Fri May 22 2015 00:00:00 GMT+0800 (China Standard Time),19.66,20.030001,19.66,19.77,237800,19.77,AMRI
Tue May 26 2015 00:00:00 GMT+0800 (China Standard Time),19.719999,19.84,19.540001,19.74,258800,19.74,AMRI
Wed May 27 2015 00:00:00 GMT+0800 (China Standard Time),19.719999,19.92,19.51,19.9,245200,19.9,AMRI
Thu May 28 2015 00:00:00 GMT+0800 (China Standard Time),19.889999,19.969999,19.48,19.709999,260500,19.709999,AMRI
Fri May 29 2015 00:00:00 GMT+0800 (China Standard Time),19.629999,20.219999,19.42,20.15,904600,20.15,AMRI
Mon Jun 01 2015 00:00:00 GMT+0800 (China Standard Time),20.25,20.35,19.25,19.629999,631400,19.629999,AMRI
Tue Jun 02 2015 00:00:00 GMT+0800 (China Standard Time),19.389999,20.030001,19.360001,19.969999,421900,19.969999,AMRI
Wed Jun 03 2015 00:00:00 GMT+0800 (China Standard Time),20.129999,20.34,19.610001,20.07,972600,20.07,AMRI
Thu Jun 04 2015 00:00:00 GMT+0800 (China Standard Time),19.92,20.16,19.540001,19.76,268100,19.76,AMRI
Fri Jun 05 2015 00:00:00 GMT+0800 (China Standard Time),19.690001,20.24,19.5,20.07,227800,20.07,AMRI
Mon Jun 08 2015 00:00:00 GMT+0800 (China Standard Time),19.99,20.379999,19.790001,20.129999,416200,20.129999,AMRI
Tue Jun 09 2015 00:00:00 GMT+0800 (China Standard Time),20.18,20.190001,19.290001,19.65,558100,19.65,AMRI
Wed Jun 10 2015 00:00:00 GMT+0800 (China Standard Time),19.77,20.02,19.379999,19.940001,396000,19.940001,AMRI
Thu Jun 11 2015 00:00:00 GMT+0800 (China Standard Time),19.959999,19.969999,19.450001,19.690001,241300,19.690001,AMRI
Fri Jun 12 2015 00:00:00 GMT+0800 (China Standard Time),19.73,19.950001,19.58,19.84,923700,19.84,AMRI
Mon Jun 15 2015 00:00:00 GMT+0800 (China Standard Time),19.690001,19.690001,19.27,19.450001,247400,19.450001,AMRI
Tue Jun 16 2015 00:00:00 GMT+0800 (China Standard Time),19.469999,19.75,19.370001,19.700001,192200,19.700001,AMRI
Wed Jun 17 2015 00:00:00 GMT+0800 (China Standard Time),19.82,19.93,19.639999,19.700001,298200,19.700001,AMRI
Thu Jun 18 2015 00:00:00 GMT+0800 (China Standard Time),19.809999,20.48,19.709999,20.129999,576000,20.129999,AMRI
Fri Jun 19 2015 00:00:00 GMT+0800 (China Standard Time),20.200001,20.32,19.82,19.99,275800,19.99,AMRI
Mon Jun 22 2015 00:00:00 GMT+0800 (China Standard Time),20.139999,20.290001,19.99,20.26,263500,20.26,AMRI
Tue Jun 23 2015 00:00:00 GMT+0800 (China Standard Time),20.35,20.870001,20.32,20.799999,276200,20.799999,AMRI
Wed Jun 24 2015 00:00:00 GMT+0800 (China Standard Time),20.83,21.120001,20.23,20.41,296100,20.41,AMRI
Thu Jun 25 2015 00:00:00 GMT+0800 (China Standard Time),20.559999,20.620001,20.040001,20.299999,200800,20.299999,AMRI
Fri Jun 26 2015 00:00:00 GMT+0800 (China Standard Time),20.41,20.58,20.15,20.389999,822700,20.389999,AMRI
Mon Jun 29 2015 00:00:00 GMT+0800 (China Standard Time),20.23,20.42,19.809999,19.82,190900,19.82,AMRI
Tue Jun 30 2015 00:00:00 GMT+0800 (China Standard Time),19.9,20.25,19.83,20.219999,195000,20.219999,AMRI
Wed Jul 01 2015 00:00:00 GMT+0800 (China Standard Time),20.389999,20.43,19.51,19.75,325000,19.75,AMRI
Thu Jul 02 2015 00:00:00 GMT+0800 (China Standard Time),19.83,20.09,19.77,19.92,295800,19.92,AMRI
Mon Jul 06 2015 00:00:00 GMT+0800 (China Standard Time),19.85,20.15,19.379999,19.799999,359200,19.799999,AMRI
Tue Jul 07 2015 00:00:00 GMT+0800 (China Standard Time),19.860001,19.860001,19.059999,19.540001,510200,19.540001,AMRI
Wed Jul 08 2015 00:00:00 GMT+0800 (China Standard Time),19.440001,19.74,19.209999,19.43,593300,19.43,AMRI
Thu Jul 09 2015 00:00:00 GMT+0800 (China Standard Time),19.530001,19.75,19.07,19.290001,469600,19.290001,AMRI
Fri Jul 10 2015 00:00:00 GMT+0800 (China Standard Time),19.629999,19.65,19.190001,19.530001,212900,19.530001,AMRI
Mon Jul 13 2015 00:00:00 GMT+0800 (China Standard Time),19.66,19.719999,19.360001,19.65,273800,19.65,AMRI
Tue Jul 14 2015 00:00:00 GMT+0800 (China Standard Time),19.719999,20.110001,19.719999,20,222500,20,AMRI
Wed Jul 15 2015 00:00:00 GMT+0800 (China Standard Time),20.059999,20.639999,19.959999,20.440001,1388100,20.440001,AMRI
Thu Jul 16 2015 00:00:00 GMT+0800 (China Standard Time),20.549999,21.620001,20.4,20.84,1879300,20.84,AMRI
Fri Jul 17 2015 00:00:00 GMT+0800 (China Standard Time),20.889999,21.110001,20.76,20.809999,324600,20.809999,AMRI
Mon Jul 20 2015 00:00:00 GMT+0800 (China Standard Time),21.030001,21.51,20.870001,21.290001,1010300,21.290001,AMRI
Tue Jul 21 2015 00:00:00 GMT+0800 (China Standard Time),21.24,21.41,20.92,21.27,415800,21.27,AMRI
Wed Jul 22 2015 00:00:00 GMT+0800 (China Standard Time),21.09,22.07,21,21.969999,583900,21.969999,AMRI
Thu Jul 23 2015 00:00:00 GMT+0800 (China Standard Time),22.059999,22.200001,21.530001,21.700001,277300,21.700001,AMRI
Fri Jul 24 2015 00:00:00 GMT+0800 (China Standard Time),21.549999,21.77,21.33,21.450001,624400,21.450001,AMRI
Mon Jul 27 2015 00:00:00 GMT+0800 (China Standard Time),21.26,21.26,20.780001,21,217200,21,AMRI
Tue Jul 28 2015 00:00:00 GMT+0800 (China Standard Time),20.98,21.450001,20.709999,21,472900,21,AMRI
Wed Jul 29 2015 00:00:00 GMT+0800 (China Standard Time),20.889999,21.01,20.690001,20.940001,446300,20.940001,AMRI
Thu Jul 30 2015 00:00:00 GMT+0800 (China Standard Time),20.879999,21.200001,20.459999,21.08,246800,21.08,AMRI
Fri Jul 31 2015 00:00:00 GMT+0800 (China Standard Time),21.110001,21.51,20.959999,21.139999,417400,21.139999,AMRI
Mon Aug 03 2015 00:00:00 GMT+0800 (China Standard Time),21.1,21.5,21.049999,21.309999,336100,21.309999,AMRI
Tue Aug 04 2015 00:00:00 GMT+0800 (China Standard Time),20.74,22.48,20.200001,22.01,493300,22.01,AMRI
Wed Aug 05 2015 00:00:00 GMT+0800 (China Standard Time),21.92,22.33,21.92,22.200001,377700,22.200001,AMRI
Thu Aug 06 2015 00:00:00 GMT+0800 (China Standard Time),22.309999,22.32,21.440001,21.48,296800,21.48,AMRI
Fri Aug 07 2015 00:00:00 GMT+0800 (China Standard Time),21.33,21.42,20.76,21,337500,21,AMRI
Mon Aug 10 2015 00:00:00 GMT+0800 (China Standard Time),21.110001,21.59,20.93,21.42,400700,21.42,AMRI
Tue Aug 11 2015 00:00:00 GMT+0800 (China Standard Time),21.35,21.65,20.99,21.290001,227000,21.290001,AMRI
Wed Aug 12 2015 00:00:00 GMT+0800 (China Standard Time),21.200001,21.43,20.639999,21.23,230700,21.23,AMRI
Thu Aug 13 2015 00:00:00 GMT+0800 (China Standard Time),21.18,21.49,20.690001,20.700001,505000,20.700001,AMRI
Fri Aug 14 2015 00:00:00 GMT+0800 (China Standard Time),20.73,21.190001,20.16,20.549999,309100,20.549999,AMRI
Mon Aug 17 2015 00:00:00 GMT+0800 (China Standard Time),20.469999,21,20.4,20.91,201700,20.91,AMRI
Tue Aug 18 2015 00:00:00 GMT+0800 (China Standard Time),20.91,20.92,20.530001,20.76,202600,20.76,AMRI
Wed Aug 19 2015 00:00:00 GMT+0800 (China Standard Time),20.559999,20.639999,20.16,20.5,308400,20.5,AMRI
Thu Aug 20 2015 00:00:00 GMT+0800 (China Standard Time),20.41,20.59,19.690001,19.959999,457300,19.959999,AMRI
Fri Aug 21 2015 00:00:00 GMT+0800 (China Standard Time),19.690001,20.129999,19.610001,19.73,340300,19.73,AMRI
Mon Aug 24 2015 00:00:00 GMT+0800 (China Standard Time),19.719999,19.719999,18.68,18.959999,685700,18.959999,AMRI
Tue Aug 25 2015 00:00:00 GMT+0800 (China Standard Time),19.48,19.65,19,19.23,372400,19.23,AMRI
Wed Aug 26 2015 00:00:00 GMT+0800 (China Standard Time),19.5,20.049999,19.08,20.02,731500,20.02,AMRI
Thu Aug 27 2015 00:00:00 GMT+0800 (China Standard Time),20.09,20.17,19.51,19.959999,306100,19.959999,AMRI
Fri Aug 28 2015 00:00:00 GMT+0800 (China Standard Time),19.809999,20.629999,19.74,20.6,240500,20.6,AMRI
Mon Aug 31 2015 00:00:00 GMT+0800 (China Standard Time),20.43,20.73,19.91,19.940001,190100,19.940001,AMRI
Tue Sep 01 2015 00:00:00 GMT+0800 (China Standard Time),19.610001,20.25,19.379999,19.6,340600,19.6,AMRI
Wed Sep 02 2015 00:00:00 GMT+0800 (China Standard Time),19.74,20.15,19.440001,20.01,177500,20.01,AMRI
Thu Sep 03 2015 00:00:00 GMT+0800 (China Standard Time),20.07,20.809999,19.9,19.99,256400,19.99,AMRI
Fri Sep 04 2015 00:00:00 GMT+0800 (China Standard Time),19.889999,20.200001,19.709999,19.98,130300,19.98,AMRI
Tue Sep 08 2015 00:00:00 GMT+0800 (China Standard Time),20.219999,20.85,19.99,20.65,320100,20.65,AMRI
Wed Sep 09 2015 00:00:00 GMT+0800 (China Standard Time),20.74,20.969999,20.42,20.469999,423700,20.469999,AMRI
Thu Sep 10 2015 00:00:00 GMT+0800 (China Standard Time),20.48,21.4,20.42,21.190001,399000,21.190001,AMRI
Fri Sep 11 2015 00:00:00 GMT+0800 (China Standard Time),21.120001,21.49,20.799999,21.280001,183200,21.280001,AMRI
Mon Sep 14 2015 00:00:00 GMT+0800 (China Standard Time),21.299999,21.299999,20.530001,21.08,196000,21.08,AMRI
Tue Sep 15 2015 00:00:00 GMT+0800 (China Standard Time),21.23,21.370001,20.76,21.209999,794700,21.209999,AMRI
Wed Sep 16 2015 00:00:00 GMT+0800 (China Standard Time),21.49,21.690001,20.790001,20.950001,464900,20.950001,AMRI
Thu Sep 17 2015 00:00:00 GMT+0800 (China Standard Time),20.879999,21.25,20.879999,21.08,671800,21.08,AMRI
Fri Sep 18 2015 00:00:00 GMT+0800 (China Standard Time),20.84,21.370001,20.84,20.99,672600,20.99,AMRI
Mon Sep 21 2015 00:00:00 GMT+0800 (China Standard Time),21.08,21.27,19.870001,20.07,477400,20.07,AMRI
Tue Sep 22 2015 00:00:00 GMT+0800 (China Standard Time),19.9,20.370001,19.610001,19.700001,318700,19.700001,AMRI
Wed Sep 23 2015 00:00:00 GMT+0800 (China Standard Time),19.83,19.889999,19.120001,19.65,364600,19.65,AMRI
Thu Sep 24 2015 00:00:00 GMT+0800 (China Standard Time),19.51,19.51,18.83,19.129999,367200,19.129999,AMRI
Fri Sep 25 2015 00:00:00 GMT+0800 (China Standard Time),19.219999,19.299999,17.98,18.35,498400,18.35,AMRI
Mon Sep 28 2015 00:00:00 GMT+0800 (China Standard Time),18.209999,18.25,17.290001,17.450001,621700,17.450001,AMRI
Tue Sep 29 2015 00:00:00 GMT+0800 (China Standard Time),17.459999,17.75,17,17.23,630200,17.23,AMRI
Wed Sep 30 2015 00:00:00 GMT+0800 (China Standard Time),17.48,17.74,17.02,17.42,304300,17.42,AMRI
Thu Oct 01 2015 00:00:00 GMT+0800 (China Standard Time),17.35,17.73,16.92,17.33,269700,17.33,AMRI
Fri Oct 02 2015 00:00:00 GMT+0800 (China Standard Time),17.18,17.860001,17.02,17.799999,236400,17.799999,AMRI
Mon Oct 05 2015 00:00:00 GMT+0800 (China Standard Time),17.809999,17.98,17.24,17.6,257400,17.6,AMRI
Tue Oct 06 2015 00:00:00 GMT+0800 (China Standard Time),17.51,18.059999,16.969999,17.08,194800,17.08,AMRI
Wed Oct 07 2015 00:00:00 GMT+0800 (China Standard Time),17.290001,17.540001,16.799999,17.209999,483400,17.209999,AMRI
Thu Oct 08 2015 00:00:00 GMT+0800 (China Standard Time),17.1,17.49,16.93,17.200001,662600,17.200001,AMRI
Fri Oct 09 2015 00:00:00 GMT+0800 (China Standard Time),17.18,17.469999,17.030001,17.280001,175800,17.280001,AMRI
Mon Oct 12 2015 00:00:00 GMT+0800 (China Standard Time),17.23,17.559999,16.959999,17.42,292600,17.42,AMRI
Tue Oct 13 2015 00:00:00 GMT+0800 (China Standard Time),17.27,17.76,17.139999,17.16,377800,17.16,AMRI
Wed Oct 14 2015 00:00:00 GMT+0800 (China Standard Time),17.25,17.85,17.049999,17.219999,242400,17.219999,AMRI
Thu Oct 15 2015 00:00:00 GMT+0800 (China Standard Time),17.18,17.93,17.120001,17.93,208600,17.93,AMRI
Fri Oct 16 2015 00:00:00 GMT+0800 (China Standard Time),17.9,18.01,17.379999,17.700001,275400,17.700001,AMRI
Mon Oct 19 2015 00:00:00 GMT+0800 (China Standard Time),17.52,18.360001,17.41,18.02,374300,18.02,AMRI
Tue Oct 20 2015 00:00:00 GMT+0800 (China Standard Time),17.91,18.27,17.43,17.57,514600,17.57,AMRI
Wed Oct 21 2015 00:00:00 GMT+0800 (China Standard Time),17.719999,17.959999,16.950001,17.360001,187000,17.360001,AMRI
Thu Oct 22 2015 00:00:00 GMT+0800 (China Standard Time),17.389999,17.52,16.75,17.190001,475500,17.190001,AMRI
Fri Oct 23 2015 00:00:00 GMT+0800 (China Standard Time),17.360001,17.6,17.190001,17.51,172800,17.51,AMRI
Mon Oct 26 2015 00:00:00 GMT+0800 (China Standard Time),18.120001,18.450001,17.83,17.91,421800,17.91,AMRI
Tue Oct 27 2015 00:00:00 GMT+0800 (China Standard Time),17.870001,18.280001,17.07,18.24,653400,18.24,AMRI
Wed Oct 28 2015 00:00:00 GMT+0800 (China Standard Time),18.26,18.940001,18.110001,18.799999,522100,18.799999,AMRI
Thu Oct 29 2015 00:00:00 GMT+0800 (China Standard Time),18.68,18.99,18.18,18.35,315200,18.35,AMRI
Fri Oct 30 2015 00:00:00 GMT+0800 (China Standard Time),18.25,18.66,17.959999,18.040001,275500,18.040001,AMRI
Mon Nov 02 2015 00:00:00 GMT+0800 (China Standard Time),18.07,19.25,17.98,19.16,757300,19.16,AMRI
Tue Nov 03 2015 00:00:00 GMT+0800 (China Standard Time),19.209999,19.48,18.84,18.99,312600,18.99,AMRI
Wed Nov 04 2015 00:00:00 GMT+0800 (China Standard Time),19.02,19.17,18.709999,18.889999,213700,18.889999,AMRI
Thu Nov 05 2015 00:00:00 GMT+0800 (China Standard Time),19.040001,19.940001,19.040001,19.700001,495500,19.700001,AMRI
Fri Nov 06 2015 00:00:00 GMT+0800 (China Standard Time),19.35,19.959999,19.049999,19.93,543300,19.93,AMRI
Mon Nov 09 2015 00:00:00 GMT+0800 (China Standard Time),19.83,19.93,19.4,19.469999,368400,19.469999,AMRI
Tue Nov 10 2015 00:00:00 GMT+0800 (China Standard Time),19.440001,20.1,19.360001,20.040001,292900,20.040001,AMRI
Wed Nov 11 2015 00:00:00 GMT+0800 (China Standard Time),20.059999,20.120001,19.280001,19.459999,395300,19.459999,AMRI
Thu Nov 12 2015 00:00:00 GMT+0800 (China Standard Time),19.290001,19.719999,19.200001,19.32,257500,19.32,AMRI
Fri Nov 13 2015 00:00:00 GMT+0800 (China Standard Time),19.139999,19.84,18.9,19.530001,306900,19.530001,AMRI
Mon Nov 16 2015 00:00:00 GMT+0800 (China Standard Time),19.360001,19.59,18.83,19.57,329900,19.57,AMRI
Tue Nov 17 2015 00:00:00 GMT+0800 (China Standard Time),19.66,20.129999,19.35,19.799999,271500,19.799999,AMRI
Wed Nov 18 2015 00:00:00 GMT+0800 (China Standard Time),19.83,20.360001,19.77,20.18,326200,20.18,AMRI
Thu Nov 19 2015 00:00:00 GMT+0800 (China Standard Time),20.209999,20.209999,19.57,19.889999,162200,19.889999,AMRI
Fri Nov 20 2015 00:00:00 GMT+0800 (China Standard Time),19.91,20.24,19.57,19.6,233600,19.6,AMRI
Mon Nov 23 2015 00:00:00 GMT+0800 (China Standard Time),19.540001,19.84,19.540001,19.82,364500,19.82,AMRI
Tue Nov 24 2015 00:00:00 GMT+0800 (China Standard Time),19.68,20.049999,19.52,19.83,297200,19.83,AMRI
Wed Nov 25 2015 00:00:00 GMT+0800 (China Standard Time),19.82,20.129999,19.780001,20,154700,20,AMRI
Fri Nov 27 2015 00:00:00 GMT+0800 (China Standard Time),19.969999,20.33,19.940001,20.040001,92400,20.040001,AMRI
Mon Nov 30 2015 00:00:00 GMT+0800 (China Standard Time),20.139999,20.139999,19.73,19.92,220700,19.92,AMRI
Tue Dec 01 2015 00:00:00 GMT+0800 (China Standard Time),19.950001,20.450001,19.49,20.26,397200,20.26,AMRI
Wed Dec 02 2015 00:00:00 GMT+0800 (China Standard Time),20.290001,20.65,20.120001,20.25,280700,20.25,AMRI
Thu Dec 03 2015 00:00:00 GMT+0800 (China Standard Time),20.34,20.49,19.48,19.780001,252600,19.780001,AMRI
Fri Dec 04 2015 00:00:00 GMT+0800 (China Standard Time),19.74,20.139999,19.73,20.07,194400,20.07,AMRI
Mon Dec 07 2015 00:00:00 GMT+0800 (China Standard Time),20,20.4,18.93,19.59,180300,19.59,AMRI
Tue Dec 08 2015 00:00:00 GMT+0800 (China Standard Time),19.32,20.190001,19.32,19.92,333500,19.92,AMRI
Wed Dec 09 2015 00:00:00 GMT+0800 (China Standard Time),19.700001,19.860001,19.27,19.290001,201300,19.290001,AMRI
Thu Dec 10 2015 00:00:00 GMT+0800 (China Standard Time),19.23,19.860001,19.17,19.219999,142900,19.219999,AMRI
Fri Dec 11 2015 00:00:00 GMT+0800 (China Standard Time),18.93,19.450001,18.870001,19.059999,274000,19.059999,AMRI
Mon Dec 14 2015 00:00:00 GMT+0800 (China Standard Time),19.110001,19.549999,18.99,19.370001,240400,19.370001,AMRI
Tue Dec 15 2015 00:00:00 GMT+0800 (China Standard Time),19.629999,20.41,19.52,19.809999,368300,19.809999,AMRI
Wed Dec 16 2015 00:00:00 GMT+0800 (China Standard Time),20.09,20.09,19.65,19.99,369800,19.99,AMRI
Thu Dec 17 2015 00:00:00 GMT+0800 (China Standard Time),19.99,20.09,19.790001,19.879999,506600,19.879999,AMRI
Fri Dec 18 2015 00:00:00 GMT+0800 (China Standard Time),19.780001,20.01,19.629999,19.700001,457600,19.700001,AMRI
Mon Dec 21 2015 00:00:00 GMT+0800 (China Standard Time),19.799999,20.049999,19.42,19.73,171700,19.73,AMRI
Tue Dec 22 2015 00:00:00 GMT+0800 (China Standard Time),19.73,19.790001,19.290001,19.690001,128100,19.690001,AMRI
Wed Dec 23 2015 00:00:00 GMT+0800 (China Standard Time),19.700001,19.9,19.450001,19.530001,118700,19.530001,AMRI
Thu Dec 24 2015 00:00:00 GMT+0800 (China Standard Time),19.459999,19.799999,19.290001,19.66,86200,19.66,AMRI
Mon Dec 28 2015 00:00:00 GMT+0800 (China Standard Time),19.629999,19.92,19.32,19.85,294600,19.85,AMRI
Tue Dec 29 2015 00:00:00 GMT+0800 (China Standard Time),19.92,20.309999,19.540001,20.190001,370200,20.190001,AMRI
Wed Dec 30 2015 00:00:00 GMT+0800 (China Standard Time),20.110001,20.59,19.84,20.5,405900,20.5,AMRI
Thu Dec 31 2015 00:00:00 GMT+0800 (China Standard Time),20.43,20.49,19.83,19.85,285800,19.85,AMRI
Mon Jan 04 2016 00:00:00 GMT+0800 (China Standard Time),19.540001,19.65,18.82,19.049999,324400,19.049999,AMRI
Tue Jan 05 2016 00:00:00 GMT+0800 (China Standard Time),19.16,19.27,18.889999,19.09,242600,19.09,AMRI
Wed Jan 06 2016 00:00:00 GMT+0800 (China Standard Time),18.870001,19.049999,18.26,18.6,252600,18.6,AMRI
Thu Jan 07 2016 00:00:00 GMT+0800 (China Standard Time),18.219999,18.219999,17.610001,17.809999,314000,17.809999,AMRI
Fri Jan 08 2016 00:00:00 GMT+0800 (China Standard Time),17.98,18.360001,17.610001,17.809999,449800,17.809999,AMRI
Mon Jan 11 2016 00:00:00 GMT+0800 (China Standard Time),17.99,17.99,17.41,17.719999,236000,17.719999,AMRI
Tue Jan 12 2016 00:00:00 GMT+0800 (China Standard Time),17.91,18.1,17.309999,17.799999,211100,17.799999,AMRI
Wed Jan 13 2016 00:00:00 GMT+0800 (China Standard Time),17.799999,18.059999,17.030001,17.18,282500,17.18,AMRI
Thu Jan 14 2016 00:00:00 GMT+0800 (China Standard Time),17.290001,17.75,17.07,17.43,189000,17.43,AMRI
Fri Jan 15 2016 00:00:00 GMT+0800 (China Standard Time),16.9,17.17,16.5,16.709999,356800,16.709999,AMRI
Tue Jan 19 2016 00:00:00 GMT+0800 (China Standard Time),16.959999,17.139999,15.81,16.120001,539000,16.120001,AMRI
Wed Jan 20 2016 00:00:00 GMT+0800 (China Standard Time),15.97,16.950001,15.8,16.780001,806300,16.780001,AMRI
Thu Jan 21 2016 00:00:00 GMT+0800 (China Standard Time),16.84,16.92,16.18,16.309999,457900,16.309999,AMRI
Fri Jan 22 2016 00:00:00 GMT+0800 (China Standard Time),16.540001,17.049999,16.08,16.860001,525500,16.860001,AMRI
Mon Jan 25 2016 00:00:00 GMT+0800 (China Standard Time),16.74,17.110001,16.469999,16.700001,235300,16.700001,AMRI
Tue Jan 26 2016 00:00:00 GMT+0800 (China Standard Time),16.75,16.790001,16.299999,16.690001,194800,16.690001,AMRI
Wed Jan 27 2016 00:00:00 GMT+0800 (China Standard Time),16.67,16.91,15.94,16,208000,16,AMRI
Thu Jan 28 2016 00:00:00 GMT+0800 (China Standard Time),16.08,16.17,15.54,15.57,289600,15.57,AMRI
Fri Jan 29 2016 00:00:00 GMT+0800 (China Standard Time),15.59,16.34,15.59,16.32,268000,16.32,AMRI
Mon Feb 01 2016 00:00:00 GMT+0800 (China Standard Time),16.25,16.799999,15.8,16.209999,292400,16.209999,AMRI
Tue Feb 02 2016 00:00:00 GMT+0800 (China Standard Time),16.07,16.41,15.89,16.32,281600,16.32,AMRI
Wed Feb 03 2016 00:00:00 GMT+0800 (China Standard Time),16.370001,16.370001,15.58,16.1,326400,16.1,AMRI
Thu Feb 04 2016 00:00:00 GMT+0800 (China Standard Time),16.030001,16.57,15.75,15.77,195100,15.77,AMRI
Fri Feb 05 2016 00:00:00 GMT+0800 (China Standard Time),15.7,16.450001,15.29,15.45,303000,15.45,AMRI
Mon Feb 08 2016 00:00:00 GMT+0800 (China Standard Time),15.24,15.4,14.75,15.08,367600,15.08,AMRI
Tue Feb 09 2016 00:00:00 GMT+0800 (China Standard Time),14.89,15.62,14.8,15.05,193300,15.05,AMRI
Wed Feb 10 2016 00:00:00 GMT+0800 (China Standard Time),15.15,15.72,15.09,15.49,286100,15.49,AMRI
Thu Feb 11 2016 00:00:00 GMT+0800 (China Standard Time),15.19,15.56,15.06,15.35,195300,15.35,AMRI
Fri Feb 12 2016 00:00:00 GMT+0800 (China Standard Time),15.42,15.7,15.06,15.28,175000,15.28,AMRI
Tue Feb 16 2016 00:00:00 GMT+0800 (China Standard Time),15.44,15.7,15.09,15.28,389900,15.28,AMRI
Wed Feb 17 2016 00:00:00 GMT+0800 (China Standard Time),15,16.16,14.57,15.82,404300,15.82,AMRI
Thu Feb 18 2016 00:00:00 GMT+0800 (China Standard Time),15.78,16.129999,14.98,15.01,573100,15.01,AMRI
Fri Feb 19 2016 00:00:00 GMT+0800 (China Standard Time),14.97,15.44,14.72,15.3,220900,15.3,AMRI
Mon Feb 22 2016 00:00:00 GMT+0800 (China Standard Time),15.48,15.57,14.68,14.77,375900,14.77,AMRI
Tue Feb 23 2016 00:00:00 GMT+0800 (China Standard Time),14.66,14.86,14.39,14.43,246200,14.43,AMRI
Wed Feb 24 2016 00:00:00 GMT+0800 (China Standard Time),14.28,14.62,14.06,14.52,264900,14.52,AMRI
Thu Feb 25 2016 00:00:00 GMT+0800 (China Standard Time),14.55,15.02,14.09,14.51,274500,14.51,AMRI
Fri Feb 26 2016 00:00:00 GMT+0800 (China Standard Time),14.58,14.96,14.43,14.8,187300,14.8,AMRI
Mon Feb 29 2016 00:00:00 GMT+0800 (China Standard Time),14.77,15.09,14.7,14.74,327600,14.74,AMRI
Tue Mar 01 2016 00:00:00 GMT+0800 (China Standard Time),14.89,15.22,14.64,15.21,272600,15.21,AMRI
Wed Mar 02 2016 00:00:00 GMT+0800 (China Standard Time),15.18,15.62,15.05,15.62,568600,15.62,AMRI
Thu Mar 03 2016 00:00:00 GMT+0800 (China Standard Time),15.64,15.65,14.88,14.99,366100,14.99,AMRI
Fri Mar 04 2016 00:00:00 GMT+0800 (China Standard Time),15.02,15.46,14.81,15.19,439700,15.19,AMRI
Mon Mar 07 2016 00:00:00 GMT+0800 (China Standard Time),15.17,15.65,15.05,15.5,172100,15.5,AMRI
Tue Mar 08 2016 00:00:00 GMT+0800 (China Standard Time),15.46,15.49,15.09,15.17,191600,15.17,AMRI
Wed Mar 09 2016 00:00:00 GMT+0800 (China Standard Time),15.21,15.27,14.75,14.96,176500,14.96,AMRI
Thu Mar 10 2016 00:00:00 GMT+0800 (China Standard Time),15.01,15.11,14.36,14.4,158400,14.4,AMRI
Fri Mar 11 2016 00:00:00 GMT+0800 (China Standard Time),14.47,15.02,14.4,14.92,189300,14.92,AMRI
Mon Mar 14 2016 00:00:00 GMT+0800 (China Standard Time),14.86,15.26,14.4,14.73,185300,14.73,AMRI
Tue Mar 15 2016 00:00:00 GMT+0800 (China Standard Time),14.58,14.7,14.14,14.56,245500,14.56,AMRI
Wed Mar 16 2016 00:00:00 GMT+0800 (China Standard Time),14.46,14.69,14.2,14.27,287300,14.27,AMRI
Thu Mar 17 2016 00:00:00 GMT+0800 (China Standard Time),14.26,14.46,13.91,14.19,283300,14.19,AMRI
Fri Mar 18 2016 00:00:00 GMT+0800 (China Standard Time),14.26,14.4,13.89,14.34,293900,14.34,AMRI
Mon Mar 21 2016 00:00:00 GMT+0800 (China Standard Time),14.28,14.8,14.28,14.68,112200,14.68,AMRI
Tue Mar 22 2016 00:00:00 GMT+0800 (China Standard Time),14.61,14.85,14.54,14.59,166900,14.59,AMRI
Wed Mar 23 2016 00:00:00 GMT+0800 (China Standard Time),14.59,14.76,14,14.07,156500,14.07,AMRI
Thu Mar 24 2016 00:00:00 GMT+0800 (China Standard Time),13.96,14.18,13.77,14.03,173900,14.03,AMRI
Mon Mar 28 2016 00:00:00 GMT+0800 (China Standard Time),14.04,14.21,13.85,13.94,230700,13.94,AMRI
Tue Mar 29 2016 00:00:00 GMT+0800 (China Standard Time),13.93,14.61,13.71,14.61,181700,14.61,AMRI
Wed Mar 30 2016 00:00:00 GMT+0800 (China Standard Time),14.72,15.15,14.4,15,378800,15,AMRI
Thu Mar 31 2016 00:00:00 GMT+0800 (China Standard Time),15.08,15.44,14.97,15.29,233600,15.29,AMRI
Fri Apr 01 2016 00:00:00 GMT+0800 (China Standard Time),15.18,15.34,15.02,15.29,403600,15.29,AMRI
Mon Apr 04 2016 00:00:00 GMT+0800 (China Standard Time),15.33,15.73,15.12,15.46,265700,15.46,AMRI
Tue Apr 05 2016 00:00:00 GMT+0800 (China Standard Time),15.38,15.46,14.8,15.38,317100,15.38,AMRI
Wed Apr 06 2016 00:00:00 GMT+0800 (China Standard Time),15.43,16,15.4,15.99,710600,15.99,AMRI
Thu Apr 07 2016 00:00:00 GMT+0800 (China Standard Time),15.89,16.1,15.67,15.92,384500,15.92,AMRI
Fri Apr 08 2016 00:00:00 GMT+0800 (China Standard Time),16.08,16.08,15.37,15.61,233700,15.61,AMRI
Mon Apr 11 2016 00:00:00 GMT+0800 (China Standard Time),15.66,15.67,15.12,15.17,139300,15.17,AMRI
Tue Apr 12 2016 00:00:00 GMT+0800 (China Standard Time),15.11,15.54,14.94,15.33,324500,15.33,AMRI
Wed Apr 13 2016 00:00:00 GMT+0800 (China Standard Time),15.38,15.67,15.26,15.51,198000,15.51,AMRI
Thu Apr 14 2016 00:00:00 GMT+0800 (China Standard Time),15.54,16.290001,15.35,16.129999,270600,16.129999,AMRI
Fri Apr 15 2016 00:00:00 GMT+0800 (China Standard Time),16.059999,16.42,15.66,16.389999,346200,16.389999,AMRI
Mon Apr 18 2016 00:00:00 GMT+0800 (China Standard Time),16.290001,16.360001,15.88,16.08,187000,16.08,AMRI
Tue Apr 19 2016 00:00:00 GMT+0800 (China Standard Time),16.07,16.07,15.68,15.78,572600,15.78,AMRI
Wed Apr 20 2016 00:00:00 GMT+0800 (China Standard Time),15.8,16.030001,15.63,15.85,220500,15.85,AMRI
Thu Apr 21 2016 00:00:00 GMT+0800 (China Standard Time),15.79,16.09,15.74,16.049999,680300,16.049999,AMRI
Fri Apr 22 2016 00:00:00 GMT+0800 (China Standard Time),16.07,16.27,15.85,15.96,147200,15.96,AMRI
Mon Apr 25 2016 00:00:00 GMT+0800 (China Standard Time),15.95,16.07,15.79,15.86,173300,15.86,AMRI
Tue Apr 26 2016 00:00:00 GMT+0800 (China Standard Time),15.85,15.95,15.55,15.74,231900,15.74,AMRI
Wed Apr 27 2016 00:00:00 GMT+0800 (China Standard Time),15.74,15.8,15.51,15.6,237900,15.6,AMRI
Thu Apr 28 2016 00:00:00 GMT+0800 (China Standard Time),15.55,15.73,15.32,15.42,274000,15.42,AMRI
Fri Apr 29 2016 00:00:00 GMT+0800 (China Standard Time),15.34,15.34,14.98,15.05,134900,15.05,AMRI
Mon May 02 2016 00:00:00 GMT+0800 (China Standard Time),15.13,15.24,14.88,15.2,183000,15.2,AMRI
Tue May 03 2016 00:00:00 GMT+0800 (China Standard Time),15.1,15.16,14.74,14.97,156200,14.97,AMRI
Wed May 04 2016 00:00:00 GMT+0800 (China Standard Time),14.84,14.96,14.62,14.76,291400,14.76,AMRI
Thu May 05 2016 00:00:00 GMT+0800 (China Standard Time),14.89,15.3,14.83,15.04,622200,15.04,AMRI
Fri May 06 2016 00:00:00 GMT+0800 (China Standard Time),14.91,15.16,14.19,14.3,397900,14.3,AMRI
Mon May 09 2016 00:00:00 GMT+0800 (China Standard Time),14.36,14.72,14.28,14.39,291600,14.39,AMRI
Tue May 10 2016 00:00:00 GMT+0800 (China Standard Time),13.48,13.81,12.77,13.29,1344400,13.29,AMRI
Wed May 11 2016 00:00:00 GMT+0800 (China Standard Time),13.13,13.67,12.9,13.02,501800,13.02,AMRI
Thu May 12 2016 00:00:00 GMT+0800 (China Standard Time),13.12,13.22,12.45,12.79,1197000,12.79,AMRI
Fri May 13 2016 00:00:00 GMT+0800 (China Standard Time),12.78,12.96,12.51,12.58,282300,12.58,AMRI
Mon May 16 2016 00:00:00 GMT+0800 (China Standard Time),12.69,13.19,12.68,12.78,715700,12.78,AMRI
Tue May 17 2016 00:00:00 GMT+0800 (China Standard Time),12.98,13.61,12.96,13.54,1211000,13.54,AMRI
Wed May 18 2016 00:00:00 GMT+0800 (China Standard Time),13.54,13.9,13.43,13.88,247700,13.88,AMRI
Thu May 19 2016 00:00:00 GMT+0800 (China Standard Time),13.81,13.9,13.5,13.57,144300,13.57,AMRI
Fri May 20 2016 00:00:00 GMT+0800 (China Standard Time),13.64,13.91,13.64,13.72,132600,13.72,AMRI
Mon May 23 2016 00:00:00 GMT+0800 (China Standard Time),13.77,14.17,13.74,13.78,167000,13.78,AMRI
Tue May 24 2016 00:00:00 GMT+0800 (China Standard Time),13.93,14.24,13.9,14.16,105000,14.16,AMRI
Wed May 25 2016 00:00:00 GMT+0800 (China Standard Time),14.2,14.35,14.08,14.32,187900,14.32,AMRI
Thu May 26 2016 00:00:00 GMT+0800 (China Standard Time),14.28,14.31,13.88,14.09,164700,14.09,AMRI
Fri May 27 2016 00:00:00 GMT+0800 (China Standard Time),14.16,14.41,13.98,14.4,136500,14.4,AMRI
Tue May 31 2016 00:00:00 GMT+0800 (China Standard Time),14.49,14.62,14.38,14.52,192700,14.52,AMRI
Wed Jun 01 2016 00:00:00 GMT+0800 (China Standard Time),14.53,14.9,14.4,14.82,182400,14.82,AMRI
Thu Jun 02 2016 00:00:00 GMT+0800 (China Standard Time),14.82,15.14,14.73,14.96,258500,14.96,AMRI
Fri Jun 03 2016 00:00:00 GMT+0800 (China Standard Time),14.88,14.89,14.61,14.7,162500,14.7,AMRI
Mon Jun 06 2016 00:00:00 GMT+0800 (China Standard Time),14.71,15.09,14.45,14.95,159900,14.95,AMRI
Tue Jun 07 2016 00:00:00 GMT+0800 (China Standard Time),14.86,14.91,14.67,14.73,114500,14.73,AMRI
Wed Jun 08 2016 00:00:00 GMT+0800 (China Standard Time),14.73,15.12,14.44,15.06,189100,15.06,AMRI
Thu Jun 09 2016 00:00:00 GMT+0800 (China Standard Time),15.01,15.15,14.71,14.87,324900,14.87,AMRI
Fri Jun 10 2016 00:00:00 GMT+0800 (China Standard Time),14.71,14.96,14.33,14.59,206700,14.59,AMRI
Mon Jun 13 2016 00:00:00 GMT+0800 (China Standard Time),14.54,14.61,14.15,14.31,250700,14.31,AMRI
Tue Jun 14 2016 00:00:00 GMT+0800 (China Standard Time),14.21,14.48,14.1,14.4,287100,14.4,AMRI
Wed Jun 15 2016 00:00:00 GMT+0800 (China Standard Time),14.41,14.58,14.21,14.23,138800,14.23,AMRI
Thu Jun 16 2016 00:00:00 GMT+0800 (China Standard Time),14.18,14.18,13.86,14.03,250400,14.03,AMRI
Fri Jun 17 2016 00:00:00 GMT+0800 (China Standard Time),14.07,14.2,13.59,13.62,278700,13.62,AMRI
Mon Jun 20 2016 00:00:00 GMT+0800 (China Standard Time),13.75,14.53,13.75,14.06,213000,14.06,AMRI
Tue Jun 21 2016 00:00:00 GMT+0800 (China Standard Time),14.12,14.14,13.94,14.1,413900,14.1,AMRI
Wed Jun 22 2016 00:00:00 GMT+0800 (China Standard Time),14.09,14.35,13.89,13.9,227600,13.9,AMRI
Thu Jun 23 2016 00:00:00 GMT+0800 (China Standard Time),14,14.51,13.81,13.99,231500,13.99,AMRI
Fri Jun 24 2016 00:00:00 GMT+0800 (China Standard Time),13.38,13.79,13.38,13.51,685500,13.51,AMRI
Mon Jun 27 2016 00:00:00 GMT+0800 (China Standard Time),13.3,13.61,12.51,12.53,307900,12.53,AMRI
Tue Jun 28 2016 00:00:00 GMT+0800 (China Standard Time),12.63,13.08,12.63,12.93,224800,12.93,AMRI
Wed Jun 29 2016 00:00:00 GMT+0800 (China Standard Time),13.07,13.44,13,13.23,217300,13.23,AMRI
Thu Jun 30 2016 00:00:00 GMT+0800 (China Standard Time),13.21,13.45,13.11,13.44,177000,13.44,AMRI
Fri Jul 01 2016 00:00:00 GMT+0800 (China Standard Time),13.49,13.73,13.21,13.51,238500,13.51,AMRI
Tue Jul 05 2016 00:00:00 GMT+0800 (China Standard Time),13.48,13.53,13.26,13.37,108900,13.37,AMRI
Wed Jul 06 2016 00:00:00 GMT+0800 (China Standard Time),13.28,13.6,13.16,13.56,127700,13.56,AMRI
Thu Jul 07 2016 00:00:00 GMT+0800 (China Standard Time),13.64,13.69,13.43,13.57,161500,13.57,AMRI
Fri Jul 08 2016 00:00:00 GMT+0800 (China Standard Time),13.62,14.15,13.22,14.1,166700,14.1,AMRI
Mon Jul 11 2016 00:00:00 GMT+0800 (China Standard Time),14.2,14.46,14.06,14.38,279300,14.38,AMRI
Tue Jul 12 2016 00:00:00 GMT+0800 (China Standard Time),14.45,14.94,14.17,14.72,306400,14.72,AMRI
Wed Jul 13 2016 00:00:00 GMT+0800 (China Standard Time),14.85,14.85,14.3,14.33,132000,14.33,AMRI
Thu Jul 14 2016 00:00:00 GMT+0800 (China Standard Time),14.42,14.6,14.2,14.33,133800,14.33,AMRI
Fri Jul 15 2016 00:00:00 GMT+0800 (China Standard Time),14.42,14.43,14.15,14.22,215100,14.22,AMRI
Mon Jul 18 2016 00:00:00 GMT+0800 (China Standard Time),14.26,14.37,14.1,14.27,203300,14.27,AMRI
Tue Jul 19 2016 00:00:00 GMT+0800 (China Standard Time),14.25,14.46,14.09,14.36,351600,14.36,AMRI
Wed Jul 20 2016 00:00:00 GMT+0800 (China Standard Time),14.4,14.81,14.23,14.62,122200,14.62,AMRI
Thu Jul 21 2016 00:00:00 GMT+0800 (China Standard Time),14.69,14.95,14.17,14.47,156300,14.47,AMRI
Fri Jul 22 2016 00:00:00 GMT+0800 (China Standard Time),14.45,14.7,14.24,14.33,93200,14.33,AMRI
Mon Jul 25 2016 00:00:00 GMT+0800 (China Standard Time),14.24,14.24,13.52,13.8,387100,13.8,AMRI
Tue Jul 26 2016 00:00:00 GMT+0800 (China Standard Time),13.79,13.85,13.58,13.72,362100,13.72,AMRI
Wed Jul 27 2016 00:00:00 GMT+0800 (China Standard Time),13.79,14.57,13.79,14.48,338600,14.48,AMRI
Thu Jul 28 2016 00:00:00 GMT+0800 (China Standard Time),14.43,14.5,14.17,14.32,307300,14.32,AMRI
Fri Jul 29 2016 00:00:00 GMT+0800 (China Standard Time),14.28,14.62,14.12,14.44,749100,14.44,AMRI
Mon Aug 01 2016 00:00:00 GMT+0800 (China Standard Time),14.43,14.81,14.38,14.72,369100,14.72,AMRI
Tue Aug 02 2016 00:00:00 GMT+0800 (China Standard Time),14.69,14.81,13.87,14.15,204400,14.15,AMRI
Wed Aug 03 2016 00:00:00 GMT+0800 (China Standard Time),14.1,14.49,13.85,14.32,217300,14.32,AMRI
Thu Aug 04 2016 00:00:00 GMT+0800 (China Standard Time),14.95,16.459999,14.8,15.3,763900,15.3,AMRI
Fri Aug 05 2016 00:00:00 GMT+0800 (China Standard Time),15.49,15.61,15.29,15.31,326300,15.31,AMRI
Mon Aug 08 2016 00:00:00 GMT+0800 (China Standard Time),15.37,15.46,15.13,15.4,404000,15.4,AMRI
Tue Aug 09 2016 00:00:00 GMT+0800 (China Standard Time),15.43,15.81,15.26,15.53,273800,15.53,AMRI
Wed Aug 10 2016 00:00:00 GMT+0800 (China Standard Time),15.49,15.53,14.96,15.03,189800,15.03,AMRI
Thu Aug 11 2016 00:00:00 GMT+0800 (China Standard Time),15.11,15.11,14.83,14.98,251000,14.98,AMRI
Fri Aug 12 2016 00:00:00 GMT+0800 (China Standard Time),14.87,15.13,14.83,14.9,148500,14.9,AMRI
Mon Aug 15 2016 00:00:00 GMT+0800 (China Standard Time),14.97,15.22,14.97,15.08,142600,15.08,AMRI
Tue Aug 16 2016 00:00:00 GMT+0800 (China Standard Time),15.03,15.23,14.83,15.01,246100,15.01,AMRI
Wed Aug 17 2016 00:00:00 GMT+0800 (China Standard Time),14.99,15.21,14.94,15.05,963700,15.05,AMRI
Thu Aug 18 2016 00:00:00 GMT+0800 (China Standard Time),15.09,15.13,14.71,14.81,164100,14.81,AMRI
Fri Aug 19 2016 00:00:00 GMT+0800 (China Standard Time),14.68,14.91,14.51,14.72,194100,14.72,AMRI
Mon Aug 22 2016 00:00:00 GMT+0800 (China Standard Time),14.61,14.84,14.46,14.74,196100,14.74,AMRI
Tue Aug 23 2016 00:00:00 GMT+0800 (China Standard Time),14.83,15,14.7,14.77,125000,14.77,AMRI
Wed Aug 24 2016 00:00:00 GMT+0800 (China Standard Time),14.74,15.15,14.12,14.19,254900,14.19,AMRI
Thu Aug 25 2016 00:00:00 GMT+0800 (China Standard Time),14.13,14.5,14.13,14.28,324800,14.28,AMRI
Fri Aug 26 2016 00:00:00 GMT+0800 (China Standard Time),14.3,14.67,14.29,14.6,280100,14.6,AMRI
Mon Aug 29 2016 00:00:00 GMT+0800 (China Standard Time),14.66,14.72,14.32,14.72,170300,14.72,AMRI
Tue Aug 30 2016 00:00:00 GMT+0800 (China Standard Time),14.67,14.87,14.47,14.72,138300,14.72,AMRI
Wed Aug 31 2016 00:00:00 GMT+0800 (China Standard Time),14.63,14.83,14.43,14.82,218700,14.82,AMRI
Thu Sep 01 2016 00:00:00 GMT+0800 (China Standard Time),14.81,14.85,14.55,14.71,298400,14.71,AMRI
Fri Sep 02 2016 00:00:00 GMT+0800 (China Standard Time),14.73,14.87,14.53,14.65,164600,14.65,AMRI
Tue Sep 06 2016 00:00:00 GMT+0800 (China Standard Time),14.66,14.9,14.61,14.82,158900,14.82,AMRI
Wed Sep 07 2016 00:00:00 GMT+0800 (China Standard Time),14.73,15.06,14.68,15.04,188100,15.04,AMRI
Thu Sep 08 2016 00:00:00 GMT+0800 (China Standard Time),15.01,15.25,14.93,15.19,135700,15.19,AMRI
Fri Sep 09 2016 00:00:00 GMT+0800 (China Standard Time),15.02,15.06,14.75,14.75,230500,14.75,AMRI
Mon Sep 12 2016 00:00:00 GMT+0800 (China Standard Time),14.63,15.15,14.63,15.08,158400,15.08,AMRI
Tue Sep 13 2016 00:00:00 GMT+0800 (China Standard Time),15.19,15.19,14.25,14.56,272000,14.56,AMRI
Wed Sep 14 2016 00:00:00 GMT+0800 (China Standard Time),14.63,15.03,14.56,14.9,164900,14.9,AMRI
Thu Sep 15 2016 00:00:00 GMT+0800 (China Standard Time),14.92,15.08,14.74,15.08,131100,15.08,AMRI
Fri Sep 16 2016 00:00:00 GMT+0800 (China Standard Time),15.01,15.27,14.84,15.04,407200,15.04,AMRI
Mon Sep 19 2016 00:00:00 GMT+0800 (China Standard Time),15.13,15.34,14.99,15.06,211000,15.06,AMRI
Tue Sep 20 2016 00:00:00 GMT+0800 (China Standard Time),15.19,15.87,14.91,15.71,699400,15.71,AMRI
Wed Sep 21 2016 00:00:00 GMT+0800 (China Standard Time),15.71,15.92,15.52,15.88,278600,15.88,AMRI
Thu Sep 22 2016 00:00:00 GMT+0800 (China Standard Time),15.95,16.25,15.79,16.17,246700,16.17,AMRI
Fri Sep 23 2016 00:00:00 GMT+0800 (China Standard Time),16.17,16.25,15.94,16.200001,405100,16.200001,AMRI
Mon Sep 26 2016 00:00:00 GMT+0800 (China Standard Time),16.07,16.24,15.89,16,202600,16,AMRI
Tue Sep 27 2016 00:00:00 GMT+0800 (China Standard Time),15.97,16.129999,15.76,16.040001,167600,16.040001,AMRI
Wed Sep 28 2016 00:00:00 GMT+0800 (China Standard Time),16.040001,16.41,15.95,16.389999,227600,16.389999,AMRI
Thu Sep 29 2016 00:00:00 GMT+0800 (China Standard Time),16.389999,16.450001,16.129999,16.280001,236100,16.280001,AMRI
Fri Sep 30 2016 00:00:00 GMT+0800 (China Standard Time),16.290001,16.639999,16.01,16.51,346100,16.51,AMRI
Mon Oct 03 2016 00:00:00 GMT+0800 (China Standard Time),16.5,17.049999,16.190001,17,428500,17,AMRI
Tue Oct 04 2016 00:00:00 GMT+0800 (China Standard Time),16.98,17.17,16.83,17.08,214300,17.08,AMRI
Wed Oct 05 2016 00:00:00 GMT+0800 (China Standard Time),17.1,17.139999,16.68,16.889999,516900,16.889999,AMRI
Thu Oct 06 2016 00:00:00 GMT+0800 (China Standard Time),16.93,17.32,16.84,17.25,278500,17.25,AMRI
Fri Oct 07 2016 00:00:00 GMT+0800 (China Standard Time),17.23,17.389999,16.66,17.27,115100,17.27,AMRI
Mon Oct 10 2016 00:00:00 GMT+0800 (China Standard Time),17.450001,17.639999,17.34,17.52,163500,17.52,AMRI
Tue Oct 11 2016 00:00:00 GMT+0800 (China Standard Time),17.32,17.41,16.790001,17.139999,277800,17.139999,AMRI
Wed Oct 12 2016 00:00:00 GMT+0800 (China Standard Time),17.08,17.110001,16.91,16.91,188100,16.91,AMRI
Thu Oct 13 2016 00:00:00 GMT+0800 (China Standard Time),16.719999,16.83,16.4,16.459999,212000,16.459999,AMRI
Fri Oct 14 2016 00:00:00 GMT+0800 (China Standard Time),16.51,16.57,16.24,16.27,188600,16.27,AMRI
Mon Oct 17 2016 00:00:00 GMT+0800 (China Standard Time),16.23,16.360001,16.059999,16.129999,121300,16.129999,AMRI
Tue Oct 18 2016 00:00:00 GMT+0800 (China Standard Time),16.33,16.51,16.33,16.440001,91700,16.440001,AMRI
Wed Oct 19 2016 00:00:00 GMT+0800 (China Standard Time),16.49,16.49,16.1,16.459999,145700,16.459999,AMRI
Thu Oct 20 2016 00:00:00 GMT+0800 (China Standard Time),16.4,16.68,16.27,16.59,150100,16.59,AMRI
Fri Oct 21 2016 00:00:00 GMT+0800 (China Standard Time),16.58,16.58,16.129999,16.379999,113800,16.379999,AMRI
Mon Oct 24 2016 00:00:00 GMT+0800 (China Standard Time),16.530001,16.799999,16.379999,16.49,108700,16.49,AMRI
Tue Oct 25 2016 00:00:00 GMT+0800 (China Standard Time),16.530001,16.559999,15.94,16.02,130500,16.02,AMRI
Wed Oct 26 2016 00:00:00 GMT+0800 (China Standard Time),15.99,16.129999,15.77,15.79,138100,15.79,AMRI
Thu Oct 27 2016 00:00:00 GMT+0800 (China Standard Time),15.91,15.95,15.5,15.59,152800,15.59,AMRI
Fri Oct 28 2016 00:00:00 GMT+0800 (China Standard Time),15.49,15.83,15.18,15.67,158700,15.67,AMRI
Mon Oct 31 2016 00:00:00 GMT+0800 (China Standard Time),15.66,15.77,15.5,15.59,120400,15.59,AMRI
Tue Nov 01 2016 00:00:00 GMT+0800 (China Standard Time),15.63,15.67,15.02,15.3,305600,15.3,AMRI
Wed Nov 02 2016 00:00:00 GMT+0800 (China Standard Time),15.21,15.4,14.78,14.98,353000,14.98,AMRI
Thu Nov 03 2016 00:00:00 GMT+0800 (China Standard Time),14.98,15.33,14.27,14.57,241000,14.57,AMRI
Fri Nov 04 2016 00:00:00 GMT+0800 (China Standard Time),14.65,15.37,14.65,15.34,299500,15.34,AMRI
Mon Nov 07 2016 00:00:00 GMT+0800 (China Standard Time),15.57,15.85,15.4,15.66,256800,15.66,AMRI
Tue Nov 08 2016 00:00:00 GMT+0800 (China Standard Time),16.469999,16.469999,14.89,15.75,365200,15.75,AMRI
Wed Nov 09 2016 00:00:00 GMT+0800 (China Standard Time),15.51,16.620001,15.51,16.389999,339100,16.389999,AMRI
Thu Nov 10 2016 00:00:00 GMT+0800 (China Standard Time),16.52,17,16.33,16.889999,280000,16.889999,AMRI
Fri Nov 11 2016 00:00:00 GMT+0800 (China Standard Time),16.9,17.43,16.52,17.26,271700,17.26,AMRI
