Thu Jan 02 2014 00:00:00 GMT+0800 (China Standard Time),46.139999,46.310001,45.5,45.77,36700,41.097477,CHCO
Fri Jan 03 2014 00:00:00 GMT+0800 (China Standard Time),45.900002,46.540001,45.900002,46.400002,34500,41.663164,CHCO
Mon Jan 06 2014 00:00:00 GMT+0800 (China Standard Time),46.5,46.52,45.77,45.900002,36800,41.214207,CHCO
Tue Jan 07 2014 00:00:00 GMT+0800 (China Standard Time),45.849998,46.630001,45.849998,46.349998,31700,41.618265,CHCO
Wed Jan 08 2014 00:00:00 GMT+0800 (China Standard Time),46.419998,46.5,46.02,46.5,41600,41.752954,CHCO
Thu Jan 09 2014 00:00:00 GMT+0800 (China Standard Time),46.5,46.990002,46.07,46.68,37600,41.914578,CHCO
Fri Jan 10 2014 00:00:00 GMT+0800 (China Standard Time),46.650002,46.700001,46.02,46.689999,48900,41.923556,CHCO
Mon Jan 13 2014 00:00:00 GMT+0800 (China Standard Time),46.310001,46.310001,45.48,45.939999,37000,41.579624,CHCO
Tue Jan 14 2014 00:00:00 GMT+0800 (China Standard Time),45.799999,45.959999,45.759998,45.810001,16800,41.461965,CHCO
Wed Jan 15 2014 00:00:00 GMT+0800 (China Standard Time),46.060001,46.5,45.66,46.099998,27400,41.724438,CHCO
Thu Jan 16 2014 00:00:00 GMT+0800 (China Standard Time),45.810001,46.400002,45.369999,45.650002,17600,41.317152,CHCO
Fri Jan 17 2014 00:00:00 GMT+0800 (China Standard Time),45.720001,46.34,45,45.759998,22500,41.416708,CHCO
Tue Jan 21 2014 00:00:00 GMT+0800 (China Standard Time),46.110001,46.5,45.48,46.419998,19300,42.014065,CHCO
Wed Jan 22 2014 00:00:00 GMT+0800 (China Standard Time),46.669998,46.700001,46.130001,46.419998,20800,42.014065,CHCO
Thu Jan 23 2014 00:00:00 GMT+0800 (China Standard Time),45.990002,46.400002,45.610001,46.369999,48800,41.968811,CHCO
Fri Jan 24 2014 00:00:00 GMT+0800 (China Standard Time),46.080002,46.439999,45.189999,45.810001,38400,41.461965,CHCO
Mon Jan 27 2014 00:00:00 GMT+0800 (China Standard Time),45.990002,45.990002,44.950001,44.970001,33600,40.701694,CHCO
Tue Jan 28 2014 00:00:00 GMT+0800 (China Standard Time),44.919998,45.549999,44.52,45.549999,47400,41.226641,CHCO
Wed Jan 29 2014 00:00:00 GMT+0800 (China Standard Time),44.970001,46.52,44.48,44.84,36900,40.584031,CHCO
Thu Jan 30 2014 00:00:00 GMT+0800 (China Standard Time),45.200001,45.93,44.57,45.450001,41100,41.136134,CHCO
Fri Jan 31 2014 00:00:00 GMT+0800 (China Standard Time),44.880001,45.369999,44.400002,44.619999,71100,40.384912,CHCO
Mon Feb 03 2014 00:00:00 GMT+0800 (China Standard Time),44.52,45.040001,42.84,42.98,69100,38.900572,CHCO
Tue Feb 04 2014 00:00:00 GMT+0800 (China Standard Time),43.220001,44,42.610001,43.330002,42900,39.217354,CHCO
Wed Feb 05 2014 00:00:00 GMT+0800 (China Standard Time),42.970001,43.169998,42.619999,42.830002,39000,38.764811,CHCO
Thu Feb 06 2014 00:00:00 GMT+0800 (China Standard Time),42.68,43.25,42.610001,42.849998,31400,38.78291,CHCO
Fri Feb 07 2014 00:00:00 GMT+0800 (China Standard Time),42.939999,43.529999,42.470001,42.919998,37300,38.846266,CHCO
Mon Feb 10 2014 00:00:00 GMT+0800 (China Standard Time),42.599998,42.950001,42.299999,42.950001,49200,38.873421,CHCO
Tue Feb 11 2014 00:00:00 GMT+0800 (China Standard Time),42.900002,43.759998,42.900002,43.439999,29300,39.31691,CHCO
Wed Feb 12 2014 00:00:00 GMT+0800 (China Standard Time),43.310001,44.41,43.099998,43.41,30200,39.289759,CHCO
Thu Feb 13 2014 00:00:00 GMT+0800 (China Standard Time),42.939999,43.259998,42.689999,43.049999,56000,38.963928,CHCO
Fri Feb 14 2014 00:00:00 GMT+0800 (China Standard Time),43.049999,43.610001,42.970001,43.330002,32100,39.217354,CHCO
Tue Feb 18 2014 00:00:00 GMT+0800 (China Standard Time),43.450001,44.470001,43.029999,43.279999,31800,39.172097,CHCO
Wed Feb 19 2014 00:00:00 GMT+0800 (China Standard Time),43.049999,43.560001,41.73,42.150002,41300,38.149353,CHCO
Thu Feb 20 2014 00:00:00 GMT+0800 (China Standard Time),42.200001,43.200001,42.200001,42.990002,31700,38.909625,CHCO
Fri Feb 21 2014 00:00:00 GMT+0800 (China Standard Time),43.279999,43.470001,42.93,43.279999,33800,39.172097,CHCO
Mon Feb 24 2014 00:00:00 GMT+0800 (China Standard Time),43.220001,43.970001,43.220001,43.82,44400,39.660844,CHCO
Tue Feb 25 2014 00:00:00 GMT+0800 (China Standard Time),43.73,43.790001,43.439999,43.57,28900,39.434573,CHCO
Wed Feb 26 2014 00:00:00 GMT+0800 (China Standard Time),43.73,44.310001,43.419998,44.139999,23900,39.950471,CHCO
Thu Feb 27 2014 00:00:00 GMT+0800 (China Standard Time),44.139999,44.529999,43.740002,44.400002,17400,40.185795,CHCO
Fri Feb 28 2014 00:00:00 GMT+0800 (China Standard Time),44.509998,45.259998,44.119999,44.279999,50200,40.077182,CHCO
Mon Mar 03 2014 00:00:00 GMT+0800 (China Standard Time),43.970001,47.400002,43.720001,44.169998,24900,39.977622,CHCO
Tue Mar 04 2014 00:00:00 GMT+0800 (China Standard Time),44.830002,47.07,44.349998,45.689999,70600,41.353353,CHCO
Wed Mar 05 2014 00:00:00 GMT+0800 (China Standard Time),45.41,45.689999,45,45.279999,24600,40.982268,CHCO
Thu Mar 06 2014 00:00:00 GMT+0800 (China Standard Time),45.25,46.009998,45.25,45.77,12600,41.425761,CHCO
Fri Mar 07 2014 00:00:00 GMT+0800 (China Standard Time),46.150002,46.290001,45.57,45.869999,15400,41.516268,CHCO
Mon Mar 10 2014 00:00:00 GMT+0800 (China Standard Time),45.630001,46.189999,45.459999,45.98,22000,41.615828,CHCO
Tue Mar 11 2014 00:00:00 GMT+0800 (China Standard Time),45.860001,45.900002,45.169998,45.630001,20400,41.29905,CHCO
Wed Mar 12 2014 00:00:00 GMT+0800 (China Standard Time),45.509998,45.740002,45.139999,45.5,25200,41.181388,CHCO
Thu Mar 13 2014 00:00:00 GMT+0800 (China Standard Time),45.599998,45.959999,44.950001,45.220001,22300,40.927965,CHCO
Fri Mar 14 2014 00:00:00 GMT+0800 (China Standard Time),44.93,45.990002,44.93,45.490002,10200,41.172338,CHCO
Mon Mar 17 2014 00:00:00 GMT+0800 (China Standard Time),45.75,46.150002,45.560001,45.700001,25300,41.362406,CHCO
Tue Mar 18 2014 00:00:00 GMT+0800 (China Standard Time),45.529999,45.900002,45.060001,45.59,38400,41.262846,CHCO
Wed Mar 19 2014 00:00:00 GMT+0800 (China Standard Time),45.700001,45.93,45.18,45.639999,18400,41.308099,CHCO
Thu Mar 20 2014 00:00:00 GMT+0800 (China Standard Time),45.669998,46,45.09,45.799999,28400,41.452913,CHCO
Fri Mar 21 2014 00:00:00 GMT+0800 (China Standard Time),46.119999,46.23,45.049999,45.48,92400,41.163286,CHCO
Mon Mar 24 2014 00:00:00 GMT+0800 (China Standard Time),45.73,45.860001,45.139999,45.41,33600,41.09993,CHCO
Tue Mar 25 2014 00:00:00 GMT+0800 (China Standard Time),45.709999,46,45.049999,45.650002,21200,41.317152,CHCO
Wed Mar 26 2014 00:00:00 GMT+0800 (China Standard Time),46.130001,46.130001,44.400002,44.43,42000,40.212947,CHCO
Thu Mar 27 2014 00:00:00 GMT+0800 (China Standard Time),44.59,44.98,43.310001,43.889999,30900,39.7242,CHCO
Fri Mar 28 2014 00:00:00 GMT+0800 (China Standard Time),43.849998,45.27,43.82,44.099998,36200,39.914267,CHCO
Mon Mar 31 2014 00:00:00 GMT+0800 (China Standard Time),44.830002,45.360001,44.110001,44.860001,50100,40.602134,CHCO
Tue Apr 01 2014 00:00:00 GMT+0800 (China Standard Time),45.049999,46.299999,44.720001,46.209999,69000,41.823998,CHCO
Wed Apr 02 2014 00:00:00 GMT+0800 (China Standard Time),46.310001,46.639999,45.84,46.169998,32400,41.787793,CHCO
Thu Apr 03 2014 00:00:00 GMT+0800 (China Standard Time),46.099998,46.599998,46.099998,46.43,28100,42.023117,CHCO
Fri Apr 04 2014 00:00:00 GMT+0800 (China Standard Time),46.799999,46.799999,44.650002,44.740002,36500,40.493524,CHCO
Mon Apr 07 2014 00:00:00 GMT+0800 (China Standard Time),44.77,44.93,44.150002,44.779999,44700,40.529725,CHCO
Tue Apr 08 2014 00:00:00 GMT+0800 (China Standard Time),44.75,45,44.310001,44.66,34500,40.421116,CHCO
Wed Apr 09 2014 00:00:00 GMT+0800 (China Standard Time),44.66,44.66,43.25,43.77,76000,39.61559,CHCO
Thu Apr 10 2014 00:00:00 GMT+0800 (China Standard Time),43.740002,43.740002,42.619999,42.880001,45700,38.810065,CHCO
Fri Apr 11 2014 00:00:00 GMT+0800 (China Standard Time),42.349998,42.790001,41.630001,41.779999,49400,38.170537,CHCO
Mon Apr 14 2014 00:00:00 GMT+0800 (China Standard Time),42.310001,42.490002,41.509998,42.259998,49200,38.609068,CHCO
Tue Apr 15 2014 00:00:00 GMT+0800 (China Standard Time),42.360001,42.509998,41.709999,42.360001,32800,38.700431,CHCO
Wed Apr 16 2014 00:00:00 GMT+0800 (China Standard Time),42.860001,43.07,42.119999,42.98,42400,39.266867,CHCO
Thu Apr 17 2014 00:00:00 GMT+0800 (China Standard Time),42.77,43.330002,42.75,43.029999,42900,39.312547,CHCO
Mon Apr 21 2014 00:00:00 GMT+0800 (China Standard Time),43.169998,44.349998,43.169998,43.529999,91000,39.769351,CHCO
Tue Apr 22 2014 00:00:00 GMT+0800 (China Standard Time),43.75,43.75,43.299999,43.299999,29000,39.559221,CHCO
Wed Apr 23 2014 00:00:00 GMT+0800 (China Standard Time),43.610001,43.75,43.189999,43.240002,45500,39.504407,CHCO
Thu Apr 24 2014 00:00:00 GMT+0800 (China Standard Time),43.560001,43.560001,42.049999,42.299999,50700,38.645613,CHCO
Fri Apr 25 2014 00:00:00 GMT+0800 (China Standard Time),42.27,42.599998,41.93,42.09,39400,38.453756,CHCO
Mon Apr 28 2014 00:00:00 GMT+0800 (China Standard Time),42.130001,42.709999,41.25,41.740002,48500,38.133995,CHCO
Tue Apr 29 2014 00:00:00 GMT+0800 (China Standard Time),42.150002,42.25,41.900002,42.09,51700,38.453756,CHCO
Wed Apr 30 2014 00:00:00 GMT+0800 (China Standard Time),41.790001,43.099998,41.639999,42.990002,87300,39.276005,CHCO
Thu May 01 2014 00:00:00 GMT+0800 (China Standard Time),42.709999,42.970001,42.060001,42.650002,74100,38.965378,CHCO
Fri May 02 2014 00:00:00 GMT+0800 (China Standard Time),42.599998,43.25,41.98,42.290001,45600,38.636479,CHCO
Mon May 05 2014 00:00:00 GMT+0800 (China Standard Time),42.209999,42.619999,41.950001,42.360001,45000,38.700431,CHCO
Tue May 06 2014 00:00:00 GMT+0800 (China Standard Time),42.369999,42.389999,41.830002,41.93,53200,38.307579,CHCO
Wed May 07 2014 00:00:00 GMT+0800 (China Standard Time),42.09,42.599998,41.259998,42.5,48100,38.828336,CHCO
Thu May 08 2014 00:00:00 GMT+0800 (China Standard Time),42.5,42.990002,42.25,42.41,44900,38.746111,CHCO
Fri May 09 2014 00:00:00 GMT+0800 (China Standard Time),42.09,43.09,42.09,42.990002,50500,39.276005,CHCO
Mon May 12 2014 00:00:00 GMT+0800 (China Standard Time),43.049999,44.34,41.950001,44.259998,37700,40.436284,CHCO
Tue May 13 2014 00:00:00 GMT+0800 (China Standard Time),44,44,43.169998,43.18,45900,39.449589,CHCO
Wed May 14 2014 00:00:00 GMT+0800 (China Standard Time),43.119999,43.119999,41.900002,41.959999,42100,38.334986,CHCO
Thu May 15 2014 00:00:00 GMT+0800 (China Standard Time),41.880001,42.130001,41.060001,41.869999,64600,38.252762,CHCO
Fri May 16 2014 00:00:00 GMT+0800 (China Standard Time),41.73,42.540001,41.540001,42.27,47800,38.618206,CHCO
Mon May 19 2014 00:00:00 GMT+0800 (China Standard Time),42.23,43,42.23,42.830002,30400,39.129828,CHCO
Tue May 20 2014 00:00:00 GMT+0800 (China Standard Time),42.610001,42.610001,41.799999,42.110001,60500,38.472029,CHCO
Wed May 21 2014 00:00:00 GMT+0800 (China Standard Time),42.459999,42.91,41.700001,42.139999,38900,38.499436,CHCO
Thu May 22 2014 00:00:00 GMT+0800 (China Standard Time),42.060001,42.779999,42.060001,42.5,25000,38.828336,CHCO
Fri May 23 2014 00:00:00 GMT+0800 (China Standard Time),42.529999,42.849998,42.27,42.73,23200,39.038465,CHCO
Tue May 27 2014 00:00:00 GMT+0800 (China Standard Time),43.130001,43.869999,42.84,43.790001,40700,40.006891,CHCO
Wed May 28 2014 00:00:00 GMT+0800 (China Standard Time),43.549999,43.700001,43.279999,43.540001,31400,39.778489,CHCO
Thu May 29 2014 00:00:00 GMT+0800 (China Standard Time),43.790001,43.790001,43.310001,43.48,21500,39.723671,CHCO
Fri May 30 2014 00:00:00 GMT+0800 (China Standard Time),43.68,43.73,43.099998,43.209999,45000,39.476996,CHCO
Mon Jun 02 2014 00:00:00 GMT+0800 (China Standard Time),43.450001,43.599998,42.849998,43.34,22500,39.595766,CHCO
Tue Jun 03 2014 00:00:00 GMT+0800 (China Standard Time),43.259998,43.689999,42.73,43.169998,28600,39.440451,CHCO
Wed Jun 04 2014 00:00:00 GMT+0800 (China Standard Time),42.84,43.169998,42.700001,43.040001,22900,39.321685,CHCO
Thu Jun 05 2014 00:00:00 GMT+0800 (China Standard Time),43.279999,44.25,42.759998,44.25,34200,40.427149,CHCO
Fri Jun 06 2014 00:00:00 GMT+0800 (China Standard Time),44.560001,45.43,44.389999,45.349998,50300,41.432117,CHCO
Mon Jun 09 2014 00:00:00 GMT+0800 (China Standard Time),45.439999,46.360001,44.470001,46.200001,38500,42.208685,CHCO
Tue Jun 10 2014 00:00:00 GMT+0800 (China Standard Time),45.880001,46.23,45.07,46.220001,26600,42.226958,CHCO
Wed Jun 11 2014 00:00:00 GMT+0800 (China Standard Time),46.119999,46.169998,45.790001,46,60500,42.025963,CHCO
Thu Jun 12 2014 00:00:00 GMT+0800 (China Standard Time),46.040001,46.34,45.740002,46.110001,57700,42.126461,CHCO
Fri Jun 13 2014 00:00:00 GMT+0800 (China Standard Time),46.389999,46.41,45.23,45.34,29200,41.422982,CHCO
Mon Jun 16 2014 00:00:00 GMT+0800 (China Standard Time),45.119999,45.119999,44.59,44.779999,33500,40.91136,CHCO
Tue Jun 17 2014 00:00:00 GMT+0800 (China Standard Time),44.66,45.5,44.490002,45.419998,38800,41.496069,CHCO
Wed Jun 18 2014 00:00:00 GMT+0800 (China Standard Time),45.549999,45.66,44.849998,45.639999,30300,41.697064,CHCO
Thu Jun 19 2014 00:00:00 GMT+0800 (China Standard Time),45.639999,45.669998,45.259998,45.599998,19600,41.660519,CHCO
Fri Jun 20 2014 00:00:00 GMT+0800 (China Standard Time),46,46.049999,45.639999,45.82,84200,41.861513,CHCO
Mon Jun 23 2014 00:00:00 GMT+0800 (China Standard Time),45.810001,46.279999,45.169998,45.860001,48100,41.898059,CHCO
Tue Jun 24 2014 00:00:00 GMT+0800 (China Standard Time),45.959999,46.849998,45.349998,45.349998,46700,41.432117,CHCO
Wed Jun 25 2014 00:00:00 GMT+0800 (China Standard Time),45.009998,45.169998,44.57,44.900002,73300,41.020996,CHCO
Thu Jun 26 2014 00:00:00 GMT+0800 (China Standard Time),44.900002,45.040001,44.41,44.91,24800,41.03013,CHCO
Fri Jun 27 2014 00:00:00 GMT+0800 (China Standard Time),44.84,45.540001,44.799999,44.98,114900,41.094083,CHCO
Mon Jun 30 2014 00:00:00 GMT+0800 (China Standard Time),44.700001,45.259998,44.470001,45.119999,44800,41.221987,CHCO
Tue Jul 01 2014 00:00:00 GMT+0800 (China Standard Time),45.48,46.720001,45.48,46.259998,52700,42.2635,CHCO
Wed Jul 02 2014 00:00:00 GMT+0800 (China Standard Time),46.200001,46.25,45.5,45.580002,23300,41.64225,CHCO
Thu Jul 03 2014 00:00:00 GMT+0800 (China Standard Time),45.950001,46.450001,45.950001,46.439999,14800,42.427949,CHCO
Mon Jul 07 2014 00:00:00 GMT+0800 (China Standard Time),46.07,46.130001,45.540001,45.580002,32100,41.64225,CHCO
Tue Jul 08 2014 00:00:00 GMT+0800 (China Standard Time),45.669998,45.669998,44.91,45.009998,44300,41.12149,CHCO
Wed Jul 09 2014 00:00:00 GMT+0800 (China Standard Time),45.34,45.889999,44.990002,45.139999,62700,41.24026,CHCO
Thu Jul 10 2014 00:00:00 GMT+0800 (China Standard Time),44.799999,45.360001,44.27,44.73,42900,40.865681,CHCO
Fri Jul 11 2014 00:00:00 GMT+0800 (China Standard Time),44.369999,44.459999,43.779999,44.119999,36900,40.672091,CHCO
Mon Jul 14 2014 00:00:00 GMT+0800 (China Standard Time),44.310001,44.450001,42.700001,44.299999,32900,40.838024,CHCO
Tue Jul 15 2014 00:00:00 GMT+0800 (China Standard Time),44.389999,44.919998,44.060001,44.220001,21300,40.764278,CHCO
Wed Jul 16 2014 00:00:00 GMT+0800 (China Standard Time),44.529999,44.529999,43.470001,43.59,37600,40.18351,CHCO
Thu Jul 17 2014 00:00:00 GMT+0800 (China Standard Time),43.130001,43.5,42.369999,42.48,34700,39.160254,CHCO
Fri Jul 18 2014 00:00:00 GMT+0800 (China Standard Time),42.349998,43.43,42.349998,43.290001,56100,39.906956,CHCO
Mon Jul 21 2014 00:00:00 GMT+0800 (China Standard Time),43.049999,43.299999,42.93,43.200001,26400,39.823989,CHCO
Tue Jul 22 2014 00:00:00 GMT+0800 (China Standard Time),43.220001,43.849998,43.029999,43.279999,44600,39.897735,CHCO
Wed Jul 23 2014 00:00:00 GMT+0800 (China Standard Time),43.150002,43.16,42.68,43.049999,66400,39.68571,CHCO
Thu Jul 24 2014 00:00:00 GMT+0800 (China Standard Time),43.009998,43.209999,42.790001,43.02,70100,39.658055,CHCO
Fri Jul 25 2014 00:00:00 GMT+0800 (China Standard Time),42.599998,43.16,42.41,42.439999,34700,39.12338,CHCO
Mon Jul 28 2014 00:00:00 GMT+0800 (China Standard Time),42.43,42.580002,41.77,41.98,40300,38.699329,CHCO
Tue Jul 29 2014 00:00:00 GMT+0800 (China Standard Time),42.23,42.23,41.759998,41.889999,51400,38.616362,CHCO
Wed Jul 30 2014 00:00:00 GMT+0800 (China Standard Time),42.310001,42.310001,41.990002,42.279999,20700,38.975883,CHCO
Thu Jul 31 2014 00:00:00 GMT+0800 (China Standard Time),41.709999,42.290001,41.619999,41.650002,50200,38.39512,CHCO
Fri Aug 01 2014 00:00:00 GMT+0800 (China Standard Time),41.650002,42.380001,40.98,41.200001,48600,37.980286,CHCO
Mon Aug 04 2014 00:00:00 GMT+0800 (China Standard Time),41.509998,41.540001,40.560001,41.259998,34400,38.035594,CHCO
Tue Aug 05 2014 00:00:00 GMT+0800 (China Standard Time),40.900002,41.619999,40.73,41.360001,30600,38.127782,CHCO
Wed Aug 06 2014 00:00:00 GMT+0800 (China Standard Time),41.139999,41.970001,41.139999,41.75,27700,38.487303,CHCO
Thu Aug 07 2014 00:00:00 GMT+0800 (China Standard Time),41.759998,41.869999,41.130001,41.240002,30100,38.017161,CHCO
Fri Aug 08 2014 00:00:00 GMT+0800 (China Standard Time),41.310001,41.740002,41.130001,41.560001,34700,38.312153,CHCO
Mon Aug 11 2014 00:00:00 GMT+0800 (China Standard Time),41.919998,42.259998,41.700001,41.82,37400,38.551833,CHCO
Tue Aug 12 2014 00:00:00 GMT+0800 (China Standard Time),41.560001,41.689999,41.32,41.450001,39200,38.210749,CHCO
Wed Aug 13 2014 00:00:00 GMT+0800 (China Standard Time),41.5,41.990002,41.349998,41.91,31800,38.634799,CHCO
Thu Aug 14 2014 00:00:00 GMT+0800 (China Standard Time),41.869999,42.34,41.709999,41.82,22100,38.551833,CHCO
Fri Aug 15 2014 00:00:00 GMT+0800 (China Standard Time),42.189999,42.330002,40.869999,41.43,54400,38.192311,CHCO
Mon Aug 18 2014 00:00:00 GMT+0800 (China Standard Time),42.009998,42.139999,41.91,42.099998,46100,38.80995,CHCO
Tue Aug 19 2014 00:00:00 GMT+0800 (China Standard Time),42.09,42.459999,42.09,42.259998,18000,38.957446,CHCO
Wed Aug 20 2014 00:00:00 GMT+0800 (China Standard Time),42.040001,42.040001,41.59,41.66,19900,38.404336,CHCO
Thu Aug 21 2014 00:00:00 GMT+0800 (China Standard Time),41.630001,42.779999,41.5,42.5,26200,39.178692,CHCO
Fri Aug 22 2014 00:00:00 GMT+0800 (China Standard Time),42.59,42.59,42.130001,42.25,35600,38.948229,CHCO
Mon Aug 25 2014 00:00:00 GMT+0800 (China Standard Time),42.389999,42.549999,41.889999,42.349998,55700,39.040413,CHCO
Tue Aug 26 2014 00:00:00 GMT+0800 (China Standard Time),42.48,42.970001,42.48,42.689999,35400,39.353842,CHCO
Wed Aug 27 2014 00:00:00 GMT+0800 (China Standard Time),42.66,42.75,42.549999,42.59,23500,39.261659,CHCO
Thu Aug 28 2014 00:00:00 GMT+0800 (China Standard Time),42.330002,42.490002,42.150002,42.34,29200,39.031196,CHCO
Fri Aug 29 2014 00:00:00 GMT+0800 (China Standard Time),42.360001,42.75,42.189999,42.720001,34700,39.3815,CHCO
Tue Sep 02 2014 00:00:00 GMT+0800 (China Standard Time),42.75,43.450001,42.369999,43.049999,54200,39.68571,CHCO
Wed Sep 03 2014 00:00:00 GMT+0800 (China Standard Time),43.310001,43.310001,42.599998,42.75,73500,39.409155,CHCO
Thu Sep 04 2014 00:00:00 GMT+0800 (China Standard Time),42.77,43.299999,42.509998,42.700001,55600,39.363063,CHCO
Fri Sep 05 2014 00:00:00 GMT+0800 (China Standard Time),42.619999,43.16,42.34,43.060001,35300,39.69493,CHCO
Mon Sep 08 2014 00:00:00 GMT+0800 (China Standard Time),43.189999,43.200001,42.580002,43.009998,36500,39.648835,CHCO
Tue Sep 09 2014 00:00:00 GMT+0800 (China Standard Time),43,43.18,42.450001,42.599998,40400,39.270876,CHCO
Wed Sep 10 2014 00:00:00 GMT+0800 (China Standard Time),42.68,43.240002,42.68,43.040001,39700,39.676493,CHCO
Thu Sep 11 2014 00:00:00 GMT+0800 (China Standard Time),42.799999,43.459999,42.799999,43.299999,30100,39.916173,CHCO
Fri Sep 12 2014 00:00:00 GMT+0800 (China Standard Time),43.369999,43.57,42.970001,43.25,35200,39.870081,CHCO
Mon Sep 15 2014 00:00:00 GMT+0800 (China Standard Time),43.040001,43.349998,42.580002,42.91,27700,39.556651,CHCO
Tue Sep 16 2014 00:00:00 GMT+0800 (China Standard Time),43.290001,43.290001,42.619999,42.799999,39900,39.455247,CHCO
Wed Sep 17 2014 00:00:00 GMT+0800 (China Standard Time),42.799999,43.25,42.669998,42.93,23200,39.575088,CHCO
Thu Sep 18 2014 00:00:00 GMT+0800 (China Standard Time),42.959999,43.860001,42.959999,43.540001,49100,40.137418,CHCO
Fri Sep 19 2014 00:00:00 GMT+0800 (China Standard Time),43.73,44.25,43.509998,43.77,165400,40.349444,CHCO
Mon Sep 22 2014 00:00:00 GMT+0800 (China Standard Time),43.599998,43.77,43.139999,43.16,37100,39.787114,CHCO
Tue Sep 23 2014 00:00:00 GMT+0800 (China Standard Time),43.139999,43.380001,42.290001,42.330002,47700,39.021979,CHCO
Wed Sep 24 2014 00:00:00 GMT+0800 (China Standard Time),42.540001,43.18,42.25,42.34,72700,39.031196,CHCO
Thu Sep 25 2014 00:00:00 GMT+0800 (China Standard Time),42.16,42.709999,41.77,42.150002,81000,38.856045,CHCO
Fri Sep 26 2014 00:00:00 GMT+0800 (China Standard Time),42.240002,42.740002,42.150002,42.59,60100,39.261659,CHCO
Mon Sep 29 2014 00:00:00 GMT+0800 (China Standard Time),42.009998,42.5,41.34,42.369999,49600,39.05885,CHCO
Tue Sep 30 2014 00:00:00 GMT+0800 (China Standard Time),42.360001,42.419998,42.060001,42.130001,74000,38.837608,CHCO
Wed Oct 01 2014 00:00:00 GMT+0800 (China Standard Time),41.900002,42.599998,41.75,42.02,73200,38.736204,CHCO
Thu Oct 02 2014 00:00:00 GMT+0800 (China Standard Time),42,42.580002,42,42.419998,46200,39.104942,CHCO
Fri Oct 03 2014 00:00:00 GMT+0800 (China Standard Time),42.75,43.110001,42.490002,42.529999,41700,39.206346,CHCO
Mon Oct 06 2014 00:00:00 GMT+0800 (China Standard Time),42.529999,42.68,42.060001,42.369999,30000,39.05885,CHCO
Tue Oct 07 2014 00:00:00 GMT+0800 (China Standard Time),41.93,42.48,41.84,41.880001,46800,38.607145,CHCO
Wed Oct 08 2014 00:00:00 GMT+0800 (China Standard Time),41.630001,43.439999,41.630001,43.380001,67200,39.989922,CHCO
Thu Oct 09 2014 00:00:00 GMT+0800 (China Standard Time),43.150002,43.150002,42.09,42.220001,68900,38.920575,CHCO
Fri Oct 10 2014 00:00:00 GMT+0800 (China Standard Time),41.630001,42.84,41.630001,42.209999,64300,39.283533,CHCO
Mon Oct 13 2014 00:00:00 GMT+0800 (China Standard Time),42.099998,43.209999,41.84,42.959999,63300,39.981535,CHCO
Tue Oct 14 2014 00:00:00 GMT+0800 (China Standard Time),43.080002,43.990002,42.900002,43.66,72000,40.633004,CHCO
Wed Oct 15 2014 00:00:00 GMT+0800 (China Standard Time),42.91,43.599998,42.18,42.98,61300,40.000148,CHCO
Thu Oct 16 2014 00:00:00 GMT+0800 (China Standard Time),42.349998,43.439999,42.349998,43.18,134900,40.186283,CHCO
Fri Oct 17 2014 00:00:00 GMT+0800 (China Standard Time),43.73,43.73,42.290001,42.41,66500,39.469668,CHCO
Mon Oct 20 2014 00:00:00 GMT+0800 (China Standard Time),42.400002,42.98,42,42.509998,53100,39.562733,CHCO
Tue Oct 21 2014 00:00:00 GMT+0800 (China Standard Time),42.66,42.889999,42.099998,42.830002,74800,39.86055,CHCO
Wed Oct 22 2014 00:00:00 GMT+0800 (China Standard Time),43.040001,43.310001,42.599998,42.740002,43400,39.77679,CHCO
Thu Oct 23 2014 00:00:00 GMT+0800 (China Standard Time),42.849998,43.150002,42.349998,42.619999,50200,39.665107,CHCO
Fri Oct 24 2014 00:00:00 GMT+0800 (China Standard Time),42.490002,43,41.84,41.959999,37000,39.050866,CHCO
Mon Oct 27 2014 00:00:00 GMT+0800 (China Standard Time),41.630001,42.330002,41.630001,42.25,31400,39.320761,CHCO
Tue Oct 28 2014 00:00:00 GMT+0800 (China Standard Time),42.349998,43.610001,42.349998,43.490002,65400,40.474792,CHCO
Wed Oct 29 2014 00:00:00 GMT+0800 (China Standard Time),43.509998,44.07,43.23,43.830002,48500,40.791219,CHCO
Thu Oct 30 2014 00:00:00 GMT+0800 (China Standard Time),42.220001,44.779999,42.220001,44.400002,58700,41.3217,CHCO
Fri Oct 31 2014 00:00:00 GMT+0800 (China Standard Time),45.27,45.27,44.779999,44.990002,89900,41.870795,CHCO
Mon Nov 03 2014 00:00:00 GMT+0800 (China Standard Time),45.040001,45.810001,44.52,45.16,63600,42.029007,CHCO
Tue Nov 04 2014 00:00:00 GMT+0800 (China Standard Time),44.810001,45.57,44.810001,45.540001,31500,42.382662,CHCO
Wed Nov 05 2014 00:00:00 GMT+0800 (China Standard Time),45.759998,46.130001,44.990002,45.619999,51300,42.457114,CHCO
Thu Nov 06 2014 00:00:00 GMT+0800 (China Standard Time),45.560001,46.150002,45.48,46.060001,40400,42.86661,CHCO
Fri Nov 07 2014 00:00:00 GMT+0800 (China Standard Time),46.09,46.240002,45.439999,46.130001,30600,42.931757,CHCO
Mon Nov 10 2014 00:00:00 GMT+0800 (China Standard Time),45.919998,46.52,45.919998,46.389999,47600,43.173729,CHCO
Tue Nov 11 2014 00:00:00 GMT+0800 (China Standard Time),46.349998,46.360001,46.07,46.110001,43400,42.913143,CHCO
Wed Nov 12 2014 00:00:00 GMT+0800 (China Standard Time),45.970001,46.259998,45.970001,46.220001,45400,43.015517,CHCO
Thu Nov 13 2014 00:00:00 GMT+0800 (China Standard Time),46.400002,46.400002,45.400002,45.5,27300,42.345435,CHCO
Fri Nov 14 2014 00:00:00 GMT+0800 (China Standard Time),45.450001,46,44.939999,45.23,44800,42.094153,CHCO
Mon Nov 17 2014 00:00:00 GMT+0800 (China Standard Time),45.029999,45.200001,44.169998,44.27,50200,41.200712,CHCO
Tue Nov 18 2014 00:00:00 GMT+0800 (China Standard Time),44.299999,44.759998,44.220001,44.529999,44600,41.442685,CHCO
Wed Nov 19 2014 00:00:00 GMT+0800 (China Standard Time),44.549999,44.549999,43.490002,43.849998,35700,40.809829,CHCO
Thu Nov 20 2014 00:00:00 GMT+0800 (China Standard Time),43.630001,44.189999,43.48,44.169998,35300,41.107643,CHCO
Fri Nov 21 2014 00:00:00 GMT+0800 (China Standard Time),44.619999,45.150002,43.299999,43.52,63600,40.502711,CHCO
Mon Nov 24 2014 00:00:00 GMT+0800 (China Standard Time),43.549999,44.119999,43.5,44.009998,49400,40.958736,CHCO
Tue Nov 25 2014 00:00:00 GMT+0800 (China Standard Time),44.009998,44.369999,43.919998,44.349998,34200,41.275164,CHCO
Wed Nov 26 2014 00:00:00 GMT+0800 (China Standard Time),44.799999,44.799999,44.209999,44.52,27900,41.433379,CHCO
Fri Nov 28 2014 00:00:00 GMT+0800 (China Standard Time),44.549999,44.810001,43.549999,43.73,32800,40.69815,CHCO
Mon Dec 01 2014 00:00:00 GMT+0800 (China Standard Time),43.84,43.93,42.73,42.810001,71300,39.841936,CHCO
Tue Dec 02 2014 00:00:00 GMT+0800 (China Standard Time),43.060001,44.029999,43.060001,43.740002,47000,40.707459,CHCO
Wed Dec 03 2014 00:00:00 GMT+0800 (China Standard Time),43.639999,44.509998,43.220001,44.119999,40800,41.06111,CHCO
Thu Dec 04 2014 00:00:00 GMT+0800 (China Standard Time),44,44.48,43.880001,44.200001,44400,41.135566,CHCO
Fri Dec 05 2014 00:00:00 GMT+0800 (China Standard Time),44.259998,45.439999,44.259998,45.080002,38100,41.954555,CHCO
Mon Dec 08 2014 00:00:00 GMT+0800 (China Standard Time),45.07,45.880001,44.73,44.880001,76000,41.768421,CHCO
Tue Dec 09 2014 00:00:00 GMT+0800 (China Standard Time),44.380001,46.119999,44.380001,45.900002,45400,42.717703,CHCO
Wed Dec 10 2014 00:00:00 GMT+0800 (China Standard Time),45.360001,45.720001,44.369999,44.389999,53600,41.312391,CHCO
Thu Dec 11 2014 00:00:00 GMT+0800 (China Standard Time),44.630001,45.41,44.459999,44.66,23300,41.563673,CHCO
Fri Dec 12 2014 00:00:00 GMT+0800 (China Standard Time),44.220001,44.77,43.990002,44.060001,42600,41.005273,CHCO
Mon Dec 15 2014 00:00:00 GMT+0800 (China Standard Time),44.09,44.75,43.810001,44.23,40100,41.163485,CHCO
Tue Dec 16 2014 00:00:00 GMT+0800 (China Standard Time),44.029999,45.049999,43.759998,44.360001,30800,41.284473,CHCO
Wed Dec 17 2014 00:00:00 GMT+0800 (China Standard Time),44.27,45.52,43.689999,45.41,35900,42.261674,CHCO
Thu Dec 18 2014 00:00:00 GMT+0800 (China Standard Time),45.669998,46.439999,44.66,46.220001,42800,43.015517,CHCO
Fri Dec 19 2014 00:00:00 GMT+0800 (China Standard Time),46,46,44.98,45.02,243500,41.898714,CHCO
Mon Dec 22 2014 00:00:00 GMT+0800 (China Standard Time),45.299999,45.599998,44.66,45.5,36000,42.345435,CHCO
Tue Dec 23 2014 00:00:00 GMT+0800 (China Standard Time),45.580002,46.240002,45.5,45.900002,23200,42.717703,CHCO
Wed Dec 24 2014 00:00:00 GMT+0800 (China Standard Time),45.830002,46.57,45.310001,46.02,33100,42.829383,CHCO
Fri Dec 26 2014 00:00:00 GMT+0800 (China Standard Time),46.380001,46.41,45.939999,46.16,11000,42.959676,CHCO
Mon Dec 29 2014 00:00:00 GMT+0800 (China Standard Time),46.32,47.09,46.32,46.950001,53800,43.694905,CHCO
Tue Dec 30 2014 00:00:00 GMT+0800 (China Standard Time),46.900002,47.830002,46.860001,46.91,18600,43.657678,CHCO
Wed Dec 31 2014 00:00:00 GMT+0800 (China Standard Time),47.18,47.689999,46.419998,46.529999,44000,43.304022,CHCO
Fri Jan 02 2015 00:00:00 GMT+0800 (China Standard Time),46.720001,46.720001,45.220001,45.91,18900,42.727009,CHCO
Mon Jan 05 2015 00:00:00 GMT+0800 (China Standard Time),45.52,46.009998,44.689999,44.900002,34800,41.787035,CHCO
Tue Jan 06 2015 00:00:00 GMT+0800 (China Standard Time),45.009998,45.040001,43.43,43.509998,53000,40.493402,CHCO
Wed Jan 07 2015 00:00:00 GMT+0800 (China Standard Time),43.73,44.099998,43.43,44.02,40200,40.968045,CHCO
Thu Jan 08 2015 00:00:00 GMT+0800 (China Standard Time),44.32,44.889999,44.02,44.41,65900,41.331005,CHCO
Fri Jan 09 2015 00:00:00 GMT+0800 (China Standard Time),44.34,44.650002,43.41,43.439999,24000,40.428255,CHCO
Mon Jan 12 2015 00:00:00 GMT+0800 (China Standard Time),43.290001,43.68,42.849998,43.450001,27400,40.437564,CHCO
Tue Jan 13 2015 00:00:00 GMT+0800 (China Standard Time),43.439999,44.27,42.169998,43.040001,66700,40.428171,CHCO
Wed Jan 14 2015 00:00:00 GMT+0800 (China Standard Time),42.400002,42.73,42.049999,42.349998,59400,39.78004,CHCO
Thu Jan 15 2015 00:00:00 GMT+0800 (China Standard Time),42.34,42.34,41.66,42.040001,35400,39.488854,CHCO
Fri Jan 16 2015 00:00:00 GMT+0800 (China Standard Time),41.84,43.099998,41.84,43.029999,50300,40.418776,CHCO
Tue Jan 20 2015 00:00:00 GMT+0800 (China Standard Time),42.98,42.98,42.049999,42.41,51900,39.8364,CHCO
Wed Jan 21 2015 00:00:00 GMT+0800 (China Standard Time),42.389999,42.389999,41.59,41.759998,45200,39.225843,CHCO
Thu Jan 22 2015 00:00:00 GMT+0800 (China Standard Time),42.16,43.560001,41.889999,43.43,143300,40.794503,CHCO
Fri Jan 23 2015 00:00:00 GMT+0800 (China Standard Time),43.299999,43.75,42.639999,42.759998,37300,40.16516,CHCO
Mon Jan 26 2015 00:00:00 GMT+0800 (China Standard Time),43.23,44.330002,42.830002,43.869999,85400,41.207801,CHCO
Tue Jan 27 2015 00:00:00 GMT+0800 (China Standard Time),43.59,44.049999,42.509998,43.790001,46700,41.132658,CHCO
Wed Jan 28 2015 00:00:00 GMT+0800 (China Standard Time),44.049999,44.049999,42.610001,42.709999,49100,40.118195,CHCO
Thu Jan 29 2015 00:00:00 GMT+0800 (China Standard Time),42.720001,43.490002,42.509998,43.48,79000,40.841469,CHCO
Fri Jan 30 2015 00:00:00 GMT+0800 (China Standard Time),43.040001,43.5,42.169998,42.330002,84900,39.761257,CHCO
Mon Feb 02 2015 00:00:00 GMT+0800 (China Standard Time),42.52,43.759998,42.18,43.669998,53300,41.019937,CHCO
Tue Feb 03 2015 00:00:00 GMT+0800 (China Standard Time),43.66,44.259998,43.5,44.080002,69600,41.40506,CHCO
Wed Feb 04 2015 00:00:00 GMT+0800 (China Standard Time),43.869999,44.57,43.759998,43.869999,38300,41.207801,CHCO
Thu Feb 05 2015 00:00:00 GMT+0800 (China Standard Time),44.25,45.240002,43.91,45.09,32600,42.353768,CHCO
Fri Feb 06 2015 00:00:00 GMT+0800 (China Standard Time),45.220001,46.330002,45.220001,46.130001,84700,43.330658,CHCO
Mon Feb 09 2015 00:00:00 GMT+0800 (China Standard Time),45.889999,46.150002,45.330002,45.43,75500,42.673136,CHCO
Tue Feb 10 2015 00:00:00 GMT+0800 (China Standard Time),45.93,45.93,44.93,45.5,33300,42.738888,CHCO
Wed Feb 11 2015 00:00:00 GMT+0800 (China Standard Time),45.299999,45.529999,44.880001,45.310001,21000,42.560419,CHCO
Thu Feb 12 2015 00:00:00 GMT+0800 (China Standard Time),45.560001,46.5,45.540001,46.490002,38800,43.668812,CHCO
Fri Feb 13 2015 00:00:00 GMT+0800 (China Standard Time),46.330002,46.549999,45.830002,46.139999,26500,43.34005,CHCO
Tue Feb 17 2015 00:00:00 GMT+0800 (China Standard Time),45.939999,46.610001,45.84,46.419998,32000,43.603057,CHCO
Wed Feb 18 2015 00:00:00 GMT+0800 (China Standard Time),46.119999,46.290001,45.540001,46.23,41700,43.424588,CHCO
Thu Feb 19 2015 00:00:00 GMT+0800 (China Standard Time),46,46.369999,45.849998,46.209999,33900,43.405801,CHCO
Fri Feb 20 2015 00:00:00 GMT+0800 (China Standard Time),46.279999,46.34,45.290001,46.139999,35700,43.34005,CHCO
Mon Feb 23 2015 00:00:00 GMT+0800 (China Standard Time),45.869999,46.060001,45.5,45.98,22700,43.189759,CHCO
Tue Feb 24 2015 00:00:00 GMT+0800 (China Standard Time),46.209999,46.450001,45.98,46.189999,33300,43.387015,CHCO
Wed Feb 25 2015 00:00:00 GMT+0800 (China Standard Time),46.009998,46.490002,45.869999,46.18,31300,43.377623,CHCO
Thu Feb 26 2015 00:00:00 GMT+0800 (China Standard Time),45.91,46.639999,45.830002,46.610001,27800,43.781529,CHCO
Fri Feb 27 2015 00:00:00 GMT+0800 (China Standard Time),46.400002,46.77,46.139999,46.150002,32200,43.349445,CHCO
Mon Mar 02 2015 00:00:00 GMT+0800 (China Standard Time),46.23,46.700001,45.599998,46.040001,47700,43.246119,CHCO
Tue Mar 03 2015 00:00:00 GMT+0800 (China Standard Time),45.759998,45.849998,45.220001,45.509998,26400,42.748279,CHCO
Wed Mar 04 2015 00:00:00 GMT+0800 (China Standard Time),45.25,45.900002,44.700001,45.18,28700,42.438307,CHCO
Thu Mar 05 2015 00:00:00 GMT+0800 (China Standard Time),45.189999,45.98,44.689999,45.110001,31200,42.372555,CHCO
Fri Mar 06 2015 00:00:00 GMT+0800 (China Standard Time),44.919998,46.18,44.919998,45.669998,59800,42.89857,CHCO
Mon Mar 09 2015 00:00:00 GMT+0800 (China Standard Time),45.880001,46.48,45.880001,46.009998,39300,43.217937,CHCO
Tue Mar 10 2015 00:00:00 GMT+0800 (China Standard Time),45.509998,45.549999,44.84,45.029999,33700,42.297408,CHCO
Wed Mar 11 2015 00:00:00 GMT+0800 (China Standard Time),45.02,45.779999,44.82,45.540001,45800,42.776461,CHCO
Thu Mar 12 2015 00:00:00 GMT+0800 (China Standard Time),45.990002,47.310001,45.919998,47.299999,36000,44.429656,CHCO
Fri Mar 13 2015 00:00:00 GMT+0800 (China Standard Time),47.400002,47.400002,46.43,47.290001,28700,44.420265,CHCO
Mon Mar 16 2015 00:00:00 GMT+0800 (China Standard Time),47.709999,47.799999,46.970001,47.130001,56000,44.269974,CHCO
Tue Mar 17 2015 00:00:00 GMT+0800 (China Standard Time),47.110001,47.490002,46.639999,47.470001,34500,44.589342,CHCO
Wed Mar 18 2015 00:00:00 GMT+0800 (China Standard Time),47.349998,47.75,46.73,47.110001,32100,44.251187,CHCO
Thu Mar 19 2015 00:00:00 GMT+0800 (China Standard Time),46.779999,47.220001,46.509998,47.09,28500,44.232401,CHCO
Fri Mar 20 2015 00:00:00 GMT+0800 (China Standard Time),47.360001,48.080002,47.09,47.939999,122800,45.030818,CHCO
Mon Mar 23 2015 00:00:00 GMT+0800 (China Standard Time),47.830002,48.240002,47.330002,47.610001,65500,44.720845,CHCO
Tue Mar 24 2015 00:00:00 GMT+0800 (China Standard Time),47.360001,49,47.130001,47.450001,98300,44.570555,CHCO
Wed Mar 25 2015 00:00:00 GMT+0800 (China Standard Time),47.650002,47.939999,46.57,46.580002,42000,43.753351,CHCO
Thu Mar 26 2015 00:00:00 GMT+0800 (China Standard Time),46.259998,47.310001,46.259998,47.119999,46400,44.260579,CHCO
Fri Mar 27 2015 00:00:00 GMT+0800 (China Standard Time),47.16,47.540001,46.720001,47.18,40000,44.316939,CHCO
Mon Mar 30 2015 00:00:00 GMT+0800 (China Standard Time),47.25,48.43,47.130001,48.09,34800,45.171717,CHCO
Tue Mar 31 2015 00:00:00 GMT+0800 (China Standard Time),47.490002,47.5,46.509998,47.029999,89400,44.17604,CHCO
Wed Apr 01 2015 00:00:00 GMT+0800 (China Standard Time),46.66,47.279999,46.400002,47.259998,44800,44.392083,CHCO
Thu Apr 02 2015 00:00:00 GMT+0800 (China Standard Time),47.459999,47.900002,47.400002,47.799999,35600,44.899314,CHCO
Mon Apr 06 2015 00:00:00 GMT+0800 (China Standard Time),47.509998,47.990002,47.209999,47.52,36700,44.636307,CHCO
Tue Apr 07 2015 00:00:00 GMT+0800 (China Standard Time),47.290001,47.84,47.09,47.5,26900,44.61752,CHCO
Wed Apr 08 2015 00:00:00 GMT+0800 (China Standard Time),47.16,47.68,47.080002,47.380001,32700,44.504803,CHCO
Thu Apr 09 2015 00:00:00 GMT+0800 (China Standard Time),47.200001,47.330002,46.59,46.990002,23000,44.13847,CHCO
Fri Apr 10 2015 00:00:00 GMT+0800 (China Standard Time),47.299999,47.599998,47.029999,47.310001,34000,44.439051,CHCO
Mon Apr 13 2015 00:00:00 GMT+0800 (China Standard Time),47.07,47.220001,45.700001,47.099998,23000,44.638073,CHCO
Tue Apr 14 2015 00:00:00 GMT+0800 (China Standard Time),47,47.139999,46.700001,47.060001,38500,44.600167,CHCO
Wed Apr 15 2015 00:00:00 GMT+0800 (China Standard Time),47.25,48.349998,47.150002,47.529999,55600,45.045597,CHCO
Thu Apr 16 2015 00:00:00 GMT+0800 (China Standard Time),47.389999,47.860001,47.02,47.650002,74800,45.159328,CHCO
Fri Apr 17 2015 00:00:00 GMT+0800 (China Standard Time),47.310001,47.720001,46.779999,46.849998,48400,44.401141,CHCO
Mon Apr 20 2015 00:00:00 GMT+0800 (China Standard Time),46.919998,48.099998,46.66,47.790001,42200,45.292009,CHCO
Tue Apr 21 2015 00:00:00 GMT+0800 (China Standard Time),47.700001,47.900002,47.619999,47.830002,25500,45.329919,CHCO
Wed Apr 22 2015 00:00:00 GMT+0800 (China Standard Time),47.720001,48.189999,47.580002,48.119999,32400,45.604758,CHCO
Thu Apr 23 2015 00:00:00 GMT+0800 (China Standard Time),48.25,48.290001,47.439999,47.549999,31000,45.064553,CHCO
Fri Apr 24 2015 00:00:00 GMT+0800 (China Standard Time),47.560001,47.77,47.07,47.259998,30600,44.78971,CHCO
Mon Apr 27 2015 00:00:00 GMT+0800 (China Standard Time),47.43,47.779999,46.650002,46.810001,41500,44.363234,CHCO
Tue Apr 28 2015 00:00:00 GMT+0800 (China Standard Time),46.860001,47.990002,46.57,47.75,43700,45.254099,CHCO
Wed Apr 29 2015 00:00:00 GMT+0800 (China Standard Time),47.560001,47.75,46.959999,47.09,30100,44.628598,CHCO
Thu Apr 30 2015 00:00:00 GMT+0800 (China Standard Time),46.849998,47.009998,45.869999,45.970001,79700,43.567141,CHCO
Fri May 01 2015 00:00:00 GMT+0800 (China Standard Time),46.32,46.549999,45.330002,45.66,47000,43.273344,CHCO
Mon May 04 2015 00:00:00 GMT+0800 (China Standard Time),45.799999,46.18,45.599998,45.799999,48200,43.406025,CHCO
Tue May 05 2015 00:00:00 GMT+0800 (China Standard Time),45.799999,45.93,45.209999,45.59,67500,43.207003,CHCO
Wed May 06 2015 00:00:00 GMT+0800 (China Standard Time),45.580002,45.689999,45.060001,45.59,51300,43.207003,CHCO
Thu May 07 2015 00:00:00 GMT+0800 (China Standard Time),45.380001,45.84,45.200001,45.75,50800,43.35864,CHCO
Fri May 08 2015 00:00:00 GMT+0800 (China Standard Time),46.150002,46.150002,45.540001,45.869999,29000,43.472366,CHCO
Mon May 11 2015 00:00:00 GMT+0800 (China Standard Time),45.610001,46.080002,45.610001,45.93,37400,43.529231,CHCO
Tue May 12 2015 00:00:00 GMT+0800 (China Standard Time),45.77,46.220001,45.16,46.040001,30800,43.633482,CHCO
Wed May 13 2015 00:00:00 GMT+0800 (China Standard Time),46.049999,46.25,45.700001,46.110001,14500,43.699823,CHCO
Thu May 14 2015 00:00:00 GMT+0800 (China Standard Time),46.48,46.779999,46.130001,46.32,52300,43.898845,CHCO
Fri May 15 2015 00:00:00 GMT+0800 (China Standard Time),46.279999,46.279999,45.110001,45.509998,34700,43.131183,CHCO
Mon May 18 2015 00:00:00 GMT+0800 (China Standard Time),45.450001,46.240002,45.360001,46.139999,44200,43.728254,CHCO
Tue May 19 2015 00:00:00 GMT+0800 (China Standard Time),46.049999,46.919998,46.049999,46.52,55100,44.088392,CHCO
Wed May 20 2015 00:00:00 GMT+0800 (China Standard Time),46.650002,46.650002,46.110001,46.189999,47900,43.775639,CHCO
Thu May 21 2015 00:00:00 GMT+0800 (China Standard Time),46,46.349998,45.470001,45.950001,43200,43.548186,CHCO
Fri May 22 2015 00:00:00 GMT+0800 (China Standard Time),45.849998,46.009998,45.110001,45.259998,33900,42.89425,CHCO
Tue May 26 2015 00:00:00 GMT+0800 (China Standard Time),45.209999,45.209999,44.540001,45,52800,42.647842,CHCO
Wed May 27 2015 00:00:00 GMT+0800 (China Standard Time),45.07,45.849998,44.630001,45.669998,50300,43.282819,CHCO
Thu May 28 2015 00:00:00 GMT+0800 (China Standard Time),45.389999,45.77,45.139999,45.700001,29500,43.311254,CHCO
Fri May 29 2015 00:00:00 GMT+0800 (China Standard Time),45.5,45.66,44.709999,45.16,42300,42.799479,CHCO
Mon Jun 01 2015 00:00:00 GMT+0800 (China Standard Time),45.700001,45.700001,44.689999,45.529999,45300,43.150138,CHCO
Tue Jun 02 2015 00:00:00 GMT+0800 (China Standard Time),45.189999,46.619999,45.189999,46.330002,53300,43.908325,CHCO
Wed Jun 03 2015 00:00:00 GMT+0800 (China Standard Time),46.209999,47,45.990002,46.849998,34300,44.401141,CHCO
Thu Jun 04 2015 00:00:00 GMT+0800 (China Standard Time),46.48,46.77,45.880001,46.139999,30300,43.728254,CHCO
Fri Jun 05 2015 00:00:00 GMT+0800 (China Standard Time),46.369999,47.09,45.970001,46.610001,87600,44.173688,CHCO
Mon Jun 08 2015 00:00:00 GMT+0800 (China Standard Time),46.389999,46.720001,46.110001,46.259998,53000,43.84198,CHCO
Tue Jun 09 2015 00:00:00 GMT+0800 (China Standard Time),46.279999,47.349998,46.150002,47.049999,116700,44.590688,CHCO
Wed Jun 10 2015 00:00:00 GMT+0800 (China Standard Time),47.419998,48.939999,47.330002,48.299999,147300,45.77535,CHCO
Thu Jun 11 2015 00:00:00 GMT+0800 (China Standard Time),48.330002,48.43,47.720001,48.259998,50700,45.73744,CHCO
Fri Jun 12 2015 00:00:00 GMT+0800 (China Standard Time),47.93,48.07,47.669998,47.900002,58900,45.39626,CHCO
Mon Jun 15 2015 00:00:00 GMT+0800 (China Standard Time),47.529999,47.720001,46.66,47.490002,50200,45.007691,CHCO
Tue Jun 16 2015 00:00:00 GMT+0800 (China Standard Time),47.279999,48.23,46.189999,47.869999,59400,45.367826,CHCO
Wed Jun 17 2015 00:00:00 GMT+0800 (China Standard Time),48.040001,48.139999,47.220001,47.52,104000,45.036122,CHCO
Thu Jun 18 2015 00:00:00 GMT+0800 (China Standard Time),47.889999,48.310001,47.599998,48.09,62400,45.576327,CHCO
Fri Jun 19 2015 00:00:00 GMT+0800 (China Standard Time),48.23,48.73,47.720001,48.529999,137100,45.993327,CHCO
Mon Jun 22 2015 00:00:00 GMT+0800 (China Standard Time),49,49,48.290001,48.939999,28100,46.381896,CHCO
Tue Jun 23 2015 00:00:00 GMT+0800 (China Standard Time),48.830002,49.650002,48.720001,49.490002,32000,46.903151,CHCO
Wed Jun 24 2015 00:00:00 GMT+0800 (China Standard Time),49.540001,49.73,49.080002,49.57,45900,46.978967,CHCO
Thu Jun 25 2015 00:00:00 GMT+0800 (China Standard Time),49.880001,50.27,49.5,49.73,61600,47.130604,CHCO
Fri Jun 26 2015 00:00:00 GMT+0800 (China Standard Time),49.689999,50.25,49.689999,50.220001,202700,47.594993,CHCO
Mon Jun 29 2015 00:00:00 GMT+0800 (China Standard Time),49.720001,50.07,48.540001,48.68,44900,46.135488,CHCO
Tue Jun 30 2015 00:00:00 GMT+0800 (China Standard Time),49,49.41,48.75,49.25,81000,46.675694,CHCO
Wed Jul 01 2015 00:00:00 GMT+0800 (China Standard Time),49.540001,50.02,49.5,49.77,63300,47.168514,CHCO
Thu Jul 02 2015 00:00:00 GMT+0800 (China Standard Time),49.720001,49.75,49.060001,49.139999,83800,46.571443,CHCO
Mon Jul 06 2015 00:00:00 GMT+0800 (China Standard Time),48.990002,49.450001,48.849998,49.380001,53300,46.7989,CHCO
Tue Jul 07 2015 00:00:00 GMT+0800 (China Standard Time),49.450001,49.459999,49,49.060001,67000,46.495627,CHCO
Wed Jul 08 2015 00:00:00 GMT+0800 (China Standard Time),48.68,49.32,48.68,49.32,98800,46.742035,CHCO
Thu Jul 09 2015 00:00:00 GMT+0800 (China Standard Time),49.650002,49.869999,49.169998,49.599998,81700,47.007398,CHCO
Fri Jul 10 2015 00:00:00 GMT+0800 (China Standard Time),50.09,50.470001,50.09,50.349998,53700,47.718195,CHCO
Mon Jul 13 2015 00:00:00 GMT+0800 (China Standard Time),50.610001,50.950001,50.470001,50.91,76100,48.654783,CHCO
Tue Jul 14 2015 00:00:00 GMT+0800 (China Standard Time),50.900002,51.299999,50.560001,51.25,55700,48.979722,CHCO
Wed Jul 15 2015 00:00:00 GMT+0800 (China Standard Time),51.25,51.82,51.150002,51.73,47200,49.438458,CHCO
Thu Jul 16 2015 00:00:00 GMT+0800 (China Standard Time),51.75,52.279999,51.310001,51.48,36400,49.199533,CHCO
Fri Jul 17 2015 00:00:00 GMT+0800 (China Standard Time),51.59,51.59,50.599998,51.049999,52900,48.788581,CHCO
Mon Jul 20 2015 00:00:00 GMT+0800 (China Standard Time),50.990002,51.099998,50.77,51.080002,35400,48.817254,CHCO
Tue Jul 21 2015 00:00:00 GMT+0800 (China Standard Time),50.98,51.529999,50.560001,50.700001,36900,48.454086,CHCO
Wed Jul 22 2015 00:00:00 GMT+0800 (China Standard Time),50.5,51.490002,50.5,51.360001,39800,49.08485,CHCO
Thu Jul 23 2015 00:00:00 GMT+0800 (China Standard Time),51.610001,51.849998,49.939999,50.049999,66000,47.832879,CHCO
Fri Jul 24 2015 00:00:00 GMT+0800 (China Standard Time),49.880001,49.880001,48.740002,48.869999,59900,46.70515,CHCO
Mon Jul 27 2015 00:00:00 GMT+0800 (China Standard Time),48.490002,48.790001,48,48.630001,91700,46.475784,CHCO
Tue Jul 28 2015 00:00:00 GMT+0800 (China Standard Time),48.700001,49.080002,48.220001,48.720001,98200,46.561797,CHCO
Wed Jul 29 2015 00:00:00 GMT+0800 (China Standard Time),48.779999,48.970001,47.880001,48,71100,45.873691,CHCO
Thu Jul 30 2015 00:00:00 GMT+0800 (China Standard Time),47.669998,48.139999,47.220001,48.07,79700,45.940589,CHCO
Fri Jul 31 2015 00:00:00 GMT+0800 (China Standard Time),48,48.57,47.599998,48.220001,44800,46.083946,CHCO
Mon Aug 03 2015 00:00:00 GMT+0800 (China Standard Time),48.02,48.459999,47.869999,48.400002,57900,46.255973,CHCO
Tue Aug 04 2015 00:00:00 GMT+0800 (China Standard Time),48.279999,48.84,48.060001,48.18,48300,46.045717,CHCO
Wed Aug 05 2015 00:00:00 GMT+0800 (China Standard Time),48.18,48.619999,47.919998,48.16,34000,46.026603,CHCO
Thu Aug 06 2015 00:00:00 GMT+0800 (China Standard Time),48.330002,48.400002,48,48.099998,54700,45.969259,CHCO
Fri Aug 07 2015 00:00:00 GMT+0800 (China Standard Time),47.799999,48.040001,47.48,47.869999,41900,45.749448,CHCO
Mon Aug 10 2015 00:00:00 GMT+0800 (China Standard Time),48.32,48.66,47.759998,48.009998,49500,45.883246,CHCO
Tue Aug 11 2015 00:00:00 GMT+0800 (China Standard Time),47.75,48.27,47.650002,48.009998,69900,45.883246,CHCO
Wed Aug 12 2015 00:00:00 GMT+0800 (China Standard Time),47.950001,47.98,47.110001,47.740002,59100,45.62521,CHCO
Thu Aug 13 2015 00:00:00 GMT+0800 (China Standard Time),47.580002,48.209999,47.470001,48,48700,45.873691,CHCO
Fri Aug 14 2015 00:00:00 GMT+0800 (China Standard Time),47.799999,48.349998,47.799999,48.290001,32600,46.150845,CHCO
Mon Aug 17 2015 00:00:00 GMT+0800 (China Standard Time),48.299999,48.959999,46.799999,48.720001,38500,46.561797,CHCO
Tue Aug 18 2015 00:00:00 GMT+0800 (China Standard Time),48.759998,48.759998,48.029999,48.25,34200,46.112616,CHCO
Wed Aug 19 2015 00:00:00 GMT+0800 (China Standard Time),47.869999,48.099998,47.32,47.939999,34800,45.816347,CHCO
Thu Aug 20 2015 00:00:00 GMT+0800 (China Standard Time),47.599998,48.900002,47.110001,47.540001,73000,45.434069,CHCO
Fri Aug 21 2015 00:00:00 GMT+0800 (China Standard Time),46.98,48.240002,46.48,47.470001,79500,45.36717,CHCO
Mon Aug 24 2015 00:00:00 GMT+0800 (China Standard Time),45.5,47.389999,44.540001,45.75,79600,43.723361,CHCO
Tue Aug 25 2015 00:00:00 GMT+0800 (China Standard Time),46.82,47.290001,45.439999,45.560001,79800,43.541779,CHCO
Wed Aug 26 2015 00:00:00 GMT+0800 (China Standard Time),46.330002,47.23,46.02,47.150002,53500,45.061345,CHCO
Thu Aug 27 2015 00:00:00 GMT+0800 (China Standard Time),47.400002,47.450001,46.57,47.259998,75000,45.16647,CHCO
Fri Aug 28 2015 00:00:00 GMT+0800 (China Standard Time),46.950001,47.34,46.75,47.25,60000,45.156914,CHCO
Mon Aug 31 2015 00:00:00 GMT+0800 (China Standard Time),47,47.799999,47,47.619999,53600,45.510523,CHCO
Tue Sep 01 2015 00:00:00 GMT+0800 (China Standard Time),46.84,47.27,45.93,46.240002,65600,44.191657,CHCO
Wed Sep 02 2015 00:00:00 GMT+0800 (China Standard Time),46.860001,47.330002,46.639999,47.259998,64900,45.16647,CHCO
Thu Sep 03 2015 00:00:00 GMT+0800 (China Standard Time),47.16,47.490002,46.91,47.299999,57900,45.204699,CHCO
Fri Sep 04 2015 00:00:00 GMT+0800 (China Standard Time),46.73,47.299999,46.73,46.970001,46800,44.889319,CHCO
Tue Sep 08 2015 00:00:00 GMT+0800 (China Standard Time),47.52,47.830002,47.259998,47.799999,50400,45.682549,CHCO
Wed Sep 09 2015 00:00:00 GMT+0800 (China Standard Time),47.830002,48.049999,47.43,47.73,61200,45.615651,CHCO
Thu Sep 10 2015 00:00:00 GMT+0800 (China Standard Time),47.73,48.209999,47.66,48.060001,40100,45.931034,CHCO
Fri Sep 11 2015 00:00:00 GMT+0800 (China Standard Time),47.75,48.470001,47.75,48.299999,34000,46.1604,CHCO
Mon Sep 14 2015 00:00:00 GMT+0800 (China Standard Time),48.529999,48.810001,48.16,48.240002,29300,46.103061,CHCO
Tue Sep 15 2015 00:00:00 GMT+0800 (China Standard Time),48.200001,48.849998,47.790001,48.740002,42300,46.580912,CHCO
Wed Sep 16 2015 00:00:00 GMT+0800 (China Standard Time),48.849998,48.849998,48.34,48.490002,42400,46.341986,CHCO
Thu Sep 17 2015 00:00:00 GMT+0800 (China Standard Time),48.380001,49.049999,47.470001,47.639999,60700,45.529637,CHCO
Fri Sep 18 2015 00:00:00 GMT+0800 (China Standard Time),47.07,48.099998,46.93,47.709999,174200,45.596536,CHCO
Mon Sep 21 2015 00:00:00 GMT+0800 (China Standard Time),47.720001,48.419998,47.709999,48.290001,74800,46.150845,CHCO
Tue Sep 22 2015 00:00:00 GMT+0800 (China Standard Time),47.880001,48.150002,47.790001,48.009998,38400,45.883246,CHCO
Wed Sep 23 2015 00:00:00 GMT+0800 (China Standard Time),48,48.41,47.98,48.32,33200,46.179515,CHCO
Thu Sep 24 2015 00:00:00 GMT+0800 (China Standard Time),48,48.919998,48,48.849998,50500,46.686036,CHCO
Fri Sep 25 2015 00:00:00 GMT+0800 (China Standard Time),49.09,49.740002,48.959999,49.200001,64400,47.020534,CHCO
Mon Sep 28 2015 00:00:00 GMT+0800 (China Standard Time),48.98,49.41,48.689999,49.169998,49100,46.99186,CHCO
Tue Sep 29 2015 00:00:00 GMT+0800 (China Standard Time),49.34,49.360001,48.860001,49.119999,62800,46.944076,CHCO
Wed Sep 30 2015 00:00:00 GMT+0800 (China Standard Time),49.470001,49.470001,48.82,49.299999,44500,47.116102,CHCO
Thu Oct 01 2015 00:00:00 GMT+0800 (China Standard Time),49.150002,49.150002,48.349998,49.07,70400,46.896291,CHCO
Fri Oct 02 2015 00:00:00 GMT+0800 (China Standard Time),48.5,48.5,47.060001,48.279999,58800,46.141286,CHCO
Mon Oct 05 2015 00:00:00 GMT+0800 (China Standard Time),48.349998,49.279999,48.220001,49.099998,44100,46.924961,CHCO
Tue Oct 06 2015 00:00:00 GMT+0800 (China Standard Time),49,49,48.279999,48.380001,50100,46.236858,CHCO
Wed Oct 07 2015 00:00:00 GMT+0800 (China Standard Time),48.450001,49.07,48.41,49,71500,46.829392,CHCO
Thu Oct 08 2015 00:00:00 GMT+0800 (China Standard Time),49,49.400002,48.82,49.400002,41600,47.211675,CHCO
Fri Oct 09 2015 00:00:00 GMT+0800 (China Standard Time),49.400002,49.5,48.549999,48.639999,54300,46.485339,CHCO
Mon Oct 12 2015 00:00:00 GMT+0800 (China Standard Time),48.5,49.419998,48.419998,49.380001,31600,47.19256,CHCO
Tue Oct 13 2015 00:00:00 GMT+0800 (China Standard Time),48.900002,49.310001,48.290001,48.41,30200,46.662415,CHCO
Wed Oct 14 2015 00:00:00 GMT+0800 (China Standard Time),48.330002,48.5,46.869999,46.990002,50500,45.293678,CHCO
Thu Oct 15 2015 00:00:00 GMT+0800 (China Standard Time),47.16,48.16,47.049999,48.16,33000,46.42144,CHCO
Fri Oct 16 2015 00:00:00 GMT+0800 (China Standard Time),48.34,48.48,47.66,47.970001,32400,46.2383,CHCO
Mon Oct 19 2015 00:00:00 GMT+0800 (China Standard Time),47.720001,48.200001,47.689999,47.830002,24700,46.103354,CHCO
Tue Oct 20 2015 00:00:00 GMT+0800 (China Standard Time),47.740002,48.560001,47.619999,48.389999,33200,46.643136,CHCO
Wed Oct 21 2015 00:00:00 GMT+0800 (China Standard Time),48.66,48.779999,47.549999,47.66,23200,45.939489,CHCO
Thu Oct 22 2015 00:00:00 GMT+0800 (China Standard Time),47.630001,47.630001,46.529999,46.869999,51900,45.178007,CHCO
Fri Oct 23 2015 00:00:00 GMT+0800 (China Standard Time),47.16,48.599998,46.080002,46.619999,60400,44.937032,CHCO
Mon Oct 26 2015 00:00:00 GMT+0800 (China Standard Time),46.48,47.650002,46.48,47.27,41500,45.563569,CHCO
Tue Oct 27 2015 00:00:00 GMT+0800 (China Standard Time),47.189999,47.830002,46.950001,47.009998,49000,45.312953,CHCO
Wed Oct 28 2015 00:00:00 GMT+0800 (China Standard Time),47.240002,49.189999,47.240002,49.150002,60300,47.375703,CHCO
Thu Oct 29 2015 00:00:00 GMT+0800 (China Standard Time),48.959999,49.66,48.669998,49.259998,54300,47.481729,CHCO
Fri Oct 30 2015 00:00:00 GMT+0800 (China Standard Time),49.290001,49.990002,47.619999,47.830002,37700,46.103354,CHCO
Mon Nov 02 2015 00:00:00 GMT+0800 (China Standard Time),47.790001,48.619999,47.669998,48.470001,37600,46.72025,CHCO
Tue Nov 03 2015 00:00:00 GMT+0800 (China Standard Time),48.290001,48.799999,48.009998,48.549999,31700,46.79736,CHCO
Wed Nov 04 2015 00:00:00 GMT+0800 (China Standard Time),48.720001,48.860001,48.419998,48.599998,26300,46.845554,CHCO
Thu Nov 05 2015 00:00:00 GMT+0800 (China Standard Time),48.639999,49.580002,48.639999,49.389999,22700,47.607037,CHCO
Fri Nov 06 2015 00:00:00 GMT+0800 (China Standard Time),49.799999,51.23,49.150002,51.119999,61100,49.274584,CHCO
Mon Nov 09 2015 00:00:00 GMT+0800 (China Standard Time),51.119999,51.330002,49.290001,50.48,35300,48.657688,CHCO
Tue Nov 10 2015 00:00:00 GMT+0800 (China Standard Time),50.400002,50.959999,50.200001,50.630001,52900,48.802275,CHCO
Wed Nov 11 2015 00:00:00 GMT+0800 (China Standard Time),50.549999,50.709999,49.529999,49.959999,56400,48.156459,CHCO
Thu Nov 12 2015 00:00:00 GMT+0800 (China Standard Time),49.59,49.59,48.700001,48.82,39800,47.057614,CHCO
Fri Nov 13 2015 00:00:00 GMT+0800 (China Standard Time),48.450001,48.700001,48.130001,48.299999,43000,46.556385,CHCO
Mon Nov 16 2015 00:00:00 GMT+0800 (China Standard Time),48.200001,48.759998,47.98,48.709999,35600,46.951584,CHCO
Tue Nov 17 2015 00:00:00 GMT+0800 (China Standard Time),48.700001,49.27,48.369999,48.869999,47900,47.105808,CHCO
Wed Nov 18 2015 00:00:00 GMT+0800 (China Standard Time),48.830002,49.150002,48.349998,49.110001,41000,47.337146,CHCO
Thu Nov 19 2015 00:00:00 GMT+0800 (China Standard Time),49,49.439999,48.860001,49.209999,37000,47.433534,CHCO
Fri Nov 20 2015 00:00:00 GMT+0800 (China Standard Time),49.23,49.93,49.07,49.650002,36500,47.857653,CHCO
Mon Nov 23 2015 00:00:00 GMT+0800 (China Standard Time),49.610001,49.98,49.220001,49.799999,31800,48.002236,CHCO
Tue Nov 24 2015 00:00:00 GMT+0800 (China Standard Time),49.59,50.049999,49.380001,50,44800,48.195016,CHCO
Wed Nov 25 2015 00:00:00 GMT+0800 (China Standard Time),49.900002,50,49.580002,49.950001,38600,48.146822,CHCO
Fri Nov 27 2015 00:00:00 GMT+0800 (China Standard Time),49.950001,50.099998,49.619999,50,34700,48.195016,CHCO
Mon Nov 30 2015 00:00:00 GMT+0800 (China Standard Time),50,50.060001,49.57,49.919998,84000,48.117903,CHCO
Tue Dec 01 2015 00:00:00 GMT+0800 (China Standard Time),49.919998,50.009998,49.41,49.669998,42300,47.876928,CHCO
Wed Dec 02 2015 00:00:00 GMT+0800 (China Standard Time),49.52,49.799999,48.91,48.990002,31100,47.221479,CHCO
Thu Dec 03 2015 00:00:00 GMT+0800 (China Standard Time),49,49.98,48.759998,48.959999,80500,47.192559,CHCO
Fri Dec 04 2015 00:00:00 GMT+0800 (China Standard Time),48.950001,49.830002,48.580002,49.389999,43600,47.607037,CHCO
Mon Dec 07 2015 00:00:00 GMT+0800 (China Standard Time),49.209999,49.209999,47.790001,47.98,33600,46.247937,CHCO
Tue Dec 08 2015 00:00:00 GMT+0800 (China Standard Time),47.740002,47.759998,46.93,47.040001,20300,45.341872,CHCO
Wed Dec 09 2015 00:00:00 GMT+0800 (China Standard Time),46.990002,47.18,46.029999,46.459999,62200,44.782808,CHCO
Thu Dec 10 2015 00:00:00 GMT+0800 (China Standard Time),46.43,46.700001,45.639999,46.25,49900,44.58039,CHCO
Fri Dec 11 2015 00:00:00 GMT+0800 (China Standard Time),45.700001,46.619999,45.150002,45.439999,48500,43.79963,CHCO
Mon Dec 14 2015 00:00:00 GMT+0800 (China Standard Time),45.380001,46.290001,45.200001,45.779999,59000,44.127356,CHCO
Tue Dec 15 2015 00:00:00 GMT+0800 (China Standard Time),46.139999,46.75,45.91,46.110001,71600,44.445445,CHCO
Wed Dec 16 2015 00:00:00 GMT+0800 (China Standard Time),46.470001,46.5,45.27,46.360001,60800,44.68642,CHCO
Thu Dec 17 2015 00:00:00 GMT+0800 (China Standard Time),46.48,46.669998,45.669998,45.869999,55300,44.214107,CHCO
Fri Dec 18 2015 00:00:00 GMT+0800 (China Standard Time),45.68,45.790001,43.389999,43.849998,589500,42.267028,CHCO
Mon Dec 21 2015 00:00:00 GMT+0800 (China Standard Time),44,44.970001,44,44.509998,116800,42.903202,CHCO
Tue Dec 22 2015 00:00:00 GMT+0800 (China Standard Time),44.59,45.110001,44.360001,45.099998,50700,43.471903,CHCO
Wed Dec 23 2015 00:00:00 GMT+0800 (China Standard Time),45.369999,45.599998,45.07,45.599998,65200,43.953853,CHCO
Thu Dec 24 2015 00:00:00 GMT+0800 (China Standard Time),45.689999,46.290001,45.43,46.049999,21300,44.387609,CHCO
Mon Dec 28 2015 00:00:00 GMT+0800 (China Standard Time),45.75,46.23,45.529999,46.09,62700,44.426166,CHCO
Tue Dec 29 2015 00:00:00 GMT+0800 (China Standard Time),46.529999,47.07,46.150002,46.700001,38500,45.014146,CHCO
Wed Dec 30 2015 00:00:00 GMT+0800 (China Standard Time),46.720001,46.830002,46.23,46.59,42900,44.908116,CHCO
Thu Dec 31 2015 00:00:00 GMT+0800 (China Standard Time),46.349998,46.560001,45.549999,45.639999,64500,43.99241,CHCO
Mon Jan 04 2016 00:00:00 GMT+0800 (China Standard Time),44.900002,45.599998,44.200001,44.299999,73700,42.700784,CHCO
Tue Jan 05 2016 00:00:00 GMT+0800 (China Standard Time),44.48,45.119999,44.200001,45.029999,62300,43.404431,CHCO
Wed Jan 06 2016 00:00:00 GMT+0800 (China Standard Time),44.860001,45.52,44.59,45.009998,118500,43.385152,CHCO
Thu Jan 07 2016 00:00:00 GMT+0800 (China Standard Time),44.48,44.639999,43.939999,44.169998,80300,42.575476,CHCO
Fri Jan 08 2016 00:00:00 GMT+0800 (China Standard Time),44.16,44.360001,43.16,43.27,62300,41.707968,CHCO
Mon Jan 11 2016 00:00:00 GMT+0800 (China Standard Time),43.439999,44.07,43.130001,43.77,54000,42.189918,CHCO
Tue Jan 12 2016 00:00:00 GMT+0800 (China Standard Time),44.16,44.27,43.169998,43.639999,71800,42.06461,CHCO
Wed Jan 13 2016 00:00:00 GMT+0800 (China Standard Time),43.52,43.52,41.41,41.790001,106500,40.67284,CHCO
Thu Jan 14 2016 00:00:00 GMT+0800 (China Standard Time),41.700001,42.610001,41.380001,41.880001,83900,40.760434,CHCO
Fri Jan 15 2016 00:00:00 GMT+0800 (China Standard Time),40.91,41.990002,40.740002,41.810001,115400,40.692305,CHCO
Tue Jan 19 2016 00:00:00 GMT+0800 (China Standard Time),42.099998,42.509998,41.470001,41.869999,80900,40.750699,CHCO
Wed Jan 20 2016 00:00:00 GMT+0800 (China Standard Time),43.259998,43.259998,41.099998,42.209999,101000,41.08161,CHCO
Thu Jan 21 2016 00:00:00 GMT+0800 (China Standard Time),42.259998,42.689999,41.279999,41.380001,64200,40.2738,CHCO
Fri Jan 22 2016 00:00:00 GMT+0800 (China Standard Time),41.75,42.189999,41.360001,41.939999,55500,40.818827,CHCO
Mon Jan 25 2016 00:00:00 GMT+0800 (China Standard Time),41.84,41.939999,40.740002,40.82,44800,39.728769,CHCO
Tue Jan 26 2016 00:00:00 GMT+0800 (China Standard Time),41.470001,42.740002,41.290001,42.740002,89100,41.597444,CHCO
Wed Jan 27 2016 00:00:00 GMT+0800 (China Standard Time),42.470001,43.459999,42.119999,42.380001,115800,41.247067,CHCO
Thu Jan 28 2016 00:00:00 GMT+0800 (China Standard Time),42.75,43.459999,42.75,43.09,56000,41.938086,CHCO
Fri Jan 29 2016 00:00:00 GMT+0800 (China Standard Time),43.220001,44.52,43.119999,44.459999,127100,43.271461,CHCO
Mon Feb 01 2016 00:00:00 GMT+0800 (China Standard Time),44.240002,44.240002,43.560001,43.68,70800,42.512314,CHCO
Tue Feb 02 2016 00:00:00 GMT+0800 (China Standard Time),43.220001,43.700001,42.799999,43.450001,77000,42.288463,CHCO
Wed Feb 03 2016 00:00:00 GMT+0800 (China Standard Time),43.73,43.73,42.639999,43.380001,58600,42.220335,CHCO
Thu Feb 04 2016 00:00:00 GMT+0800 (China Standard Time),43.349998,44.290001,42.799999,43.240002,91500,42.084078,CHCO
Fri Feb 05 2016 00:00:00 GMT+0800 (China Standard Time),42.970001,43.82,42.810001,42.810001,64200,41.665573,CHCO
Mon Feb 08 2016 00:00:00 GMT+0800 (China Standard Time),42.470001,43.52,42.080002,43.389999,75400,42.230066,CHCO
Tue Feb 09 2016 00:00:00 GMT+0800 (China Standard Time),42.919998,43.790001,42.700001,43.389999,56400,42.230066,CHCO
Wed Feb 10 2016 00:00:00 GMT+0800 (China Standard Time),43.599998,44.380001,42.740002,42.77,72100,41.626641,CHCO
Thu Feb 11 2016 00:00:00 GMT+0800 (China Standard Time),42.040001,43.169998,41.709999,42.27,85500,41.140007,CHCO
Fri Feb 12 2016 00:00:00 GMT+0800 (China Standard Time),42.73,43.709999,42.52,43.439999,95600,42.278728,CHCO
Tue Feb 16 2016 00:00:00 GMT+0800 (China Standard Time),43.939999,44.330002,43.25,43.720001,108700,42.551246,CHCO
Wed Feb 17 2016 00:00:00 GMT+0800 (China Standard Time),43.900002,44.310001,43.32,43.470001,63000,42.307929,CHCO
Thu Feb 18 2016 00:00:00 GMT+0800 (China Standard Time),43.450001,43.84,42.84,43.439999,78100,42.278728,CHCO
Fri Feb 19 2016 00:00:00 GMT+0800 (China Standard Time),43.310001,44.119999,43.150002,43.540001,46400,42.376057,CHCO
Mon Feb 22 2016 00:00:00 GMT+0800 (China Standard Time),43.91,44.07,43.560001,43.66,58200,42.492848,CHCO
Tue Feb 23 2016 00:00:00 GMT+0800 (China Standard Time),43.66,43.740002,43.07,43.490002,70500,42.327395,CHCO
Wed Feb 24 2016 00:00:00 GMT+0800 (China Standard Time),43.150002,43.779999,42.619999,43.73,59300,42.560977,CHCO
Thu Feb 25 2016 00:00:00 GMT+0800 (China Standard Time),43.889999,44.189999,43.369999,44.110001,56300,42.930819,CHCO
Fri Feb 26 2016 00:00:00 GMT+0800 (China Standard Time),44.299999,45,43.98,44.599998,60100,43.407718,CHCO
Mon Feb 29 2016 00:00:00 GMT+0800 (China Standard Time),44.549999,44.93,44.009998,44.07,55500,42.891888,CHCO
Tue Mar 01 2016 00:00:00 GMT+0800 (China Standard Time),44.400002,45.529999,44.23,45.43,45500,44.215532,CHCO
Wed Mar 02 2016 00:00:00 GMT+0800 (China Standard Time),45.330002,45.77,44.889999,45.740002,61300,44.517246,CHCO
Thu Mar 03 2016 00:00:00 GMT+0800 (China Standard Time),45.740002,46.779999,45.610001,46.310001,64700,45.072008,CHCO
Fri Mar 04 2016 00:00:00 GMT+0800 (China Standard Time),46.389999,46.720001,45.82,46.470001,59200,45.227731,CHCO
Mon Mar 07 2016 00:00:00 GMT+0800 (China Standard Time),46.290001,46.77,46.189999,46.66,59700,45.41265,CHCO
Tue Mar 08 2016 00:00:00 GMT+0800 (China Standard Time),46.330002,46.740002,46.099998,46.110001,45200,44.877354,CHCO
Wed Mar 09 2016 00:00:00 GMT+0800 (China Standard Time),46.189999,46.759998,45.450001,45.759998,42100,44.536708,CHCO
Thu Mar 10 2016 00:00:00 GMT+0800 (China Standard Time),46.130001,46.560001,45.150002,45.73,36700,44.507511,CHCO
Fri Mar 11 2016 00:00:00 GMT+0800 (China Standard Time),46.02,46.470001,45.450001,46.439999,39600,45.19853,CHCO
Mon Mar 14 2016 00:00:00 GMT+0800 (China Standard Time),46.41,46.529999,45.59,46.16,46200,44.926016,CHCO
Tue Mar 15 2016 00:00:00 GMT+0800 (China Standard Time),45.860001,46.209999,45.369999,45.459999,43000,44.244729,CHCO
Wed Mar 16 2016 00:00:00 GMT+0800 (China Standard Time),45.419998,45.869999,44.779999,44.889999,74500,43.689967,CHCO
Thu Mar 17 2016 00:00:00 GMT+0800 (China Standard Time),44.799999,46.43,44.610001,46.23,81000,44.994145,CHCO
Fri Mar 18 2016 00:00:00 GMT+0800 (China Standard Time),46.509998,47.099998,46.09,46.810001,273400,45.558642,CHCO
Mon Mar 21 2016 00:00:00 GMT+0800 (China Standard Time),46.869999,47.049999,46.400002,46.889999,38300,45.636501,CHCO
Tue Mar 22 2016 00:00:00 GMT+0800 (China Standard Time),46.889999,47.240002,46.41,46.75,71300,45.500244,CHCO
Wed Mar 23 2016 00:00:00 GMT+0800 (China Standard Time),46.700001,47.25,46.209999,46.360001,45200,45.120671,CHCO
Thu Mar 24 2016 00:00:00 GMT+0800 (China Standard Time),46.220001,47.240002,45.830002,46.389999,56400,45.149867,CHCO
Mon Mar 28 2016 00:00:00 GMT+0800 (China Standard Time),46.639999,46.990002,46.299999,46.599998,28600,45.354253,CHCO
Tue Mar 29 2016 00:00:00 GMT+0800 (China Standard Time),46.630001,47.490002,46.07,47.450001,55000,46.181532,CHCO
Wed Mar 30 2016 00:00:00 GMT+0800 (China Standard Time),47.639999,47.880001,47.299999,47.540001,60200,46.269126,CHCO
Thu Mar 31 2016 00:00:00 GMT+0800 (China Standard Time),47.720001,48.189999,47.360001,47.779999,85400,46.502708,CHCO
Fri Apr 01 2016 00:00:00 GMT+0800 (China Standard Time),47.619999,48.700001,47.34,47.740002,45000,46.46378,CHCO
Mon Apr 04 2016 00:00:00 GMT+0800 (China Standard Time),47.639999,47.720001,47.139999,47.23,47700,45.967412,CHCO
Tue Apr 05 2016 00:00:00 GMT+0800 (China Standard Time),46.98,47.209999,46.139999,46.16,49300,44.926016,CHCO
Wed Apr 06 2016 00:00:00 GMT+0800 (China Standard Time),46.02,46.59,45.860001,46.48,69300,45.237462,CHCO
Thu Apr 07 2016 00:00:00 GMT+0800 (China Standard Time),46.490002,46.73,45.619999,46.009998,100500,44.780025,CHCO
Fri Apr 08 2016 00:00:00 GMT+0800 (China Standard Time),46.380001,46.73,45.900002,46.099998,29400,44.867619,CHCO
Mon Apr 11 2016 00:00:00 GMT+0800 (China Standard Time),46.200001,47.09,46.200001,46.68,53800,45.432116,CHCO
Tue Apr 12 2016 00:00:00 GMT+0800 (China Standard Time),46.599998,47.549999,46.580002,47.130001,40000,45.870087,CHCO
Wed Apr 13 2016 00:00:00 GMT+0800 (China Standard Time),46.889999,48.18,46.889999,47.950001,47400,47.097872,CHCO
Thu Apr 14 2016 00:00:00 GMT+0800 (China Standard Time),48.09,48.860001,47.700001,48.09,45800,47.235384,CHCO
Fri Apr 15 2016 00:00:00 GMT+0800 (China Standard Time),47.849998,48.389999,47.810001,48.049999,32700,47.196094,CHCO
Mon Apr 18 2016 00:00:00 GMT+0800 (China Standard Time),48.029999,48.849998,48,48.709999,52500,47.844365,CHCO
Tue Apr 19 2016 00:00:00 GMT+0800 (China Standard Time),48.860001,48.959999,48.310001,48.790001,63300,47.922945,CHCO
Wed Apr 20 2016 00:00:00 GMT+0800 (China Standard Time),48.610001,49.330002,48.419998,49.060001,42100,48.188147,CHCO
Thu Apr 21 2016 00:00:00 GMT+0800 (China Standard Time),49.150002,49.419998,48.470001,48.650002,54200,47.785433,CHCO
Fri Apr 22 2016 00:00:00 GMT+0800 (China Standard Time),48.810001,49.209999,48.439999,48.849998,38900,47.981876,CHCO
Mon Apr 25 2016 00:00:00 GMT+0800 (China Standard Time),49.25,49.25,48.049999,48.91,59600,48.040811,CHCO
Tue Apr 26 2016 00:00:00 GMT+0800 (China Standard Time),49.279999,50.389999,48.810001,50.139999,49200,49.248952,CHCO
Wed Apr 27 2016 00:00:00 GMT+0800 (China Standard Time),50.299999,50.43,48.09,49.310001,54700,48.433704,CHCO
Thu Apr 28 2016 00:00:00 GMT+0800 (China Standard Time),49.060001,49.59,48.59,48.75,72400,47.883655,CHCO
Fri Apr 29 2016 00:00:00 GMT+0800 (China Standard Time),48.639999,49.360001,48.419998,49.119999,57300,48.247078,CHCO
Mon May 02 2016 00:00:00 GMT+0800 (China Standard Time),49.380001,49.650002,48.650002,49.200001,41000,48.325658,CHCO
Tue May 03 2016 00:00:00 GMT+0800 (China Standard Time),48.84,49.290001,47.84,48.720001,64200,47.854189,CHCO
Wed May 04 2016 00:00:00 GMT+0800 (China Standard Time),48.630001,48.939999,47.98,48.669998,69900,47.805075,CHCO
Thu May 05 2016 00:00:00 GMT+0800 (China Standard Time),48.700001,48.98,48.110001,48.18,80300,47.323785,CHCO
Fri May 06 2016 00:00:00 GMT+0800 (China Standard Time),47.860001,48.209999,47.360001,48.139999,66200,47.284495,CHCO
Mon May 09 2016 00:00:00 GMT+0800 (China Standard Time),48.049999,48.279999,47.700001,47.720001,124200,46.87196,CHCO
Tue May 10 2016 00:00:00 GMT+0800 (China Standard Time),48,48.380001,47.369999,48.32,65400,47.461296,CHCO
Wed May 11 2016 00:00:00 GMT+0800 (China Standard Time),48.189999,48.610001,47.59,47.950001,46200,47.097872,CHCO
Thu May 12 2016 00:00:00 GMT+0800 (China Standard Time),48.200001,48.200001,47.349998,47.950001,60900,47.097872,CHCO
Fri May 13 2016 00:00:00 GMT+0800 (China Standard Time),47.939999,48.240002,46.939999,47.080002,59100,46.243334,CHCO
Mon May 16 2016 00:00:00 GMT+0800 (China Standard Time),47.34,48.400002,46.84,47.98,54000,47.127338,CHCO
Tue May 17 2016 00:00:00 GMT+0800 (China Standard Time),48.029999,48.290001,46.400002,46.650002,67300,45.820976,CHCO
Wed May 18 2016 00:00:00 GMT+0800 (China Standard Time),46.619999,48.189999,46.619999,47.959999,54000,47.107693,CHCO
Thu May 19 2016 00:00:00 GMT+0800 (China Standard Time),47.84,48.48,46.860001,47.040001,37600,46.204044,CHCO
Fri May 20 2016 00:00:00 GMT+0800 (China Standard Time),47.310001,48.07,46.990002,47.880001,91800,47.029117,CHCO
Mon May 23 2016 00:00:00 GMT+0800 (China Standard Time),47.889999,47.939999,47.369999,47.700001,50300,46.852315,CHCO
Tue May 24 2016 00:00:00 GMT+0800 (China Standard Time),48.07,49.32,48.07,48.990002,66300,48.119391,CHCO
Wed May 25 2016 00:00:00 GMT+0800 (China Standard Time),49.209999,49.82,48.950001,49.299999,55700,48.42388,CHCO
Thu May 26 2016 00:00:00 GMT+0800 (China Standard Time),49.299999,49.299999,47.459999,48.740002,59400,47.873834,CHCO
Fri May 27 2016 00:00:00 GMT+0800 (China Standard Time),48.869999,49.34,48.650002,49.330002,54800,48.453349,CHCO
Tue May 31 2016 00:00:00 GMT+0800 (China Standard Time),49.32,49.369999,48.07,49.16,70700,48.286368,CHCO
Wed Jun 01 2016 00:00:00 GMT+0800 (China Standard Time),48.740002,49.59,48.16,49.529999,52900,48.649792,CHCO
Thu Jun 02 2016 00:00:00 GMT+0800 (China Standard Time),49.240002,49.470001,48.860001,49.470001,55700,48.590861,CHCO
Fri Jun 03 2016 00:00:00 GMT+0800 (China Standard Time),49.23,49.23,47.82,49.029999,58300,48.158678,CHCO
Mon Jun 06 2016 00:00:00 GMT+0800 (China Standard Time),49.189999,50.040001,49.189999,49.490002,67200,48.610506,CHCO
Tue Jun 07 2016 00:00:00 GMT+0800 (China Standard Time),49.32,49.619999,49.040001,49.25,42500,48.374769,CHCO
Wed Jun 08 2016 00:00:00 GMT+0800 (China Standard Time),49.169998,49.619999,49.049999,49.5,46700,48.620326,CHCO
Thu Jun 09 2016 00:00:00 GMT+0800 (China Standard Time),49.18,49.23,48.049999,49.049999,51300,48.178323,CHCO
Fri Jun 10 2016 00:00:00 GMT+0800 (China Standard Time),48.599998,49.25,48.400002,48.970001,32500,48.099746,CHCO
Mon Jun 13 2016 00:00:00 GMT+0800 (China Standard Time),48.75,48.860001,48.099998,48.240002,45700,47.38272,CHCO
Tue Jun 14 2016 00:00:00 GMT+0800 (China Standard Time),48.310001,48.330002,47.389999,47.66,28200,46.813025,CHCO
Wed Jun 15 2016 00:00:00 GMT+0800 (China Standard Time),47.91,48.560001,47.630001,47.779999,52400,46.930892,CHCO
Thu Jun 16 2016 00:00:00 GMT+0800 (China Standard Time),47.48,47.549999,47.009998,47.380001,39300,46.538002,CHCO
Fri Jun 17 2016 00:00:00 GMT+0800 (China Standard Time),47,47.5,46.450001,46.669998,163900,45.840617,CHCO
Mon Jun 20 2016 00:00:00 GMT+0800 (China Standard Time),47.25,47.630001,46.91,47,71500,46.164754,CHCO
Tue Jun 21 2016 00:00:00 GMT+0800 (China Standard Time),47.099998,47.41,46.75,47.200001,71500,46.361201,CHCO
Wed Jun 22 2016 00:00:00 GMT+0800 (China Standard Time),47.34,47.880001,47.139999,47.200001,73000,46.361201,CHCO
Thu Jun 23 2016 00:00:00 GMT+0800 (China Standard Time),47.599998,48.599998,47.599998,48.25,128200,47.39254,CHCO
Fri Jun 24 2016 00:00:00 GMT+0800 (China Standard Time),45,47.150002,43.439999,44.869999,188700,44.072606,CHCO
Mon Jun 27 2016 00:00:00 GMT+0800 (China Standard Time),44.470001,44.470001,42.98,43.060001,111000,42.294774,CHCO
Tue Jun 28 2016 00:00:00 GMT+0800 (China Standard Time),43.59,43.970001,43.060001,43.700001,72200,42.9234,CHCO
Wed Jun 29 2016 00:00:00 GMT+0800 (China Standard Time),44.119999,44.689999,43.790001,44.48,92400,43.689537,CHCO
Thu Jun 30 2016 00:00:00 GMT+0800 (China Standard Time),44.720001,45.509998,44.119999,45.470001,86800,44.661945,CHCO
Fri Jul 01 2016 00:00:00 GMT+0800 (China Standard Time),45.27,45.459999,44.630001,44.91,68600,44.111896,CHCO
Tue Jul 05 2016 00:00:00 GMT+0800 (China Standard Time),44.689999,44.799999,44.27,44.529999,91000,43.738648,CHCO
Wed Jul 06 2016 00:00:00 GMT+0800 (China Standard Time),44.369999,45.07,44.330002,44.84,46000,44.04314,CHCO
Thu Jul 07 2016 00:00:00 GMT+0800 (China Standard Time),45.029999,45.259998,44.5,44.84,148500,44.04314,CHCO
Fri Jul 08 2016 00:00:00 GMT+0800 (China Standard Time),45.209999,45.880001,44.75,45.25,95200,44.445854,CHCO
Mon Jul 11 2016 00:00:00 GMT+0800 (China Standard Time),45.619999,46.119999,45.41,45.849998,98600,45.03519,CHCO
Tue Jul 12 2016 00:00:00 GMT+0800 (China Standard Time),46.34,46.91,46.34,46.5,198800,45.67364,CHCO
Wed Jul 13 2016 00:00:00 GMT+0800 (China Standard Time),46.23,46.82,46.139999,46.619999,138200,46.218906,CHCO
Thu Jul 14 2016 00:00:00 GMT+0800 (China Standard Time),47.009998,47.400002,46.869999,46.919998,98400,46.516324,CHCO
Fri Jul 15 2016 00:00:00 GMT+0800 (China Standard Time),47.25,47.369999,46.900002,47.279999,122800,46.873228,CHCO
Mon Jul 18 2016 00:00:00 GMT+0800 (China Standard Time),47.380001,47.599998,46.900002,46.959999,70100,46.555981,CHCO
Tue Jul 19 2016 00:00:00 GMT+0800 (China Standard Time),47.040001,47.18,46.560001,46.869999,49500,46.466755,CHCO
Wed Jul 20 2016 00:00:00 GMT+0800 (China Standard Time),47.169998,47.169998,46.540001,46.610001,108800,46.208994,CHCO
Thu Jul 21 2016 00:00:00 GMT+0800 (China Standard Time),46.689999,46.720001,46.23,46.41,52200,46.010714,CHCO
Fri Jul 22 2016 00:00:00 GMT+0800 (China Standard Time),46.509998,47.220001,46.5,46.75,142300,46.347789,CHCO
Mon Jul 25 2016 00:00:00 GMT+0800 (China Standard Time),46.790001,46.790001,46.099998,46.23,48500,45.832262,CHCO
Tue Jul 26 2016 00:00:00 GMT+0800 (China Standard Time),46.650002,47.82,46.57,46.98,73000,46.575809,CHCO
Wed Jul 27 2016 00:00:00 GMT+0800 (China Standard Time),46.900002,47.259998,46.830002,47.130001,47900,46.72452,CHCO
Thu Jul 28 2016 00:00:00 GMT+0800 (China Standard Time),47.220001,47.220001,46.5,46.860001,39100,46.456843,CHCO
Fri Jul 29 2016 00:00:00 GMT+0800 (China Standard Time),47,47.16,46.540001,46.700001,66900,46.298219,CHCO
Mon Aug 01 2016 00:00:00 GMT+0800 (China Standard Time),46.77,47,46.509998,46.639999,47800,46.238734,CHCO
Tue Aug 02 2016 00:00:00 GMT+0800 (China Standard Time),46.650002,46.830002,46.48,46.560001,43500,46.159425,CHCO
Wed Aug 03 2016 00:00:00 GMT+0800 (China Standard Time),46.549999,47.099998,46.549999,47.09,38300,46.684864,CHCO
Thu Aug 04 2016 00:00:00 GMT+0800 (China Standard Time),47.27,47.41,46.889999,46.950001,41700,46.546069,CHCO
Fri Aug 05 2016 00:00:00 GMT+0800 (China Standard Time),47.330002,48.740002,47.259998,48.689999,97600,48.271096,CHCO
Mon Aug 08 2016 00:00:00 GMT+0800 (China Standard Time),48.689999,48.689999,48.07,48.540001,50000,48.122389,CHCO
Tue Aug 09 2016 00:00:00 GMT+0800 (China Standard Time),48.639999,48.759998,48.419998,48.57,28400,48.15213,CHCO
Wed Aug 10 2016 00:00:00 GMT+0800 (China Standard Time),48.66,48.66,48.220001,48.400002,45000,47.983594,CHCO
Thu Aug 11 2016 00:00:00 GMT+0800 (China Standard Time),48.57,48.59,48.220001,48.27,45000,47.854712,CHCO
Fri Aug 12 2016 00:00:00 GMT+0800 (China Standard Time),48.049999,48.490002,47.880001,48.349998,31300,47.934022,CHCO
Mon Aug 15 2016 00:00:00 GMT+0800 (China Standard Time),48.560001,48.830002,48.450001,48.57,29400,48.15213,CHCO
Tue Aug 16 2016 00:00:00 GMT+0800 (China Standard Time),48.540001,48.740002,48.169998,48.5,31300,48.082732,CHCO
Wed Aug 17 2016 00:00:00 GMT+0800 (China Standard Time),48.689999,48.98,48.509998,48.830002,51500,48.409895,CHCO
Thu Aug 18 2016 00:00:00 GMT+0800 (China Standard Time),48.900002,49.330002,48.720001,49.240002,48800,48.816368,CHCO
Fri Aug 19 2016 00:00:00 GMT+0800 (China Standard Time),49.200001,49.310001,48.950001,49.040001,50400,48.618088,CHCO
Mon Aug 22 2016 00:00:00 GMT+0800 (China Standard Time),49.16,49.599998,48.950001,49.380001,39500,48.955163,CHCO
Tue Aug 23 2016 00:00:00 GMT+0800 (China Standard Time),49.389999,49.82,49.099998,49.549999,36400,49.123698,CHCO
Wed Aug 24 2016 00:00:00 GMT+0800 (China Standard Time),49.700001,49.700001,49.080002,49.669998,33200,49.242665,CHCO
Thu Aug 25 2016 00:00:00 GMT+0800 (China Standard Time),49.66,50.240002,49.560001,50.110001,62300,49.678882,CHCO
Fri Aug 26 2016 00:00:00 GMT+0800 (China Standard Time),50.310001,50.75,49.830002,50.459999,45300,50.025869,CHCO
Mon Aug 29 2016 00:00:00 GMT+0800 (China Standard Time),50.599998,50.869999,50.130001,50.200001,85100,49.768107,CHCO
Tue Aug 30 2016 00:00:00 GMT+0800 (China Standard Time),50.490002,50.810001,50.27,50.57,54600,50.134923,CHCO
Wed Aug 31 2016 00:00:00 GMT+0800 (China Standard Time),50.470001,50.970001,50.07,50.59,80900,50.154751,CHCO
Thu Sep 01 2016 00:00:00 GMT+0800 (China Standard Time),50.470001,50.720001,49.939999,50.48,36300,50.045697,CHCO
Fri Sep 02 2016 00:00:00 GMT+0800 (China Standard Time),50.380001,50.5,50.150002,50.490002,65100,50.055613,CHCO
Tue Sep 06 2016 00:00:00 GMT+0800 (China Standard Time),50.639999,50.639999,49.59,49.84,47600,49.411204,CHCO
Wed Sep 07 2016 00:00:00 GMT+0800 (China Standard Time),49.869999,50.389999,49.5,50.369999,64100,49.936643,CHCO
Thu Sep 08 2016 00:00:00 GMT+0800 (China Standard Time),50.290001,50.619999,50.130001,50.349998,24200,49.916815,CHCO
Fri Sep 09 2016 00:00:00 GMT+0800 (China Standard Time),50.200001,50.490002,49.799999,49.830002,42000,49.401292,CHCO
Mon Sep 12 2016 00:00:00 GMT+0800 (China Standard Time),49.740002,50.150002,49.240002,50.099998,58200,49.668965,CHCO
Tue Sep 13 2016 00:00:00 GMT+0800 (China Standard Time),49.689999,49.689999,48.900002,49.360001,49900,48.935334,CHCO
Wed Sep 14 2016 00:00:00 GMT+0800 (China Standard Time),49.490002,49.700001,48.880001,48.91,25500,48.489205,CHCO
Thu Sep 15 2016 00:00:00 GMT+0800 (China Standard Time),49.07,49.610001,48.939999,49.610001,45900,49.183183,CHCO
Fri Sep 16 2016 00:00:00 GMT+0800 (China Standard Time),49.75,49.75,48.900002,49.380001,119600,48.955163,CHCO
Mon Sep 19 2016 00:00:00 GMT+0800 (China Standard Time),49.57,50.099998,48.830002,49.599998,30300,49.173267,CHCO
Tue Sep 20 2016 00:00:00 GMT+0800 (China Standard Time),49.720001,49.759998,49.450001,49.490002,29300,49.064217,CHCO
Wed Sep 21 2016 00:00:00 GMT+0800 (China Standard Time),49.639999,50.080002,49.610001,49.939999,46700,49.510342,CHCO
Thu Sep 22 2016 00:00:00 GMT+0800 (China Standard Time),49.939999,50.669998,49.650002,50.599998,70100,50.164664,CHCO
Fri Sep 23 2016 00:00:00 GMT+0800 (China Standard Time),50.630001,50.630001,50.029999,50.290001,43100,49.857333,CHCO
Mon Sep 26 2016 00:00:00 GMT+0800 (China Standard Time),50.07,50.09,49.110001,49.130001,42300,48.707313,CHCO
Tue Sep 27 2016 00:00:00 GMT+0800 (China Standard Time),49.080002,49.900002,49.060001,49.669998,43800,49.242665,CHCO
Wed Sep 28 2016 00:00:00 GMT+0800 (China Standard Time),49.950001,50.200001,49.52,50.200001,34700,49.768107,CHCO
Thu Sep 29 2016 00:00:00 GMT+0800 (China Standard Time),50.25,50.459999,49.419998,49.450001,50000,49.02456,CHCO
Fri Sep 30 2016 00:00:00 GMT+0800 (China Standard Time),49.639999,50.68,49.639999,50.290001,45100,49.857333,CHCO
Mon Oct 03 2016 00:00:00 GMT+0800 (China Standard Time),49.919998,50.080002,49.349998,49.68,57700,49.252581,CHCO
Tue Oct 04 2016 00:00:00 GMT+0800 (China Standard Time),49.700001,50.130001,49.490002,49.650002,32200,49.22284,CHCO
Wed Oct 05 2016 00:00:00 GMT+0800 (China Standard Time),49.689999,50.619999,49.349998,50.27,41600,49.837505,CHCO
Thu Oct 06 2016 00:00:00 GMT+0800 (China Standard Time),50.09,50.349998,49.450001,50.23,43800,49.797848,CHCO
Fri Oct 07 2016 00:00:00 GMT+0800 (China Standard Time),50.220001,50.220001,49.630001,50.07,52800,49.639225,CHCO
Mon Oct 10 2016 00:00:00 GMT+0800 (China Standard Time),50.380001,50.700001,50.16,50.540001,30300,50.105182,CHCO
Tue Oct 11 2016 00:00:00 GMT+0800 (China Standard Time),50.32,50.580002,49.610001,49.98,56100,49.549999,CHCO
Wed Oct 12 2016 00:00:00 GMT+0800 (China Standard Time),49.560001,50.279999,49.220001,49.790001,43500,49.790001,CHCO
Thu Oct 13 2016 00:00:00 GMT+0800 (China Standard Time),49.549999,49.549999,48.400002,48.560001,44600,48.560001,CHCO
Fri Oct 14 2016 00:00:00 GMT+0800 (China Standard Time),49.049999,49.279999,48.689999,49.029999,57100,49.029999,CHCO
Mon Oct 17 2016 00:00:00 GMT+0800 (China Standard Time),48.950001,48.950001,48.459999,48.490002,22700,48.490002,CHCO
Tue Oct 18 2016 00:00:00 GMT+0800 (China Standard Time),48.93,48.950001,48.470001,48.619999,35700,48.619999,CHCO
Wed Oct 19 2016 00:00:00 GMT+0800 (China Standard Time),48.889999,49.439999,48.849998,49.369999,37400,49.369999,CHCO
Thu Oct 20 2016 00:00:00 GMT+0800 (China Standard Time),49.16,49.5,48.599998,49.150002,36500,49.150002,CHCO
Fri Oct 21 2016 00:00:00 GMT+0800 (China Standard Time),48.799999,49.389999,48.799999,49.330002,29800,49.330002,CHCO
Mon Oct 24 2016 00:00:00 GMT+0800 (China Standard Time),50.220001,51.450001,50.220001,51.419998,73300,51.419998,CHCO
Tue Oct 25 2016 00:00:00 GMT+0800 (China Standard Time),51.389999,52.400002,51.389999,52.18,70600,52.18,CHCO
Wed Oct 26 2016 00:00:00 GMT+0800 (China Standard Time),51.799999,52.630001,51.799999,52.150002,51300,52.150002,CHCO
Thu Oct 27 2016 00:00:00 GMT+0800 (China Standard Time),52.59,52.59,52.049999,52.330002,72900,52.330002,CHCO
Fri Oct 28 2016 00:00:00 GMT+0800 (China Standard Time),52.48,53.09,51.939999,52.049999,56200,52.049999,CHCO
Mon Oct 31 2016 00:00:00 GMT+0800 (China Standard Time),52.130001,52.419998,51.91,52.27,106600,52.27,CHCO
Tue Nov 01 2016 00:00:00 GMT+0800 (China Standard Time),52.25,52.950001,51.990002,52.790001,74800,52.790001,CHCO
Wed Nov 02 2016 00:00:00 GMT+0800 (China Standard Time),52.610001,52.700001,51.27,51.330002,75400,51.330002,CHCO
Thu Nov 03 2016 00:00:00 GMT+0800 (China Standard Time),51.5,51.91,51.290001,51.439999,35700,51.439999,CHCO
Fri Nov 04 2016 00:00:00 GMT+0800 (China Standard Time),51.419998,51.66,51.040001,51.240002,46100,51.240002,CHCO
Mon Nov 07 2016 00:00:00 GMT+0800 (China Standard Time),52.119999,52.490002,51.279999,52.34,49400,52.34,CHCO
Tue Nov 08 2016 00:00:00 GMT+0800 (China Standard Time),52.169998,52.529999,51.68,51.720001,33100,51.720001,CHCO
Wed Nov 09 2016 00:00:00 GMT+0800 (China Standard Time),52.040001,54.689999,51.73,54.450001,77900,54.450001,CHCO
Thu Nov 10 2016 00:00:00 GMT+0800 (China Standard Time),55,57.75,54.689999,56.740002,98600,56.740002,CHCO
Fri Nov 11 2016 00:00:00 GMT+0800 (China Standard Time),56.599998,60.700001,56.360001,60.630001,117500,60.630001,CHCO
