Thu Jan 02 2014 00:00:00 GMT+0800 (China Standard Time),31.459999,31.610001,30.940001,31.27,74900,28.755637,CHFC
Fri Jan 03 2014 00:00:00 GMT+0800 (China Standard Time),31.25,31.610001,30.559999,31.299999,71600,28.783224,CHFC
Mon Jan 06 2014 00:00:00 GMT+0800 (China Standard Time),31.530001,31.530001,30.969999,31.059999,77400,28.562522,CHFC
Tue Jan 07 2014 00:00:00 GMT+0800 (China Standard Time),31.190001,32,31.120001,31.48,70300,28.948751,CHFC
Wed Jan 08 2014 00:00:00 GMT+0800 (China Standard Time),31.52,31.52,31.07,31.139999,39800,28.636089,CHFC
Thu Jan 09 2014 00:00:00 GMT+0800 (China Standard Time),31.23,31.25,30.790001,31.17,36300,28.663678,CHFC
Fri Jan 10 2014 00:00:00 GMT+0800 (China Standard Time),31.23,31.23,30.73,30.959999,72100,28.470563,CHFC
Mon Jan 13 2014 00:00:00 GMT+0800 (China Standard Time),30.82,31.120001,30.620001,30.950001,90600,28.461368,CHFC
Tue Jan 14 2014 00:00:00 GMT+0800 (China Standard Time),31.01,31.360001,30.780001,31.129999,36800,28.626893,CHFC
Wed Jan 15 2014 00:00:00 GMT+0800 (China Standard Time),31.190001,31.629999,31.07,31.139999,40200,28.636089,CHFC
Thu Jan 16 2014 00:00:00 GMT+0800 (China Standard Time),31.139999,31.610001,30.74,31.030001,58700,28.534936,CHFC
Fri Jan 17 2014 00:00:00 GMT+0800 (China Standard Time),31.08,31.35,30.75,30.99,62500,28.498151,CHFC
Tue Jan 21 2014 00:00:00 GMT+0800 (China Standard Time),31.25,31.620001,31.17,31.51,84100,28.976339,CHFC
Wed Jan 22 2014 00:00:00 GMT+0800 (China Standard Time),31.610001,31.639999,31.200001,31.57,125900,29.031514,CHFC
Thu Jan 23 2014 00:00:00 GMT+0800 (China Standard Time),31.370001,31.5,30.67,30.870001,94000,28.387801,CHFC
Fri Jan 24 2014 00:00:00 GMT+0800 (China Standard Time),30.59,30.83,30.07,30.27,55100,27.836046,CHFC
Mon Jan 27 2014 00:00:00 GMT+0800 (China Standard Time),30.440001,30.58,28.780001,30.24,57400,27.808457,CHFC
Tue Jan 28 2014 00:00:00 GMT+0800 (China Standard Time),30.15,30.41,29.889999,30.120001,80900,27.698107,CHFC
Wed Jan 29 2014 00:00:00 GMT+0800 (China Standard Time),29.92,31.23,29.07,29.370001,54900,27.008413,CHFC
Thu Jan 30 2014 00:00:00 GMT+0800 (China Standard Time),29.540001,29.74,28.84,29.540001,90400,27.164744,CHFC
Fri Jan 31 2014 00:00:00 GMT+0800 (China Standard Time),29.139999,29.67,28.780001,28.879999,84100,26.557812,CHFC
Mon Feb 03 2014 00:00:00 GMT+0800 (China Standard Time),28.889999,29.1,28.51,28.629999,218600,26.327914,CHFC
Tue Feb 04 2014 00:00:00 GMT+0800 (China Standard Time),28.799999,29.440001,28.450001,28.700001,77000,26.392287,CHFC
Wed Feb 05 2014 00:00:00 GMT+0800 (China Standard Time),28.629999,28.719999,28.049999,28.32,55200,26.042841,CHFC
Thu Feb 06 2014 00:00:00 GMT+0800 (China Standard Time),28.379999,28.6,28.18,28.379999,73800,26.098016,CHFC
Fri Feb 07 2014 00:00:00 GMT+0800 (China Standard Time),28.540001,28.540001,28.049999,28.43,61800,26.143996,CHFC
Mon Feb 10 2014 00:00:00 GMT+0800 (China Standard Time),28.32,28.440001,27.860001,28.139999,53400,25.877314,CHFC
Tue Feb 11 2014 00:00:00 GMT+0800 (China Standard Time),28.23,28.85,28.09,28.73,60600,26.419873,CHFC
Wed Feb 12 2014 00:00:00 GMT+0800 (China Standard Time),28.85,29.51,28.77,28.940001,205500,26.612988,CHFC
Thu Feb 13 2014 00:00:00 GMT+0800 (China Standard Time),28.82,29.309999,28.43,29.23,64200,26.879669,CHFC
Fri Feb 14 2014 00:00:00 GMT+0800 (China Standard Time),29.25,29.49,28.93,29.42,41100,27.054392,CHFC
Tue Feb 18 2014 00:00:00 GMT+0800 (China Standard Time),29.190001,29.709999,29.190001,29.450001,43300,27.081981,CHFC
Wed Feb 19 2014 00:00:00 GMT+0800 (China Standard Time),29.450001,29.469999,28.51,28.6,61900,26.300327,CHFC
Thu Feb 20 2014 00:00:00 GMT+0800 (China Standard Time),28.719999,29.16,28.4,28.85,42000,26.530225,CHFC
Fri Feb 21 2014 00:00:00 GMT+0800 (China Standard Time),29.030001,29.200001,28.75,28.98,59600,26.649771,CHFC
Mon Feb 24 2014 00:00:00 GMT+0800 (China Standard Time),28.940001,29.719999,28.940001,29.360001,48600,26.999217,CHFC
Tue Feb 25 2014 00:00:00 GMT+0800 (China Standard Time),29.440001,29.51,29.030001,29.200001,27400,26.852083,CHFC
Wed Feb 26 2014 00:00:00 GMT+0800 (China Standard Time),29.290001,29.610001,29.15,29.25,196600,26.898061,CHFC
Thu Feb 27 2014 00:00:00 GMT+0800 (China Standard Time),29.17,29.4,28.950001,29.26,109100,26.907258,CHFC
Fri Feb 28 2014 00:00:00 GMT+0800 (China Standard Time),29.32,29.940001,29.32,29.49,81000,27.118763,CHFC
Mon Mar 03 2014 00:00:00 GMT+0800 (China Standard Time),29.24,29.950001,28.93,29.48,46600,27.109567,CHFC
Tue Mar 04 2014 00:00:00 GMT+0800 (China Standard Time),29.83,30.92,29.83,30.370001,153600,27.928005,CHFC
Wed Mar 05 2014 00:00:00 GMT+0800 (China Standard Time),30.190001,30.27,29.66,30.120001,40500,27.909474,CHFC
Thu Mar 06 2014 00:00:00 GMT+0800 (China Standard Time),30.1,30.879999,30.1,30.6,98400,28.354246,CHFC
Fri Mar 07 2014 00:00:00 GMT+0800 (China Standard Time),30.860001,31.120001,30.59,30.85,32000,28.585898,CHFC
Mon Mar 10 2014 00:00:00 GMT+0800 (China Standard Time),30.780001,31.049999,30.52,30.950001,42700,28.67856,CHFC
Tue Mar 11 2014 00:00:00 GMT+0800 (China Standard Time),31.07,31.719999,29.82,30.799999,108100,28.539567,CHFC
Wed Mar 12 2014 00:00:00 GMT+0800 (China Standard Time),30.709999,31.49,30.690001,31.49,140400,29.178928,CHFC
Thu Mar 13 2014 00:00:00 GMT+0800 (China Standard Time),31.59,31.959999,31.309999,31.6,50800,29.280855,CHFC
Fri Mar 14 2014 00:00:00 GMT+0800 (China Standard Time),31.43,31.99,31.4,31.870001,75200,29.53104,CHFC
Mon Mar 17 2014 00:00:00 GMT+0800 (China Standard Time),31.959999,32.25,31.809999,32.049999,62300,29.697829,CHFC
Tue Mar 18 2014 00:00:00 GMT+0800 (China Standard Time),32.029999,32.330002,31.73,32.330002,69100,29.957282,CHFC
Wed Mar 19 2014 00:00:00 GMT+0800 (China Standard Time),32.299999,32.349998,31.940001,32.139999,49100,29.781224,CHFC
Thu Mar 20 2014 00:00:00 GMT+0800 (China Standard Time),32.169998,32.619999,32.080002,32.560001,63300,30.170401,CHFC
Fri Mar 21 2014 00:00:00 GMT+0800 (China Standard Time),32.740002,33.200001,32.25,32.77,138100,30.364988,CHFC
Mon Mar 24 2014 00:00:00 GMT+0800 (China Standard Time),32.919998,33,32.259998,32.73,56000,30.327923,CHFC
Tue Mar 25 2014 00:00:00 GMT+0800 (China Standard Time),32.91,33.259998,32.16,32.959999,52500,30.541043,CHFC
Wed Mar 26 2014 00:00:00 GMT+0800 (China Standard Time),33.23,33.23,32.27,32.279999,71800,29.910948,CHFC
Thu Mar 27 2014 00:00:00 GMT+0800 (China Standard Time),32.380001,32.41,31.690001,31.870001,57500,29.53104,CHFC
Fri Mar 28 2014 00:00:00 GMT+0800 (China Standard Time),31.809999,32.549999,31.540001,31.77,38000,29.438379,CHFC
Mon Mar 31 2014 00:00:00 GMT+0800 (China Standard Time),31.98,32.59,31.98,32.450001,88800,30.068474,CHFC
Tue Apr 01 2014 00:00:00 GMT+0800 (China Standard Time),32.52,33.25,31.93,33.150002,56500,30.717101,CHFC
Wed Apr 02 2014 00:00:00 GMT+0800 (China Standard Time),33.200001,33.279999,32.93,33.150002,31600,30.717101,CHFC
Thu Apr 03 2014 00:00:00 GMT+0800 (China Standard Time),33.049999,33.220001,32.57,32.73,78200,30.327923,CHFC
Fri Apr 04 2014 00:00:00 GMT+0800 (China Standard Time),32.799999,33.080002,31.85,31.940001,71700,29.595903,CHFC
Mon Apr 07 2014 00:00:00 GMT+0800 (China Standard Time),31.82,32.040001,31.299999,31.870001,64800,29.53104,CHFC
Tue Apr 08 2014 00:00:00 GMT+0800 (China Standard Time),31.809999,32.299999,31.67,31.870001,64600,29.53104,CHFC
Wed Apr 09 2014 00:00:00 GMT+0800 (China Standard Time),31.99,32.029999,31.42,31.68,42500,29.354984,CHFC
Thu Apr 10 2014 00:00:00 GMT+0800 (China Standard Time),31.65,31.65,30.5,30.620001,66700,28.372779,CHFC
Fri Apr 11 2014 00:00:00 GMT+0800 (China Standard Time),30.27,30.9,30.09,30.190001,57700,27.974336,CHFC
Mon Apr 14 2014 00:00:00 GMT+0800 (China Standard Time),30.59,31.049999,29.870001,30.360001,92700,28.13186,CHFC
Tue Apr 15 2014 00:00:00 GMT+0800 (China Standard Time),30.379999,30.57,29.719999,30.379999,58200,28.150391,CHFC
Wed Apr 16 2014 00:00:00 GMT+0800 (China Standard Time),30.709999,32.080002,30.209999,30.52,68200,28.280117,CHFC
Thu Apr 17 2014 00:00:00 GMT+0800 (China Standard Time),30.450001,31.09,30.25,30.9,45100,28.632228,CHFC
Mon Apr 21 2014 00:00:00 GMT+0800 (China Standard Time),30.360001,30.67,29.33,30.18,70000,27.96507,CHFC
Tue Apr 22 2014 00:00:00 GMT+0800 (China Standard Time),29.92,30.42,29.530001,30.110001,65700,27.900208,CHFC
Wed Apr 23 2014 00:00:00 GMT+0800 (China Standard Time),30.139999,30.32,29.93,29.940001,33800,27.742684,CHFC
Thu Apr 24 2014 00:00:00 GMT+0800 (China Standard Time),30.030001,30.030001,29.280001,29.360001,41900,27.205251,CHFC
Fri Apr 25 2014 00:00:00 GMT+0800 (China Standard Time),29.15,29.59,28.77,28.889999,74500,26.769743,CHFC
Mon Apr 28 2014 00:00:00 GMT+0800 (China Standard Time),29.040001,29.48,28.34,28.549999,63700,26.454696,CHFC
Tue Apr 29 2014 00:00:00 GMT+0800 (China Standard Time),28.549999,28.91,28.040001,28.16,71200,26.093319,CHFC
Wed Apr 30 2014 00:00:00 GMT+0800 (China Standard Time),28.02,28.34,27.639999,28.07,145600,26.009924,CHFC
Thu May 01 2014 00:00:00 GMT+0800 (China Standard Time),27.91,28.41,27.66,28.389999,210700,26.306439,CHFC
Fri May 02 2014 00:00:00 GMT+0800 (China Standard Time),28.530001,29.059999,28.530001,28.709999,87400,26.602953,CHFC
Mon May 05 2014 00:00:00 GMT+0800 (China Standard Time),28.42,29.26,28.09,28.450001,84700,26.362036,CHFC
Tue May 06 2014 00:00:00 GMT+0800 (China Standard Time),28.309999,29.379999,27.969999,28,70200,25.945061,CHFC
Wed May 07 2014 00:00:00 GMT+0800 (China Standard Time),28.01,28.690001,27.73,28.4,61200,26.315705,CHFC
Thu May 08 2014 00:00:00 GMT+0800 (China Standard Time),28.5,28.76,27.950001,28.030001,82900,25.97286,CHFC
Fri May 09 2014 00:00:00 GMT+0800 (China Standard Time),27.790001,28.66,27.790001,28.57,50100,26.473228,CHFC
Mon May 12 2014 00:00:00 GMT+0800 (China Standard Time),28.65,29.35,28.48,29.209999,65500,27.066258,CHFC
Tue May 13 2014 00:00:00 GMT+0800 (China Standard Time),29.209999,29.209999,28.41,28.42,102600,26.334237,CHFC
Wed May 14 2014 00:00:00 GMT+0800 (China Standard Time),28.360001,28.360001,27.52,27.610001,84400,25.583684,CHFC
Thu May 15 2014 00:00:00 GMT+0800 (China Standard Time),27.52,27.65,26.99,27.41,85800,25.398362,CHFC
Fri May 16 2014 00:00:00 GMT+0800 (China Standard Time),27.35,27.99,27.200001,27.85,76900,25.80607,CHFC
Mon May 19 2014 00:00:00 GMT+0800 (China Standard Time),27.82,28.42,27.68,28.41,28800,26.324971,CHFC
Tue May 20 2014 00:00:00 GMT+0800 (China Standard Time),28.23,28.23,27.66,27.950001,117600,25.898732,CHFC
Wed May 21 2014 00:00:00 GMT+0800 (China Standard Time),28.1,28.42,27.58,28.01,61700,25.954328,CHFC
Thu May 22 2014 00:00:00 GMT+0800 (China Standard Time),28.030001,28.299999,27.99,28.15,37600,26.084052,CHFC
Fri May 23 2014 00:00:00 GMT+0800 (China Standard Time),28.219999,28.58,28.219999,28.530001,42400,26.436165,CHFC
Tue May 27 2014 00:00:00 GMT+0800 (China Standard Time),28.799999,29.25,28.799999,29.190001,53300,27.047727,CHFC
Wed May 28 2014 00:00:00 GMT+0800 (China Standard Time),29.26,29.26,28.41,28.940001,46800,26.816075,CHFC
Thu May 29 2014 00:00:00 GMT+0800 (China Standard Time),28.959999,29.27,28.610001,28.889999,56800,26.769743,CHFC
Fri May 30 2014 00:00:00 GMT+0800 (China Standard Time),28.99,29.08,28.68,28.74,36400,26.630752,CHFC
Mon Jun 02 2014 00:00:00 GMT+0800 (China Standard Time),28.889999,29.190001,28.370001,28.549999,115400,26.454696,CHFC
Tue Jun 03 2014 00:00:00 GMT+0800 (China Standard Time),28.709999,29.290001,28.110001,28.610001,91000,26.510294,CHFC
Wed Jun 04 2014 00:00:00 GMT+0800 (China Standard Time),28.379999,28.610001,28.16,28.379999,40800,26.510291,CHFC
Thu Jun 05 2014 00:00:00 GMT+0800 (China Standard Time),28.370001,29.34,28.209999,29.309999,65700,27.379022,CHFC
Fri Jun 06 2014 00:00:00 GMT+0800 (China Standard Time),29.49,30.190001,29.469999,29.860001,71600,27.892788,CHFC
Mon Jun 09 2014 00:00:00 GMT+0800 (China Standard Time),29.9,30.25,29.85,30.23,50000,28.238411,CHFC
Tue Jun 10 2014 00:00:00 GMT+0800 (China Standard Time),30.040001,30.139999,28.690001,30.030001,32500,28.051588,CHFC
Wed Jun 11 2014 00:00:00 GMT+0800 (China Standard Time),29.790001,30.08,29.620001,29.82,183200,27.855423,CHFC
Thu Jun 12 2014 00:00:00 GMT+0800 (China Standard Time),29.790001,29.9,29.290001,29.43,37900,27.491117,CHFC
Fri Jun 13 2014 00:00:00 GMT+0800 (China Standard Time),29.620001,29.77,29.309999,29.41,31400,27.472434,CHFC
Mon Jun 16 2014 00:00:00 GMT+0800 (China Standard Time),29.34,29.34,29.01,29.219999,27900,27.294951,CHFC
Tue Jun 17 2014 00:00:00 GMT+0800 (China Standard Time),29.120001,29.84,28.58,29.67,50900,27.715305,CHFC
Wed Jun 18 2014 00:00:00 GMT+0800 (China Standard Time),29.58,29.91,29.299999,29.77,37100,27.808717,CHFC
Thu Jun 19 2014 00:00:00 GMT+0800 (China Standard Time),28.5,28.690001,28.25,28.5,662300,26.622386,CHFC
Fri Jun 20 2014 00:00:00 GMT+0800 (China Standard Time),28.6,28.6,28.1,28.17,325300,26.314127,CHFC
Mon Jun 23 2014 00:00:00 GMT+0800 (China Standard Time),28.35,28.35,27.85,28,327000,26.155327,CHFC
Tue Jun 24 2014 00:00:00 GMT+0800 (China Standard Time),28,28.1,27.84,27.860001,188600,26.024551,CHFC
Wed Jun 25 2014 00:00:00 GMT+0800 (China Standard Time),27.83,28.049999,27.799999,28.049999,143600,26.202032,CHFC
Thu Jun 26 2014 00:00:00 GMT+0800 (China Standard Time),28,28.049999,27.799999,28,128600,26.155327,CHFC
Fri Jun 27 2014 00:00:00 GMT+0800 (China Standard Time),27.83,28.059999,27.809999,27.860001,223800,26.024551,CHFC
Mon Jun 30 2014 00:00:00 GMT+0800 (China Standard Time),27.99,28.120001,27.799999,28.08,122900,26.230056,CHFC
Tue Jul 01 2014 00:00:00 GMT+0800 (China Standard Time),28.02,28.700001,28,28.4,295000,26.528974,CHFC
Wed Jul 02 2014 00:00:00 GMT+0800 (China Standard Time),28.27,28.58,28.110001,28.190001,97400,26.33281,CHFC
Thu Jul 03 2014 00:00:00 GMT+0800 (China Standard Time),28.360001,28.690001,28.059999,28.6,48900,26.715798,CHFC
Mon Jul 07 2014 00:00:00 GMT+0800 (China Standard Time),28.49,28.57,28.24,28.42,71100,26.547657,CHFC
Tue Jul 08 2014 00:00:00 GMT+0800 (China Standard Time),28.450001,28.469999,27.9,27.93,94400,26.089939,CHFC
Wed Jul 09 2014 00:00:00 GMT+0800 (China Standard Time),28.110001,28.219999,27.809999,27.85,79700,26.015209,CHFC
Thu Jul 10 2014 00:00:00 GMT+0800 (China Standard Time),27.4,27.790001,27.190001,27.59,137900,25.772338,CHFC
Fri Jul 11 2014 00:00:00 GMT+0800 (China Standard Time),27.51,27.629999,27.35,27.49,48400,25.678926,CHFC
Mon Jul 14 2014 00:00:00 GMT+0800 (China Standard Time),27.809999,27.889999,27.4,27.42,37600,25.613538,CHFC
Tue Jul 15 2014 00:00:00 GMT+0800 (China Standard Time),27.379999,27.91,27.15,27.52,99900,25.70695,CHFC
Wed Jul 16 2014 00:00:00 GMT+0800 (China Standard Time),27.690001,27.690001,27.209999,27.24,181800,25.445396,CHFC
Thu Jul 17 2014 00:00:00 GMT+0800 (China Standard Time),27.1,27.309999,27,27.030001,111000,25.249232,CHFC
Fri Jul 18 2014 00:00:00 GMT+0800 (China Standard Time),26.93,27.67,26.93,27.299999,196100,25.501443,CHFC
Mon Jul 21 2014 00:00:00 GMT+0800 (China Standard Time),27.18,27.5,27,27.35,91700,25.54815,CHFC
Tue Jul 22 2014 00:00:00 GMT+0800 (China Standard Time),27.440001,27.559999,27.030001,27.219999,63400,25.426713,CHFC
Wed Jul 23 2014 00:00:00 GMT+0800 (China Standard Time),27.389999,28.25,27.32,28.049999,134200,26.202032,CHFC
Thu Jul 24 2014 00:00:00 GMT+0800 (China Standard Time),28.219999,28.43,27.91,27.99,98500,26.145985,CHFC
Fri Jul 25 2014 00:00:00 GMT+0800 (China Standard Time),27.780001,28.139999,27.780001,28.08,107600,26.230056,CHFC
Mon Jul 28 2014 00:00:00 GMT+0800 (China Standard Time),28.16,28.35,27.83,28.01,115700,26.164668,CHFC
Tue Jul 29 2014 00:00:00 GMT+0800 (China Standard Time),28.040001,28.18,27.639999,27.67,148500,25.847067,CHFC
Wed Jul 30 2014 00:00:00 GMT+0800 (China Standard Time),27.799999,28.09,27.65,28.01,103800,26.164668,CHFC
Thu Jul 31 2014 00:00:00 GMT+0800 (China Standard Time),27.65,28.030001,27.52,27.6,441700,25.781679,CHFC
Fri Aug 01 2014 00:00:00 GMT+0800 (China Standard Time),27.68,27.790001,27.450001,27.549999,141400,25.734972,CHFC
Mon Aug 04 2014 00:00:00 GMT+0800 (China Standard Time),27.719999,27.780001,27.219999,27.549999,114900,25.734972,CHFC
Tue Aug 05 2014 00:00:00 GMT+0800 (China Standard Time),27.5,27.799999,27.43,27.559999,91000,25.744314,CHFC
Wed Aug 06 2014 00:00:00 GMT+0800 (China Standard Time),27.43,27.98,27.43,27.709999,62000,25.884431,CHFC
Thu Aug 07 2014 00:00:00 GMT+0800 (China Standard Time),27.709999,27.709999,27.26,27.4,56700,25.594855,CHFC
Fri Aug 08 2014 00:00:00 GMT+0800 (China Standard Time),27.379999,27.690001,27.379999,27.66,70000,25.837726,CHFC
Mon Aug 11 2014 00:00:00 GMT+0800 (China Standard Time),27.780001,28.1,27.49,27.84,40500,26.005868,CHFC
Tue Aug 12 2014 00:00:00 GMT+0800 (China Standard Time),27.75,28.09,27.459999,27.639999,109100,25.819043,CHFC
Wed Aug 13 2014 00:00:00 GMT+0800 (China Standard Time),27.709999,28.02,27.639999,27.879999,59200,26.043232,CHFC
Thu Aug 14 2014 00:00:00 GMT+0800 (China Standard Time),27.809999,28.1,27.780001,28.02,45600,26.174009,CHFC
Fri Aug 15 2014 00:00:00 GMT+0800 (China Standard Time),28.25,28.25,27.379999,27.74,93100,25.912456,CHFC
Mon Aug 18 2014 00:00:00 GMT+0800 (China Standard Time),27.959999,28.200001,27.77,28.139999,82100,26.286103,CHFC
Tue Aug 19 2014 00:00:00 GMT+0800 (China Standard Time),28.27,28.5,27.93,28.450001,101300,26.575681,CHFC
Wed Aug 20 2014 00:00:00 GMT+0800 (China Standard Time),28.43,28.459999,28.17,28.280001,46800,26.416881,CHFC
Thu Aug 21 2014 00:00:00 GMT+0800 (China Standard Time),28.15,28.889999,27.950001,28.709999,86000,26.81855,CHFC
Fri Aug 22 2014 00:00:00 GMT+0800 (China Standard Time),28.700001,29,28.360001,28.719999,59000,26.827892,CHFC
Mon Aug 25 2014 00:00:00 GMT+0800 (China Standard Time),28.84,28.98,28.540001,28.74,34000,26.846574,CHFC
Tue Aug 26 2014 00:00:00 GMT+0800 (China Standard Time),28.76,28.879999,28.299999,28.77,62800,26.874599,CHFC
Wed Aug 27 2014 00:00:00 GMT+0800 (China Standard Time),28.75,28.75,28.379999,28.459999,97500,26.58502,CHFC
Thu Aug 28 2014 00:00:00 GMT+0800 (China Standard Time),28.34,28.34,28.09,28.129999,47300,26.276761,CHFC
Fri Aug 29 2014 00:00:00 GMT+0800 (China Standard Time),28.15,28.469999,28.030001,28.370001,64000,26.500951,CHFC
Tue Sep 02 2014 00:00:00 GMT+0800 (China Standard Time),28.57,28.790001,28.370001,28.66,81000,26.771845,CHFC
Wed Sep 03 2014 00:00:00 GMT+0800 (China Standard Time),28.52,28.92,28.360001,28.6,115200,26.941408,CHFC
Thu Sep 04 2014 00:00:00 GMT+0800 (China Standard Time),28.57,28.93,28.360001,28.459999,121800,26.809525,CHFC
Fri Sep 05 2014 00:00:00 GMT+0800 (China Standard Time),28.309999,28.58,27.860001,28.530001,38000,26.875467,CHFC
Mon Sep 08 2014 00:00:00 GMT+0800 (China Standard Time),28.43,28.66,28.219999,28.610001,32900,26.950828,CHFC
Tue Sep 09 2014 00:00:00 GMT+0800 (China Standard Time),28.48,28.559999,28.030001,28.059999,46200,26.432723,CHFC
Wed Sep 10 2014 00:00:00 GMT+0800 (China Standard Time),28.15,28.49,27.99,28.43,57800,26.781266,CHFC
Thu Sep 11 2014 00:00:00 GMT+0800 (China Standard Time),28.26,28.68,28.26,28.620001,39500,26.960248,CHFC
Fri Sep 12 2014 00:00:00 GMT+0800 (China Standard Time),28.690001,28.790001,28.190001,28.34,60100,26.696485,CHFC
Mon Sep 15 2014 00:00:00 GMT+0800 (China Standard Time),28.25,28.25,27.91,27.969999,59600,26.347942,CHFC
Tue Sep 16 2014 00:00:00 GMT+0800 (China Standard Time),27.950001,28.190001,27.68,27.889999,71400,26.272581,CHFC
Wed Sep 17 2014 00:00:00 GMT+0800 (China Standard Time),27.889999,28.18,27.620001,27.83,45600,26.216062,CHFC
Thu Sep 18 2014 00:00:00 GMT+0800 (China Standard Time),27.860001,28.23,27.860001,28.09,97400,26.460984,CHFC
Fri Sep 19 2014 00:00:00 GMT+0800 (China Standard Time),28.120001,28.4,27.68,27.889999,152700,26.272581,CHFC
Mon Sep 22 2014 00:00:00 GMT+0800 (China Standard Time),27.790001,28,27.26,27.309999,85800,25.726217,CHFC
Tue Sep 23 2014 00:00:00 GMT+0800 (China Standard Time),27.25,27.34,26.889999,26.889999,75000,25.330574,CHFC
Wed Sep 24 2014 00:00:00 GMT+0800 (China Standard Time),27.02,27.17,26.85,27.17,54900,25.594337,CHFC
Thu Sep 25 2014 00:00:00 GMT+0800 (China Standard Time),27.1,27.219999,26.77,27.1,96800,25.528397,CHFC
Fri Sep 26 2014 00:00:00 GMT+0800 (China Standard Time),27.110001,27.459999,26.950001,27.209999,61100,25.632016,CHFC
Mon Sep 29 2014 00:00:00 GMT+0800 (China Standard Time),26.879999,27.43,26.879999,27.09,75900,25.518976,CHFC
Tue Sep 30 2014 00:00:00 GMT+0800 (China Standard Time),27.110001,27.299999,26.870001,26.889999,111900,25.330574,CHFC
Wed Oct 01 2014 00:00:00 GMT+0800 (China Standard Time),26.889999,27.139999,26.540001,26.620001,95000,25.076234,CHFC
Thu Oct 02 2014 00:00:00 GMT+0800 (China Standard Time),26.67,27.190001,26.65,26.98,92100,25.415355,CHFC
Fri Oct 03 2014 00:00:00 GMT+0800 (China Standard Time),27.290001,27.35,26.879999,26.91,67000,25.349415,CHFC
Mon Oct 06 2014 00:00:00 GMT+0800 (China Standard Time),26.91,27.1,26.540001,26.84,83600,25.283475,CHFC
Tue Oct 07 2014 00:00:00 GMT+0800 (China Standard Time),26.610001,26.82,26.24,26.33,49900,24.803051,CHFC
Wed Oct 08 2014 00:00:00 GMT+0800 (China Standard Time),26.23,26.85,26.17,26.799999,154900,25.245793,CHFC
Thu Oct 09 2014 00:00:00 GMT+0800 (China Standard Time),26.700001,26.700001,26.299999,26.32,102800,24.79363,CHFC
Fri Oct 10 2014 00:00:00 GMT+0800 (China Standard Time),26.16,26.77,26.16,26.370001,121900,24.840732,CHFC
Mon Oct 13 2014 00:00:00 GMT+0800 (China Standard Time),26.299999,26.950001,26.299999,26.75,117500,25.198694,CHFC
Tue Oct 14 2014 00:00:00 GMT+0800 (China Standard Time),26.93,27.299999,26.74,26.92,121300,25.358835,CHFC
Wed Oct 15 2014 00:00:00 GMT+0800 (China Standard Time),26.610001,26.690001,25.99,26.440001,142300,24.906672,CHFC
Thu Oct 16 2014 00:00:00 GMT+0800 (China Standard Time),26.1,26.99,26.1,26.9,71600,25.339994,CHFC
Fri Oct 17 2014 00:00:00 GMT+0800 (China Standard Time),27.33,27.33,26.450001,26.459999,104900,24.925511,CHFC
Mon Oct 20 2014 00:00:00 GMT+0800 (China Standard Time),26.290001,26.77,26.290001,26.719999,56200,25.170433,CHFC
Tue Oct 21 2014 00:00:00 GMT+0800 (China Standard Time),26.75,27.25,26.549999,27.08,55400,25.509556,CHFC
Wed Oct 22 2014 00:00:00 GMT+0800 (China Standard Time),27.219999,27.51,26.77,26.92,66200,25.358835,CHFC
Thu Oct 23 2014 00:00:00 GMT+0800 (China Standard Time),27.360001,28.25,27.16,27.85,127600,26.234902,CHFC
Fri Oct 24 2014 00:00:00 GMT+0800 (China Standard Time),27.92,28.16,27.92,27.969999,47500,26.347942,CHFC
Mon Oct 27 2014 00:00:00 GMT+0800 (China Standard Time),27.93,28.25,27.75,28.190001,48700,26.555185,CHFC
Tue Oct 28 2014 00:00:00 GMT+0800 (China Standard Time),28.27,29.200001,28.27,29.18,125400,27.487772,CHFC
Wed Oct 29 2014 00:00:00 GMT+0800 (China Standard Time),29.129999,29.6,28.790001,29.469999,98700,27.760953,CHFC
Thu Oct 30 2014 00:00:00 GMT+0800 (China Standard Time),29.200001,29.620001,29.17,29.549999,97300,27.836313,CHFC
Fri Oct 31 2014 00:00:00 GMT+0800 (China Standard Time),30.15,30.15,29.620001,29.780001,131100,28.052976,CHFC
Mon Nov 03 2014 00:00:00 GMT+0800 (China Standard Time),29.860001,30.049999,28.92,30,75000,28.260217,CHFC
Tue Nov 04 2014 00:00:00 GMT+0800 (China Standard Time),29.860001,30.110001,29.85,30.040001,69400,28.297898,CHFC
Wed Nov 05 2014 00:00:00 GMT+0800 (China Standard Time),30.280001,30.41,30.049999,30.299999,44900,28.542819,CHFC
Thu Nov 06 2014 00:00:00 GMT+0800 (China Standard Time),30.26,30.459999,30.059999,30.34,41200,28.5805,CHFC
Fri Nov 07 2014 00:00:00 GMT+0800 (China Standard Time),30.299999,30.629999,30.1,30.540001,94700,28.768902,CHFC
Mon Nov 10 2014 00:00:00 GMT+0800 (China Standard Time),30.65,30.67,30.209999,30.52,72500,28.750062,CHFC
Tue Nov 11 2014 00:00:00 GMT+0800 (China Standard Time),30.610001,30.610001,30.129999,30.17,74100,28.420359,CHFC
Wed Nov 12 2014 00:00:00 GMT+0800 (China Standard Time),30.049999,30.629999,29.610001,30.57,61800,28.797161,CHFC
Thu Nov 13 2014 00:00:00 GMT+0800 (China Standard Time),30.690001,30.690001,30.110001,30.209999,42500,28.458038,CHFC
Fri Nov 14 2014 00:00:00 GMT+0800 (China Standard Time),30.32,30.32,29.879999,29.99,92100,28.250797,CHFC
Mon Nov 17 2014 00:00:00 GMT+0800 (China Standard Time),29.92,30.280001,29.610001,29.68,44300,27.958775,CHFC
Tue Nov 18 2014 00:00:00 GMT+0800 (China Standard Time),29.860001,30.049999,29.58,29.74,45000,28.015295,CHFC
Wed Nov 19 2014 00:00:00 GMT+0800 (China Standard Time),29.65,29.709999,29.059999,29.110001,58900,27.421831,CHFC
Thu Nov 20 2014 00:00:00 GMT+0800 (China Standard Time),28.92,29.700001,28.84,29.65,60900,27.930514,CHFC
Fri Nov 21 2014 00:00:00 GMT+0800 (China Standard Time),29.98,30,29.059999,29.15,71200,27.459511,CHFC
Mon Nov 24 2014 00:00:00 GMT+0800 (China Standard Time),29.139999,29.49,29.030001,29.389999,84100,27.685592,CHFC
Tue Nov 25 2014 00:00:00 GMT+0800 (China Standard Time),29.360001,29.530001,28.93,29.15,257300,27.459511,CHFC
Wed Nov 26 2014 00:00:00 GMT+0800 (China Standard Time),29.219999,29.59,29.1,29.58,58900,27.864574,CHFC
Fri Nov 28 2014 00:00:00 GMT+0800 (China Standard Time),29.469999,29.68,28.91,28.969999,49600,27.289949,CHFC
Mon Dec 01 2014 00:00:00 GMT+0800 (China Standard Time),28.92,28.98,28.16,28.16,66600,26.526924,CHFC
Tue Dec 02 2014 00:00:00 GMT+0800 (China Standard Time),28.26,28.950001,28.26,28.83,47400,27.158069,CHFC
Wed Dec 03 2014 00:00:00 GMT+0800 (China Standard Time),28.65,29.209999,28.4,28.92,83200,27.47154,CHFC
Thu Dec 04 2014 00:00:00 GMT+0800 (China Standard Time),28.82,29.18,28.52,28.639999,41300,27.205563,CHFC
Fri Dec 05 2014 00:00:00 GMT+0800 (China Standard Time),28.6,29.57,28.6,29.25,58500,27.785012,CHFC
Mon Dec 08 2014 00:00:00 GMT+0800 (China Standard Time),29.09,29.309999,28.629999,28.809999,56300,27.367049,CHFC
Tue Dec 09 2014 00:00:00 GMT+0800 (China Standard Time),28.5,29.219999,28.299999,29.17,75200,27.709019,CHFC
Wed Dec 10 2014 00:00:00 GMT+0800 (China Standard Time),28.98,29.4,28.4,28.450001,54700,27.025081,CHFC
Thu Dec 11 2014 00:00:00 GMT+0800 (China Standard Time),28.530001,28.98,28.450001,28.48,31800,27.053577,CHFC
Fri Dec 12 2014 00:00:00 GMT+0800 (China Standard Time),28.1,28.58,27.950001,28.26,71300,26.844596,CHFC
Mon Dec 15 2014 00:00:00 GMT+0800 (China Standard Time),28.33,28.719999,27.51,28.219999,79700,26.806599,CHFC
Tue Dec 16 2014 00:00:00 GMT+0800 (China Standard Time),28.200001,29.07,28.110001,28.65,81000,27.215062,CHFC
Wed Dec 17 2014 00:00:00 GMT+0800 (China Standard Time),28.620001,29.83,28.57,29.719999,126700,28.231471,CHFC
Thu Dec 18 2014 00:00:00 GMT+0800 (China Standard Time),29.950001,29.950001,29.58,29.91,90600,28.411955,CHFC
Fri Dec 19 2014 00:00:00 GMT+0800 (China Standard Time),30.01,30.24,29.66,30.18,297700,28.668433,CHFC
Mon Dec 22 2014 00:00:00 GMT+0800 (China Standard Time),30.18,30.34,30.030001,30.309999,96000,28.791921,CHFC
Tue Dec 23 2014 00:00:00 GMT+0800 (China Standard Time),30.530001,30.690001,30.370001,30.66,61000,29.124392,CHFC
Wed Dec 24 2014 00:00:00 GMT+0800 (China Standard Time),30.709999,30.780001,30.469999,30.690001,30900,29.15289,CHFC
Fri Dec 26 2014 00:00:00 GMT+0800 (China Standard Time),30.690001,30.799999,30.469999,30.73,49400,29.190885,CHFC
Mon Dec 29 2014 00:00:00 GMT+0800 (China Standard Time),30.65,30.950001,30.65,30.940001,69600,29.390369,CHFC
Tue Dec 30 2014 00:00:00 GMT+0800 (China Standard Time),30.93,30.940001,30.76,30.870001,38400,29.323875,CHFC
Wed Dec 31 2014 00:00:00 GMT+0800 (China Standard Time),30.92,31.040001,30.58,30.639999,57100,29.105393,CHFC
Fri Jan 02 2015 00:00:00 GMT+0800 (China Standard Time),30.780001,30.780001,30.15,30.389999,88300,28.867914,CHFC
Mon Jan 05 2015 00:00:00 GMT+0800 (China Standard Time),30.129999,30.41,29.940001,30,144000,28.497448,CHFC
Tue Jan 06 2015 00:00:00 GMT+0800 (China Standard Time),30,30,29.219999,29.4,99700,27.927499,CHFC
Wed Jan 07 2015 00:00:00 GMT+0800 (China Standard Time),29.629999,29.91,29.17,29.469999,79100,27.993992,CHFC
Thu Jan 08 2015 00:00:00 GMT+0800 (China Standard Time),29.780001,30.1,29.65,29.799999,129700,28.307464,CHFC
Fri Jan 09 2015 00:00:00 GMT+0800 (China Standard Time),29.879999,29.879999,29.09,29.1,80200,27.642525,CHFC
Mon Jan 12 2015 00:00:00 GMT+0800 (China Standard Time),29.1,29.49,28.75,29.09,68300,27.633026,CHFC
Tue Jan 13 2015 00:00:00 GMT+0800 (China Standard Time),29.379999,30.530001,28.690001,29.07,66000,27.614027,CHFC
Wed Jan 14 2015 00:00:00 GMT+0800 (China Standard Time),28.620001,28.85,28.33,28.67,79600,27.234061,CHFC
Thu Jan 15 2015 00:00:00 GMT+0800 (China Standard Time),28.690001,29.15,28.459999,28.620001,102200,27.186566,CHFC
Fri Jan 16 2015 00:00:00 GMT+0800 (China Standard Time),28.51,29.42,28.51,29.35,168100,27.880004,CHFC
Tue Jan 20 2015 00:00:00 GMT+0800 (China Standard Time),29.440001,29.5,28.77,28.969999,71500,27.519035,CHFC
Wed Jan 21 2015 00:00:00 GMT+0800 (China Standard Time),28.870001,29.139999,28.16,28.629999,63500,27.196064,CHFC
Thu Jan 22 2015 00:00:00 GMT+0800 (China Standard Time),28.92,29.709999,28.559999,29.6,143300,28.117482,CHFC
Fri Jan 23 2015 00:00:00 GMT+0800 (China Standard Time),29.690001,29.690001,28.879999,29.059999,33700,27.604527,CHFC
Mon Jan 26 2015 00:00:00 GMT+0800 (China Standard Time),28.959999,29.42,28.6,29.27,69500,27.804011,CHFC
Tue Jan 27 2015 00:00:00 GMT+0800 (China Standard Time),28.959999,29.459999,28.719999,29.040001,76800,27.585531,CHFC
Wed Jan 28 2015 00:00:00 GMT+0800 (China Standard Time),29.52,29.799999,28.309999,28.35,111000,26.930089,CHFC
Thu Jan 29 2015 00:00:00 GMT+0800 (China Standard Time),28.42,29.309999,28.42,29.200001,149800,27.737517,CHFC
Fri Jan 30 2015 00:00:00 GMT+0800 (China Standard Time),28.85,29.59,28.290001,28.360001,119600,26.939588,CHFC
Mon Feb 02 2015 00:00:00 GMT+0800 (China Standard Time),28.299999,29.290001,28.24,29.120001,74500,27.661524,CHFC
Tue Feb 03 2015 00:00:00 GMT+0800 (China Standard Time),29.16,29.709999,29.030001,29.15,108500,27.69002,CHFC
Wed Feb 04 2015 00:00:00 GMT+0800 (China Standard Time),29.049999,29.610001,29.049999,29.450001,81700,27.974995,CHFC
Thu Feb 05 2015 00:00:00 GMT+0800 (China Standard Time),29.620001,30,29.49,29.99,137400,28.487949,CHFC
Fri Feb 06 2015 00:00:00 GMT+0800 (China Standard Time),30,30.49,29.719999,30.370001,150400,28.848917,CHFC
Mon Feb 09 2015 00:00:00 GMT+0800 (China Standard Time),30.24,30.459999,29.620001,29.74,52100,28.25047,CHFC
Tue Feb 10 2015 00:00:00 GMT+0800 (China Standard Time),29.799999,30.16,29.42,29.950001,71200,28.449953,CHFC
Wed Feb 11 2015 00:00:00 GMT+0800 (China Standard Time),29.75,30.129999,29.57,29.83,47400,28.335962,CHFC
Thu Feb 12 2015 00:00:00 GMT+0800 (China Standard Time),30.059999,30.389999,30.040001,30.33,52200,28.81092,CHFC
Fri Feb 13 2015 00:00:00 GMT+0800 (China Standard Time),30.24,30.450001,30.07,30.24,57000,28.725427,CHFC
Tue Feb 17 2015 00:00:00 GMT+0800 (China Standard Time),30.129999,30.450001,29.959999,30.43,32700,28.905912,CHFC
Wed Feb 18 2015 00:00:00 GMT+0800 (China Standard Time),30.379999,30.379999,29.82,30.07,42800,28.563942,CHFC
Thu Feb 19 2015 00:00:00 GMT+0800 (China Standard Time),29.92,30.290001,29.799999,29.969999,23900,28.46895,CHFC
Fri Feb 20 2015 00:00:00 GMT+0800 (China Standard Time),30.049999,30.16,29.540001,30.09,50900,28.58294,CHFC
Mon Feb 23 2015 00:00:00 GMT+0800 (China Standard Time),29.91,30.17,29.629999,30.110001,51300,28.601939,CHFC
Tue Feb 24 2015 00:00:00 GMT+0800 (China Standard Time),30.139999,30.469999,29.809999,30.25,63000,28.734927,CHFC
Wed Feb 25 2015 00:00:00 GMT+0800 (China Standard Time),30.139999,30.370001,30,30.32,48900,28.80142,CHFC
Thu Feb 26 2015 00:00:00 GMT+0800 (China Standard Time),30.190001,30.610001,30.190001,30.540001,50100,29.010403,CHFC
Fri Feb 27 2015 00:00:00 GMT+0800 (China Standard Time),30.379999,30.639999,30.139999,30.18,72700,28.668433,CHFC
Mon Mar 02 2015 00:00:00 GMT+0800 (China Standard Time),30.200001,30.76,30.18,30.67,129200,29.133891,CHFC
Tue Mar 03 2015 00:00:00 GMT+0800 (China Standard Time),30.49,30.65,30.360001,30.58,47500,29.048399,CHFC
Wed Mar 04 2015 00:00:00 GMT+0800 (China Standard Time),30.17,30.440001,29.92,30.059999,100000,28.780319,CHFC
Thu Mar 05 2015 00:00:00 GMT+0800 (China Standard Time),30.18,30.18,29.57,29.959999,38600,28.684575,CHFC
Fri Mar 06 2015 00:00:00 GMT+0800 (China Standard Time),29.709999,30.41,29.65,29.93,57200,28.655854,CHFC
Mon Mar 09 2015 00:00:00 GMT+0800 (China Standard Time),30.040001,30.34,29.870001,30.26,41900,28.971805,CHFC
Tue Mar 10 2015 00:00:00 GMT+0800 (China Standard Time),30.059999,30.059999,29.440001,29.450001,39300,28.196288,CHFC
Wed Mar 11 2015 00:00:00 GMT+0800 (China Standard Time),29.549999,30.02,29.450001,29.98,63300,28.703724,CHFC
Thu Mar 12 2015 00:00:00 GMT+0800 (China Standard Time),30.280001,30.9,30.129999,30.9,75800,29.584559,CHFC
Fri Mar 13 2015 00:00:00 GMT+0800 (China Standard Time),30.959999,31.07,30.25,31,51800,29.680302,CHFC
Mon Mar 16 2015 00:00:00 GMT+0800 (China Standard Time),31.110001,31.25,30.690001,31.09,63800,29.766471,CHFC
Tue Mar 17 2015 00:00:00 GMT+0800 (China Standard Time),30.950001,31.360001,30.790001,31.27,57100,29.938809,CHFC
Wed Mar 18 2015 00:00:00 GMT+0800 (China Standard Time),31.34,31.48,30.549999,30.879999,45200,29.56541,CHFC
Thu Mar 19 2015 00:00:00 GMT+0800 (China Standard Time),30.690001,30.75,30.370001,30.639999,56200,29.335627,CHFC
Fri Mar 20 2015 00:00:00 GMT+0800 (China Standard Time),30.82,31.559999,30.799999,31.299999,177400,29.96753,CHFC
Mon Mar 23 2015 00:00:00 GMT+0800 (China Standard Time),31.200001,31.5,30.92,31.23,62700,29.900511,CHFC
Tue Mar 24 2015 00:00:00 GMT+0800 (China Standard Time),31.18,31.299999,30.83,31.26,57800,29.929234,CHFC
Wed Mar 25 2015 00:00:00 GMT+0800 (China Standard Time),31.219999,31.219999,30.66,30.66,59000,29.354776,CHFC
Thu Mar 26 2015 00:00:00 GMT+0800 (China Standard Time),30.5,30.85,30.030001,30.74,52700,29.431371,CHFC
Fri Mar 27 2015 00:00:00 GMT+0800 (China Standard Time),30.709999,30.75,30.26,30.68,55800,29.373925,CHFC
Mon Mar 30 2015 00:00:00 GMT+0800 (China Standard Time),30.75,31.280001,30.75,31.129999,87000,29.804767,CHFC
Tue Mar 31 2015 00:00:00 GMT+0800 (China Standard Time),31.049999,31.49,30.870001,31.360001,93600,30.024978,CHFC
Wed Apr 01 2015 00:00:00 GMT+0800 (China Standard Time),31.129999,31.860001,30.950001,31.5,90700,30.159017,CHFC
Thu Apr 02 2015 00:00:00 GMT+0800 (China Standard Time),31.42,31.799999,31.32,31.35,57000,30.015403,CHFC
Mon Apr 06 2015 00:00:00 GMT+0800 (China Standard Time),31.02,31.280001,30.98,31.09,47700,29.766471,CHFC
Tue Apr 07 2015 00:00:00 GMT+0800 (China Standard Time),31,31.33,30.84,30.85,56300,29.536688,CHFC
Wed Apr 08 2015 00:00:00 GMT+0800 (China Standard Time),30.76,31.09,30.76,30.93,77500,29.613283,CHFC
Thu Apr 09 2015 00:00:00 GMT+0800 (China Standard Time),30.93,31.040001,30.559999,30.950001,56900,29.632432,CHFC
Fri Apr 10 2015 00:00:00 GMT+0800 (China Standard Time),31.139999,31.379999,30.9,31.25,67000,29.91966,CHFC
Mon Apr 13 2015 00:00:00 GMT+0800 (China Standard Time),31.23,31.450001,31.120001,31.24,43900,29.910085,CHFC
Tue Apr 14 2015 00:00:00 GMT+0800 (China Standard Time),31.190001,31.209999,30.780001,30.950001,47000,29.632432,CHFC
Wed Apr 15 2015 00:00:00 GMT+0800 (China Standard Time),31,31.43,30.75,31.370001,60400,30.034552,CHFC
Thu Apr 16 2015 00:00:00 GMT+0800 (China Standard Time),31.25,31.620001,31.049999,31.52,33000,30.178166,CHFC
Fri Apr 17 2015 00:00:00 GMT+0800 (China Standard Time),31.360001,31.440001,30.52,30.77,83100,29.460094,CHFC
Mon Apr 20 2015 00:00:00 GMT+0800 (China Standard Time),31.1,32.810001,30.43,32.080002,250000,30.714328,CHFC
Tue Apr 21 2015 00:00:00 GMT+0800 (China Standard Time),32.209999,32.5,32.16,32.369999,86700,30.991979,CHFC
Wed Apr 22 2015 00:00:00 GMT+0800 (China Standard Time),32.450001,32.52,31.809999,32.34,61200,30.963258,CHFC
Thu Apr 23 2015 00:00:00 GMT+0800 (China Standard Time),32.200001,32.549999,32.040001,32.48,88000,31.097297,CHFC
Fri Apr 24 2015 00:00:00 GMT+0800 (China Standard Time),32.400002,32.560001,31.83,31.85,67500,30.494118,CHFC
Mon Apr 27 2015 00:00:00 GMT+0800 (China Standard Time),31.75,32.240002,31.17,31.51,86500,30.168592,CHFC
Tue Apr 28 2015 00:00:00 GMT+0800 (China Standard Time),31.52,32.139999,31.52,32.040001,75000,30.67603,CHFC
Wed Apr 29 2015 00:00:00 GMT+0800 (China Standard Time),32,32.43,31.85,31.879999,37300,30.522839,CHFC
Thu Apr 30 2015 00:00:00 GMT+0800 (China Standard Time),31.68,31.879999,30.809999,30.9,128100,29.584559,CHFC
Fri May 01 2015 00:00:00 GMT+0800 (China Standard Time),30.98,31.049999,30.34,30.620001,62400,29.31648,CHFC
Mon May 04 2015 00:00:00 GMT+0800 (China Standard Time),30.629999,30.99,30.629999,30.73,52500,29.421796,CHFC
Tue May 05 2015 00:00:00 GMT+0800 (China Standard Time),30.68,31.559999,30.15,30.360001,88600,29.067548,CHFC
Wed May 06 2015 00:00:00 GMT+0800 (China Standard Time),30.360001,30.91,30.120001,30.870001,60800,29.555837,CHFC
Thu May 07 2015 00:00:00 GMT+0800 (China Standard Time),30.719999,30.9,30.030001,30.68,49700,29.373925,CHFC
Fri May 08 2015 00:00:00 GMT+0800 (China Standard Time),31.030001,31.030001,30.639999,30.799999,39600,29.488816,CHFC
Mon May 11 2015 00:00:00 GMT+0800 (China Standard Time),30.76,30.950001,30.67,30.709999,89500,29.402647,CHFC
Tue May 12 2015 00:00:00 GMT+0800 (China Standard Time),30.629999,30.629999,30.16,30.5,67200,29.201588,CHFC
Wed May 13 2015 00:00:00 GMT+0800 (China Standard Time),30.48,30.57,30.25,30.4,37200,29.105845,CHFC
Thu May 14 2015 00:00:00 GMT+0800 (China Standard Time),30.4,30.879999,30.139999,30.700001,76700,29.393074,CHFC
Fri May 15 2015 00:00:00 GMT+0800 (China Standard Time),30.629999,30.73,30.09,30.200001,49300,28.91436,CHFC
Mon May 18 2015 00:00:00 GMT+0800 (China Standard Time),30.120001,30.74,30.120001,30.549999,96800,29.249459,CHFC
Tue May 19 2015 00:00:00 GMT+0800 (China Standard Time),30.620001,30.75,30.379999,30.719999,43100,29.412222,CHFC
Wed May 20 2015 00:00:00 GMT+0800 (China Standard Time),30.74,30.74,30.450001,30.690001,25200,29.3835,CHFC
Thu May 21 2015 00:00:00 GMT+0800 (China Standard Time),30.67,30.68,30.34,30.469999,79600,29.172864,CHFC
Fri May 22 2015 00:00:00 GMT+0800 (China Standard Time),30.41,30.67,30.129999,30.32,39300,29.02925,CHFC
Tue May 26 2015 00:00:00 GMT+0800 (China Standard Time),30.09,30.280001,29.73,30.059999,60800,28.780319,CHFC
Wed May 27 2015 00:00:00 GMT+0800 (China Standard Time),30.07,30.43,29.84,30.34,77300,29.048399,CHFC
Thu May 28 2015 00:00:00 GMT+0800 (China Standard Time),30.27,30.48,29.9,30.459999,37000,29.16329,CHFC
Fri May 29 2015 00:00:00 GMT+0800 (China Standard Time),30.34,30.58,30.1,30.290001,108100,29.000529,CHFC
Mon Jun 01 2015 00:00:00 GMT+0800 (China Standard Time),30.35,30.67,30.02,30.440001,129100,29.144143,CHFC
Tue Jun 02 2015 00:00:00 GMT+0800 (China Standard Time),30.27,30.959999,30.27,30.73,73100,29.421796,CHFC
Wed Jun 03 2015 00:00:00 GMT+0800 (China Standard Time),30.57,31.16,30.360001,30.91,92800,29.827082,CHFC
Thu Jun 04 2015 00:00:00 GMT+0800 (China Standard Time),30.68,30.870001,30.52,30.75,40700,29.672688,CHFC
Fri Jun 05 2015 00:00:00 GMT+0800 (China Standard Time),30.92,31.280001,30.82,31.25,52000,30.155171,CHFC
Mon Jun 08 2015 00:00:00 GMT+0800 (China Standard Time),31.219999,31.49,31.219999,31.280001,45400,30.18412,CHFC
Tue Jun 09 2015 00:00:00 GMT+0800 (China Standard Time),31.280001,31.790001,31.139999,31.780001,74800,30.666603,CHFC
Wed Jun 10 2015 00:00:00 GMT+0800 (China Standard Time),32,32.939999,31.98,32.689999,229900,31.54472,CHFC
Thu Jun 11 2015 00:00:00 GMT+0800 (China Standard Time),32.66,32.880001,32.290001,32.700001,58900,31.554371,CHFC
Fri Jun 12 2015 00:00:00 GMT+0800 (China Standard Time),32.57,32.860001,32.41,32.700001,70900,31.554371,CHFC
Mon Jun 15 2015 00:00:00 GMT+0800 (China Standard Time),32.380001,32.66,32.150002,32.380001,53500,31.245583,CHFC
Tue Jun 16 2015 00:00:00 GMT+0800 (China Standard Time),32.23,32.869999,32.119999,32.830002,56100,31.679818,CHFC
Wed Jun 17 2015 00:00:00 GMT+0800 (China Standard Time),32.799999,32.830002,32.57,32.669998,174800,31.52542,CHFC
Thu Jun 18 2015 00:00:00 GMT+0800 (China Standard Time),32.91,33.389999,32.740002,33.330002,118100,32.162301,CHFC
Fri Jun 19 2015 00:00:00 GMT+0800 (China Standard Time),33.23,33.73,33.209999,33.68,242000,32.500037,CHFC
Mon Jun 22 2015 00:00:00 GMT+0800 (China Standard Time),33.75,34.169998,33.669998,34.07,194900,32.876373,CHFC
Tue Jun 23 2015 00:00:00 GMT+0800 (China Standard Time),34,34.25,33.880001,34.200001,63700,33.00182,CHFC
Wed Jun 24 2015 00:00:00 GMT+0800 (China Standard Time),34.169998,34.25,33.93,34.07,73100,32.876373,CHFC
Thu Jun 25 2015 00:00:00 GMT+0800 (China Standard Time),34.16,34.200001,33.759998,33.759998,227600,32.577232,CHFC
Fri Jun 26 2015 00:00:00 GMT+0800 (China Standard Time),33.650002,34.27,33.560001,33.849998,673900,32.664079,CHFC
Mon Jun 29 2015 00:00:00 GMT+0800 (China Standard Time),33.52,33.98,33.130001,33.189999,136200,32.027202,CHFC
Tue Jun 30 2015 00:00:00 GMT+0800 (China Standard Time),33.490002,33.689999,32.73,33.060001,151700,31.90176,CHFC
Wed Jul 01 2015 00:00:00 GMT+0800 (China Standard Time),33.23,33.709999,32.93,33.439999,132100,32.268444,CHFC
Thu Jul 02 2015 00:00:00 GMT+0800 (China Standard Time),33.360001,33.369999,32.599998,32.66,137700,31.515772,CHFC
Mon Jul 06 2015 00:00:00 GMT+0800 (China Standard Time),32.25,33.040001,32.25,32.869999,90000,31.718414,CHFC
Tue Jul 07 2015 00:00:00 GMT+0800 (China Standard Time),32.84,32.84,32.259998,32.630001,78200,31.486824,CHFC
Wed Jul 08 2015 00:00:00 GMT+0800 (China Standard Time),32.16,32.959999,32.040001,32.740002,103500,31.592971,CHFC
Thu Jul 09 2015 00:00:00 GMT+0800 (China Standard Time),32.900002,33.299999,32.639999,32.84,77400,31.689466,CHFC
Fri Jul 10 2015 00:00:00 GMT+0800 (China Standard Time),33.209999,33.389999,32.970001,33.209999,70600,32.046502,CHFC
Mon Jul 13 2015 00:00:00 GMT+0800 (China Standard Time),33.349998,33.900002,33.220001,33.290001,28400,32.123701,CHFC
Tue Jul 14 2015 00:00:00 GMT+0800 (China Standard Time),33.200001,33.48,33.09,33.389999,30800,32.220196,CHFC
Wed Jul 15 2015 00:00:00 GMT+0800 (China Standard Time),33.419998,33.740002,33.259998,33.459999,55600,32.287743,CHFC
Thu Jul 16 2015 00:00:00 GMT+0800 (China Standard Time),33.389999,33.869999,33.360001,33.529999,83900,32.355291,CHFC
Fri Jul 17 2015 00:00:00 GMT+0800 (China Standard Time),33.650002,33.650002,32.959999,33.23,83200,32.065802,CHFC
Mon Jul 20 2015 00:00:00 GMT+0800 (China Standard Time),33.439999,33.439999,32.919998,32.98,101200,31.824561,CHFC
Tue Jul 21 2015 00:00:00 GMT+0800 (China Standard Time),33.07,33.560001,32.810001,32.970001,89500,31.814912,CHFC
Wed Jul 22 2015 00:00:00 GMT+0800 (China Standard Time),33.25,34.490002,33.029999,34.279999,175700,33.079015,CHFC
Thu Jul 23 2015 00:00:00 GMT+0800 (China Standard Time),34.48,34.48,33.48,33.57,116200,32.39389,CHFC
Fri Jul 24 2015 00:00:00 GMT+0800 (China Standard Time),33.450001,33.720001,33.150002,33.150002,87000,31.988607,CHFC
Mon Jul 27 2015 00:00:00 GMT+0800 (China Standard Time),33.32,33.560001,32.950001,33.220001,76100,32.056154,CHFC
Tue Jul 28 2015 00:00:00 GMT+0800 (China Standard Time),33.439999,33.439999,32.799999,33.099998,85100,31.940355,CHFC
Wed Jul 29 2015 00:00:00 GMT+0800 (China Standard Time),33,33.130001,32.720001,32.860001,77600,31.708766,CHFC
Thu Jul 30 2015 00:00:00 GMT+0800 (China Standard Time),32.860001,32.98,32.66,32.950001,64300,31.795613,CHFC
Fri Jul 31 2015 00:00:00 GMT+0800 (China Standard Time),33,33.139999,32.57,32.950001,113800,31.795613,CHFC
Mon Aug 03 2015 00:00:00 GMT+0800 (China Standard Time),32.950001,33.23,32.799999,33.220001,79500,32.056154,CHFC
Tue Aug 04 2015 00:00:00 GMT+0800 (China Standard Time),33.34,33.619999,32.939999,33.27,60600,32.104401,CHFC
Wed Aug 05 2015 00:00:00 GMT+0800 (China Standard Time),33.549999,33.919998,32.810001,33.689999,78900,32.509685,CHFC
Thu Aug 06 2015 00:00:00 GMT+0800 (China Standard Time),33.73,33.869999,32.900002,33.540001,79300,32.364943,CHFC
Fri Aug 07 2015 00:00:00 GMT+0800 (China Standard Time),33.34,33.580002,32.950001,33.23,52700,32.065802,CHFC
Mon Aug 10 2015 00:00:00 GMT+0800 (China Standard Time),33.5,33.700001,33.27,33.43,85700,32.258796,CHFC
Tue Aug 11 2015 00:00:00 GMT+0800 (China Standard Time),33.130001,33.610001,32.919998,33,53700,31.84386,CHFC
Wed Aug 12 2015 00:00:00 GMT+0800 (China Standard Time),32.830002,32.849998,32.080002,32.34,70300,31.206983,CHFC
Thu Aug 13 2015 00:00:00 GMT+0800 (China Standard Time),32.290001,32.919998,32.209999,32.509998,58000,31.371026,CHFC
Fri Aug 14 2015 00:00:00 GMT+0800 (China Standard Time),32.310001,32.959999,32.310001,32.919998,37400,31.766661,CHFC
Mon Aug 17 2015 00:00:00 GMT+0800 (China Standard Time),32.889999,33.23,32.25,32.939999,49700,31.785961,CHFC
Tue Aug 18 2015 00:00:00 GMT+0800 (China Standard Time),32.950001,33.029999,32.529999,32.73,46300,31.583319,CHFC
Wed Aug 19 2015 00:00:00 GMT+0800 (China Standard Time),32.57,33.099998,32.299999,32.610001,59100,31.467524,CHFC
Thu Aug 20 2015 00:00:00 GMT+0800 (China Standard Time),32.259998,32.310001,31.91,31.950001,90300,30.830647,CHFC
Fri Aug 21 2015 00:00:00 GMT+0800 (China Standard Time),31.34,32.439999,31.26,31.809999,108200,30.695551,CHFC
Mon Aug 24 2015 00:00:00 GMT+0800 (China Standard Time),30.5,31.440001,30.33,30.35,99700,29.286702,CHFC
Tue Aug 25 2015 00:00:00 GMT+0800 (China Standard Time),31.370001,31.66,30.09,30.32,179200,29.257753,CHFC
Wed Aug 26 2015 00:00:00 GMT+0800 (China Standard Time),30.99,31.48,30.48,31.24,71500,30.145521,CHFC
Thu Aug 27 2015 00:00:00 GMT+0800 (China Standard Time),31.5,31.74,30.950001,31.08,141900,29.991127,CHFC
Fri Aug 28 2015 00:00:00 GMT+0800 (China Standard Time),30.76,31.48,30.700001,31.4,131200,30.299915,CHFC
Mon Aug 31 2015 00:00:00 GMT+0800 (China Standard Time),31.4,31.969999,31.200001,31.940001,73400,30.820997,CHFC
Tue Sep 01 2015 00:00:00 GMT+0800 (China Standard Time),31.23,31.620001,30.639999,30.799999,89800,29.720936,CHFC
Wed Sep 02 2015 00:00:00 GMT+0800 (China Standard Time),31.120001,31.26,30.549999,30.83,92000,30.003158,CHFC
Thu Sep 03 2015 00:00:00 GMT+0800 (China Standard Time),30.969999,31.09,30.629999,30.76,83000,29.935035,CHFC
Fri Sep 04 2015 00:00:00 GMT+0800 (China Standard Time),30.33,30.67,30.190001,30.450001,175900,29.63335,CHFC
Tue Sep 08 2015 00:00:00 GMT+0800 (China Standard Time),30.860001,31.030001,30.700001,30.84,354800,30.01289,CHFC
Wed Sep 09 2015 00:00:00 GMT+0800 (China Standard Time),30.92,31.4,30.84,30.9,400000,30.07128,CHFC
Thu Sep 10 2015 00:00:00 GMT+0800 (China Standard Time),30.83,32,30.83,31.700001,271600,30.849826,CHFC
Fri Sep 11 2015 00:00:00 GMT+0800 (China Standard Time),31.459999,31.959999,31.389999,31.85,140400,30.995802,CHFC
Mon Sep 14 2015 00:00:00 GMT+0800 (China Standard Time),31.959999,32.580002,31.889999,32.189999,106500,31.326682,CHFC
Tue Sep 15 2015 00:00:00 GMT+0800 (China Standard Time),32.349998,32.77,31.879999,32.669998,94500,31.793808,CHFC
Wed Sep 16 2015 00:00:00 GMT+0800 (China Standard Time),32.779999,32.82,32.360001,32.470001,106500,31.599175,CHFC
Thu Sep 17 2015 00:00:00 GMT+0800 (China Standard Time),32.610001,33,31.790001,32,121200,31.141779,CHFC
Fri Sep 18 2015 00:00:00 GMT+0800 (China Standard Time),31.43,32.299999,30.889999,31.18,537800,30.343771,CHFC
Mon Sep 21 2015 00:00:00 GMT+0800 (China Standard Time),31.610001,32.110001,31.450001,31.93,90200,31.073657,CHFC
Tue Sep 22 2015 00:00:00 GMT+0800 (China Standard Time),31.709999,31.98,31.07,31.690001,88800,30.840093,CHFC
Wed Sep 23 2015 00:00:00 GMT+0800 (China Standard Time),31.82,32.16,31.42,32.09,175100,31.229365,CHFC
Thu Sep 24 2015 00:00:00 GMT+0800 (China Standard Time),31.82,32.240002,31.530001,32.139999,137800,31.278024,CHFC
Fri Sep 25 2015 00:00:00 GMT+0800 (China Standard Time),32.5,32.73,32.209999,32.240002,110600,31.375344,CHFC
Mon Sep 28 2015 00:00:00 GMT+0800 (China Standard Time),32.25,32.310001,31.83,32.040001,84300,31.180707,CHFC
Tue Sep 29 2015 00:00:00 GMT+0800 (China Standard Time),32.150002,32.220001,31.74,32.18,105700,31.316952,CHFC
Wed Sep 30 2015 00:00:00 GMT+0800 (China Standard Time),32.59,32.59,32.119999,32.349998,135000,31.482391,CHFC
Thu Oct 01 2015 00:00:00 GMT+0800 (China Standard Time),32.32,32.41,31.700001,32.310001,82400,31.443466,CHFC
Fri Oct 02 2015 00:00:00 GMT+0800 (China Standard Time),31.940001,32.119999,30.98,31.67,86400,30.820629,CHFC
Mon Oct 05 2015 00:00:00 GMT+0800 (China Standard Time),31.940001,32.450001,31.690001,32.25,129200,31.385074,CHFC
Tue Oct 06 2015 00:00:00 GMT+0800 (China Standard Time),32.25,32.290001,31.950001,32.16,160700,31.297488,CHFC
Wed Oct 07 2015 00:00:00 GMT+0800 (China Standard Time),32.299999,32.57,31.790001,32.549999,143600,31.677028,CHFC
Thu Oct 08 2015 00:00:00 GMT+0800 (China Standard Time),32.599998,33.18,32.43,33.169998,94800,32.280398,CHFC
Fri Oct 09 2015 00:00:00 GMT+0800 (China Standard Time),33.279999,33.299999,32.740002,32.91,78800,32.027373,CHFC
Mon Oct 12 2015 00:00:00 GMT+0800 (China Standard Time),32.880001,33.279999,32.790001,33.23,66500,32.338791,CHFC
Tue Oct 13 2015 00:00:00 GMT+0800 (China Standard Time),33.189999,33.48,32.799999,32.91,52800,32.027373,CHFC
Wed Oct 14 2015 00:00:00 GMT+0800 (China Standard Time),32.959999,32.990002,31.9,32.139999,64100,31.278024,CHFC
Thu Oct 15 2015 00:00:00 GMT+0800 (China Standard Time),32.259998,32.98,31.92,32.93,77700,32.046837,CHFC
Fri Oct 16 2015 00:00:00 GMT+0800 (China Standard Time),33.060001,33.34,32.779999,33.200001,93100,32.309596,CHFC
Mon Oct 19 2015 00:00:00 GMT+0800 (China Standard Time),32.900002,33.459999,32.900002,33.32,89400,32.426377,CHFC
Tue Oct 20 2015 00:00:00 GMT+0800 (China Standard Time),33.419998,33.57,33.240002,33.490002,83000,32.59182,CHFC
Wed Oct 21 2015 00:00:00 GMT+0800 (China Standard Time),33.68,33.84,33.060001,33.189999,84400,32.299863,CHFC
Thu Oct 22 2015 00:00:00 GMT+0800 (China Standard Time),33.290001,34,33.290001,33.849998,120500,32.942162,CHFC
Fri Oct 23 2015 00:00:00 GMT+0800 (China Standard Time),34,34.25,33.25,34.23,182400,33.311971,CHFC
Mon Oct 26 2015 00:00:00 GMT+0800 (China Standard Time),34.18,34.389999,33.939999,34.259998,82100,33.341165,CHFC
Tue Oct 27 2015 00:00:00 GMT+0800 (China Standard Time),34.18,34.389999,33.599998,33.720001,89700,32.815651,CHFC
Wed Oct 28 2015 00:00:00 GMT+0800 (China Standard Time),33.810001,35.139999,33.630001,35.130001,271100,34.187835,CHFC
Thu Oct 29 2015 00:00:00 GMT+0800 (China Standard Time),34.91,35.099998,34.59,34.939999,133800,34.002929,CHFC
Fri Oct 30 2015 00:00:00 GMT+0800 (China Standard Time),34.939999,34.950001,33.66,33.93,97400,33.020018,CHFC
Mon Nov 02 2015 00:00:00 GMT+0800 (China Standard Time),34.060001,34.720001,33.950001,34.59,142300,33.662317,CHFC
Tue Nov 03 2015 00:00:00 GMT+0800 (China Standard Time),34.470001,34.73,34.110001,34.560001,95300,33.633123,CHFC
Wed Nov 04 2015 00:00:00 GMT+0800 (China Standard Time),34.919998,35.16,34.48,34.970001,202700,34.032126,CHFC
Thu Nov 05 2015 00:00:00 GMT+0800 (China Standard Time),35.049999,35.68,34.509998,35.5,143500,34.547911,CHFC
Fri Nov 06 2015 00:00:00 GMT+0800 (China Standard Time),35.77,36.529999,35.549999,36.459999,243200,35.482163,CHFC
Mon Nov 09 2015 00:00:00 GMT+0800 (China Standard Time),36.459999,36.650002,35.830002,36.130001,89700,35.161016,CHFC
Tue Nov 10 2015 00:00:00 GMT+0800 (China Standard Time),36.18,36.73,36.18,36.599998,153900,35.618408,CHFC
Wed Nov 11 2015 00:00:00 GMT+0800 (China Standard Time),36.849998,37.16,36.240002,36.27,103700,35.297261,CHFC
Thu Nov 12 2015 00:00:00 GMT+0800 (China Standard Time),36.09,36.09,35.490002,35.779999,68800,34.8204,CHFC
Fri Nov 13 2015 00:00:00 GMT+0800 (China Standard Time),35.779999,36.16,35.099998,35.59,110500,34.635497,CHFC
Mon Nov 16 2015 00:00:00 GMT+0800 (China Standard Time),35.59,35.860001,35,35.810001,163200,34.849598,CHFC
Tue Nov 17 2015 00:00:00 GMT+0800 (China Standard Time),35.990002,36.200001,35.639999,35.830002,142600,34.869062,CHFC
Wed Nov 18 2015 00:00:00 GMT+0800 (China Standard Time),36,36.18,35.580002,36.09,103300,35.122088,CHFC
Thu Nov 19 2015 00:00:00 GMT+0800 (China Standard Time),36.299999,36.299999,35.73,35.950001,68600,34.985843,CHFC
Fri Nov 20 2015 00:00:00 GMT+0800 (China Standard Time),36.029999,36.66,36.02,36.490002,116300,35.511361,CHFC
Mon Nov 23 2015 00:00:00 GMT+0800 (China Standard Time),36.549999,36.860001,36.490002,36.599998,66100,35.618408,CHFC
Tue Nov 24 2015 00:00:00 GMT+0800 (China Standard Time),36.439999,36.75,36.240002,36.66,67700,35.6768,CHFC
Wed Nov 25 2015 00:00:00 GMT+0800 (China Standard Time),36.740002,36.880001,36.459999,36.810001,121000,35.822779,CHFC
Fri Nov 27 2015 00:00:00 GMT+0800 (China Standard Time),36.810001,37.099998,36.619999,37.049999,40600,36.05634,CHFC
Mon Nov 30 2015 00:00:00 GMT+0800 (China Standard Time),37.130001,37.259998,36.77,36.849998,166000,35.861703,CHFC
Tue Dec 01 2015 00:00:00 GMT+0800 (China Standard Time),37,37.110001,36.419998,36.759998,76600,35.774117,CHFC
Wed Dec 02 2015 00:00:00 GMT+0800 (China Standard Time),36.580002,36.669998,35.98,35.990002,102600,35.274263,CHFC
Thu Dec 03 2015 00:00:00 GMT+0800 (China Standard Time),36.07,36.299999,35.549999,35.66,101800,34.950824,CHFC
Fri Dec 04 2015 00:00:00 GMT+0800 (China Standard Time),35.849998,36.580002,35.68,36.400002,88600,35.676109,CHFC
Mon Dec 07 2015 00:00:00 GMT+0800 (China Standard Time),36.48,36.48,35.419998,35.549999,124200,34.843011,CHFC
Tue Dec 08 2015 00:00:00 GMT+0800 (China Standard Time),35.41,35.720001,35.130001,35.27,72300,34.568581,CHFC
Wed Dec 09 2015 00:00:00 GMT+0800 (China Standard Time),35.23,35.5,34.599998,34.830002,108000,34.137332,CHFC
Thu Dec 10 2015 00:00:00 GMT+0800 (China Standard Time),34.919998,35.259998,34.580002,34.84,74900,34.147132,CHFC
Fri Dec 11 2015 00:00:00 GMT+0800 (China Standard Time),34.349998,34.830002,33.689999,34.040001,87900,33.363042,CHFC
Mon Dec 14 2015 00:00:00 GMT+0800 (China Standard Time),33.900002,34.419998,33.810001,34.09,152600,33.412047,CHFC
Tue Dec 15 2015 00:00:00 GMT+0800 (China Standard Time),34.139999,34.77,34.139999,34.630001,144000,33.941309,CHFC
Wed Dec 16 2015 00:00:00 GMT+0800 (China Standard Time),34.830002,35.060001,34.110001,34.939999,96500,34.245142,CHFC
Thu Dec 17 2015 00:00:00 GMT+0800 (China Standard Time),35.150002,35.23,34.470001,34.650002,51800,33.960912,CHFC
Fri Dec 18 2015 00:00:00 GMT+0800 (China Standard Time),34.389999,34.810001,33.939999,34.189999,299300,33.510057,CHFC
Mon Dec 21 2015 00:00:00 GMT+0800 (China Standard Time),34.290001,34.709999,33.830002,34.380001,161100,33.696281,CHFC
Tue Dec 22 2015 00:00:00 GMT+0800 (China Standard Time),34.459999,34.75,33.880001,34.709999,96200,34.019716,CHFC
Wed Dec 23 2015 00:00:00 GMT+0800 (China Standard Time),34.799999,34.889999,34.549999,34.740002,38700,34.049122,CHFC
Thu Dec 24 2015 00:00:00 GMT+0800 (China Standard Time),34.669998,35.07,34.630001,34.75,37800,34.058922,CHFC
Mon Dec 28 2015 00:00:00 GMT+0800 (China Standard Time),34.73,34.970001,34.34,34.849998,49700,34.156931,CHFC
Tue Dec 29 2015 00:00:00 GMT+0800 (China Standard Time),35,35.23,34.849998,35.130001,50700,34.431365,CHFC
Wed Dec 30 2015 00:00:00 GMT+0800 (China Standard Time),35.060001,35.209999,34.75,34.919998,74100,34.225539,CHFC
Thu Dec 31 2015 00:00:00 GMT+0800 (China Standard Time),34.849998,34.970001,34.220001,34.27,74500,33.588468,CHFC
Mon Jan 04 2016 00:00:00 GMT+0800 (China Standard Time),33.68,33.740002,32.700001,33.009998,140600,32.353524,CHFC
Tue Jan 05 2016 00:00:00 GMT+0800 (China Standard Time),33.080002,33.650002,32.98,33.419998,92300,32.75537,CHFC
Wed Jan 06 2016 00:00:00 GMT+0800 (China Standard Time),32.970001,33.470001,32.790001,33.200001,77000,32.539747,CHFC
Thu Jan 07 2016 00:00:00 GMT+0800 (China Standard Time),32.700001,33.029999,32.57,32.68,65700,32.030088,CHFC
Fri Jan 08 2016 00:00:00 GMT+0800 (China Standard Time),32.849998,32.91,31.85,31.91,94900,31.275401,CHFC
Mon Jan 11 2016 00:00:00 GMT+0800 (China Standard Time),31.98,32.52,31.889999,32.400002,74300,31.755658,CHFC
Tue Jan 12 2016 00:00:00 GMT+0800 (China Standard Time),32.709999,32.709999,31.889999,32.310001,90700,31.667448,CHFC
Wed Jan 13 2016 00:00:00 GMT+0800 (China Standard Time),32.400002,32.470001,31.040001,31.23,88800,30.608924,CHFC
Thu Jan 14 2016 00:00:00 GMT+0800 (China Standard Time),31.42,32.209999,31.1,31.790001,97200,31.157788,CHFC
Fri Jan 15 2016 00:00:00 GMT+0800 (China Standard Time),31.02,31.790001,30.610001,31.65,191100,31.020571,CHFC
Tue Jan 19 2016 00:00:00 GMT+0800 (China Standard Time),31.92,32.759998,30.940001,31.49,116700,30.863753,CHFC
Wed Jan 20 2016 00:00:00 GMT+0800 (China Standard Time),30.85,31.879999,30.450001,31.549999,89700,30.92256,CHFC
Thu Jan 21 2016 00:00:00 GMT+0800 (China Standard Time),31.52,31.66,30.34,30.450001,120600,29.844437,CHFC
Fri Jan 22 2016 00:00:00 GMT+0800 (China Standard Time),31.040001,31.190001,30.389999,30.690001,163700,30.079664,CHFC
Mon Jan 25 2016 00:00:00 GMT+0800 (China Standard Time),30.549999,31.99,29.67,29.700001,184800,29.109352,CHFC
Tue Jan 26 2016 00:00:00 GMT+0800 (China Standard Time),29.99,30.370001,29.709999,29.92,334900,29.324977,CHFC
Wed Jan 27 2016 00:00:00 GMT+0800 (China Standard Time),30.58,30.58,29.4,29.700001,824900,29.109352,CHFC
Thu Jan 28 2016 00:00:00 GMT+0800 (China Standard Time),29.99,31.34,29.690001,30.440001,509900,29.834636,CHFC
Fri Jan 29 2016 00:00:00 GMT+0800 (China Standard Time),31.34,31.889999,30.58,31.860001,397700,31.226396,CHFC
Mon Feb 01 2016 00:00:00 GMT+0800 (China Standard Time),31.799999,32.400002,31.57,32.099998,249800,31.461621,CHFC
Tue Feb 02 2016 00:00:00 GMT+0800 (China Standard Time),31.6,32.240002,31.129999,31.92,259600,31.285202,CHFC
Wed Feb 03 2016 00:00:00 GMT+0800 (China Standard Time),32.07,32.209999,31.049999,31.92,188400,31.285202,CHFC
Thu Feb 04 2016 00:00:00 GMT+0800 (China Standard Time),31.969999,32.599998,31.139999,31.5,210500,30.873555,CHFC
Fri Feb 05 2016 00:00:00 GMT+0800 (China Standard Time),31.4,31.77,30.549999,30.549999,241600,29.942447,CHFC
Mon Feb 08 2016 00:00:00 GMT+0800 (China Standard Time),30.219999,31.17,30,31,368200,30.383498,CHFC
Tue Feb 09 2016 00:00:00 GMT+0800 (China Standard Time),30.43,32.07,30.43,31.959999,508600,31.324406,CHFC
Wed Feb 10 2016 00:00:00 GMT+0800 (China Standard Time),32.119999,32.689999,32.119999,32.18,478700,31.540032,CHFC
Thu Feb 11 2016 00:00:00 GMT+0800 (China Standard Time),31.58,32.130001,31.299999,31.76,502300,31.128384,CHFC
Fri Feb 12 2016 00:00:00 GMT+0800 (China Standard Time),31.85,32.41,31.75,32.23,461800,31.589037,CHFC
Tue Feb 16 2016 00:00:00 GMT+0800 (China Standard Time),32.549999,33.189999,32.240002,32.810001,176000,32.157504,CHFC
Wed Feb 17 2016 00:00:00 GMT+0800 (China Standard Time),33,33.18,32.689999,32.799999,345100,32.147701,CHFC
Thu Feb 18 2016 00:00:00 GMT+0800 (China Standard Time),33,33.200001,32.77,33.09,665300,32.431934,CHFC
Fri Feb 19 2016 00:00:00 GMT+0800 (China Standard Time),33,33.290001,32.84,33.200001,376400,32.539747,CHFC
Mon Feb 22 2016 00:00:00 GMT+0800 (China Standard Time),33.459999,33.740002,33.41,33.720001,349900,33.049407,CHFC
Tue Feb 23 2016 00:00:00 GMT+0800 (China Standard Time),33.720001,33.740002,33.349998,33.66,646900,32.990598,CHFC
Wed Feb 24 2016 00:00:00 GMT+0800 (China Standard Time),33.349998,33.970001,33.060001,33.869999,384900,33.196421,CHFC
Thu Feb 25 2016 00:00:00 GMT+0800 (China Standard Time),33.869999,34.290001,33.849998,34.099998,363600,33.421847,CHFC
Fri Feb 26 2016 00:00:00 GMT+0800 (China Standard Time),34.259998,34.759998,34,34.599998,298800,33.911903,CHFC
Mon Feb 29 2016 00:00:00 GMT+0800 (China Standard Time),34.27,34.529999,33.139999,33.830002,610300,33.15722,CHFC
Tue Mar 01 2016 00:00:00 GMT+0800 (China Standard Time),33.970001,34.740002,33.880001,34.490002,386300,33.804094,CHFC
Wed Mar 02 2016 00:00:00 GMT+0800 (China Standard Time),34.75,35.799999,34.459999,35.459999,650400,35.018787,CHFC
Thu Mar 03 2016 00:00:00 GMT+0800 (China Standard Time),35.560001,35.990002,35.349998,35.889999,365900,35.443437,CHFC
Fri Mar 04 2016 00:00:00 GMT+0800 (China Standard Time),35.959999,36.029999,35.66,35.790001,319300,35.344683,CHFC
Mon Mar 07 2016 00:00:00 GMT+0800 (China Standard Time),35.639999,35.93,35.43,35.93,259400,35.48294,CHFC
Tue Mar 08 2016 00:00:00 GMT+0800 (China Standard Time),35.560001,35.84,35.529999,35.560001,198800,35.117545,CHFC
Wed Mar 09 2016 00:00:00 GMT+0800 (China Standard Time),35.84,35.84,35.220001,35.369999,188200,34.929907,CHFC
Thu Mar 10 2016 00:00:00 GMT+0800 (China Standard Time),35.529999,35.66,35.029999,35.279999,401900,34.841026,CHFC
Fri Mar 11 2016 00:00:00 GMT+0800 (China Standard Time),35.470001,35.549999,35.110001,35.369999,597500,34.929907,CHFC
Mon Mar 14 2016 00:00:00 GMT+0800 (China Standard Time),35.330002,35.349998,34.830002,34.970001,287500,34.534886,CHFC
Tue Mar 15 2016 00:00:00 GMT+0800 (China Standard Time),34.799999,35.040001,34.259998,34.689999,195600,34.258367,CHFC
Wed Mar 16 2016 00:00:00 GMT+0800 (China Standard Time),34.549999,34.889999,34.299999,34.650002,245600,34.218868,CHFC
Thu Mar 17 2016 00:00:00 GMT+0800 (China Standard Time),34.59,35.400002,34.310001,35.279999,176500,34.841026,CHFC
Fri Mar 18 2016 00:00:00 GMT+0800 (China Standard Time),35.240002,35.869999,35.240002,35.389999,308400,34.949658,CHFC
Mon Mar 21 2016 00:00:00 GMT+0800 (China Standard Time),35.360001,35.5,35.07,35.27,104700,34.831152,CHFC
Tue Mar 22 2016 00:00:00 GMT+0800 (China Standard Time),35.189999,36.080002,35,35.950001,274600,35.502692,CHFC
Wed Mar 23 2016 00:00:00 GMT+0800 (China Standard Time),35.869999,35.939999,35.540001,35.59,221600,35.147171,CHFC
Thu Mar 24 2016 00:00:00 GMT+0800 (China Standard Time),35.509998,35.52,34.970001,35.52,140900,35.078042,CHFC
Mon Mar 28 2016 00:00:00 GMT+0800 (China Standard Time),35.59,35.799999,35.18,35.360001,218600,34.920033,CHFC
Tue Mar 29 2016 00:00:00 GMT+0800 (China Standard Time),35.23,36,35.040001,35.93,242500,35.48294,CHFC
Wed Mar 30 2016 00:00:00 GMT+0800 (China Standard Time),36.02,36.450001,35.59,36.220001,232700,35.769333,CHFC
Thu Mar 31 2016 00:00:00 GMT+0800 (China Standard Time),36.119999,36.32,35.68,35.689999,231600,35.245925,CHFC
Fri Apr 01 2016 00:00:00 GMT+0800 (China Standard Time),35.52,35.889999,35.25,35.779999,221300,35.334805,CHFC
Mon Apr 04 2016 00:00:00 GMT+0800 (China Standard Time),35.740002,36.139999,35.540001,36.02,391300,35.571821,CHFC
Tue Apr 05 2016 00:00:00 GMT+0800 (China Standard Time),36.040001,36.119999,35.580002,35.59,241700,35.147171,CHFC
Wed Apr 06 2016 00:00:00 GMT+0800 (China Standard Time),35.790001,35.959999,35.349998,35.57,215200,35.127419,CHFC
Thu Apr 07 2016 00:00:00 GMT+0800 (China Standard Time),35.529999,35.529999,34.43,34.66,235700,34.228742,CHFC
Fri Apr 08 2016 00:00:00 GMT+0800 (China Standard Time),34.77,35.369999,34.290001,34.93,166900,34.495383,CHFC
Mon Apr 11 2016 00:00:00 GMT+0800 (China Standard Time),35.189999,35.810001,35.150002,35.369999,225900,34.929907,CHFC
Tue Apr 12 2016 00:00:00 GMT+0800 (China Standard Time),35.529999,35.970001,35.290001,35.57,257000,35.127419,CHFC
Wed Apr 13 2016 00:00:00 GMT+0800 (China Standard Time),35.799999,36.599998,35.799999,36.57,336700,36.114976,CHFC
Thu Apr 14 2016 00:00:00 GMT+0800 (China Standard Time),36.549999,37,36.330002,36.720001,212300,36.263112,CHFC
Fri Apr 15 2016 00:00:00 GMT+0800 (China Standard Time),36.650002,37,36.52,36.889999,111800,36.430994,CHFC
Mon Apr 18 2016 00:00:00 GMT+0800 (China Standard Time),36,37.419998,36,37.099998,314300,36.638381,CHFC
Tue Apr 19 2016 00:00:00 GMT+0800 (China Standard Time),37.290001,37.700001,36.869999,37.639999,297600,37.171663,CHFC
Wed Apr 20 2016 00:00:00 GMT+0800 (China Standard Time),37.689999,38.830002,37.650002,38.68,443000,38.198723,CHFC
Thu Apr 21 2016 00:00:00 GMT+0800 (China Standard Time),38.73,38.77,38.419998,38.549999,266700,38.07034,CHFC
Fri Apr 22 2016 00:00:00 GMT+0800 (China Standard Time),38.98,38.98,38.540001,38.709999,348200,38.228349,CHFC
Mon Apr 25 2016 00:00:00 GMT+0800 (China Standard Time),38.73,38.73,38.189999,38.490002,148800,38.011089,CHFC
Tue Apr 26 2016 00:00:00 GMT+0800 (China Standard Time),38.68,38.93,38.419998,38.610001,299200,38.129595,CHFC
Wed Apr 27 2016 00:00:00 GMT+0800 (China Standard Time),38.52,38.799999,38.27,38.740002,228800,38.257978,CHFC
Thu Apr 28 2016 00:00:00 GMT+0800 (China Standard Time),38.509998,38.880001,38.27,38.330002,141900,37.85308,CHFC
Fri Apr 29 2016 00:00:00 GMT+0800 (China Standard Time),38.34,38.75,38.189999,38.459999,260500,37.981459,CHFC
Mon May 02 2016 00:00:00 GMT+0800 (China Standard Time),38.639999,38.900002,38.43,38.75,128300,38.267852,CHFC
Tue May 03 2016 00:00:00 GMT+0800 (China Standard Time),38.59,38.59,37.759998,38.130001,113400,37.655567,CHFC
Wed May 04 2016 00:00:00 GMT+0800 (China Standard Time),37.860001,38.439999,37.509998,38.279999,250800,37.803699,CHFC
Thu May 05 2016 00:00:00 GMT+0800 (China Standard Time),38.349998,38.490002,37.91,38,175000,37.527184,CHFC
Fri May 06 2016 00:00:00 GMT+0800 (China Standard Time),37.799999,38.060001,37.48,38.049999,110100,37.576561,CHFC
Mon May 09 2016 00:00:00 GMT+0800 (China Standard Time),38,38.349998,37.830002,38.049999,87900,37.576561,CHFC
Tue May 10 2016 00:00:00 GMT+0800 (China Standard Time),38.23,38.689999,38.049999,38.459999,145000,37.981459,CHFC
Wed May 11 2016 00:00:00 GMT+0800 (China Standard Time),38.43,38.790001,38,38.009998,192500,37.537058,CHFC
Thu May 12 2016 00:00:00 GMT+0800 (China Standard Time),38.200001,38.41,37.82,38.110001,147500,37.635816,CHFC
Fri May 13 2016 00:00:00 GMT+0800 (China Standard Time),38.07,38.330002,37.400002,37.630001,134500,37.161789,CHFC
Mon May 16 2016 00:00:00 GMT+0800 (China Standard Time),37.560001,38.169998,37.509998,37.900002,220700,37.42843,CHFC
Tue May 17 2016 00:00:00 GMT+0800 (China Standard Time),37.889999,38.139999,36.91,37.150002,172100,36.687762,CHFC
Wed May 18 2016 00:00:00 GMT+0800 (China Standard Time),36.959999,38.34,36.959999,38.16,362900,37.685193,CHFC
Thu May 19 2016 00:00:00 GMT+0800 (China Standard Time),37.93,38.240002,37.389999,37.779999,157800,37.30992,CHFC
Fri May 20 2016 00:00:00 GMT+0800 (China Standard Time),37.799999,38.32,37.799999,38.099998,154600,37.625938,CHFC
Mon May 23 2016 00:00:00 GMT+0800 (China Standard Time),38.18,38.41,37.75,38.27,469500,37.793825,CHFC
Tue May 24 2016 00:00:00 GMT+0800 (China Standard Time),38.34,39.349998,38.23,39.240002,356100,38.751757,CHFC
Wed May 25 2016 00:00:00 GMT+0800 (China Standard Time),39.23,39.939999,39.23,39.830002,263700,39.334416,CHFC
Thu May 26 2016 00:00:00 GMT+0800 (China Standard Time),39.790001,39.900002,39.5,39.630001,107500,39.136904,CHFC
Fri May 27 2016 00:00:00 GMT+0800 (China Standard Time),39.689999,39.689999,38.259998,39.630001,124400,39.136904,CHFC
Tue May 31 2016 00:00:00 GMT+0800 (China Standard Time),39.650002,39.66,39.119999,39.400002,194600,38.909766,CHFC
Wed Jun 01 2016 00:00:00 GMT+0800 (China Standard Time),38.959999,39.599998,38.599998,39.5,206800,39.267646,CHFC
Thu Jun 02 2016 00:00:00 GMT+0800 (China Standard Time),39.259998,39.779999,39.139999,39.779999,209500,39.545998,CHFC
Fri Jun 03 2016 00:00:00 GMT+0800 (China Standard Time),39.400002,39.470001,38.700001,39.41,200100,39.178175,CHFC
Mon Jun 06 2016 00:00:00 GMT+0800 (China Standard Time),39.369999,40.139999,39.349998,39.919998,275000,39.685173,CHFC
Tue Jun 07 2016 00:00:00 GMT+0800 (China Standard Time),39.66,39.900002,39.509998,39.650002,150800,39.416765,CHFC
Wed Jun 08 2016 00:00:00 GMT+0800 (China Standard Time),39.740002,39.970001,39.5,39.77,168900,39.536058,CHFC
Thu Jun 09 2016 00:00:00 GMT+0800 (China Standard Time),39.560001,39.75,39.09,39.330002,189700,39.098648,CHFC
Fri Jun 10 2016 00:00:00 GMT+0800 (China Standard Time),38.830002,39.52,38.689999,39.200001,134200,38.969411,CHFC
Mon Jun 13 2016 00:00:00 GMT+0800 (China Standard Time),38.73,39.240002,38.299999,38.43,196200,38.20394,CHFC
Tue Jun 14 2016 00:00:00 GMT+0800 (China Standard Time),38.139999,38.580002,37.57,37.709999,185800,37.488174,CHFC
Wed Jun 15 2016 00:00:00 GMT+0800 (China Standard Time),37.619999,38.259998,37.450001,37.639999,177600,37.418587,CHFC
Thu Jun 16 2016 00:00:00 GMT+0800 (China Standard Time),37.32,37.73,36.98,37.369999,148400,37.150174,CHFC
Fri Jun 17 2016 00:00:00 GMT+0800 (China Standard Time),37.27,37.66,37.130001,37.619999,614700,37.398704,CHFC
Mon Jun 20 2016 00:00:00 GMT+0800 (China Standard Time),38.139999,38.5,38.029999,38.27,244800,38.044882,CHFC
Tue Jun 21 2016 00:00:00 GMT+0800 (China Standard Time),38.360001,38.400002,37.889999,38.27,136000,38.044882,CHFC
Wed Jun 22 2016 00:00:00 GMT+0800 (China Standard Time),38.299999,38.57,38,38.060001,161700,37.836118,CHFC
Thu Jun 23 2016 00:00:00 GMT+0800 (China Standard Time),38.52,39.32,38.52,39.290001,160300,39.058882,CHFC
Fri Jun 24 2016 00:00:00 GMT+0800 (China Standard Time),37.860001,37.970001,36.720001,36.82,838700,36.60341,CHFC
Mon Jun 27 2016 00:00:00 GMT+0800 (China Standard Time),36.459999,36.459999,34.82,35.09,415400,34.883587,CHFC
Tue Jun 28 2016 00:00:00 GMT+0800 (China Standard Time),35.580002,36.709999,35.23,35.599998,224500,35.390586,CHFC
Wed Jun 29 2016 00:00:00 GMT+0800 (China Standard Time),35.970001,36.580002,35.790001,36.549999,160100,36.334998,CHFC
Thu Jun 30 2016 00:00:00 GMT+0800 (China Standard Time),36.779999,37.290001,36.07,37.290001,182100,37.070647,CHFC
Fri Jul 01 2016 00:00:00 GMT+0800 (China Standard Time),37.099998,37.439999,36.490002,36.779999,165900,36.563645,CHFC
Tue Jul 05 2016 00:00:00 GMT+0800 (China Standard Time),36.619999,36.68,35.82,36.02,283400,35.808117,CHFC
Wed Jul 06 2016 00:00:00 GMT+0800 (China Standard Time),35.950001,36.59,35.73,36.470001,141700,36.255471,CHFC
Thu Jul 07 2016 00:00:00 GMT+0800 (China Standard Time),36.290001,36.98,36.16,36.709999,193300,36.494057,CHFC
Fri Jul 08 2016 00:00:00 GMT+0800 (China Standard Time),37.110001,37.599998,36.919998,37.279999,198600,37.060704,CHFC
Mon Jul 11 2016 00:00:00 GMT+0800 (China Standard Time),37.52,37.889999,37.48,37.700001,178600,37.478235,CHFC
Tue Jul 12 2016 00:00:00 GMT+0800 (China Standard Time),38.09,38.57,37.939999,38.43,198900,38.20394,CHFC
Wed Jul 13 2016 00:00:00 GMT+0800 (China Standard Time),38.380001,38.52,38.060001,38.400002,149800,38.174118,CHFC
Thu Jul 14 2016 00:00:00 GMT+0800 (China Standard Time),38.93,39.110001,37.580002,38.900002,186100,38.671177,CHFC
Fri Jul 15 2016 00:00:00 GMT+0800 (China Standard Time),39.209999,39.400002,38.810001,39.279999,238700,39.048939,CHFC
Mon Jul 18 2016 00:00:00 GMT+0800 (China Standard Time),39.389999,39.48,38.990002,39.099998,104500,38.869997,CHFC
Tue Jul 19 2016 00:00:00 GMT+0800 (China Standard Time),39.119999,39.48,38.970001,39.110001,114000,38.879941,CHFC
Wed Jul 20 2016 00:00:00 GMT+0800 (China Standard Time),39.099998,39.5,38.939999,39.240002,105100,39.009177,CHFC
Thu Jul 21 2016 00:00:00 GMT+0800 (China Standard Time),39.150002,39.389999,39.029999,39.279999,216800,39.048939,CHFC
Fri Jul 22 2016 00:00:00 GMT+0800 (China Standard Time),39.349998,39.98,39.23,39.740002,137600,39.506236,CHFC
Mon Jul 25 2016 00:00:00 GMT+0800 (China Standard Time),39.740002,39.740002,39.439999,39.689999,114100,39.456527,CHFC
Tue Jul 26 2016 00:00:00 GMT+0800 (China Standard Time),39.740002,39.990002,39.599998,39.990002,334000,39.754765,CHFC
Wed Jul 27 2016 00:00:00 GMT+0800 (China Standard Time),40,41.18,39.52,40.990002,402400,40.748883,CHFC
Thu Jul 28 2016 00:00:00 GMT+0800 (China Standard Time),40.919998,41.400002,40.48,41.27,262500,41.027235,CHFC
Fri Jul 29 2016 00:00:00 GMT+0800 (China Standard Time),41.310001,41.779999,41.130001,41.380001,274100,41.136588,CHFC
Mon Aug 01 2016 00:00:00 GMT+0800 (China Standard Time),41.330002,41.619999,41.119999,41.470001,229500,41.226059,CHFC
Tue Aug 02 2016 00:00:00 GMT+0800 (China Standard Time),41.470001,41.73,41.34,41.490002,277100,41.245942,CHFC
Wed Aug 03 2016 00:00:00 GMT+0800 (China Standard Time),41.490002,41.869999,41.470001,41.860001,348800,41.613764,CHFC
Thu Aug 04 2016 00:00:00 GMT+0800 (China Standard Time),41.700001,41.889999,41.490002,41.779999,256000,41.534233,CHFC
Fri Aug 05 2016 00:00:00 GMT+0800 (China Standard Time),42,43.389999,41.68,43.25,244400,42.995587,CHFC
Mon Aug 08 2016 00:00:00 GMT+0800 (China Standard Time),43.25,43.43,43.049999,43.380001,224600,43.124823,CHFC
Tue Aug 09 2016 00:00:00 GMT+0800 (China Standard Time),43.23,43.650002,43.029999,43.630001,192800,43.373353,CHFC
Wed Aug 10 2016 00:00:00 GMT+0800 (China Standard Time),43.68,43.73,43.419998,43.689999,355000,43.432997,CHFC
Thu Aug 11 2016 00:00:00 GMT+0800 (China Standard Time),43.900002,43.950001,43.57,43.889999,263100,43.631822,CHFC
Fri Aug 12 2016 00:00:00 GMT+0800 (China Standard Time),43.639999,44.009998,43.330002,44,216700,43.741175,CHFC
Mon Aug 15 2016 00:00:00 GMT+0800 (China Standard Time),44.16,44.669998,44.02,44.66,354800,44.397293,CHFC
Tue Aug 16 2016 00:00:00 GMT+0800 (China Standard Time),44.59,44.669998,44.25,44.59,264100,44.327705,CHFC
Wed Aug 17 2016 00:00:00 GMT+0800 (China Standard Time),44.830002,44.869999,44.360001,44.419998,222300,44.158703,CHFC
Thu Aug 18 2016 00:00:00 GMT+0800 (China Standard Time),44.509998,45.09,44.369999,45.049999,203000,44.784998,CHFC
Fri Aug 19 2016 00:00:00 GMT+0800 (China Standard Time),45.02,45.139999,44.529999,45.119999,156700,44.854586,CHFC
Mon Aug 22 2016 00:00:00 GMT+0800 (China Standard Time),45.139999,45.48,44.91,45.439999,176900,45.172703,CHFC
Tue Aug 23 2016 00:00:00 GMT+0800 (China Standard Time),47.43,47.619999,45.68,46.119999,1930400,45.848703,CHFC
Wed Aug 24 2016 00:00:00 GMT+0800 (China Standard Time),46.119999,46.389999,45.529999,45.790001,572000,45.520647,CHFC
Thu Aug 25 2016 00:00:00 GMT+0800 (China Standard Time),45.75,45.900002,45.380001,45.900002,510700,45.63,CHFC
Fri Aug 26 2016 00:00:00 GMT+0800 (China Standard Time),45.59,46.349998,45.52,46.200001,512500,46.200001,CHFC
Mon Aug 29 2016 00:00:00 GMT+0800 (China Standard Time),46.139999,46.57,46.060001,46.509998,820100,46.509998,CHFC
Tue Aug 30 2016 00:00:00 GMT+0800 (China Standard Time),46.43,46.900002,46.32,46.720001,388300,46.720001,CHFC
Wed Aug 31 2016 00:00:00 GMT+0800 (China Standard Time),46.189999,46.869999,45.650002,46.23,9824100,46.23,CHFC
Thu Sep 01 2016 00:00:00 GMT+0800 (China Standard Time),46.110001,46.150002,44.990002,45.009998,1502900,45.009998,CHFC
Fri Sep 02 2016 00:00:00 GMT+0800 (China Standard Time),44.939999,45.029999,44.169998,44.360001,900300,44.360001,CHFC
Tue Sep 06 2016 00:00:00 GMT+0800 (China Standard Time),44.220001,44.529999,43.330002,43.639999,961600,43.639999,CHFC
Wed Sep 07 2016 00:00:00 GMT+0800 (China Standard Time),43.450001,43.860001,43.119999,43.689999,1127900,43.689999,CHFC
Thu Sep 08 2016 00:00:00 GMT+0800 (China Standard Time),43.470001,44.07,43.169998,44.040001,1031100,44.040001,CHFC
Fri Sep 09 2016 00:00:00 GMT+0800 (China Standard Time),43.959999,44.68,43.740002,44.419998,1214300,44.419998,CHFC
Mon Sep 12 2016 00:00:00 GMT+0800 (China Standard Time),44.32,44.560001,43.689999,44.299999,723900,44.299999,CHFC
Tue Sep 13 2016 00:00:00 GMT+0800 (China Standard Time),43.98,44.060001,43.43,43.849998,381100,43.849998,CHFC
Wed Sep 14 2016 00:00:00 GMT+0800 (China Standard Time),43.75,44.290001,43.080002,44.09,540200,44.09,CHFC
Thu Sep 15 2016 00:00:00 GMT+0800 (China Standard Time),44.150002,44.560001,43.25,44.549999,387100,44.549999,CHFC
Fri Sep 16 2016 00:00:00 GMT+0800 (China Standard Time),44.43,44.580002,43.529999,44.299999,706200,44.299999,CHFC
Mon Sep 19 2016 00:00:00 GMT+0800 (China Standard Time),44.459999,44.869999,44,44.330002,415300,44.330002,CHFC
Tue Sep 20 2016 00:00:00 GMT+0800 (China Standard Time),44.650002,44.650002,44.119999,44.32,344300,44.32,CHFC
Wed Sep 21 2016 00:00:00 GMT+0800 (China Standard Time),44.34,44.970001,44.279999,44.849998,307800,44.849998,CHFC
Thu Sep 22 2016 00:00:00 GMT+0800 (China Standard Time),45.130001,45.139999,44.779999,45.130001,355000,45.130001,CHFC
Fri Sep 23 2016 00:00:00 GMT+0800 (China Standard Time),44.93,45.220001,44.759998,44.77,275600,44.77,CHFC
Mon Sep 26 2016 00:00:00 GMT+0800 (China Standard Time),44.48,44.48,43.68,43.700001,430900,43.700001,CHFC
Tue Sep 27 2016 00:00:00 GMT+0800 (China Standard Time),43.619999,44.459999,43.560001,44.349998,375200,44.349998,CHFC
Wed Sep 28 2016 00:00:00 GMT+0800 (China Standard Time),44.619999,44.619999,44.080002,44.459999,328300,44.459999,CHFC
Thu Sep 29 2016 00:00:00 GMT+0800 (China Standard Time),44.630001,44.630001,43.48,43.619999,298700,43.619999,CHFC
Fri Sep 30 2016 00:00:00 GMT+0800 (China Standard Time),43.77,44.599998,43.630001,44.130001,476800,44.130001,CHFC
Mon Oct 03 2016 00:00:00 GMT+0800 (China Standard Time),43.860001,44.07,43.23,43.490002,477400,43.490002,CHFC
Tue Oct 04 2016 00:00:00 GMT+0800 (China Standard Time),43.700001,43.849998,43.48,43.779999,457700,43.779999,CHFC
Wed Oct 05 2016 00:00:00 GMT+0800 (China Standard Time),44.099998,45.110001,43.98,44.779999,586100,44.779999,CHFC
Thu Oct 06 2016 00:00:00 GMT+0800 (China Standard Time),44.650002,44.869999,44.389999,44.810001,232400,44.810001,CHFC
Fri Oct 07 2016 00:00:00 GMT+0800 (China Standard Time),44.860001,44.939999,44.220001,44.830002,284900,44.830002,CHFC
Mon Oct 10 2016 00:00:00 GMT+0800 (China Standard Time),45,45.240002,44.860001,44.950001,252100,44.950001,CHFC
Tue Oct 11 2016 00:00:00 GMT+0800 (China Standard Time),44.939999,45.27,44.470001,44.810001,321000,44.810001,CHFC
Wed Oct 12 2016 00:00:00 GMT+0800 (China Standard Time),45,45,44.349998,44.380001,240000,44.380001,CHFC
Thu Oct 13 2016 00:00:00 GMT+0800 (China Standard Time),44.150002,44.150002,42.990002,43.349998,398400,43.349998,CHFC
Fri Oct 14 2016 00:00:00 GMT+0800 (China Standard Time),43.709999,43.799999,42.84,43.66,321200,43.66,CHFC
Mon Oct 17 2016 00:00:00 GMT+0800 (China Standard Time),43.610001,43.889999,43.310001,43.34,148300,43.34,CHFC
Tue Oct 18 2016 00:00:00 GMT+0800 (China Standard Time),43.82,43.82,43.23,43.5,179600,43.5,CHFC
Wed Oct 19 2016 00:00:00 GMT+0800 (China Standard Time),43.689999,44.220001,43.509998,43.959999,151900,43.959999,CHFC
Thu Oct 20 2016 00:00:00 GMT+0800 (China Standard Time),43.759998,44.400002,43.669998,43.720001,150100,43.720001,CHFC
Fri Oct 21 2016 00:00:00 GMT+0800 (China Standard Time),43.459999,43.830002,43.290001,43.759998,212300,43.759998,CHFC
Mon Oct 24 2016 00:00:00 GMT+0800 (China Standard Time),43.91,44.5,43.860001,44.049999,188700,44.049999,CHFC
Tue Oct 25 2016 00:00:00 GMT+0800 (China Standard Time),44.009998,44.900002,43.509998,43.610001,244100,43.610001,CHFC
Wed Oct 26 2016 00:00:00 GMT+0800 (China Standard Time),43.990002,44.060001,42.369999,43.939999,569100,43.939999,CHFC
Thu Oct 27 2016 00:00:00 GMT+0800 (China Standard Time),44.299999,44.529999,43.849998,44.169998,373900,44.169998,CHFC
Fri Oct 28 2016 00:00:00 GMT+0800 (China Standard Time),44.09,44.09,43.07,43.139999,365500,43.139999,CHFC
Mon Oct 31 2016 00:00:00 GMT+0800 (China Standard Time),43.209999,43.990002,42.880001,42.950001,688900,42.950001,CHFC
Tue Nov 01 2016 00:00:00 GMT+0800 (China Standard Time),43,43.25,42.080002,42.16,417800,42.16,CHFC
Wed Nov 02 2016 00:00:00 GMT+0800 (China Standard Time),42.099998,42.220001,40.93,41.23,468700,41.23,CHFC
Thu Nov 03 2016 00:00:00 GMT+0800 (China Standard Time),41.389999,41.759998,41.25,41.380001,289900,41.380001,CHFC
Fri Nov 04 2016 00:00:00 GMT+0800 (China Standard Time),41.369999,42.150002,41.130001,41.580002,271500,41.580002,CHFC
Mon Nov 07 2016 00:00:00 GMT+0800 (China Standard Time),42.66,42.919998,41.939999,42.75,294300,42.75,CHFC
Tue Nov 08 2016 00:00:00 GMT+0800 (China Standard Time),42.509998,43.07,42.349998,42.84,254900,42.84,CHFC
Wed Nov 09 2016 00:00:00 GMT+0800 (China Standard Time),43.330002,45.450001,43.299999,45.259998,431100,45.259998,CHFC
Thu Nov 10 2016 00:00:00 GMT+0800 (China Standard Time),45.5,48.560001,45.34,48.459999,671100,48.459999,CHFC
Fri Nov 11 2016 00:00:00 GMT+0800 (China Standard Time),48.209999,49.619999,47.900002,49.400002,733100,49.400002,CHFC
