Mon Feb 03 2014 00:00:00 GMT+0800 (China Standard Time),28,28,28,28,0,24.600074,CIVBP
Tue Feb 04 2014 00:00:00 GMT+0800 (China Standard Time),28,28,28,28,0,24.600074,CIVBP
Wed Feb 05 2014 00:00:00 GMT+0800 (China Standard Time),28,28,28,28,0,24.600074,CIVBP
Thu Feb 06 2014 00:00:00 GMT+0800 (China Standard Time),27.999001,27.999001,27.999001,27.999001,200,24.599196,CIVBP
Fri Feb 07 2014 00:00:00 GMT+0800 (China Standard Time),27.999001,27.999001,27.999001,27.999001,0,24.599196,CIVBP
Mon Feb 10 2014 00:00:00 GMT+0800 (China Standard Time),28,29,28,29,2600,25.478648,CIVBP
Tue Feb 11 2014 00:00:00 GMT+0800 (China Standard Time),29,29,29,29,0,25.478648,CIVBP
Wed Feb 12 2014 00:00:00 GMT+0800 (China Standard Time),28,28,28,28,500,24.600074,CIVBP
Thu Feb 13 2014 00:00:00 GMT+0800 (China Standard Time),28,28,28,28,200,24.94575,CIVBP
Fri Feb 14 2014 00:00:00 GMT+0800 (China Standard Time),28,29,28,29,3800,25.836669,CIVBP
Tue Feb 18 2014 00:00:00 GMT+0800 (China Standard Time),28.75,28.75,28.75,28.75,2000,25.613939,CIVBP
Wed Feb 19 2014 00:00:00 GMT+0800 (China Standard Time),29,29,28.75,28.75,3500,25.613939,CIVBP
Thu Feb 20 2014 00:00:00 GMT+0800 (China Standard Time),28.75,28.75,28.75,28.75,0,25.613939,CIVBP
Fri Feb 21 2014 00:00:00 GMT+0800 (China Standard Time),28.75,28.75,28.700001,28.700001,2200,25.569394,CIVBP
Mon Feb 24 2014 00:00:00 GMT+0800 (China Standard Time),28.700001,28.700001,28.700001,28.700001,0,25.569394,CIVBP
Tue Feb 25 2014 00:00:00 GMT+0800 (China Standard Time),28.700001,28.700001,28.700001,28.700001,0,25.569394,CIVBP
Wed Feb 26 2014 00:00:00 GMT+0800 (China Standard Time),28.700001,28.700001,28.700001,28.700001,0,25.569394,CIVBP
Thu Feb 27 2014 00:00:00 GMT+0800 (China Standard Time),28.700001,28.700001,28.700001,28.700001,2700,25.569394,CIVBP
Fri Feb 28 2014 00:00:00 GMT+0800 (China Standard Time),28.700001,28.700001,28.700001,28.700001,1100,25.569394,CIVBP
Mon Mar 03 2014 00:00:00 GMT+0800 (China Standard Time),29.25,29.25,29.25,29.25,300,26.059399,CIVBP
Tue Mar 04 2014 00:00:00 GMT+0800 (China Standard Time),29.25,29.25,29.25,29.25,3500,26.059399,CIVBP
Wed Mar 05 2014 00:00:00 GMT+0800 (China Standard Time),29.25,29.25,29,29,1100,25.836669,CIVBP
Thu Mar 06 2014 00:00:00 GMT+0800 (China Standard Time),29,29,29,29,0,25.836669,CIVBP
Fri Mar 07 2014 00:00:00 GMT+0800 (China Standard Time),29.25,29.549999,29.25,29.549999,7600,26.326674,CIVBP
Mon Mar 10 2014 00:00:00 GMT+0800 (China Standard Time),29.549999,29.549999,29.549999,29.549999,0,26.326674,CIVBP
Tue Mar 11 2014 00:00:00 GMT+0800 (China Standard Time),29.5,29.5,29.5,29.5,2600,26.282129,CIVBP
Wed Mar 12 2014 00:00:00 GMT+0800 (China Standard Time),29.01,29.01,29.01,29.01,1000,25.845579,CIVBP
Thu Mar 13 2014 00:00:00 GMT+0800 (China Standard Time),29.01,29.01,29.01,29.01,0,25.845579,CIVBP
Fri Mar 14 2014 00:00:00 GMT+0800 (China Standard Time),29.01,29.01,29.01,29.01,0,25.845579,CIVBP
Mon Mar 17 2014 00:00:00 GMT+0800 (China Standard Time),29.299999,29.299999,29.299999,29.299999,800,26.103944,CIVBP
Tue Mar 18 2014 00:00:00 GMT+0800 (China Standard Time),29.299999,29.299999,29.299999,29.299999,0,26.103944,CIVBP
Wed Mar 19 2014 00:00:00 GMT+0800 (China Standard Time),29.299999,29.299999,29.299999,29.299999,1800,26.103944,CIVBP
Thu Mar 20 2014 00:00:00 GMT+0800 (China Standard Time),29.299999,29.299999,29.299999,29.299999,1000,26.103944,CIVBP
Fri Mar 21 2014 00:00:00 GMT+0800 (China Standard Time),29.299999,29.35,29.299999,29.333,6800,26.133346,CIVBP
Mon Mar 24 2014 00:00:00 GMT+0800 (China Standard Time),29.35,29.5,29,29,6900,25.836669,CIVBP
Tue Mar 25 2014 00:00:00 GMT+0800 (China Standard Time),29.549999,29.549999,29.549999,29.549999,600,26.326674,CIVBP
Wed Mar 26 2014 00:00:00 GMT+0800 (China Standard Time),29.549999,29.549999,29.549999,29.549999,0,26.326674,CIVBP
Thu Mar 27 2014 00:00:00 GMT+0800 (China Standard Time),29.549999,29.549999,29.549999,29.549999,0,26.326674,CIVBP
Fri Mar 28 2014 00:00:00 GMT+0800 (China Standard Time),29.5,29.5,29.5,29.5,100,26.282129,CIVBP
Mon Mar 31 2014 00:00:00 GMT+0800 (China Standard Time),29.549999,29.75,29.549999,29.75,2000,26.504859,CIVBP
Tue Apr 01 2014 00:00:00 GMT+0800 (China Standard Time),29.5,29.5,29.5,29.5,1500,26.282129,CIVBP
Wed Apr 02 2014 00:00:00 GMT+0800 (China Standard Time),29.5,29.5,29.5,29.5,200,26.282129,CIVBP
Thu Apr 03 2014 00:00:00 GMT+0800 (China Standard Time),29.5,29.5,29.5,29.5,200,26.282129,CIVBP
Fri Apr 04 2014 00:00:00 GMT+0800 (China Standard Time),29.5,29.5,29.5,29.5,1000,26.282129,CIVBP
Mon Apr 07 2014 00:00:00 GMT+0800 (China Standard Time),29.5,29.5,29.5,29.5,0,26.282129,CIVBP
Tue Apr 08 2014 00:00:00 GMT+0800 (China Standard Time),29.35,29.35,28.83,28.83,400,25.685213,CIVBP
Wed Apr 09 2014 00:00:00 GMT+0800 (China Standard Time),28.83,28.83,28.83,28.83,0,25.685213,CIVBP
Thu Apr 10 2014 00:00:00 GMT+0800 (China Standard Time),29,29,29,29,300,25.836669,CIVBP
Fri Apr 11 2014 00:00:00 GMT+0800 (China Standard Time),29,29,29,29,0,25.836669,CIVBP
Mon Apr 14 2014 00:00:00 GMT+0800 (China Standard Time),29,29,29,29,0,25.836669,CIVBP
Tue Apr 15 2014 00:00:00 GMT+0800 (China Standard Time),28.75,28.950001,28.75,28.950001,3600,25.792124,CIVBP
Wed Apr 16 2014 00:00:00 GMT+0800 (China Standard Time),28.950001,28.950001,28.950001,28.950001,700,25.792124,CIVBP
Thu Apr 17 2014 00:00:00 GMT+0800 (China Standard Time),28.950001,28.950001,28.950001,28.950001,0,25.792124,CIVBP
Mon Apr 21 2014 00:00:00 GMT+0800 (China Standard Time),28.950001,28.950001,28.950001,28.950001,1400,25.792124,CIVBP
Tue Apr 22 2014 00:00:00 GMT+0800 (China Standard Time),28.950001,28.950001,28.950001,28.950001,100,25.792124,CIVBP
Wed Apr 23 2014 00:00:00 GMT+0800 (China Standard Time),28.950001,28.950001,28.950001,28.950001,1800,25.792124,CIVBP
Thu Apr 24 2014 00:00:00 GMT+0800 (China Standard Time),28.948999,28.950001,28.940001,28.940001,13600,25.783214,CIVBP
Fri Apr 25 2014 00:00:00 GMT+0800 (China Standard Time),28.950001,28.950001,28.950001,28.950001,3000,25.792124,CIVBP
Mon Apr 28 2014 00:00:00 GMT+0800 (China Standard Time),29.35,29.35,28.950001,28.950001,1500,25.792124,CIVBP
Tue Apr 29 2014 00:00:00 GMT+0800 (China Standard Time),28.950001,28.950001,28.9,28.950001,3500,25.792124,CIVBP
Wed Apr 30 2014 00:00:00 GMT+0800 (China Standard Time),28.950001,28.950001,28.950001,28.950001,4700,25.792124,CIVBP
Thu May 01 2014 00:00:00 GMT+0800 (China Standard Time),28.950001,29.35,28.950001,29.35,4100,26.148491,CIVBP
Fri May 02 2014 00:00:00 GMT+0800 (China Standard Time),29,29,29,29,2900,25.836669,CIVBP
Mon May 05 2014 00:00:00 GMT+0800 (China Standard Time),29,29,29,29,1200,25.836669,CIVBP
Tue May 06 2014 00:00:00 GMT+0800 (China Standard Time),29,29,29,29,2700,25.836669,CIVBP
Wed May 07 2014 00:00:00 GMT+0800 (China Standard Time),29,29,29,29,1000,25.836669,CIVBP
Thu May 08 2014 00:00:00 GMT+0800 (China Standard Time),29,29,29,29,500,25.836669,CIVBP
Fri May 09 2014 00:00:00 GMT+0800 (China Standard Time),29.049999,29.049999,29,29,2500,25.836669,CIVBP
Mon May 12 2014 00:00:00 GMT+0800 (China Standard Time),29,29,28.9,28.9,3200,25.747577,CIVBP
Tue May 13 2014 00:00:00 GMT+0800 (China Standard Time),29,29,28.75,29,1500,25.836669,CIVBP
Wed May 14 2014 00:00:00 GMT+0800 (China Standard Time),28.99,29,28.99,29,4200,25.836669,CIVBP
Thu May 15 2014 00:00:00 GMT+0800 (China Standard Time),29,29,29,29,0,25.836669,CIVBP
Fri May 16 2014 00:00:00 GMT+0800 (China Standard Time),28.950001,28.950001,28.9,28.9,8000,26.113162,CIVBP
Mon May 19 2014 00:00:00 GMT+0800 (China Standard Time),28.950001,28.950001,28.950001,28.950001,1400,26.158342,CIVBP
Tue May 20 2014 00:00:00 GMT+0800 (China Standard Time),28.950001,28.950001,28.851,28.950001,3100,26.158342,CIVBP
Wed May 21 2014 00:00:00 GMT+0800 (China Standard Time),28.950001,29,28.950001,29,8200,26.20352,CIVBP
Thu May 22 2014 00:00:00 GMT+0800 (China Standard Time),30,30,30,30,2500,27.107089,CIVBP
Fri May 23 2014 00:00:00 GMT+0800 (China Standard Time),30,30,30,30,3200,27.107089,CIVBP
Tue May 27 2014 00:00:00 GMT+0800 (China Standard Time),30,30,30,30,1800,27.107089,CIVBP
Wed May 28 2014 00:00:00 GMT+0800 (China Standard Time),30,30,29.99,29.99,4700,27.098053,CIVBP
Thu May 29 2014 00:00:00 GMT+0800 (China Standard Time),30,30,30,30,1500,27.107089,CIVBP
Fri May 30 2014 00:00:00 GMT+0800 (China Standard Time),30,30,30,30,0,27.107089,CIVBP
Mon Jun 02 2014 00:00:00 GMT+0800 (China Standard Time),30,30,30,30,2800,27.107089,CIVBP
Tue Jun 03 2014 00:00:00 GMT+0800 (China Standard Time),30,30,30,30,5300,27.107089,CIVBP
Wed Jun 04 2014 00:00:00 GMT+0800 (China Standard Time),30,30,30,30,0,27.107089,CIVBP
Thu Jun 05 2014 00:00:00 GMT+0800 (China Standard Time),30,30,30,30,0,27.107089,CIVBP
Fri Jun 06 2014 00:00:00 GMT+0800 (China Standard Time),30,30,30,30,0,27.107089,CIVBP
Mon Jun 09 2014 00:00:00 GMT+0800 (China Standard Time),30,30,29,29,1300,26.20352,CIVBP
Tue Jun 10 2014 00:00:00 GMT+0800 (China Standard Time),30,30,29.993999,30,2000,27.107089,CIVBP
Wed Jun 11 2014 00:00:00 GMT+0800 (China Standard Time),30,30,30,30,0,27.107089,CIVBP
Thu Jun 12 2014 00:00:00 GMT+0800 (China Standard Time),29.969999,30,29.969999,29.969999,1500,27.079981,CIVBP
Fri Jun 13 2014 00:00:00 GMT+0800 (China Standard Time),30,30,30,30,100,27.107089,CIVBP
Mon Jun 16 2014 00:00:00 GMT+0800 (China Standard Time),30,30,30,30,0,27.107089,CIVBP
Tue Jun 17 2014 00:00:00 GMT+0800 (China Standard Time),30,30,30,30,0,27.107089,CIVBP
Wed Jun 18 2014 00:00:00 GMT+0800 (China Standard Time),30,30,30,30,0,27.107089,CIVBP
Thu Jun 19 2014 00:00:00 GMT+0800 (China Standard Time),30,30,30,30,700,27.107089,CIVBP
Fri Jun 20 2014 00:00:00 GMT+0800 (China Standard Time),30,33,30,33,3000,29.817798,CIVBP
Mon Jun 23 2014 00:00:00 GMT+0800 (China Standard Time),33,33,33,33,0,29.817798,CIVBP
Tue Jun 24 2014 00:00:00 GMT+0800 (China Standard Time),33,33,33,33,0,29.817798,CIVBP
Wed Jun 25 2014 00:00:00 GMT+0800 (China Standard Time),33,33,33,33,0,29.817798,CIVBP
Thu Jun 26 2014 00:00:00 GMT+0800 (China Standard Time),33,33,33,33,0,29.817798,CIVBP
Fri Jun 27 2014 00:00:00 GMT+0800 (China Standard Time),32.900002,32.900002,32.900002,32.900002,300,29.727442,CIVBP
Mon Jun 30 2014 00:00:00 GMT+0800 (China Standard Time),32.900002,32.900002,32.900002,32.900002,0,29.727442,CIVBP
Tue Jul 01 2014 00:00:00 GMT+0800 (China Standard Time),32.900002,32.900002,32.900002,32.900002,0,29.727442,CIVBP
Wed Jul 02 2014 00:00:00 GMT+0800 (China Standard Time),32.900002,32.900002,32.900002,32.900002,0,29.727442,CIVBP
Thu Jul 03 2014 00:00:00 GMT+0800 (China Standard Time),32.900002,32.900002,32.900002,32.900002,0,29.727442,CIVBP
Mon Jul 07 2014 00:00:00 GMT+0800 (China Standard Time),30,30,30,30,100,27.107089,CIVBP
Tue Jul 08 2014 00:00:00 GMT+0800 (China Standard Time),32.849998,32.849998,32.849998,32.849998,100,29.682261,CIVBP
Wed Jul 09 2014 00:00:00 GMT+0800 (China Standard Time),32.849998,32.849998,32.849998,32.849998,0,29.682261,CIVBP
Thu Jul 10 2014 00:00:00 GMT+0800 (China Standard Time),32.849998,32.849998,32.849998,32.849998,0,29.682261,CIVBP
Fri Jul 11 2014 00:00:00 GMT+0800 (China Standard Time),32.849998,32.849998,32.849998,32.849998,0,29.682261,CIVBP
Mon Jul 14 2014 00:00:00 GMT+0800 (China Standard Time),32.849998,32.849998,32.849998,32.849998,0,29.682261,CIVBP
Tue Jul 15 2014 00:00:00 GMT+0800 (China Standard Time),32.849998,32.849998,32.849998,32.849998,0,29.682261,CIVBP
Wed Jul 16 2014 00:00:00 GMT+0800 (China Standard Time),32.849998,32.849998,32.849998,32.849998,0,29.682261,CIVBP
Thu Jul 17 2014 00:00:00 GMT+0800 (China Standard Time),32.849998,32.849998,32.849998,32.849998,0,29.682261,CIVBP
Fri Jul 18 2014 00:00:00 GMT+0800 (China Standard Time),32.849998,32.849998,32.849998,32.849998,0,29.682261,CIVBP
Mon Jul 21 2014 00:00:00 GMT+0800 (China Standard Time),32.849998,32.849998,32.849998,32.849998,0,29.682261,CIVBP
Tue Jul 22 2014 00:00:00 GMT+0800 (China Standard Time),32.849998,32.849998,32.849998,32.849998,0,29.682261,CIVBP
Wed Jul 23 2014 00:00:00 GMT+0800 (China Standard Time),32.849998,32.849998,32.849998,32.849998,0,29.682261,CIVBP
Thu Jul 24 2014 00:00:00 GMT+0800 (China Standard Time),32.849998,32.849998,32.849998,32.849998,0,29.682261,CIVBP
Fri Jul 25 2014 00:00:00 GMT+0800 (China Standard Time),32.849998,32.849998,32.849998,32.849998,0,29.682261,CIVBP
Mon Jul 28 2014 00:00:00 GMT+0800 (China Standard Time),32.849998,32.849998,32.849998,32.849998,0,29.682261,CIVBP
Tue Jul 29 2014 00:00:00 GMT+0800 (China Standard Time),32.849998,32.849998,32.849998,32.849998,0,29.682261,CIVBP
Wed Jul 30 2014 00:00:00 GMT+0800 (China Standard Time),32.700001,32.700001,31,31.41,7400,28.381122,CIVBP
Thu Jul 31 2014 00:00:00 GMT+0800 (China Standard Time),31.41,31.41,31.41,31.41,0,28.381122,CIVBP
Fri Aug 01 2014 00:00:00 GMT+0800 (China Standard Time),31.41,31.41,31.41,31.41,0,28.381122,CIVBP
Mon Aug 04 2014 00:00:00 GMT+0800 (China Standard Time),31.41,31.41,31.41,31.41,0,28.381122,CIVBP
Tue Aug 05 2014 00:00:00 GMT+0800 (China Standard Time),31.41,31.41,31.41,31.41,0,28.381122,CIVBP
Wed Aug 06 2014 00:00:00 GMT+0800 (China Standard Time),31.41,31.41,31.41,31.41,0,28.381122,CIVBP
Thu Aug 07 2014 00:00:00 GMT+0800 (China Standard Time),31.41,31.41,31.41,31.41,0,28.381122,CIVBP
Fri Aug 08 2014 00:00:00 GMT+0800 (China Standard Time),31.41,31.41,31.41,31.41,0,28.381122,CIVBP
Mon Aug 11 2014 00:00:00 GMT+0800 (China Standard Time),31.41,31.41,31.41,31.41,0,28.381122,CIVBP
Tue Aug 12 2014 00:00:00 GMT+0800 (China Standard Time),31.41,31.41,31.41,31.41,0,28.381122,CIVBP
Wed Aug 13 2014 00:00:00 GMT+0800 (China Standard Time),31.41,31.41,31.41,31.41,0,28.381122,CIVBP
Thu Aug 14 2014 00:00:00 GMT+0800 (China Standard Time),31.41,31.41,31.41,31.41,0,28.381122,CIVBP
Fri Aug 15 2014 00:00:00 GMT+0800 (China Standard Time),31.41,31.41,31.41,31.41,0,28.752775,CIVBP
Mon Aug 18 2014 00:00:00 GMT+0800 (China Standard Time),31.41,31.41,31.41,31.41,0,28.752775,CIVBP
Tue Aug 19 2014 00:00:00 GMT+0800 (China Standard Time),31.41,31.41,31.41,31.41,0,28.752775,CIVBP
Wed Aug 20 2014 00:00:00 GMT+0800 (China Standard Time),31.41,31.41,31.41,31.41,0,28.752775,CIVBP
Thu Aug 21 2014 00:00:00 GMT+0800 (China Standard Time),31.190001,31.190001,30.959999,30.959999,9000,28.340843,CIVBP
Fri Aug 22 2014 00:00:00 GMT+0800 (China Standard Time),31.15,31.15,31.15,31.15,1100,28.51477,CIVBP
Mon Aug 25 2014 00:00:00 GMT+0800 (China Standard Time),31.15,31.15,31.15,31.15,400,28.51477,CIVBP
Tue Aug 26 2014 00:00:00 GMT+0800 (China Standard Time),31.15,31.15,31.15,31.15,0,28.51477,CIVBP
Wed Aug 27 2014 00:00:00 GMT+0800 (China Standard Time),31.1,31.1,31.1,31.1,500,28.469001,CIVBP
Thu Aug 28 2014 00:00:00 GMT+0800 (China Standard Time),31.1,31.1,31.1,31.1,0,28.469001,CIVBP
Fri Aug 29 2014 00:00:00 GMT+0800 (China Standard Time),31.15,31.15,31.1,31.1,1200,28.469001,CIVBP
Tue Sep 02 2014 00:00:00 GMT+0800 (China Standard Time),31.4,31.4,31.4,31.4,100,28.74362,CIVBP
Wed Sep 03 2014 00:00:00 GMT+0800 (China Standard Time),31.41,31.41,31.41,31.41,700,28.752775,CIVBP
Thu Sep 04 2014 00:00:00 GMT+0800 (China Standard Time),31.41,31.41,31.41,31.41,0,28.752775,CIVBP
Fri Sep 05 2014 00:00:00 GMT+0800 (China Standard Time),31.41,31.41,31.41,31.41,0,28.752775,CIVBP
Mon Sep 08 2014 00:00:00 GMT+0800 (China Standard Time),31,31,31,31,300,28.37746,CIVBP
Tue Sep 09 2014 00:00:00 GMT+0800 (China Standard Time),31,31.200001,30.9,31.200001,1500,28.560541,CIVBP
Wed Sep 10 2014 00:00:00 GMT+0800 (China Standard Time),31,31,31,31,1000,28.37746,CIVBP
Thu Sep 11 2014 00:00:00 GMT+0800 (China Standard Time),31.01,32,31.01,32,1500,29.292862,CIVBP
Fri Sep 12 2014 00:00:00 GMT+0800 (China Standard Time),32.080002,32.080002,32.080002,32.080002,200,29.366096,CIVBP
Mon Sep 15 2014 00:00:00 GMT+0800 (China Standard Time),32.080002,32.080002,32.080002,32.080002,0,29.366096,CIVBP
Tue Sep 16 2014 00:00:00 GMT+0800 (China Standard Time),32.080002,32.080002,32.080002,32.080002,0,29.366096,CIVBP
Wed Sep 17 2014 00:00:00 GMT+0800 (China Standard Time),32.080002,32.080002,32.080002,32.080002,0,29.366096,CIVBP
Thu Sep 18 2014 00:00:00 GMT+0800 (China Standard Time),32.080002,32.080002,32.080002,32.080002,0,29.366096,CIVBP
Fri Sep 19 2014 00:00:00 GMT+0800 (China Standard Time),32.080002,32.080002,32.080002,32.080002,0,29.366096,CIVBP
Mon Sep 22 2014 00:00:00 GMT+0800 (China Standard Time),32.080002,32.080002,32.080002,32.080002,0,29.366096,CIVBP
Tue Sep 23 2014 00:00:00 GMT+0800 (China Standard Time),32.080002,32.080002,32.080002,32.080002,0,29.366096,CIVBP
Wed Sep 24 2014 00:00:00 GMT+0800 (China Standard Time),32.080002,32.080002,32.080002,32.080002,0,29.366096,CIVBP
Thu Sep 25 2014 00:00:00 GMT+0800 (China Standard Time),31.25,31.25,31.25,31.25,1100,28.60631,CIVBP
Fri Sep 26 2014 00:00:00 GMT+0800 (China Standard Time),31.25,31.25,31.25,31.25,0,28.60631,CIVBP
Mon Sep 29 2014 00:00:00 GMT+0800 (China Standard Time),31.25,31.25,31.25,31.25,0,28.60631,CIVBP
Tue Sep 30 2014 00:00:00 GMT+0800 (China Standard Time),31.25,31.25,31.25,31.25,0,28.60631,CIVBP
Wed Oct 01 2014 00:00:00 GMT+0800 (China Standard Time),31.25,31.25,31.25,31.25,0,28.60631,CIVBP
Thu Oct 02 2014 00:00:00 GMT+0800 (China Standard Time),31.25,31.25,31.25,31.25,0,28.60631,CIVBP
Fri Oct 03 2014 00:00:00 GMT+0800 (China Standard Time),31.99,31.99,31.99,31.99,100,29.283708,CIVBP
Mon Oct 06 2014 00:00:00 GMT+0800 (China Standard Time),31.99,31.99,31.99,31.99,0,29.283708,CIVBP
Tue Oct 07 2014 00:00:00 GMT+0800 (China Standard Time),31.99,31.99,31.99,31.99,0,29.283708,CIVBP
Wed Oct 08 2014 00:00:00 GMT+0800 (China Standard Time),31.99,31.99,31.99,31.99,0,29.283708,CIVBP
Thu Oct 09 2014 00:00:00 GMT+0800 (China Standard Time),31.99,31.99,31.99,31.99,0,29.283708,CIVBP
Fri Oct 10 2014 00:00:00 GMT+0800 (China Standard Time),33,33,32.5,32.75,400,29.979413,CIVBP
Mon Oct 13 2014 00:00:00 GMT+0800 (China Standard Time),32.75,32.75,32.75,32.75,0,29.979413,CIVBP
Tue Oct 14 2014 00:00:00 GMT+0800 (China Standard Time),32.75,32.75,32.75,32.75,0,29.979413,CIVBP
Wed Oct 15 2014 00:00:00 GMT+0800 (China Standard Time),32.75,32.75,32.75,32.75,0,29.979413,CIVBP
Thu Oct 16 2014 00:00:00 GMT+0800 (China Standard Time),32.75,32.75,32.75,32.75,0,29.979413,CIVBP
Fri Oct 17 2014 00:00:00 GMT+0800 (China Standard Time),32.75,32.75,32.75,32.75,0,29.979413,CIVBP
Mon Oct 20 2014 00:00:00 GMT+0800 (China Standard Time),32.75,32.75,32.75,32.75,0,29.979413,CIVBP
Tue Oct 21 2014 00:00:00 GMT+0800 (China Standard Time),32.950001,32.950001,32.075001,32.075001,500,29.361518,CIVBP
Wed Oct 22 2014 00:00:00 GMT+0800 (China Standard Time),32.075001,32.075001,32.075001,32.075001,0,29.361518,CIVBP
Thu Oct 23 2014 00:00:00 GMT+0800 (China Standard Time),32.075001,32.075001,32.075001,32.075001,0,29.361518,CIVBP
Fri Oct 24 2014 00:00:00 GMT+0800 (China Standard Time),32.075001,32.075001,32.075001,32.075001,0,29.361518,CIVBP
Mon Oct 27 2014 00:00:00 GMT+0800 (China Standard Time),32.075001,32.075001,32.075001,32.075001,0,29.361518,CIVBP
Tue Oct 28 2014 00:00:00 GMT+0800 (China Standard Time),32.040001,32.040001,32.040001,32.040001,200,29.329479,CIVBP
Wed Oct 29 2014 00:00:00 GMT+0800 (China Standard Time),32.040001,32.040001,32.040001,32.040001,0,29.329479,CIVBP
Thu Oct 30 2014 00:00:00 GMT+0800 (China Standard Time),32.040001,32.040001,32.040001,32.040001,0,29.329479,CIVBP
Fri Oct 31 2014 00:00:00 GMT+0800 (China Standard Time),32.040001,32.040001,32.040001,32.040001,0,29.329479,CIVBP
Mon Nov 03 2014 00:00:00 GMT+0800 (China Standard Time),32.040001,32.040001,32.040001,32.040001,0,29.329479,CIVBP
Tue Nov 04 2014 00:00:00 GMT+0800 (China Standard Time),32.040001,32.040001,32.040001,32.040001,0,29.329479,CIVBP
Wed Nov 05 2014 00:00:00 GMT+0800 (China Standard Time),32.040001,32.040001,32.040001,32.040001,0,29.329479,CIVBP
Thu Nov 06 2014 00:00:00 GMT+0800 (China Standard Time),32.040001,32.040001,32.040001,32.040001,0,29.329479,CIVBP
Fri Nov 07 2014 00:00:00 GMT+0800 (China Standard Time),32.040001,32.040001,32.040001,32.040001,0,29.329479,CIVBP
Mon Nov 10 2014 00:00:00 GMT+0800 (China Standard Time),32.040001,32.040001,32.040001,32.040001,0,29.329479,CIVBP
Tue Nov 11 2014 00:00:00 GMT+0800 (China Standard Time),32.040001,32.040001,32.040001,32.040001,0,29.329479,CIVBP
Wed Nov 12 2014 00:00:00 GMT+0800 (China Standard Time),32.040001,32.040001,32.040001,32.040001,0,29.329479,CIVBP
Thu Nov 13 2014 00:00:00 GMT+0800 (China Standard Time),32.040001,32.040001,32.040001,32.040001,0,29.329479,CIVBP
Fri Nov 14 2014 00:00:00 GMT+0800 (China Standard Time),31,31,31,31,700,28.741665,CIVBP
Mon Nov 17 2014 00:00:00 GMT+0800 (China Standard Time),31,31,31,31,0,28.741665,CIVBP
Tue Nov 18 2014 00:00:00 GMT+0800 (China Standard Time),31,31,31,31,0,28.741665,CIVBP
Wed Nov 19 2014 00:00:00 GMT+0800 (China Standard Time),31,31,31,31,0,28.741665,CIVBP
Thu Nov 20 2014 00:00:00 GMT+0800 (China Standard Time),31,31,31,31,0,28.741665,CIVBP
Fri Nov 21 2014 00:00:00 GMT+0800 (China Standard Time),31,31,31,31,0,28.741665,CIVBP
Mon Nov 24 2014 00:00:00 GMT+0800 (China Standard Time),31,31,31,31,0,28.741665,CIVBP
Tue Nov 25 2014 00:00:00 GMT+0800 (China Standard Time),31,31,31,31,0,28.741665,CIVBP
Wed Nov 26 2014 00:00:00 GMT+0800 (China Standard Time),31,31,31,31,0,28.741665,CIVBP
Fri Nov 28 2014 00:00:00 GMT+0800 (China Standard Time),31,31,31,31,0,28.741665,CIVBP
Mon Dec 01 2014 00:00:00 GMT+0800 (China Standard Time),31,31,31,31,0,28.741665,CIVBP
Tue Dec 02 2014 00:00:00 GMT+0800 (China Standard Time),31,31,31,31,0,28.741665,CIVBP
Wed Dec 03 2014 00:00:00 GMT+0800 (China Standard Time),31,31,31,31,0,28.741665,CIVBP
Thu Dec 04 2014 00:00:00 GMT+0800 (China Standard Time),31,31,31,31,0,28.741665,CIVBP
Fri Dec 05 2014 00:00:00 GMT+0800 (China Standard Time),31,31,31,31,0,28.741665,CIVBP
Mon Dec 08 2014 00:00:00 GMT+0800 (China Standard Time),31,31,31,31,0,28.741665,CIVBP
Tue Dec 09 2014 00:00:00 GMT+0800 (China Standard Time),31,31,31,31,0,28.741665,CIVBP
Wed Dec 10 2014 00:00:00 GMT+0800 (China Standard Time),31,31,31,31,0,28.741665,CIVBP
Thu Dec 11 2014 00:00:00 GMT+0800 (China Standard Time),31,31,31,31,0,28.741665,CIVBP
Fri Dec 12 2014 00:00:00 GMT+0800 (China Standard Time),31,31,31,31,0,28.741665,CIVBP
Mon Dec 15 2014 00:00:00 GMT+0800 (China Standard Time),31,31,31,31,0,28.741665,CIVBP
Tue Dec 16 2014 00:00:00 GMT+0800 (China Standard Time),31,31,31,31,0,28.741665,CIVBP
Wed Dec 17 2014 00:00:00 GMT+0800 (China Standard Time),31,31,31,31,0,28.741665,CIVBP
Thu Dec 18 2014 00:00:00 GMT+0800 (China Standard Time),31,31,31,31,0,28.741665,CIVBP
Fri Dec 19 2014 00:00:00 GMT+0800 (China Standard Time),34.299999,34.299999,32.5,32.5,400,30.132391,CIVBP
Mon Dec 22 2014 00:00:00 GMT+0800 (China Standard Time),32.5,32.5,32.5,32.5,0,30.132391,CIVBP
Tue Dec 23 2014 00:00:00 GMT+0800 (China Standard Time),31.76,31.76,30.59,31,41500,28.741665,CIVBP
Wed Dec 24 2014 00:00:00 GMT+0800 (China Standard Time),31,31,31,31,100,28.741665,CIVBP
Fri Dec 26 2014 00:00:00 GMT+0800 (China Standard Time),31,31,31,31,0,28.741665,CIVBP
Mon Dec 29 2014 00:00:00 GMT+0800 (China Standard Time),32.509998,32.509998,32.5,32.5,200,30.132391,CIVBP
Tue Dec 30 2014 00:00:00 GMT+0800 (China Standard Time),32.5,32.5,32.5,32.5,300,30.132391,CIVBP
Wed Dec 31 2014 00:00:00 GMT+0800 (China Standard Time),32.900002,32.900002,32.900002,32.900002,600,30.503252,CIVBP
Fri Jan 02 2015 00:00:00 GMT+0800 (China Standard Time),32.5,34,32.5,33.990002,1600,31.513847,CIVBP
Mon Jan 05 2015 00:00:00 GMT+0800 (China Standard Time),32.5,32.5,32.5,32.5,200,30.132391,CIVBP
Tue Jan 06 2015 00:00:00 GMT+0800 (China Standard Time),32.599998,32.599998,32.599998,32.599998,200,30.225104,CIVBP
Wed Jan 07 2015 00:00:00 GMT+0800 (China Standard Time),32.599998,32.599998,32.599998,32.599998,0,30.225104,CIVBP
Thu Jan 08 2015 00:00:00 GMT+0800 (China Standard Time),32.599998,32.599998,32.599998,32.599998,0,30.225104,CIVBP
Fri Jan 09 2015 00:00:00 GMT+0800 (China Standard Time),32.599998,32.599998,32.599998,32.599998,0,30.225104,CIVBP
Mon Jan 12 2015 00:00:00 GMT+0800 (China Standard Time),32.599998,32.599998,32.599998,32.599998,0,30.225104,CIVBP
Tue Jan 13 2015 00:00:00 GMT+0800 (China Standard Time),32.599998,32.599998,32.599998,32.599998,0,30.225104,CIVBP
Wed Jan 14 2015 00:00:00 GMT+0800 (China Standard Time),32.599998,32.599998,32.599998,32.599998,0,30.225104,CIVBP
Thu Jan 15 2015 00:00:00 GMT+0800 (China Standard Time),32.599998,32.599998,32.599998,32.599998,0,30.225104,CIVBP
Fri Jan 16 2015 00:00:00 GMT+0800 (China Standard Time),32.599998,32.599998,32.599998,32.599998,0,30.225104,CIVBP
Tue Jan 20 2015 00:00:00 GMT+0800 (China Standard Time),32.599998,32.599998,32.599998,32.599998,0,30.225104,CIVBP
Wed Jan 21 2015 00:00:00 GMT+0800 (China Standard Time),32.599998,32.599998,32.599998,32.599998,0,30.225104,CIVBP
Thu Jan 22 2015 00:00:00 GMT+0800 (China Standard Time),32.599998,32.599998,32.599998,32.599998,0,30.225104,CIVBP
Fri Jan 23 2015 00:00:00 GMT+0800 (China Standard Time),32.599998,32.599998,32.599998,32.599998,0,30.225104,CIVBP
Mon Jan 26 2015 00:00:00 GMT+0800 (China Standard Time),32.599998,32.599998,32.599998,32.599998,0,30.225104,CIVBP
Tue Jan 27 2015 00:00:00 GMT+0800 (China Standard Time),32.599998,32.599998,32.599998,32.599998,0,30.225104,CIVBP
Wed Jan 28 2015 00:00:00 GMT+0800 (China Standard Time),32.599998,32.599998,32.599998,32.599998,0,30.225104,CIVBP
Thu Jan 29 2015 00:00:00 GMT+0800 (China Standard Time),32.599998,32.599998,32.599998,32.599998,0,30.225104,CIVBP
Fri Jan 30 2015 00:00:00 GMT+0800 (China Standard Time),32.599998,32.599998,32.599998,32.599998,0,30.225104,CIVBP
Mon Feb 02 2015 00:00:00 GMT+0800 (China Standard Time),32.599998,32.599998,32.599998,32.599998,0,30.225104,CIVBP
Tue Feb 03 2015 00:00:00 GMT+0800 (China Standard Time),32.599998,32.599998,32.599998,32.599998,0,30.225104,CIVBP
Wed Feb 04 2015 00:00:00 GMT+0800 (China Standard Time),32.599998,32.599998,32.599998,32.599998,0,30.225104,CIVBP
Thu Feb 05 2015 00:00:00 GMT+0800 (China Standard Time),32.599998,32.599998,32.599998,32.599998,0,30.225104,CIVBP
Fri Feb 06 2015 00:00:00 GMT+0800 (China Standard Time),32.599998,32.599998,32.599998,32.599998,0,30.225104,CIVBP
Mon Feb 09 2015 00:00:00 GMT+0800 (China Standard Time),32.599998,32.599998,32.599998,32.599998,0,30.225104,CIVBP
Tue Feb 10 2015 00:00:00 GMT+0800 (China Standard Time),32.599998,32.599998,32.599998,32.599998,0,30.225104,CIVBP
Wed Feb 11 2015 00:00:00 GMT+0800 (China Standard Time),32.599998,32.599998,32.599998,32.599998,0,30.225104,CIVBP
Thu Feb 12 2015 00:00:00 GMT+0800 (China Standard Time),32.599998,32.599998,32.599998,32.599998,0,30.606275,CIVBP
Fri Feb 13 2015 00:00:00 GMT+0800 (China Standard Time),34.5,34.5,34.5,34.5,300,32.390078,CIVBP
Tue Feb 17 2015 00:00:00 GMT+0800 (China Standard Time),34.5,34.5,34.5,34.5,0,32.390078,CIVBP
Wed Feb 18 2015 00:00:00 GMT+0800 (China Standard Time),34.5,34.5,34.5,34.5,0,32.390078,CIVBP
Thu Feb 19 2015 00:00:00 GMT+0800 (China Standard Time),34.5,34.5,34.5,34.5,0,32.390078,CIVBP
Fri Feb 20 2015 00:00:00 GMT+0800 (China Standard Time),35.209999,35.209999,35.209999,35.209999,6000,33.056655,CIVBP
Mon Feb 23 2015 00:00:00 GMT+0800 (China Standard Time),35.5,35.5,35,35,1700,32.859499,CIVBP
Tue Feb 24 2015 00:00:00 GMT+0800 (China Standard Time),35.299,35.299999,35.299,35.299999,400,33.141151,CIVBP
Wed Feb 25 2015 00:00:00 GMT+0800 (China Standard Time),35.25,35.5,35.25,35.5,500,33.328921,CIVBP
Thu Feb 26 2015 00:00:00 GMT+0800 (China Standard Time),35.5,35.5,35.5,35.5,0,33.328921,CIVBP
Fri Feb 27 2015 00:00:00 GMT+0800 (China Standard Time),35.5,35.5,35.5,35.5,0,33.328921,CIVBP
Mon Mar 02 2015 00:00:00 GMT+0800 (China Standard Time),34.610001,35,34.099998,35,2300,32.859499,CIVBP
Tue Mar 03 2015 00:00:00 GMT+0800 (China Standard Time),35,35,35,35,0,32.859499,CIVBP
Wed Mar 04 2015 00:00:00 GMT+0800 (China Standard Time),35,35,35,35,0,32.859499,CIVBP
Thu Mar 05 2015 00:00:00 GMT+0800 (China Standard Time),35,35,35,35,0,32.859499,CIVBP
Fri Mar 06 2015 00:00:00 GMT+0800 (China Standard Time),35,35,34.650002,34.650002,300,32.530906,CIVBP
Mon Mar 09 2015 00:00:00 GMT+0800 (China Standard Time),34.650002,34.650002,34.650002,34.650002,0,32.530906,CIVBP
Tue Mar 10 2015 00:00:00 GMT+0800 (China Standard Time),34.650002,34.650002,34.650002,34.650002,0,32.530906,CIVBP
Wed Mar 11 2015 00:00:00 GMT+0800 (China Standard Time),34.650002,34.650002,34.650002,34.650002,0,32.530906,CIVBP
Thu Mar 12 2015 00:00:00 GMT+0800 (China Standard Time),34.650002,34.650002,34.650002,34.650002,0,32.530906,CIVBP
Fri Mar 13 2015 00:00:00 GMT+0800 (China Standard Time),34.650002,34.650002,34.650002,34.650002,0,32.530906,CIVBP
Mon Mar 16 2015 00:00:00 GMT+0800 (China Standard Time),34.650002,34.650002,34.650002,34.650002,0,32.530906,CIVBP
Tue Mar 17 2015 00:00:00 GMT+0800 (China Standard Time),35.299999,35.299999,35.299999,35.299999,1000,33.141151,CIVBP
Wed Mar 18 2015 00:00:00 GMT+0800 (China Standard Time),38.5,38.75,34.25,35.049999,1700,32.906441,CIVBP
Thu Mar 19 2015 00:00:00 GMT+0800 (China Standard Time),35.049999,35.049999,35.049999,35.049999,0,32.906441,CIVBP
Fri Mar 20 2015 00:00:00 GMT+0800 (China Standard Time),35.049999,35.049999,35.049999,35.049999,0,32.906441,CIVBP
Mon Mar 23 2015 00:00:00 GMT+0800 (China Standard Time),34.779999,35,34.450001,35,1900,32.859499,CIVBP
Tue Mar 24 2015 00:00:00 GMT+0800 (China Standard Time),35,35,35,35,0,32.859499,CIVBP
Wed Mar 25 2015 00:00:00 GMT+0800 (China Standard Time),35.450001,35.450001,35.450001,35.450001,100,33.281979,CIVBP
Thu Mar 26 2015 00:00:00 GMT+0800 (China Standard Time),35.5,35.5,35.5,35.5,300,33.328921,CIVBP
Fri Mar 27 2015 00:00:00 GMT+0800 (China Standard Time),35.700001,36.099998,35.700001,36.099998,1000,33.892225,CIVBP
Mon Mar 30 2015 00:00:00 GMT+0800 (China Standard Time),36.099998,36.099998,36.099998,36.099998,0,33.892225,CIVBP
Tue Mar 31 2015 00:00:00 GMT+0800 (China Standard Time),36.099998,36.099998,36.099998,36.099998,0,33.892225,CIVBP
Wed Apr 01 2015 00:00:00 GMT+0800 (China Standard Time),36.099998,36.099998,36.099998,36.099998,0,33.892225,CIVBP
Thu Apr 02 2015 00:00:00 GMT+0800 (China Standard Time),35.900002,35.979,35.900002,35.979,600,33.778626,CIVBP
Mon Apr 06 2015 00:00:00 GMT+0800 (China Standard Time),35.979,35.979,35.979,35.979,0,33.778626,CIVBP
Tue Apr 07 2015 00:00:00 GMT+0800 (China Standard Time),35.979,35.979,35.979,35.979,0,33.778626,CIVBP
Wed Apr 08 2015 00:00:00 GMT+0800 (China Standard Time),35.979,35.979,35.979,35.979,0,33.778626,CIVBP
Thu Apr 09 2015 00:00:00 GMT+0800 (China Standard Time),35.979,35.979,35.979,35.979,0,33.778626,CIVBP
Fri Apr 10 2015 00:00:00 GMT+0800 (China Standard Time),35.979,35.979,35.979,35.979,0,33.778626,CIVBP
Mon Apr 13 2015 00:00:00 GMT+0800 (China Standard Time),36,36,36,36,600,33.798342,CIVBP
Tue Apr 14 2015 00:00:00 GMT+0800 (China Standard Time),35.5,35.5,35.5,35.5,200,33.328921,CIVBP
Wed Apr 15 2015 00:00:00 GMT+0800 (China Standard Time),35.5,35.5,35.5,35.5,0,33.328921,CIVBP
Thu Apr 16 2015 00:00:00 GMT+0800 (China Standard Time),38.5,38.5,38.5,38.5,200,36.145449,CIVBP
Fri Apr 17 2015 00:00:00 GMT+0800 (China Standard Time),38.5,38.5,38.5,38.5,0,36.145449,CIVBP
Mon Apr 20 2015 00:00:00 GMT+0800 (China Standard Time),38.5,38.5,38.5,38.5,0,36.145449,CIVBP
Tue Apr 21 2015 00:00:00 GMT+0800 (China Standard Time),38.5,38.5,38.5,38.5,0,36.145449,CIVBP
Wed Apr 22 2015 00:00:00 GMT+0800 (China Standard Time),38.5,38.5,38.5,38.5,0,36.145449,CIVBP
Thu Apr 23 2015 00:00:00 GMT+0800 (China Standard Time),38.5,38.5,38.5,38.5,0,36.145449,CIVBP
Fri Apr 24 2015 00:00:00 GMT+0800 (China Standard Time),35.889999,35.889999,35.599998,35.599998,200,33.422803,CIVBP
Mon Apr 27 2015 00:00:00 GMT+0800 (China Standard Time),35.599998,35.599998,35.599998,35.599998,0,33.422803,CIVBP
Tue Apr 28 2015 00:00:00 GMT+0800 (China Standard Time),35,35,35,35,200,32.859499,CIVBP
Wed Apr 29 2015 00:00:00 GMT+0800 (China Standard Time),35.5,35.5,35.5,35.5,200,33.328921,CIVBP
Thu Apr 30 2015 00:00:00 GMT+0800 (China Standard Time),35.5,35.5,35.5,35.5,0,33.328921,CIVBP
Fri May 01 2015 00:00:00 GMT+0800 (China Standard Time),35.830002,36.049999,35.830002,36,2300,33.798342,CIVBP
Mon May 04 2015 00:00:00 GMT+0800 (China Standard Time),36,36,36,36,0,33.798342,CIVBP
Tue May 05 2015 00:00:00 GMT+0800 (China Standard Time),36,36,36,36,0,33.798342,CIVBP
Wed May 06 2015 00:00:00 GMT+0800 (China Standard Time),36,36,36,36,0,33.798342,CIVBP
Thu May 07 2015 00:00:00 GMT+0800 (China Standard Time),36,36,36,36,100,33.798342,CIVBP
Fri May 08 2015 00:00:00 GMT+0800 (China Standard Time),36.5,39.118999,36.5,38.922001,1200,36.541642,CIVBP
Mon May 11 2015 00:00:00 GMT+0800 (China Standard Time),38.5,38.5,38.5,38.5,400,36.145449,CIVBP
Tue May 12 2015 00:00:00 GMT+0800 (China Standard Time),38.5,38.5,38.5,38.5,0,36.145449,CIVBP
Wed May 13 2015 00:00:00 GMT+0800 (China Standard Time),38.5,38.5,38.5,38.5,0,36.145449,CIVBP
Thu May 14 2015 00:00:00 GMT+0800 (China Standard Time),38.200001,38.75,38.200001,38.75,900,36.38016,CIVBP
Fri May 15 2015 00:00:00 GMT+0800 (China Standard Time),38.75,38.75,38.75,38.75,0,36.38016,CIVBP
Mon May 18 2015 00:00:00 GMT+0800 (China Standard Time),38.75,38.75,38.75,38.75,0,36.38016,CIVBP
Tue May 19 2015 00:00:00 GMT+0800 (China Standard Time),38.75,38.75,38.75,38.75,0,36.38016,CIVBP
Wed May 20 2015 00:00:00 GMT+0800 (China Standard Time),38.75,38.75,38.75,38.75,0,36.38016,CIVBP
Thu May 21 2015 00:00:00 GMT+0800 (China Standard Time),38.75,38.75,38.75,38.75,0,36.38016,CIVBP
Fri May 22 2015 00:00:00 GMT+0800 (China Standard Time),38.75,38.75,38.75,38.75,0,36.38016,CIVBP
Tue May 26 2015 00:00:00 GMT+0800 (China Standard Time),38.75,38.75,38.75,38.75,0,36.38016,CIVBP
Wed May 27 2015 00:00:00 GMT+0800 (China Standard Time),38.75,38.75,38.75,38.75,0,36.38016,CIVBP
Thu May 28 2015 00:00:00 GMT+0800 (China Standard Time),38.75,38.75,38.75,38.75,0,36.38016,CIVBP
Fri May 29 2015 00:00:00 GMT+0800 (China Standard Time),38.75,38.75,38.75,38.75,0,36.38016,CIVBP
Mon Jun 01 2015 00:00:00 GMT+0800 (China Standard Time),36.5,36.5,36.5,36.5,300,34.267763,CIVBP
Tue Jun 02 2015 00:00:00 GMT+0800 (China Standard Time),36.5,36.5,36.5,36.5,0,34.267763,CIVBP
Wed Jun 03 2015 00:00:00 GMT+0800 (China Standard Time),36.5,36.5,36.5,36.5,0,34.267763,CIVBP
Thu Jun 04 2015 00:00:00 GMT+0800 (China Standard Time),36.5,36.5,36.5,36.5,0,34.267763,CIVBP
Fri Jun 05 2015 00:00:00 GMT+0800 (China Standard Time),36.5,36.5,36.5,36.5,0,34.267763,CIVBP
Mon Jun 08 2015 00:00:00 GMT+0800 (China Standard Time),36.450001,36.5,36.450001,36.450001,32500,34.220822,CIVBP
Tue Jun 09 2015 00:00:00 GMT+0800 (China Standard Time),36.450001,36.450001,36.450001,36.450001,0,34.220822,CIVBP
Wed Jun 10 2015 00:00:00 GMT+0800 (China Standard Time),36.200001,36.25,36.200001,36.25,700,34.033053,CIVBP
Thu Jun 11 2015 00:00:00 GMT+0800 (China Standard Time),36.25,36.25,36.25,36.25,500,34.033053,CIVBP
Fri Jun 12 2015 00:00:00 GMT+0800 (China Standard Time),36.25,36.25,36.25,36.25,0,34.033053,CIVBP
Mon Jun 15 2015 00:00:00 GMT+0800 (China Standard Time),36.25,36.25,36.25,36.25,100,34.033053,CIVBP
Tue Jun 16 2015 00:00:00 GMT+0800 (China Standard Time),35.5,35.5,34.125,34.125,1000,32.038012,CIVBP
Wed Jun 17 2015 00:00:00 GMT+0800 (China Standard Time),36.200001,36.200001,36.200001,36.200001,200,33.986111,CIVBP
Thu Jun 18 2015 00:00:00 GMT+0800 (China Standard Time),36.25,36.25,36.25,36.25,400,34.033053,CIVBP
Fri Jun 19 2015 00:00:00 GMT+0800 (China Standard Time),36.25,36.25,36.25,36.25,0,34.033053,CIVBP
Mon Jun 22 2015 00:00:00 GMT+0800 (China Standard Time),36.25,36.25,36.25,36.25,0,34.033053,CIVBP
Tue Jun 23 2015 00:00:00 GMT+0800 (China Standard Time),36.25,36.25,36.25,36.25,400,34.033053,CIVBP
Wed Jun 24 2015 00:00:00 GMT+0800 (China Standard Time),36.25,36.25,36.25,36.25,0,34.033053,CIVBP
Thu Jun 25 2015 00:00:00 GMT+0800 (China Standard Time),36.25,36.25,36.25,36.25,0,34.033053,CIVBP
Fri Jun 26 2015 00:00:00 GMT+0800 (China Standard Time),36.25,36.25,36.25,36.25,0,34.033053,CIVBP
Mon Jun 29 2015 00:00:00 GMT+0800 (China Standard Time),36.25,36.25,36.25,36.25,0,34.033053,CIVBP
Tue Jun 30 2015 00:00:00 GMT+0800 (China Standard Time),35.689999,35.689999,34.880001,34.880001,200,32.746839,CIVBP
Wed Jul 01 2015 00:00:00 GMT+0800 (China Standard Time),34.549999,35,33.5,34.599998,3100,32.483961,CIVBP
Thu Jul 02 2015 00:00:00 GMT+0800 (China Standard Time),34.599998,34.599998,34.599998,34.599998,0,32.483961,CIVBP
Mon Jul 06 2015 00:00:00 GMT+0800 (China Standard Time),34.599998,34.599998,34.599998,34.599998,0,32.483961,CIVBP
Tue Jul 07 2015 00:00:00 GMT+0800 (China Standard Time),34.599998,34.599998,34.599998,34.599998,0,32.483961,CIVBP
Wed Jul 08 2015 00:00:00 GMT+0800 (China Standard Time),34.599998,34.599998,34.599998,34.599998,0,32.483961,CIVBP
Thu Jul 09 2015 00:00:00 GMT+0800 (China Standard Time),34.599998,34.599998,34.599998,34.599998,0,32.483961,CIVBP
Fri Jul 10 2015 00:00:00 GMT+0800 (China Standard Time),34.599998,34.599998,34.599998,34.599998,0,32.483961,CIVBP
Mon Jul 13 2015 00:00:00 GMT+0800 (China Standard Time),34.599998,34.599998,34.599998,34.599998,0,32.483961,CIVBP
Tue Jul 14 2015 00:00:00 GMT+0800 (China Standard Time),34.599998,34.599998,34.599998,34.599998,0,32.483961,CIVBP
Wed Jul 15 2015 00:00:00 GMT+0800 (China Standard Time),34.599998,34.599998,34.599998,34.599998,0,32.483961,CIVBP
Thu Jul 16 2015 00:00:00 GMT+0800 (China Standard Time),34.599998,34.599998,34.599998,34.599998,0,32.483961,CIVBP
Fri Jul 17 2015 00:00:00 GMT+0800 (China Standard Time),34.599998,34.599998,34.599998,34.599998,0,32.483961,CIVBP
Mon Jul 20 2015 00:00:00 GMT+0800 (China Standard Time),34.599998,34.599998,34.599998,34.599998,0,32.483961,CIVBP
Tue Jul 21 2015 00:00:00 GMT+0800 (China Standard Time),34.599998,34.599998,34.599998,34.599998,0,32.483961,CIVBP
Wed Jul 22 2015 00:00:00 GMT+0800 (China Standard Time),34.599998,34.599998,34.599998,34.599998,0,32.483961,CIVBP
Thu Jul 23 2015 00:00:00 GMT+0800 (China Standard Time),34.599998,34.599998,34.599998,34.599998,0,32.483961,CIVBP
Fri Jul 24 2015 00:00:00 GMT+0800 (China Standard Time),34.900002,34.91,34.900002,34.900002,4800,32.765616,CIVBP
Mon Jul 27 2015 00:00:00 GMT+0800 (China Standard Time),34.900002,34.900002,34.889999,34.900002,5200,32.765616,CIVBP
Tue Jul 28 2015 00:00:00 GMT+0800 (China Standard Time),34.799999,34.900002,34.799999,34.900002,4100,32.765616,CIVBP
Wed Jul 29 2015 00:00:00 GMT+0800 (China Standard Time),34.900002,34.900002,34.900002,34.900002,0,32.765616,CIVBP
Thu Jul 30 2015 00:00:00 GMT+0800 (China Standard Time),34.799999,34.799999,34.779999,34.779999,700,32.652953,CIVBP
Fri Jul 31 2015 00:00:00 GMT+0800 (China Standard Time),34.779999,34.779999,34.779999,34.779999,0,32.652953,CIVBP
Mon Aug 03 2015 00:00:00 GMT+0800 (China Standard Time),34.779999,34.779999,34.779999,34.779999,0,32.652953,CIVBP
Tue Aug 04 2015 00:00:00 GMT+0800 (China Standard Time),34.900002,34.900002,34.900002,34.900002,500,32.765616,CIVBP
Wed Aug 05 2015 00:00:00 GMT+0800 (China Standard Time),34.900002,34.900002,34.75,34.75,400,32.624788,CIVBP
Thu Aug 06 2015 00:00:00 GMT+0800 (China Standard Time),34.75,34.75,34.75,34.75,0,32.624788,CIVBP
Fri Aug 07 2015 00:00:00 GMT+0800 (China Standard Time),34.75,34.75,34.75,34.75,0,32.624788,CIVBP
Mon Aug 10 2015 00:00:00 GMT+0800 (China Standard Time),34.75,34.75,34.75,34.75,0,32.624788,CIVBP
Tue Aug 11 2015 00:00:00 GMT+0800 (China Standard Time),34.75,34.75,34.75,34.75,0,32.624788,CIVBP
Wed Aug 12 2015 00:00:00 GMT+0800 (China Standard Time),34.75,34.75,34.75,34.75,0,32.624788,CIVBP
Thu Aug 13 2015 00:00:00 GMT+0800 (China Standard Time),34.75,34.75,34.75,34.75,0,32.624788,CIVBP
Fri Aug 14 2015 00:00:00 GMT+0800 (China Standard Time),34.75,34.75,34.75,34.75,0,33.010464,CIVBP
Mon Aug 17 2015 00:00:00 GMT+0800 (China Standard Time),34.75,34.75,34.75,34.75,0,33.010464,CIVBP
Tue Aug 18 2015 00:00:00 GMT+0800 (China Standard Time),34.75,34.75,34.75,34.75,0,33.010464,CIVBP
Wed Aug 19 2015 00:00:00 GMT+0800 (China Standard Time),34.75,34.75,34.75,34.75,0,33.010464,CIVBP
Thu Aug 20 2015 00:00:00 GMT+0800 (China Standard Time),34.75,34.75,34.75,34.75,0,33.010464,CIVBP
Fri Aug 21 2015 00:00:00 GMT+0800 (China Standard Time),34.75,34.75,34.75,34.75,0,33.010464,CIVBP
Mon Aug 24 2015 00:00:00 GMT+0800 (China Standard Time),33.5,33.5,32.84,32.84,1400,31.196076,CIVBP
Tue Aug 25 2015 00:00:00 GMT+0800 (China Standard Time),33,33,31.790001,31.790001,1000,30.198638,CIVBP
Wed Aug 26 2015 00:00:00 GMT+0800 (China Standard Time),31.790001,31.790001,31.790001,31.790001,0,30.198638,CIVBP
Thu Aug 27 2015 00:00:00 GMT+0800 (China Standard Time),31.790001,31.790001,31.790001,31.790001,0,30.198638,CIVBP
Fri Aug 28 2015 00:00:00 GMT+0800 (China Standard Time),33.248001,33.248001,33.200001,33.200001,400,31.538055,CIVBP
Mon Aug 31 2015 00:00:00 GMT+0800 (China Standard Time),33.200001,33.200001,33.200001,33.200001,0,31.538055,CIVBP
Tue Sep 01 2015 00:00:00 GMT+0800 (China Standard Time),33.200001,33.200001,33.200001,33.200001,0,31.538055,CIVBP
Wed Sep 02 2015 00:00:00 GMT+0800 (China Standard Time),33.200001,33.200001,33.200001,33.200001,0,31.538055,CIVBP
Thu Sep 03 2015 00:00:00 GMT+0800 (China Standard Time),33.200001,33.200001,33.200001,33.200001,0,31.538055,CIVBP
Fri Sep 04 2015 00:00:00 GMT+0800 (China Standard Time),33.200001,33.200001,33.200001,33.200001,0,31.538055,CIVBP
Tue Sep 08 2015 00:00:00 GMT+0800 (China Standard Time),32.200001,32.200001,32.200001,32.200001,100,30.588114,CIVBP
Wed Sep 09 2015 00:00:00 GMT+0800 (China Standard Time),32.200001,32.200001,32.200001,32.200001,0,30.588114,CIVBP
Thu Sep 10 2015 00:00:00 GMT+0800 (China Standard Time),33,33.240002,33,33.240002,500,31.576054,CIVBP
Fri Sep 11 2015 00:00:00 GMT+0800 (China Standard Time),32.119999,32.119999,32.119999,32.119999,1000,30.512117,CIVBP
Mon Sep 14 2015 00:00:00 GMT+0800 (China Standard Time),32.119999,32.119999,32.119999,32.119999,0,30.512117,CIVBP
Tue Sep 15 2015 00:00:00 GMT+0800 (China Standard Time),32.119999,32.119999,32.119999,32.119999,0,30.512117,CIVBP
Wed Sep 16 2015 00:00:00 GMT+0800 (China Standard Time),33.150002,33.150002,33.077999,33.077999,600,31.422161,CIVBP
Thu Sep 17 2015 00:00:00 GMT+0800 (China Standard Time),33.077999,33.077999,33.077999,33.077999,0,31.422161,CIVBP
Fri Sep 18 2015 00:00:00 GMT+0800 (China Standard Time),33.077999,33.077999,33.077999,33.077999,0,31.422161,CIVBP
Mon Sep 21 2015 00:00:00 GMT+0800 (China Standard Time),33.077999,33.077999,33.077999,33.077999,0,31.422161,CIVBP
Tue Sep 22 2015 00:00:00 GMT+0800 (China Standard Time),33.200001,33.200001,33.200001,33.200001,300,31.538055,CIVBP
Wed Sep 23 2015 00:00:00 GMT+0800 (China Standard Time),32.259998,32.259998,32.259998,32.259998,100,30.645108,CIVBP
Thu Sep 24 2015 00:00:00 GMT+0800 (China Standard Time),32.259998,32.259998,32.259998,32.259998,0,30.645108,CIVBP
Fri Sep 25 2015 00:00:00 GMT+0800 (China Standard Time),32.259998,32.259998,32.259998,32.259998,0,30.645108,CIVBP
Mon Sep 28 2015 00:00:00 GMT+0800 (China Standard Time),32.259998,32.259998,32.259998,32.259998,0,30.645108,CIVBP
Tue Sep 29 2015 00:00:00 GMT+0800 (China Standard Time),32.259998,32.259998,32.259998,32.259998,0,30.645108,CIVBP
Wed Sep 30 2015 00:00:00 GMT+0800 (China Standard Time),33.200001,33.200001,33.200001,33.200001,100,31.538055,CIVBP
Thu Oct 01 2015 00:00:00 GMT+0800 (China Standard Time),33.200001,33.200001,33.200001,33.200001,0,31.538055,CIVBP
Fri Oct 02 2015 00:00:00 GMT+0800 (China Standard Time),33.200001,33.200001,33.200001,33.200001,0,31.538055,CIVBP
Mon Oct 05 2015 00:00:00 GMT+0800 (China Standard Time),33.200001,33.200001,33.200001,33.200001,0,31.538055,CIVBP
Tue Oct 06 2015 00:00:00 GMT+0800 (China Standard Time),33.200001,33.200001,33.200001,33.200001,0,31.538055,CIVBP
Wed Oct 07 2015 00:00:00 GMT+0800 (China Standard Time),33.16,33.16,33.16,33.16,100,31.500057,CIVBP
Thu Oct 08 2015 00:00:00 GMT+0800 (China Standard Time),33.16,33.16,33.16,33.16,0,31.500057,CIVBP
Fri Oct 09 2015 00:00:00 GMT+0800 (China Standard Time),33.16,33.16,33.16,33.16,0,31.500057,CIVBP
Mon Oct 12 2015 00:00:00 GMT+0800 (China Standard Time),32.68,32.68,32.68,32.68,200,31.044085,CIVBP
Tue Oct 13 2015 00:00:00 GMT+0800 (China Standard Time),32.68,32.68,32.68,32.68,0,31.044085,CIVBP
Wed Oct 14 2015 00:00:00 GMT+0800 (China Standard Time),32.68,32.68,32.68,32.68,0,31.044085,CIVBP
Thu Oct 15 2015 00:00:00 GMT+0800 (China Standard Time),32.68,32.68,32.68,32.68,0,31.044085,CIVBP
Fri Oct 16 2015 00:00:00 GMT+0800 (China Standard Time),33.450001,33.450001,33.450001,33.450001,200,31.77554,CIVBP
Mon Oct 19 2015 00:00:00 GMT+0800 (China Standard Time),33.450001,33.450001,33.450001,33.450001,0,31.77554,CIVBP
Tue Oct 20 2015 00:00:00 GMT+0800 (China Standard Time),33.450001,33.450001,33.450001,33.450001,0,31.77554,CIVBP
Wed Oct 21 2015 00:00:00 GMT+0800 (China Standard Time),33.450001,33.450001,33.450001,33.450001,0,31.77554,CIVBP
Thu Oct 22 2015 00:00:00 GMT+0800 (China Standard Time),33.450001,33.450001,33.450001,33.450001,0,31.77554,CIVBP
Fri Oct 23 2015 00:00:00 GMT+0800 (China Standard Time),32.98,33,32.98,33,1200,31.348066,CIVBP
Mon Oct 26 2015 00:00:00 GMT+0800 (China Standard Time),33,33,33,33,0,31.348066,CIVBP
Tue Oct 27 2015 00:00:00 GMT+0800 (China Standard Time),33,33,33,33,0,31.348066,CIVBP
Wed Oct 28 2015 00:00:00 GMT+0800 (China Standard Time),33,33,33,33,0,31.348066,CIVBP
Thu Oct 29 2015 00:00:00 GMT+0800 (China Standard Time),33,33,33,33,0,31.348066,CIVBP
Fri Oct 30 2015 00:00:00 GMT+0800 (China Standard Time),33.5,33.5,33.494999,33.494999,600,31.818286,CIVBP
Mon Nov 02 2015 00:00:00 GMT+0800 (China Standard Time),33.5,33.5,33.5,33.5,500,31.823037,CIVBP
Tue Nov 03 2015 00:00:00 GMT+0800 (China Standard Time),36.84,36.84,36.84,36.84,200,34.995841,CIVBP
Wed Nov 04 2015 00:00:00 GMT+0800 (China Standard Time),36.84,36.84,36.84,36.84,0,34.995841,CIVBP
Thu Nov 05 2015 00:00:00 GMT+0800 (China Standard Time),37.355999,37.355999,37.355999,37.355999,400,35.48601,CIVBP
Fri Nov 06 2015 00:00:00 GMT+0800 (China Standard Time),37.355999,37.355999,37.355999,37.355999,0,35.48601,CIVBP
Mon Nov 09 2015 00:00:00 GMT+0800 (China Standard Time),37.049999,37.200001,37,37,800,35.147832,CIVBP
Tue Nov 10 2015 00:00:00 GMT+0800 (China Standard Time),37,37,37,37,0,35.147832,CIVBP
Wed Nov 11 2015 00:00:00 GMT+0800 (China Standard Time),36.5,36.5,36.5,36.5,200,34.672861,CIVBP
Thu Nov 12 2015 00:00:00 GMT+0800 (China Standard Time),36.5,36.5,36.5,36.5,0,34.672861,CIVBP
Fri Nov 13 2015 00:00:00 GMT+0800 (China Standard Time),36.5,36.5,36.5,36.5,0,35.062875,CIVBP
Mon Nov 16 2015 00:00:00 GMT+0800 (China Standard Time),37.397999,37.400002,37.397999,37.400002,400,35.927441,CIVBP
Tue Nov 17 2015 00:00:00 GMT+0800 (China Standard Time),37.400002,37.400002,37.400002,37.400002,0,35.927441,CIVBP
Wed Nov 18 2015 00:00:00 GMT+0800 (China Standard Time),37.400002,37.400002,37.400002,37.400002,0,35.927441,CIVBP
Thu Nov 19 2015 00:00:00 GMT+0800 (China Standard Time),37.400002,37.400002,37.400002,37.400002,0,35.927441,CIVBP
Fri Nov 20 2015 00:00:00 GMT+0800 (China Standard Time),37.400002,37.400002,37.400002,37.400002,0,35.927441,CIVBP
Mon Nov 23 2015 00:00:00 GMT+0800 (China Standard Time),37.400002,37.400002,37.400002,37.400002,0,35.927441,CIVBP
Tue Nov 24 2015 00:00:00 GMT+0800 (China Standard Time),37.400002,37.400002,37.400002,37.400002,0,35.927441,CIVBP
Wed Nov 25 2015 00:00:00 GMT+0800 (China Standard Time),37.400002,37.400002,37.400002,37.400002,0,35.927441,CIVBP
Fri Nov 27 2015 00:00:00 GMT+0800 (China Standard Time),37.400002,37.400002,37.400002,37.400002,0,35.927441,CIVBP
Mon Nov 30 2015 00:00:00 GMT+0800 (China Standard Time),37.400002,37.400002,37.400002,37.400002,0,35.927441,CIVBP
Tue Dec 01 2015 00:00:00 GMT+0800 (China Standard Time),36.599998,36.599998,36.599998,36.599998,500,35.158937,CIVBP
Wed Dec 02 2015 00:00:00 GMT+0800 (China Standard Time),36.599998,36.599998,36.599998,36.599998,0,35.158937,CIVBP
Thu Dec 03 2015 00:00:00 GMT+0800 (China Standard Time),36.599998,36.599998,36.599998,36.599998,0,35.158937,CIVBP
Fri Dec 04 2015 00:00:00 GMT+0800 (China Standard Time),36.599998,36.599998,36.599998,36.599998,0,35.158937,CIVBP
Mon Dec 07 2015 00:00:00 GMT+0800 (China Standard Time),36.599998,36.599998,36.599998,36.599998,0,35.158937,CIVBP
Tue Dec 08 2015 00:00:00 GMT+0800 (China Standard Time),35.950001,35.950001,35.950001,35.950001,100,34.534531,CIVBP
Wed Dec 09 2015 00:00:00 GMT+0800 (China Standard Time),36,36.25,36,36.25,400,34.822719,CIVBP
Thu Dec 10 2015 00:00:00 GMT+0800 (China Standard Time),36.25,36.25,36.25,36.25,0,34.822719,CIVBP
Fri Dec 11 2015 00:00:00 GMT+0800 (China Standard Time),36.25,36.25,36.25,36.25,0,34.822719,CIVBP
Mon Dec 14 2015 00:00:00 GMT+0800 (China Standard Time),33.759998,33.759998,33.720001,33.720001,1400,32.392334,CIVBP
Tue Dec 15 2015 00:00:00 GMT+0800 (China Standard Time),33.720001,33.720001,33.720001,33.720001,0,32.392334,CIVBP
Wed Dec 16 2015 00:00:00 GMT+0800 (China Standard Time),33.720001,33.720001,33.720001,33.720001,0,32.392334,CIVBP
Thu Dec 17 2015 00:00:00 GMT+0800 (China Standard Time),33.720001,33.720001,33.720001,33.720001,0,32.392334,CIVBP
Fri Dec 18 2015 00:00:00 GMT+0800 (China Standard Time),33.720001,33.720001,33.720001,33.720001,0,32.392334,CIVBP
Mon Dec 21 2015 00:00:00 GMT+0800 (China Standard Time),33.720001,33.720001,33.720001,33.720001,0,32.392334,CIVBP
Tue Dec 22 2015 00:00:00 GMT+0800 (China Standard Time),33.720001,33.720001,33.720001,33.720001,0,32.392334,CIVBP
Wed Dec 23 2015 00:00:00 GMT+0800 (China Standard Time),35,35,35,35,300,33.621935,CIVBP
Thu Dec 24 2015 00:00:00 GMT+0800 (China Standard Time),35,35,35,35,0,33.621935,CIVBP
Mon Dec 28 2015 00:00:00 GMT+0800 (China Standard Time),35,35,35,35,0,33.621935,CIVBP
Tue Dec 29 2015 00:00:00 GMT+0800 (China Standard Time),35,35,35,35,0,33.621935,CIVBP
Wed Dec 30 2015 00:00:00 GMT+0800 (China Standard Time),36.25,36.75,36.25,36.75,2100,35.303032,CIVBP
Thu Dec 31 2015 00:00:00 GMT+0800 (China Standard Time),36.75,36.75,36.75,36.75,0,35.303032,CIVBP
Mon Jan 04 2016 00:00:00 GMT+0800 (China Standard Time),40,40,39.990002,39.990002,1100,38.415464,CIVBP
Tue Jan 05 2016 00:00:00 GMT+0800 (China Standard Time),39.990002,39.990002,39.990002,39.990002,0,38.415464,CIVBP
Wed Jan 06 2016 00:00:00 GMT+0800 (China Standard Time),37.5,37.5,37.5,37.5,200,36.023502,CIVBP
Thu Jan 07 2016 00:00:00 GMT+0800 (China Standard Time),37.5,37.5,36,36,1000,34.582562,CIVBP
Fri Jan 08 2016 00:00:00 GMT+0800 (China Standard Time),36,36,36,36,0,34.582562,CIVBP
Mon Jan 11 2016 00:00:00 GMT+0800 (China Standard Time),38.185001,38.185001,36,36,300,34.582562,CIVBP
Tue Jan 12 2016 00:00:00 GMT+0800 (China Standard Time),36,36,36,36,0,34.582562,CIVBP
Wed Jan 13 2016 00:00:00 GMT+0800 (China Standard Time),38,38,38,38,300,36.503815,CIVBP
Thu Jan 14 2016 00:00:00 GMT+0800 (China Standard Time),38,38,38,38,0,36.503815,CIVBP
Fri Jan 15 2016 00:00:00 GMT+0800 (China Standard Time),38,38,38,38,0,36.503815,CIVBP
Tue Jan 19 2016 00:00:00 GMT+0800 (China Standard Time),38,38,38,38,0,36.503815,CIVBP
Wed Jan 20 2016 00:00:00 GMT+0800 (China Standard Time),38,38,38,38,0,36.503815,CIVBP
Thu Jan 21 2016 00:00:00 GMT+0800 (China Standard Time),38,38,38,38,0,36.503815,CIVBP
Fri Jan 22 2016 00:00:00 GMT+0800 (China Standard Time),38,38,38,38,0,36.503815,CIVBP
Mon Jan 25 2016 00:00:00 GMT+0800 (China Standard Time),36.25,36.25,36.25,36.25,100,34.822719,CIVBP
Tue Jan 26 2016 00:00:00 GMT+0800 (China Standard Time),36.25,36.25,36.25,36.25,0,34.822719,CIVBP
Wed Jan 27 2016 00:00:00 GMT+0800 (China Standard Time),36.25,36.25,36.25,36.25,0,34.822719,CIVBP
Thu Jan 28 2016 00:00:00 GMT+0800 (China Standard Time),36.25,36.25,36.25,36.25,0,34.822719,CIVBP
Fri Jan 29 2016 00:00:00 GMT+0800 (China Standard Time),36.25,36.25,36.25,36.25,0,34.822719,CIVBP
Mon Feb 01 2016 00:00:00 GMT+0800 (China Standard Time),35.009998,35.75,35.009998,35.599998,1000,34.19831,CIVBP
Tue Feb 02 2016 00:00:00 GMT+0800 (China Standard Time),35.599998,35.599998,35.599998,35.599998,0,34.19831,CIVBP
Wed Feb 03 2016 00:00:00 GMT+0800 (China Standard Time),35.599998,35.599998,35.599998,35.599998,0,34.19831,CIVBP
Thu Feb 04 2016 00:00:00 GMT+0800 (China Standard Time),35.599998,35.599998,35.599998,35.599998,0,34.19831,CIVBP
Fri Feb 05 2016 00:00:00 GMT+0800 (China Standard Time),35.599998,35.599998,35.599998,35.599998,0,34.19831,CIVBP
Mon Feb 08 2016 00:00:00 GMT+0800 (China Standard Time),35.599998,35.599998,35.599998,35.599998,0,34.19831,CIVBP
Tue Feb 09 2016 00:00:00 GMT+0800 (China Standard Time),35.599998,35.599998,35.599998,35.599998,0,34.19831,CIVBP
Wed Feb 10 2016 00:00:00 GMT+0800 (China Standard Time),35.599998,35.599998,35.599998,35.599998,0,34.19831,CIVBP
Thu Feb 11 2016 00:00:00 GMT+0800 (China Standard Time),35.599998,35.599998,35.599998,35.599998,0,34.592825,CIVBP
Fri Feb 12 2016 00:00:00 GMT+0800 (China Standard Time),35.599998,35.599998,35.599998,35.599998,0,34.592825,CIVBP
Tue Feb 16 2016 00:00:00 GMT+0800 (China Standard Time),35.349998,37.959999,35.349998,35.799999,700,34.787167,CIVBP
Wed Feb 17 2016 00:00:00 GMT+0800 (China Standard Time),35.799999,35.799999,35.799999,35.799999,0,34.787167,CIVBP
Thu Feb 18 2016 00:00:00 GMT+0800 (China Standard Time),35.799999,35.799999,35.799999,35.799999,0,34.787167,CIVBP
Fri Feb 19 2016 00:00:00 GMT+0800 (China Standard Time),35.799999,35.799999,35.799999,35.799999,0,34.787167,CIVBP
Mon Feb 22 2016 00:00:00 GMT+0800 (China Standard Time),35.799999,35.799999,35.799999,35.799999,0,34.787167,CIVBP
Tue Feb 23 2016 00:00:00 GMT+0800 (China Standard Time),35.799999,35.799999,35.799999,35.799999,0,34.787167,CIVBP
Wed Feb 24 2016 00:00:00 GMT+0800 (China Standard Time),34.599998,34.599998,34.59,34.59,800,33.6114,CIVBP
Thu Feb 25 2016 00:00:00 GMT+0800 (China Standard Time),34.59,34.59,34.59,34.59,0,33.6114,CIVBP
Fri Feb 26 2016 00:00:00 GMT+0800 (China Standard Time),34.59,34.59,34.59,34.59,0,33.6114,CIVBP
Mon Feb 29 2016 00:00:00 GMT+0800 (China Standard Time),33,33,33,33,100,32.066384,CIVBP
Tue Mar 01 2016 00:00:00 GMT+0800 (China Standard Time),34.5,34.5,32.5,32.849998,400,31.920626,CIVBP
Wed Mar 02 2016 00:00:00 GMT+0800 (China Standard Time),32.849998,32.849998,32.849998,32.849998,0,31.920626,CIVBP
Thu Mar 03 2016 00:00:00 GMT+0800 (China Standard Time),32.849998,32.849998,32.849998,32.849998,0,31.920626,CIVBP
Fri Mar 04 2016 00:00:00 GMT+0800 (China Standard Time),34.509998,34.599998,34.509998,34.599998,300,33.621116,CIVBP
Mon Mar 07 2016 00:00:00 GMT+0800 (China Standard Time),34.599998,34.599998,34.599998,34.599998,0,33.621116,CIVBP
Tue Mar 08 2016 00:00:00 GMT+0800 (China Standard Time),34.599998,34.599998,34.599998,34.599998,0,33.621116,CIVBP
Wed Mar 09 2016 00:00:00 GMT+0800 (China Standard Time),34.599998,34.599998,34.599998,34.599998,0,33.621116,CIVBP
Thu Mar 10 2016 00:00:00 GMT+0800 (China Standard Time),34.599998,34.599998,34.599998,34.599998,0,33.621116,CIVBP
Fri Mar 11 2016 00:00:00 GMT+0800 (China Standard Time),34.599998,34.599998,34.599998,34.599998,0,33.621116,CIVBP
Mon Mar 14 2016 00:00:00 GMT+0800 (China Standard Time),34.599998,34.599998,34.599998,34.599998,0,33.621116,CIVBP
Tue Mar 15 2016 00:00:00 GMT+0800 (China Standard Time),37.75,37.75,37.75,37.75,200,36.681999,CIVBP
Wed Mar 16 2016 00:00:00 GMT+0800 (China Standard Time),38.349998,38.349998,38.349998,38.349998,100,37.265023,CIVBP
Thu Mar 17 2016 00:00:00 GMT+0800 (China Standard Time),38.349998,38.349998,38.349998,38.349998,0,37.265023,CIVBP
Fri Mar 18 2016 00:00:00 GMT+0800 (China Standard Time),38.349998,38.349998,38.349998,38.349998,0,37.265023,CIVBP
Mon Mar 21 2016 00:00:00 GMT+0800 (China Standard Time),38.349998,38.349998,38.349998,38.349998,0,37.265023,CIVBP
Tue Mar 22 2016 00:00:00 GMT+0800 (China Standard Time),34.279999,34.549,34.279999,34.549,300,33.57156,CIVBP
Wed Mar 23 2016 00:00:00 GMT+0800 (China Standard Time),34.099998,34.150002,34.099998,34.150002,73200,33.18385,CIVBP
Thu Mar 24 2016 00:00:00 GMT+0800 (China Standard Time),34.200001,34.509998,32.599998,34.5,25600,33.523947,CIVBP
Mon Mar 28 2016 00:00:00 GMT+0800 (China Standard Time),34.349998,34.389999,34.349998,34.349998,1700,33.378189,CIVBP
Tue Mar 29 2016 00:00:00 GMT+0800 (China Standard Time),34.349998,34.349998,34.349998,34.349998,0,33.378189,CIVBP
Wed Mar 30 2016 00:00:00 GMT+0800 (China Standard Time),34.349998,34.360001,34.25,34.349998,2300,33.378189,CIVBP
Thu Mar 31 2016 00:00:00 GMT+0800 (China Standard Time),34.84,34.84,34.5,34.5,200,33.523947,CIVBP
Fri Apr 01 2016 00:00:00 GMT+0800 (China Standard Time),34.400002,34.400002,34.349998,34.349998,900,33.378189,CIVBP
Mon Apr 04 2016 00:00:00 GMT+0800 (China Standard Time),34.950001,36.599998,34.950001,35.810001,8000,34.796886,CIVBP
Tue Apr 05 2016 00:00:00 GMT+0800 (China Standard Time),36.549999,36.549999,34.389999,34.389999,8300,33.417058,CIVBP
Wed Apr 06 2016 00:00:00 GMT+0800 (China Standard Time),35.5,36.43,35.5,35.990002,7100,34.971794,CIVBP
Thu Apr 07 2016 00:00:00 GMT+0800 (China Standard Time),36.799999,36.799999,35.759998,36.02,3600,35.000944,CIVBP
Fri Apr 08 2016 00:00:00 GMT+0800 (China Standard Time),36.5,36.5,35.299999,35.849998,6500,34.835752,CIVBP
Mon Apr 11 2016 00:00:00 GMT+0800 (China Standard Time),35.849998,35.849998,35.849998,35.849998,0,34.835752,CIVBP
Tue Apr 12 2016 00:00:00 GMT+0800 (China Standard Time),36.200001,36.200001,35.990002,35.990002,300,34.971794,CIVBP
Wed Apr 13 2016 00:00:00 GMT+0800 (China Standard Time),35.990002,35.990002,35.990002,35.990002,0,34.971794,CIVBP
Thu Apr 14 2016 00:00:00 GMT+0800 (China Standard Time),35.990002,35.990002,35.990002,35.990002,0,34.971794,CIVBP
Fri Apr 15 2016 00:00:00 GMT+0800 (China Standard Time),35.990002,35.990002,35.990002,35.990002,0,34.971794,CIVBP
Mon Apr 18 2016 00:00:00 GMT+0800 (China Standard Time),35.990002,35.990002,35.990002,35.990002,0,34.971794,CIVBP
Tue Apr 19 2016 00:00:00 GMT+0800 (China Standard Time),35.990002,35.990002,35.990002,35.990002,0,34.971794,CIVBP
Wed Apr 20 2016 00:00:00 GMT+0800 (China Standard Time),35.990002,35.990002,35.990002,35.990002,0,34.971794,CIVBP
Thu Apr 21 2016 00:00:00 GMT+0800 (China Standard Time),35.990002,35.990002,35.990002,35.990002,0,34.971794,CIVBP
Fri Apr 22 2016 00:00:00 GMT+0800 (China Standard Time),35.990002,35.990002,35.990002,35.990002,0,34.971794,CIVBP
Mon Apr 25 2016 00:00:00 GMT+0800 (China Standard Time),35.990002,35.990002,35.990002,35.990002,0,34.971794,CIVBP
Tue Apr 26 2016 00:00:00 GMT+0800 (China Standard Time),35.990002,35.990002,35.990002,35.990002,0,34.971794,CIVBP
Wed Apr 27 2016 00:00:00 GMT+0800 (China Standard Time),37,37,36.299999,36.299999,3100,35.273021,CIVBP
Thu Apr 28 2016 00:00:00 GMT+0800 (China Standard Time),36.299999,36.299999,36.299999,36.299999,0,35.273021,CIVBP
Fri Apr 29 2016 00:00:00 GMT+0800 (China Standard Time),36.299999,36.299999,36.299999,36.299999,0,35.273021,CIVBP
Mon May 02 2016 00:00:00 GMT+0800 (China Standard Time),36.299999,36.299999,36.299999,36.299999,0,35.273021,CIVBP
Tue May 03 2016 00:00:00 GMT+0800 (China Standard Time),36.299999,36.299999,36.299999,36.299999,0,35.273021,CIVBP
Wed May 04 2016 00:00:00 GMT+0800 (China Standard Time),37.5,37.5,37.5,37.5,100,36.439072,CIVBP
Thu May 05 2016 00:00:00 GMT+0800 (China Standard Time),37.5,37.5,37.5,37.5,0,36.439072,CIVBP
Fri May 06 2016 00:00:00 GMT+0800 (China Standard Time),37.5,37.5,37.5,37.5,0,36.439072,CIVBP
Mon May 09 2016 00:00:00 GMT+0800 (China Standard Time),37.5,37.5,37.5,37.5,0,36.439072,CIVBP
Tue May 10 2016 00:00:00 GMT+0800 (China Standard Time),37.5,37.5,37.5,37.5,0,36.439072,CIVBP
Wed May 11 2016 00:00:00 GMT+0800 (China Standard Time),37.5,37.5,37.5,37.5,0,36.439072,CIVBP
Thu May 12 2016 00:00:00 GMT+0800 (China Standard Time),37.5,37.5,37.5,37.5,0,36.439072,CIVBP
Fri May 13 2016 00:00:00 GMT+0800 (China Standard Time),37.5,37.5,37.5,37.5,0,36.837903,CIVBP
Mon May 16 2016 00:00:00 GMT+0800 (China Standard Time),37.5,37.5,37.5,37.5,0,36.837903,CIVBP
Tue May 17 2016 00:00:00 GMT+0800 (China Standard Time),37.5,37.5,37.5,37.5,0,36.837903,CIVBP
Wed May 18 2016 00:00:00 GMT+0800 (China Standard Time),37.066002,37.25,37.066002,37.25,1200,36.592317,CIVBP
Thu May 19 2016 00:00:00 GMT+0800 (China Standard Time),38.470001,38.470001,38.470001,38.470001,100,37.790778,CIVBP
Fri May 20 2016 00:00:00 GMT+0800 (China Standard Time),38.470001,38.470001,38.470001,38.470001,0,37.790778,CIVBP
Mon May 23 2016 00:00:00 GMT+0800 (China Standard Time),38.470001,38.470001,38.470001,38.470001,0,37.790778,CIVBP
Tue May 24 2016 00:00:00 GMT+0800 (China Standard Time),38,38.470001,37.32,38.470001,2300,37.790778,CIVBP
Wed May 25 2016 00:00:00 GMT+0800 (China Standard Time),38.470001,38.470001,38.470001,38.470001,0,37.790778,CIVBP
Thu May 26 2016 00:00:00 GMT+0800 (China Standard Time),38.470001,38.470001,38.470001,38.470001,0,37.790778,CIVBP
Fri May 27 2016 00:00:00 GMT+0800 (China Standard Time),38.470001,38.470001,38.470001,38.470001,0,37.790778,CIVBP
Tue May 31 2016 00:00:00 GMT+0800 (China Standard Time),38.470001,38.470001,38.470001,38.470001,0,37.790778,CIVBP
Wed Jun 01 2016 00:00:00 GMT+0800 (China Standard Time),38.470001,38.470001,38.470001,38.470001,500,37.790778,CIVBP
Thu Jun 02 2016 00:00:00 GMT+0800 (China Standard Time),38,38.5,38,38.5,1800,37.820248,CIVBP
Fri Jun 03 2016 00:00:00 GMT+0800 (China Standard Time),37.98,38.349998,37.98,38.099998,1200,37.427308,CIVBP
Mon Jun 06 2016 00:00:00 GMT+0800 (China Standard Time),38.099998,38.099998,38.099998,38.099998,0,37.427308,CIVBP
Tue Jun 07 2016 00:00:00 GMT+0800 (China Standard Time),38.099998,38.099998,38.099998,38.099998,0,37.427308,CIVBP
Wed Jun 08 2016 00:00:00 GMT+0800 (China Standard Time),38.849998,39.25,38.849998,39.25,300,38.557006,CIVBP
Thu Jun 09 2016 00:00:00 GMT+0800 (China Standard Time),39.450001,40,39.450001,40,200,39.293764,CIVBP
Fri Jun 10 2016 00:00:00 GMT+0800 (China Standard Time),40,40,40,40,0,39.293764,CIVBP
Mon Jun 13 2016 00:00:00 GMT+0800 (China Standard Time),40,40,40,40,0,39.293764,CIVBP
Tue Jun 14 2016 00:00:00 GMT+0800 (China Standard Time),40,40,40,40,0,39.293764,CIVBP
Wed Jun 15 2016 00:00:00 GMT+0800 (China Standard Time),36.560001,41.990002,36.560001,41.990002,2500,41.24863,CIVBP
Thu Jun 16 2016 00:00:00 GMT+0800 (China Standard Time),41.990002,41.990002,41.990002,41.990002,0,41.24863,CIVBP
Fri Jun 17 2016 00:00:00 GMT+0800 (China Standard Time),41.099998,42.5,37.91,37.91,5200,37.240664,CIVBP
Mon Jun 20 2016 00:00:00 GMT+0800 (China Standard Time),40.049999,40.5,39.110001,39.5,5900,38.802592,CIVBP
Tue Jun 21 2016 00:00:00 GMT+0800 (China Standard Time),39.5,39.5,39.5,39.5,0,38.802592,CIVBP
Wed Jun 22 2016 00:00:00 GMT+0800 (China Standard Time),39.5,39.5,39.5,39.5,0,38.802592,CIVBP
Thu Jun 23 2016 00:00:00 GMT+0800 (China Standard Time),39.5,39.5,39.5,39.5,0,38.802592,CIVBP
Fri Jun 24 2016 00:00:00 GMT+0800 (China Standard Time),39.5,39.5,39.5,39.5,0,38.802592,CIVBP
Mon Jun 27 2016 00:00:00 GMT+0800 (China Standard Time),39.5,39.5,39.5,39.5,0,38.802592,CIVBP
Tue Jun 28 2016 00:00:00 GMT+0800 (China Standard Time),39.5,39.5,39.5,39.5,0,38.802592,CIVBP
Wed Jun 29 2016 00:00:00 GMT+0800 (China Standard Time),42,42,41.700001,41.799999,1300,41.061982,CIVBP
Thu Jun 30 2016 00:00:00 GMT+0800 (China Standard Time),41.5,42,41.5,42,1100,41.258452,CIVBP
Fri Jul 01 2016 00:00:00 GMT+0800 (China Standard Time),42.25,42.25,41.5,41.759998,400,41.022688,CIVBP
Tue Jul 05 2016 00:00:00 GMT+0800 (China Standard Time),42.110001,42.110001,42.07,42.099998,1100,41.356685,CIVBP
Wed Jul 06 2016 00:00:00 GMT+0800 (China Standard Time),42.099998,42.099998,42.099998,42.099998,0,41.356685,CIVBP
Thu Jul 07 2016 00:00:00 GMT+0800 (China Standard Time),39.639999,39.639999,39.639999,39.639999,300,38.940119,CIVBP
Fri Jul 08 2016 00:00:00 GMT+0800 (China Standard Time),39.639999,39.639999,39.639999,39.639999,0,38.940119,CIVBP
Mon Jul 11 2016 00:00:00 GMT+0800 (China Standard Time),43,45.639999,42.990002,45.5,7100,44.696656,CIVBP
Tue Jul 12 2016 00:00:00 GMT+0800 (China Standard Time),45.25,45.25,45.25,45.25,600,44.45107,CIVBP
Wed Jul 13 2016 00:00:00 GMT+0800 (China Standard Time),43.950001,44,43.950001,44,15200,43.22314,CIVBP
Thu Jul 14 2016 00:00:00 GMT+0800 (China Standard Time),44,44,44,44,0,43.22314,CIVBP
Fri Jul 15 2016 00:00:00 GMT+0800 (China Standard Time),44,44,44,44,0,43.22314,CIVBP
Mon Jul 18 2016 00:00:00 GMT+0800 (China Standard Time),44,44,44,44,0,43.22314,CIVBP
Tue Jul 19 2016 00:00:00 GMT+0800 (China Standard Time),45.25,45.25,41.41,45.25,400,44.45107,CIVBP
Wed Jul 20 2016 00:00:00 GMT+0800 (China Standard Time),44.52,45.779999,42.400002,45.5,12700,44.696656,CIVBP
Thu Jul 21 2016 00:00:00 GMT+0800 (China Standard Time),45.5,45.5,45.5,45.5,0,44.696656,CIVBP
Fri Jul 22 2016 00:00:00 GMT+0800 (China Standard Time),46.75,46.75,45.75,45.75,800,44.942242,CIVBP
Mon Jul 25 2016 00:00:00 GMT+0800 (China Standard Time),46,46,45.799999,45.799999,800,44.991359,CIVBP
Tue Jul 26 2016 00:00:00 GMT+0800 (China Standard Time),45.5,45.5,45,45.099998,1100,44.303717,CIVBP
Wed Jul 27 2016 00:00:00 GMT+0800 (China Standard Time),45.099998,45.099998,45.099998,45.099998,0,44.303717,CIVBP
Thu Jul 28 2016 00:00:00 GMT+0800 (China Standard Time),45.099998,45.099998,45.099998,45.099998,0,44.303717,CIVBP
Fri Jul 29 2016 00:00:00 GMT+0800 (China Standard Time),42.860001,44.66,42.860001,44.66,200,43.871487,CIVBP
Mon Aug 01 2016 00:00:00 GMT+0800 (China Standard Time),44.880001,44.880001,44.880001,44.880001,100,44.087604,CIVBP
Tue Aug 02 2016 00:00:00 GMT+0800 (China Standard Time),44.880001,44.880001,44.880001,44.880001,0,44.087604,CIVBP
Wed Aug 03 2016 00:00:00 GMT+0800 (China Standard Time),44.880001,44.880001,44.880001,44.880001,0,44.087604,CIVBP
Thu Aug 04 2016 00:00:00 GMT+0800 (China Standard Time),44.880001,44.880001,44.880001,44.880001,0,44.087604,CIVBP
Fri Aug 05 2016 00:00:00 GMT+0800 (China Standard Time),45,45,45,45,100,44.205484,CIVBP
Mon Aug 08 2016 00:00:00 GMT+0800 (China Standard Time),45,45,44.625999,44.625999,300,43.838087,CIVBP
Tue Aug 09 2016 00:00:00 GMT+0800 (China Standard Time),44.625999,44.625999,44.625999,44.625999,0,43.838087,CIVBP
Wed Aug 10 2016 00:00:00 GMT+0800 (China Standard Time),44.625999,44.625999,44.625999,44.625999,0,43.838087,CIVBP
Thu Aug 11 2016 00:00:00 GMT+0800 (China Standard Time),44.625999,44.625999,44.625999,44.625999,0,43.838087,CIVBP
Fri Aug 12 2016 00:00:00 GMT+0800 (China Standard Time),44.625999,44.625999,44.625999,44.625999,0,44.24058,CIVBP
Mon Aug 15 2016 00:00:00 GMT+0800 (China Standard Time),44.625999,44.625999,44.625999,44.625999,0,44.24058,CIVBP
Tue Aug 16 2016 00:00:00 GMT+0800 (China Standard Time),44.625999,44.625999,44.625999,44.625999,0,44.24058,CIVBP
Wed Aug 17 2016 00:00:00 GMT+0800 (China Standard Time),44.625999,44.625999,44.625999,44.625999,0,44.24058,CIVBP
Thu Aug 18 2016 00:00:00 GMT+0800 (China Standard Time),44.799999,45,44.799999,45,4300,44.611351,CIVBP
Fri Aug 19 2016 00:00:00 GMT+0800 (China Standard Time),45,45,45,45,1400,44.611351,CIVBP
Mon Aug 22 2016 00:00:00 GMT+0800 (China Standard Time),45,45,45,45,3400,44.611351,CIVBP
Tue Aug 23 2016 00:00:00 GMT+0800 (China Standard Time),45.220001,45.23,45.220001,45.23,2500,44.839364,CIVBP
Wed Aug 24 2016 00:00:00 GMT+0800 (China Standard Time),45.330002,45.380001,45.330002,45.380001,2000,44.98807,CIVBP
Thu Aug 25 2016 00:00:00 GMT+0800 (China Standard Time),45.532001,46.119999,45.259998,45.330002,7000,44.938502,CIVBP
Fri Aug 26 2016 00:00:00 GMT+0800 (China Standard Time),45.330002,45.330002,45.330002,45.330002,1000,44.938502,CIVBP
Mon Aug 29 2016 00:00:00 GMT+0800 (China Standard Time),42.639999,45.5,41.759998,45.5,1300,45.107032,CIVBP
Tue Aug 30 2016 00:00:00 GMT+0800 (China Standard Time),45.740002,45.740002,45.740002,45.740002,100,45.344961,CIVBP
Wed Aug 31 2016 00:00:00 GMT+0800 (China Standard Time),45.740002,45.740002,45.740002,45.740002,0,45.344961,CIVBP
Thu Sep 01 2016 00:00:00 GMT+0800 (China Standard Time),45.740002,45.740002,45.740002,45.740002,0,45.344961,CIVBP
Fri Sep 02 2016 00:00:00 GMT+0800 (China Standard Time),45.740002,45.740002,45.740002,45.740002,0,45.344961,CIVBP
Tue Sep 06 2016 00:00:00 GMT+0800 (China Standard Time),45.740002,45.740002,45.740002,45.740002,0,45.344961,CIVBP
Wed Sep 07 2016 00:00:00 GMT+0800 (China Standard Time),45.990002,45.990002,45.98,45.990002,1600,45.592802,CIVBP
Thu Sep 08 2016 00:00:00 GMT+0800 (China Standard Time),45.990002,45.990002,45.990002,45.990002,0,45.592802,CIVBP
Fri Sep 09 2016 00:00:00 GMT+0800 (China Standard Time),45.990002,45.990002,45.990002,45.990002,0,45.592802,CIVBP
Mon Sep 12 2016 00:00:00 GMT+0800 (China Standard Time),46.259998,46.259998,46.259998,46.259998,200,45.860467,CIVBP
Tue Sep 13 2016 00:00:00 GMT+0800 (China Standard Time),46.349998,46.349998,46.349998,46.349998,500,45.94969,CIVBP
Wed Sep 14 2016 00:00:00 GMT+0800 (China Standard Time),46.470001,46.650002,46.470001,46.650002,300,46.247102,CIVBP
Thu Sep 15 2016 00:00:00 GMT+0800 (China Standard Time),45.955002,48,45.955002,47.799999,1300,47.387167,CIVBP
Fri Sep 16 2016 00:00:00 GMT+0800 (China Standard Time),47.950001,47.950001,46.435001,46.900002,14000,46.494942,CIVBP
Mon Sep 19 2016 00:00:00 GMT+0800 (China Standard Time),47,47.009998,46.459999,47,3600,46.594077,CIVBP
Tue Sep 20 2016 00:00:00 GMT+0800 (China Standard Time),47.009998,47.009998,46.710999,46.710999,1200,46.307572,CIVBP
Wed Sep 21 2016 00:00:00 GMT+0800 (China Standard Time),46.509998,46.84,46.419998,46.75,900,46.346236,CIVBP
Thu Sep 22 2016 00:00:00 GMT+0800 (China Standard Time),46.5,46.509998,46.5,46.5,4000,46.098396,CIVBP
Fri Sep 23 2016 00:00:00 GMT+0800 (China Standard Time),45.759998,45.799999,44.990002,45.32,3400,44.928587,CIVBP
Mon Sep 26 2016 00:00:00 GMT+0800 (China Standard Time),46.240002,46.240002,44.34,45,5100,44.611351,CIVBP
Tue Sep 27 2016 00:00:00 GMT+0800 (China Standard Time),44.75,44.75,44.709999,44.75,700,44.36351,CIVBP
Wed Sep 28 2016 00:00:00 GMT+0800 (China Standard Time),44.75,44.75,44.75,44.75,0,44.36351,CIVBP
Thu Sep 29 2016 00:00:00 GMT+0800 (China Standard Time),44.75,44.75,44.75,44.75,0,44.36351,CIVBP
Fri Sep 30 2016 00:00:00 GMT+0800 (China Standard Time),44.75,44.75,44.75,44.75,0,44.36351,CIVBP
Mon Oct 03 2016 00:00:00 GMT+0800 (China Standard Time),44.75,44.75,44.75,44.75,0,44.36351,CIVBP
Tue Oct 04 2016 00:00:00 GMT+0800 (China Standard Time),44.75,44.75,44.75,44.75,16400,44.36351,CIVBP
Wed Oct 05 2016 00:00:00 GMT+0800 (China Standard Time),46.970001,46.970001,46.970001,46.970001,200,46.564338,CIVBP
Thu Oct 06 2016 00:00:00 GMT+0800 (China Standard Time),46.869999,47,46.869999,47,1000,46.594077,CIVBP
Fri Oct 07 2016 00:00:00 GMT+0800 (China Standard Time),47,47,47,47,0,46.594077,CIVBP
Mon Oct 10 2016 00:00:00 GMT+0800 (China Standard Time),47,47,47,47,0,46.594077,CIVBP
Tue Oct 11 2016 00:00:00 GMT+0800 (China Standard Time),47,47,47,47,0,46.594077,CIVBP
Wed Oct 12 2016 00:00:00 GMT+0800 (China Standard Time),47.41,47.41,47.41,47.41,100,47.000536,CIVBP
Thu Oct 13 2016 00:00:00 GMT+0800 (China Standard Time),47.41,47.41,47.41,47.41,0,47.000536,CIVBP
Fri Oct 14 2016 00:00:00 GMT+0800 (China Standard Time),47.41,47.41,47.41,47.41,0,47.000536,CIVBP
Mon Oct 17 2016 00:00:00 GMT+0800 (China Standard Time),47.41,47.41,47.41,47.41,0,47.000536,CIVBP
Tue Oct 18 2016 00:00:00 GMT+0800 (China Standard Time),47.41,47.41,47.41,47.41,0,47.000536,CIVBP
Wed Oct 19 2016 00:00:00 GMT+0800 (China Standard Time),46.299999,46.299999,46.299999,46.299999,400,45.900122,CIVBP
Thu Oct 20 2016 00:00:00 GMT+0800 (China Standard Time),47.450001,47.450001,47.450001,47.450001,300,47.040192,CIVBP
Fri Oct 21 2016 00:00:00 GMT+0800 (China Standard Time),47.450001,47.450001,47.450001,47.450001,0,47.040192,CIVBP
Mon Oct 24 2016 00:00:00 GMT+0800 (China Standard Time),47.450001,47.450001,46.700001,46.700001,200,46.296669,CIVBP
Tue Oct 25 2016 00:00:00 GMT+0800 (China Standard Time),47.450001,47.650002,47.450001,47.650002,300,47.238465,CIVBP
Wed Oct 26 2016 00:00:00 GMT+0800 (China Standard Time),47.650002,47.650002,47.650002,47.650002,0,47.238465,CIVBP
Thu Oct 27 2016 00:00:00 GMT+0800 (China Standard Time),47.650002,47.650002,47.650002,47.650002,0,47.238465,CIVBP
Fri Oct 28 2016 00:00:00 GMT+0800 (China Standard Time),47,47,47,47,600,46.594077,CIVBP
Mon Oct 31 2016 00:00:00 GMT+0800 (China Standard Time),47,47,47,47,0,46.594077,CIVBP
Tue Nov 01 2016 00:00:00 GMT+0800 (China Standard Time),47,47,47,47,0,46.594077,CIVBP
Wed Nov 02 2016 00:00:00 GMT+0800 (China Standard Time),47,47.008999,47,47.008999,800,46.602998,CIVBP
Thu Nov 03 2016 00:00:00 GMT+0800 (China Standard Time),47.008999,47.008999,47.008999,47.008999,0,46.602998,CIVBP
Fri Nov 04 2016 00:00:00 GMT+0800 (China Standard Time),47.008999,47.008999,47.008999,47.008999,0,46.602998,CIVBP
Mon Nov 07 2016 00:00:00 GMT+0800 (China Standard Time),47.008999,47.008999,47.008999,47.008999,0,46.602998,CIVBP
Tue Nov 08 2016 00:00:00 GMT+0800 (China Standard Time),47.008999,47.008999,47.008999,47.008999,0,46.602998,CIVBP
Wed Nov 09 2016 00:00:00 GMT+0800 (China Standard Time),47.008999,47.008999,47.008999,47.008999,0,46.602998,CIVBP
Thu Nov 10 2016 00:00:00 GMT+0800 (China Standard Time),47.75,48,47.75,48,5200,48,CIVBP
Fri Nov 11 2016 00:00:00 GMT+0800 (China Standard Time),47.877998,48,47.877998,48,1100,48,CIVBP
