Thu Jan 02 2014 00:00:00 GMT+0800 (China Standard Time),15,15.72,14.65,15.7,75500,15.7,CMRX
Fri Jan 03 2014 00:00:00 GMT+0800 (China Standard Time),15.78,15.91,15.57,15.85,54300,15.85,CMRX
Mon Jan 06 2014 00:00:00 GMT+0800 (China Standard Time),16,16,15.16,15.54,177000,15.54,CMRX
Tue Jan 07 2014 00:00:00 GMT+0800 (China Standard Time),15.6,15.95,15.36,15.93,110800,15.93,CMRX
Wed Jan 08 2014 00:00:00 GMT+0800 (China Standard Time),15.84,16.48,15.71,15.85,369500,15.85,CMRX
Thu Jan 09 2014 00:00:00 GMT+0800 (China Standard Time),15.96,16.35,15.54,16.280001,147900,16.280001,CMRX
Fri Jan 10 2014 00:00:00 GMT+0800 (China Standard Time),16.34,17.09,15.98,16.99,107600,16.99,CMRX
Mon Jan 13 2014 00:00:00 GMT+0800 (China Standard Time),17.030001,17.940001,16.540001,16.77,346700,16.77,CMRX
Tue Jan 14 2014 00:00:00 GMT+0800 (China Standard Time),16.93,18.23,16.82,18.139999,161400,18.139999,CMRX
Wed Jan 15 2014 00:00:00 GMT+0800 (China Standard Time),18.32,18.52,17.879999,18.379999,154000,18.379999,CMRX
Thu Jan 16 2014 00:00:00 GMT+0800 (China Standard Time),18.59,19.379999,18.110001,19.25,150300,19.25,CMRX
Fri Jan 17 2014 00:00:00 GMT+0800 (China Standard Time),19.32,19.540001,18.35,19.23,193000,19.23,CMRX
Tue Jan 21 2014 00:00:00 GMT+0800 (China Standard Time),19.450001,19.879999,18.65,19.6,116500,19.6,CMRX
Wed Jan 22 2014 00:00:00 GMT+0800 (China Standard Time),19.030001,19.440001,18.860001,19.370001,307500,19.370001,CMRX
Thu Jan 23 2014 00:00:00 GMT+0800 (China Standard Time),19.360001,19.6,18.99,19.299999,168900,19.299999,CMRX
Fri Jan 24 2014 00:00:00 GMT+0800 (China Standard Time),19.1,19.43,18.639999,19.030001,270500,19.030001,CMRX
Mon Jan 27 2014 00:00:00 GMT+0800 (China Standard Time),19.35,19.35,17.809999,18.16,239600,18.16,CMRX
Tue Jan 28 2014 00:00:00 GMT+0800 (China Standard Time),18.200001,18.959999,17.83,18.75,138100,18.75,CMRX
Wed Jan 29 2014 00:00:00 GMT+0800 (China Standard Time),18.51,18.959999,17.690001,18.459999,171300,18.459999,CMRX
Thu Jan 30 2014 00:00:00 GMT+0800 (China Standard Time),18.68,20,18.549999,19.940001,391300,19.940001,CMRX
Fri Jan 31 2014 00:00:00 GMT+0800 (China Standard Time),19.549999,19.700001,18.49,19.450001,174200,19.450001,CMRX
Mon Feb 03 2014 00:00:00 GMT+0800 (China Standard Time),19.389999,19.450001,18.889999,19.33,200100,19.33,CMRX
Tue Feb 04 2014 00:00:00 GMT+0800 (China Standard Time),19.379999,19.809999,19.08,19.299999,102400,19.299999,CMRX
Wed Feb 05 2014 00:00:00 GMT+0800 (China Standard Time),19.139999,19.139999,17.790001,18.08,151200,18.08,CMRX
Thu Feb 06 2014 00:00:00 GMT+0800 (China Standard Time),18.190001,18.190001,17.299999,17.43,109600,17.43,CMRX
Fri Feb 07 2014 00:00:00 GMT+0800 (China Standard Time),17.559999,17.98,17.040001,17.790001,123600,17.790001,CMRX
Mon Feb 10 2014 00:00:00 GMT+0800 (China Standard Time),17.790001,18.469999,17.379999,17.99,206100,17.99,CMRX
Tue Feb 11 2014 00:00:00 GMT+0800 (China Standard Time),17.99,18.85,17.700001,18.209999,313400,18.209999,CMRX
Wed Feb 12 2014 00:00:00 GMT+0800 (China Standard Time),18.6,19.5,18.360001,18.799999,198800,18.799999,CMRX
Thu Feb 13 2014 00:00:00 GMT+0800 (China Standard Time),19.370001,19.92,18.280001,19.540001,263900,19.540001,CMRX
Fri Feb 14 2014 00:00:00 GMT+0800 (China Standard Time),19.5,19.74,19.059999,19.280001,139400,19.280001,CMRX
Tue Feb 18 2014 00:00:00 GMT+0800 (China Standard Time),19.389999,19.950001,19.389999,19.799999,194800,19.799999,CMRX
Wed Feb 19 2014 00:00:00 GMT+0800 (China Standard Time),19.860001,20,19.59,19.83,194100,19.83,CMRX
Thu Feb 20 2014 00:00:00 GMT+0800 (China Standard Time),19.9,19.969999,19.35,19.860001,233400,19.860001,CMRX
Fri Feb 21 2014 00:00:00 GMT+0800 (China Standard Time),19.75,19.879999,19.57,19.799999,234100,19.799999,CMRX
Mon Feb 24 2014 00:00:00 GMT+0800 (China Standard Time),19.9,20.389999,19.469999,19.51,339800,19.51,CMRX
Tue Feb 25 2014 00:00:00 GMT+0800 (China Standard Time),19.629999,19.75,18.809999,19.209999,169200,19.209999,CMRX
Wed Feb 26 2014 00:00:00 GMT+0800 (China Standard Time),19.290001,20.700001,18.860001,20.540001,480800,20.540001,CMRX
Thu Feb 27 2014 00:00:00 GMT+0800 (China Standard Time),20.559999,20.799999,19.280001,20.68,202500,20.68,CMRX
Fri Feb 28 2014 00:00:00 GMT+0800 (China Standard Time),20.780001,20.780001,18.440001,20,397300,20,CMRX
Mon Mar 03 2014 00:00:00 GMT+0800 (China Standard Time),19.74,20.34,18.559999,18.969999,141600,18.969999,CMRX
Tue Mar 04 2014 00:00:00 GMT+0800 (China Standard Time),19.290001,19.83,19,19.42,251500,19.42,CMRX
Wed Mar 05 2014 00:00:00 GMT+0800 (China Standard Time),19.42,19.530001,18.65,19.190001,141200,19.190001,CMRX
Thu Mar 06 2014 00:00:00 GMT+0800 (China Standard Time),19.16,19.52,18.620001,18.9,220900,18.9,CMRX
Fri Mar 07 2014 00:00:00 GMT+0800 (China Standard Time),19.290001,19.77,17.92,18.73,184500,18.73,CMRX
Mon Mar 10 2014 00:00:00 GMT+0800 (China Standard Time),18.66,19.639999,18.02,19.6,215800,19.6,CMRX
Tue Mar 11 2014 00:00:00 GMT+0800 (China Standard Time),19.74,21,19.24,20.799999,295000,20.799999,CMRX
Wed Mar 12 2014 00:00:00 GMT+0800 (China Standard Time),24,24.9,21.559999,24.58,1285200,24.58,CMRX
Thu Mar 13 2014 00:00:00 GMT+0800 (China Standard Time),25,26.700001,24.52,26.4,936000,26.4,CMRX
Fri Mar 14 2014 00:00:00 GMT+0800 (China Standard Time),26,27.459999,25.030001,27.139999,477600,27.139999,CMRX
Mon Mar 17 2014 00:00:00 GMT+0800 (China Standard Time),27.4,27.690001,25.5,26.059999,428300,26.059999,CMRX
Tue Mar 18 2014 00:00:00 GMT+0800 (China Standard Time),25.99,27.370001,25.99,26.790001,178400,26.790001,CMRX
Wed Mar 19 2014 00:00:00 GMT+0800 (China Standard Time),26.35,27.139999,25.82,26.66,385800,26.66,CMRX
Thu Mar 20 2014 00:00:00 GMT+0800 (China Standard Time),26.48,27.110001,26.09,27.02,235100,27.02,CMRX
Fri Mar 21 2014 00:00:00 GMT+0800 (China Standard Time),27.27,27.43,25.610001,25.82,284100,25.82,CMRX
Mon Mar 24 2014 00:00:00 GMT+0800 (China Standard Time),25.969999,26.469999,24.059999,25.35,283900,25.35,CMRX
Tue Mar 25 2014 00:00:00 GMT+0800 (China Standard Time),25.73,26.5,24.809999,25.15,269600,25.15,CMRX
Wed Mar 26 2014 00:00:00 GMT+0800 (China Standard Time),25.34,25.49,24.08,24.17,200900,24.17,CMRX
Thu Mar 27 2014 00:00:00 GMT+0800 (China Standard Time),22.02,24.27,22.02,24.059999,620800,24.059999,CMRX
Fri Mar 28 2014 00:00:00 GMT+0800 (China Standard Time),24.08,24.16,22.059999,22.290001,372000,22.290001,CMRX
Mon Mar 31 2014 00:00:00 GMT+0800 (China Standard Time),22.34,23.08,22.25,22.84,353800,22.84,CMRX
Tue Apr 01 2014 00:00:00 GMT+0800 (China Standard Time),22.799999,23.65,22.1,22.450001,349800,22.450001,CMRX
Wed Apr 02 2014 00:00:00 GMT+0800 (China Standard Time),22.43,23.639999,22.43,23.219999,192700,23.219999,CMRX
Thu Apr 03 2014 00:00:00 GMT+0800 (China Standard Time),23.110001,23.110001,21.76,22.73,341100,22.73,CMRX
Fri Apr 04 2014 00:00:00 GMT+0800 (China Standard Time),22.92,22.93,21.219999,22.41,407100,22.41,CMRX
Mon Apr 07 2014 00:00:00 GMT+0800 (China Standard Time),22.24,22.65,21.4,21.950001,272600,21.950001,CMRX
Tue Apr 08 2014 00:00:00 GMT+0800 (China Standard Time),21.870001,22.129999,21.1,21.639999,276400,21.639999,CMRX
Wed Apr 09 2014 00:00:00 GMT+0800 (China Standard Time),21.59,22.4,21.1,21.92,319600,21.92,CMRX
Thu Apr 10 2014 00:00:00 GMT+0800 (China Standard Time),21.98,22.5,20.110001,20.719999,405800,20.719999,CMRX
Fri Apr 11 2014 00:00:00 GMT+0800 (China Standard Time),20.610001,21.360001,19.76,19.85,267500,19.85,CMRX
Mon Apr 14 2014 00:00:00 GMT+0800 (China Standard Time),20.15,20.950001,19.17,19.309999,256100,19.309999,CMRX
Tue Apr 15 2014 00:00:00 GMT+0800 (China Standard Time),19.5,19.719999,18.299999,19.450001,317200,19.450001,CMRX
Wed Apr 16 2014 00:00:00 GMT+0800 (China Standard Time),19.549999,19.969999,18.77,19.24,245100,19.24,CMRX
Thu Apr 17 2014 00:00:00 GMT+0800 (China Standard Time),19.200001,20.82,19.120001,20.49,217600,20.49,CMRX
Mon Apr 21 2014 00:00:00 GMT+0800 (China Standard Time),20.5,21.129999,20.209999,20.549999,136000,20.549999,CMRX
Tue Apr 22 2014 00:00:00 GMT+0800 (China Standard Time),20.690001,21.82,20.530001,21.370001,139200,21.370001,CMRX
Wed Apr 23 2014 00:00:00 GMT+0800 (China Standard Time),21.23,21.450001,19.780001,20.040001,231100,20.040001,CMRX
Thu Apr 24 2014 00:00:00 GMT+0800 (China Standard Time),20.23,20.67,18.93,19.719999,222000,19.719999,CMRX
Fri Apr 25 2014 00:00:00 GMT+0800 (China Standard Time),19.58,19.780001,18.41,18.799999,254500,18.799999,CMRX
Mon Apr 28 2014 00:00:00 GMT+0800 (China Standard Time),18.889999,19.290001,17.42,18.68,197800,18.68,CMRX
Tue Apr 29 2014 00:00:00 GMT+0800 (China Standard Time),18.690001,18.799999,17.76,18.58,255700,18.58,CMRX
Wed Apr 30 2014 00:00:00 GMT+0800 (China Standard Time),18.6,19.42,18.030001,19.32,171900,19.32,CMRX
Thu May 01 2014 00:00:00 GMT+0800 (China Standard Time),19.26,19.639999,18.299999,19.030001,130800,19.030001,CMRX
Fri May 02 2014 00:00:00 GMT+0800 (China Standard Time),19,19,18.07,18.200001,155900,18.200001,CMRX
Mon May 05 2014 00:00:00 GMT+0800 (China Standard Time),18.1,18.450001,17.870001,18.15,88600,18.15,CMRX
Tue May 06 2014 00:00:00 GMT+0800 (China Standard Time),18.030001,18.6,17.790001,17.85,109500,17.85,CMRX
Wed May 07 2014 00:00:00 GMT+0800 (China Standard Time),17.780001,17.9,17.049999,17.360001,106100,17.360001,CMRX
Thu May 08 2014 00:00:00 GMT+0800 (China Standard Time),17.379999,17.6,16.1,16.17,172900,16.17,CMRX
Fri May 09 2014 00:00:00 GMT+0800 (China Standard Time),16.1,16.34,15.1,15.4,300200,15.4,CMRX
Mon May 12 2014 00:00:00 GMT+0800 (China Standard Time),15.39,16.26,15.03,16.24,202000,16.24,CMRX
Tue May 13 2014 00:00:00 GMT+0800 (China Standard Time),16.5,17.620001,16.17,16.870001,339300,16.870001,CMRX
Wed May 14 2014 00:00:00 GMT+0800 (China Standard Time),16.77,17.059999,16.52,16.65,270200,16.65,CMRX
Thu May 15 2014 00:00:00 GMT+0800 (China Standard Time),16.51,16.780001,15.9,16.16,172400,16.16,CMRX
Fri May 16 2014 00:00:00 GMT+0800 (China Standard Time),16.120001,16.43,15.52,16.379999,161700,16.379999,CMRX
Mon May 19 2014 00:00:00 GMT+0800 (China Standard Time),16.370001,16.98,16.139999,16.82,108300,16.82,CMRX
Tue May 20 2014 00:00:00 GMT+0800 (China Standard Time),16.42,16.74,14.02,14.22,1208900,14.22,CMRX
Wed May 21 2014 00:00:00 GMT+0800 (China Standard Time),14.64,16.34,14.63,16.200001,4665500,16.200001,CMRX
Thu May 22 2014 00:00:00 GMT+0800 (China Standard Time),16.25,17.120001,15.92,17.08,409900,17.08,CMRX
Fri May 23 2014 00:00:00 GMT+0800 (China Standard Time),17.02,17.52,16.82,17.24,363200,17.24,CMRX
Tue May 27 2014 00:00:00 GMT+0800 (China Standard Time),17.469999,18.110001,17.219999,17.860001,483800,17.860001,CMRX
Wed May 28 2014 00:00:00 GMT+0800 (China Standard Time),17.709999,19.799999,17.709999,19.51,501500,19.51,CMRX
Thu May 29 2014 00:00:00 GMT+0800 (China Standard Time),19.66,20.75,18.790001,19.219999,208200,19.219999,CMRX
Fri May 30 2014 00:00:00 GMT+0800 (China Standard Time),19.08,19.49,18.309999,18.450001,563300,18.450001,CMRX
Mon Jun 02 2014 00:00:00 GMT+0800 (China Standard Time),18.459999,19.139999,18.08,19.110001,226400,19.110001,CMRX
Tue Jun 03 2014 00:00:00 GMT+0800 (China Standard Time),19.01,19.91,18.790001,19.85,262000,19.85,CMRX
Wed Jun 04 2014 00:00:00 GMT+0800 (China Standard Time),19.809999,21.08,19.459999,20.99,524400,20.99,CMRX
Thu Jun 05 2014 00:00:00 GMT+0800 (China Standard Time),20.98,21.65,20.77,20.9,323800,20.9,CMRX
Fri Jun 06 2014 00:00:00 GMT+0800 (China Standard Time),21,22.24,20.73,21.59,672000,21.59,CMRX
Mon Jun 09 2014 00:00:00 GMT+0800 (China Standard Time),21.67,22.950001,21.01,21.620001,588700,21.620001,CMRX
Tue Jun 10 2014 00:00:00 GMT+0800 (China Standard Time),21.540001,21.76,21.01,21.52,227900,21.52,CMRX
Wed Jun 11 2014 00:00:00 GMT+0800 (China Standard Time),21.4,22.370001,20.93,21.15,224700,21.15,CMRX
Thu Jun 12 2014 00:00:00 GMT+0800 (China Standard Time),21.040001,21.540001,20.700001,20.85,146300,20.85,CMRX
Fri Jun 13 2014 00:00:00 GMT+0800 (China Standard Time),20.950001,21.59,20.51,21.309999,143900,21.309999,CMRX
Mon Jun 16 2014 00:00:00 GMT+0800 (China Standard Time),21.209999,22.799999,21.209999,22.68,184000,22.68,CMRX
Tue Jun 17 2014 00:00:00 GMT+0800 (China Standard Time),22.59,23,22.1,22.139999,193500,22.139999,CMRX
Wed Jun 18 2014 00:00:00 GMT+0800 (China Standard Time),22.18,22.75,21.620001,22.549999,357100,22.549999,CMRX
Thu Jun 19 2014 00:00:00 GMT+0800 (China Standard Time),22.620001,22.870001,21.870001,22.040001,251200,22.040001,CMRX
Fri Jun 20 2014 00:00:00 GMT+0800 (China Standard Time),22.17,23.34,21.889999,23.26,516400,23.26,CMRX
Mon Jun 23 2014 00:00:00 GMT+0800 (China Standard Time),23.200001,23.549999,22.379999,22.780001,195100,22.780001,CMRX
Tue Jun 24 2014 00:00:00 GMT+0800 (China Standard Time),23.209999,23.719999,22.790001,23.209999,389800,23.209999,CMRX
Wed Jun 25 2014 00:00:00 GMT+0800 (China Standard Time),22.959999,23.4,22.200001,22.889999,236900,22.889999,CMRX
Thu Jun 26 2014 00:00:00 GMT+0800 (China Standard Time),22.809999,22.92,22.16,22.67,197300,22.67,CMRX
Fri Jun 27 2014 00:00:00 GMT+0800 (China Standard Time),22.549999,22.77,21.889999,22.34,2601400,22.34,CMRX
Mon Jun 30 2014 00:00:00 GMT+0800 (China Standard Time),22.360001,22.690001,21.790001,21.940001,209400,21.940001,CMRX
Tue Jul 01 2014 00:00:00 GMT+0800 (China Standard Time),22.09,23.65,21.889999,23.389999,275000,23.389999,CMRX
Wed Jul 02 2014 00:00:00 GMT+0800 (China Standard Time),23.33,23.440001,22.66,23.040001,212400,23.040001,CMRX
Thu Jul 03 2014 00:00:00 GMT+0800 (China Standard Time),23.08,23.379999,22.35,22.98,110300,22.98,CMRX
Mon Jul 07 2014 00:00:00 GMT+0800 (China Standard Time),22.969999,23.43,21.52,21.559999,335600,21.559999,CMRX
Tue Jul 08 2014 00:00:00 GMT+0800 (China Standard Time),21.82,21.82,19.75,20.43,521200,20.43,CMRX
Wed Jul 09 2014 00:00:00 GMT+0800 (China Standard Time),20.450001,20.870001,19.940001,20.6,179200,20.6,CMRX
Thu Jul 10 2014 00:00:00 GMT+0800 (China Standard Time),20,20.93,19.99,20.49,163800,20.49,CMRX
Fri Jul 11 2014 00:00:00 GMT+0800 (China Standard Time),20.4,20.559999,20.1,20.43,78200,20.43,CMRX
Mon Jul 14 2014 00:00:00 GMT+0800 (China Standard Time),20.620001,21.23,20.6,20.73,138600,20.73,CMRX
Tue Jul 15 2014 00:00:00 GMT+0800 (China Standard Time),20.68,20.98,19.82,20.24,275700,20.24,CMRX
Wed Jul 16 2014 00:00:00 GMT+0800 (China Standard Time),20.360001,20.4,19.76,20.299999,177600,20.299999,CMRX
Thu Jul 17 2014 00:00:00 GMT+0800 (China Standard Time),20.059999,20.4,19.059999,19.35,235600,19.35,CMRX
Fri Jul 18 2014 00:00:00 GMT+0800 (China Standard Time),19.309999,20.700001,19.219999,20.59,150600,20.59,CMRX
Mon Jul 21 2014 00:00:00 GMT+0800 (China Standard Time),20.52,21.219999,20.389999,20.799999,93300,20.799999,CMRX
Tue Jul 22 2014 00:00:00 GMT+0800 (China Standard Time),20.879999,22.16,20.879999,21.58,162900,21.58,CMRX
Wed Jul 23 2014 00:00:00 GMT+0800 (China Standard Time),21.76,22.950001,21.49,22.870001,262700,22.870001,CMRX
Thu Jul 24 2014 00:00:00 GMT+0800 (China Standard Time),22.84,22.959999,22.17,22.42,148900,22.42,CMRX
Fri Jul 25 2014 00:00:00 GMT+0800 (China Standard Time),22.16,22.66,22.07,22.459999,213500,22.459999,CMRX
Mon Jul 28 2014 00:00:00 GMT+0800 (China Standard Time),22.5,22.5,21.709999,22.26,241700,22.26,CMRX
Tue Jul 29 2014 00:00:00 GMT+0800 (China Standard Time),22.219999,23.43,21.84,23.309999,234500,23.309999,CMRX
Wed Jul 30 2014 00:00:00 GMT+0800 (China Standard Time),23.4,24.059999,23.120001,23.5,305500,23.5,CMRX
Thu Jul 31 2014 00:00:00 GMT+0800 (China Standard Time),23.16,23.27,21.68,22.719999,234200,22.719999,CMRX
Fri Aug 01 2014 00:00:00 GMT+0800 (China Standard Time),22.67,23.469999,21.98,22.709999,287000,22.709999,CMRX
Mon Aug 04 2014 00:00:00 GMT+0800 (China Standard Time),22.879999,23.379999,22.309999,23.040001,369500,23.040001,CMRX
Tue Aug 05 2014 00:00:00 GMT+0800 (China Standard Time),22.780001,23.110001,22.41,22.75,248400,22.75,CMRX
Wed Aug 06 2014 00:00:00 GMT+0800 (China Standard Time),22.530001,23.190001,22.48,22.889999,149500,22.889999,CMRX
Thu Aug 07 2014 00:00:00 GMT+0800 (China Standard Time),22.959999,23.18,22.1,23.110001,352600,23.110001,CMRX
Fri Aug 08 2014 00:00:00 GMT+0800 (China Standard Time),23.25,24.24,23.18,23.870001,288700,23.870001,CMRX
Mon Aug 11 2014 00:00:00 GMT+0800 (China Standard Time),24.1,24.129999,23.389999,23.709999,207200,23.709999,CMRX
Tue Aug 12 2014 00:00:00 GMT+0800 (China Standard Time),23.5,24.17,23.219999,23.969999,249000,23.969999,CMRX
Wed Aug 13 2014 00:00:00 GMT+0800 (China Standard Time),24.190001,25.48,24.01,25.290001,291900,25.290001,CMRX
Thu Aug 14 2014 00:00:00 GMT+0800 (China Standard Time),25.379999,25.74,24.780001,25.24,111900,25.24,CMRX
Fri Aug 15 2014 00:00:00 GMT+0800 (China Standard Time),25.58,25.6,24.25,24.98,105600,24.98,CMRX
Mon Aug 18 2014 00:00:00 GMT+0800 (China Standard Time),25.4,25.42,23.959999,25.200001,136000,25.200001,CMRX
Tue Aug 19 2014 00:00:00 GMT+0800 (China Standard Time),25.219999,25.4,24.120001,24.32,131100,24.32,CMRX
Wed Aug 20 2014 00:00:00 GMT+0800 (China Standard Time),24.15,24.219999,23.6,23.809999,103100,23.809999,CMRX
Thu Aug 21 2014 00:00:00 GMT+0800 (China Standard Time),23.83,23.84,22.76,23.09,140200,23.09,CMRX
Fri Aug 22 2014 00:00:00 GMT+0800 (China Standard Time),23.049999,23.98,22.870001,23.93,130300,23.93,CMRX
Mon Aug 25 2014 00:00:00 GMT+0800 (China Standard Time),24,25.68,24,25.4,240000,25.4,CMRX
Tue Aug 26 2014 00:00:00 GMT+0800 (China Standard Time),25.5,25.870001,25.35,25.75,218600,25.75,CMRX
Wed Aug 27 2014 00:00:00 GMT+0800 (China Standard Time),25.74,25.940001,24.950001,25.24,215400,25.24,CMRX
Thu Aug 28 2014 00:00:00 GMT+0800 (China Standard Time),25,25.780001,25,25.48,112000,25.48,CMRX
Fri Aug 29 2014 00:00:00 GMT+0800 (China Standard Time),25.66,25.83,25.34,25.540001,185000,25.540001,CMRX
Tue Sep 02 2014 00:00:00 GMT+0800 (China Standard Time),25.780001,25.92,24.299999,24.74,234600,24.74,CMRX
Wed Sep 03 2014 00:00:00 GMT+0800 (China Standard Time),25.059999,25.549999,23.76,24.059999,465600,24.059999,CMRX
Thu Sep 04 2014 00:00:00 GMT+0800 (China Standard Time),24.18,24.790001,24.049999,24.299999,269300,24.299999,CMRX
Fri Sep 05 2014 00:00:00 GMT+0800 (China Standard Time),24.209999,24.209999,22.76,23.35,260100,23.35,CMRX
Mon Sep 08 2014 00:00:00 GMT+0800 (China Standard Time),23.32,25.610001,23.32,25.530001,538900,25.530001,CMRX
Tue Sep 09 2014 00:00:00 GMT+0800 (China Standard Time),25.99,29.969999,25.99,28.540001,2101200,28.540001,CMRX
Wed Sep 10 2014 00:00:00 GMT+0800 (China Standard Time),28.5,30.1,28.26,30.030001,965100,30.030001,CMRX
Thu Sep 11 2014 00:00:00 GMT+0800 (China Standard Time),30.1,30.99,29.290001,29.9,990400,29.9,CMRX
Fri Sep 12 2014 00:00:00 GMT+0800 (China Standard Time),30,30.34,28.110001,28.27,275200,28.27,CMRX
Mon Sep 15 2014 00:00:00 GMT+0800 (China Standard Time),28.18,28.18,26.15,26.26,596700,26.26,CMRX
Tue Sep 16 2014 00:00:00 GMT+0800 (China Standard Time),26.27,26.700001,25.42,25.75,405500,25.75,CMRX
Wed Sep 17 2014 00:00:00 GMT+0800 (China Standard Time),25.780001,27.860001,25.780001,27.67,421600,27.67,CMRX
Thu Sep 18 2014 00:00:00 GMT+0800 (China Standard Time),27.870001,28,26.799999,27.209999,221000,27.209999,CMRX
Fri Sep 19 2014 00:00:00 GMT+0800 (China Standard Time),27.309999,27.73,26.24,27.280001,1497700,27.280001,CMRX
Mon Sep 22 2014 00:00:00 GMT+0800 (China Standard Time),27.09,27.190001,26.129999,26.360001,235100,26.360001,CMRX
Tue Sep 23 2014 00:00:00 GMT+0800 (China Standard Time),25.91,27.33,25.24,27.25,273400,27.25,CMRX
Wed Sep 24 2014 00:00:00 GMT+0800 (China Standard Time),27.290001,28.049999,26.629999,28.01,390700,28.01,CMRX
Thu Sep 25 2014 00:00:00 GMT+0800 (China Standard Time),27.73,28.52,26.77,28.5,622700,28.5,CMRX
Fri Sep 26 2014 00:00:00 GMT+0800 (China Standard Time),28.65,29.18,27.879999,29.049999,329400,29.049999,CMRX
Mon Sep 29 2014 00:00:00 GMT+0800 (China Standard Time),28.530001,29.42,28.459999,28.860001,287200,28.860001,CMRX
Tue Sep 30 2014 00:00:00 GMT+0800 (China Standard Time),28.799999,28.889999,27.51,27.620001,330400,27.620001,CMRX
Wed Oct 01 2014 00:00:00 GMT+0800 (China Standard Time),27.780001,29.35,27.450001,29.09,616600,29.09,CMRX
Thu Oct 02 2014 00:00:00 GMT+0800 (China Standard Time),29.02,30.5,28.209999,29.959999,1037800,29.959999,CMRX
Fri Oct 03 2014 00:00:00 GMT+0800 (China Standard Time),30.83,30.83,29.690001,30.059999,898500,30.059999,CMRX
Mon Oct 06 2014 00:00:00 GMT+0800 (China Standard Time),32,33.900002,30.52,31.469999,6744100,31.469999,CMRX
Tue Oct 07 2014 00:00:00 GMT+0800 (China Standard Time),33.279999,35.16,32.009998,33.23,6407500,33.23,CMRX
Wed Oct 08 2014 00:00:00 GMT+0800 (China Standard Time),35.200001,35.98,28,32.91,13596800,32.91,CMRX
Thu Oct 09 2014 00:00:00 GMT+0800 (China Standard Time),33.299999,33.32,31.4,31.809999,2026400,31.809999,CMRX
Fri Oct 10 2014 00:00:00 GMT+0800 (China Standard Time),31.26,32.709999,29.700001,31.059999,1540400,31.059999,CMRX
Mon Oct 13 2014 00:00:00 GMT+0800 (China Standard Time),32.709999,32.720001,30.1,30.780001,1077900,30.780001,CMRX
Tue Oct 14 2014 00:00:00 GMT+0800 (China Standard Time),30.1,31.9,28.66,29.049999,1062900,29.049999,CMRX
Wed Oct 15 2014 00:00:00 GMT+0800 (China Standard Time),29.530001,33.150002,28.700001,32.18,1876200,32.18,CMRX
Thu Oct 16 2014 00:00:00 GMT+0800 (China Standard Time),34.25,36.450001,33.279999,35.400002,4495600,35.400002,CMRX
Fri Oct 17 2014 00:00:00 GMT+0800 (China Standard Time),35.990002,36.75,33.419998,34.150002,3302000,34.150002,CMRX
Mon Oct 20 2014 00:00:00 GMT+0800 (China Standard Time),31,32.380001,29.780001,30.66,1960200,30.66,CMRX
Tue Oct 21 2014 00:00:00 GMT+0800 (China Standard Time),30.18,30.629999,29.799999,30.24,730700,30.24,CMRX
Wed Oct 22 2014 00:00:00 GMT+0800 (China Standard Time),30.120001,31.68,29.26,30.610001,788500,30.610001,CMRX
Thu Oct 23 2014 00:00:00 GMT+0800 (China Standard Time),30.51,32.369999,29.629999,32.060001,963800,32.060001,CMRX
Fri Oct 24 2014 00:00:00 GMT+0800 (China Standard Time),32.369999,33,30.950001,32.900002,842300,32.900002,CMRX
Mon Oct 27 2014 00:00:00 GMT+0800 (China Standard Time),33.099998,33.599998,31.42,31.959999,552000,31.959999,CMRX
Tue Oct 28 2014 00:00:00 GMT+0800 (China Standard Time),32.009998,32.43,31.26,31.440001,456600,31.440001,CMRX
Wed Oct 29 2014 00:00:00 GMT+0800 (China Standard Time),31.379999,31.68,29.75,29.790001,563000,29.790001,CMRX
Thu Oct 30 2014 00:00:00 GMT+0800 (China Standard Time),28.74,30.77,28.6,29.889999,969900,29.889999,CMRX
Fri Oct 31 2014 00:00:00 GMT+0800 (China Standard Time),30.5,32.400002,30,31.040001,2971700,31.040001,CMRX
Mon Nov 03 2014 00:00:00 GMT+0800 (China Standard Time),30.99,31.450001,30.530001,31.41,654600,31.41,CMRX
Tue Nov 04 2014 00:00:00 GMT+0800 (China Standard Time),31.41,31.77,30.639999,31.48,446100,31.48,CMRX
Wed Nov 05 2014 00:00:00 GMT+0800 (China Standard Time),31.700001,31.75,28.700001,29.1,625400,29.1,CMRX
Thu Nov 06 2014 00:00:00 GMT+0800 (China Standard Time),29.120001,29.799999,28.200001,29.76,613100,29.76,CMRX
Fri Nov 07 2014 00:00:00 GMT+0800 (China Standard Time),30.75,30.879999,29.16,30.75,673400,30.75,CMRX
Mon Nov 10 2014 00:00:00 GMT+0800 (China Standard Time),30.75,31.84,30.360001,31.82,599700,31.82,CMRX
Tue Nov 11 2014 00:00:00 GMT+0800 (China Standard Time),32,32.900002,31.370001,32.790001,531700,32.790001,CMRX
Wed Nov 12 2014 00:00:00 GMT+0800 (China Standard Time),32.540001,34,32.240002,33.880001,493300,33.880001,CMRX
Thu Nov 13 2014 00:00:00 GMT+0800 (China Standard Time),33.900002,34.700001,32.189999,32.919998,824700,32.919998,CMRX
Fri Nov 14 2014 00:00:00 GMT+0800 (China Standard Time),32.91,33.599998,31.84,32.240002,394500,32.240002,CMRX
Mon Nov 17 2014 00:00:00 GMT+0800 (China Standard Time),32.310001,34.200001,32.25,33.66,654800,33.66,CMRX
Tue Nov 18 2014 00:00:00 GMT+0800 (China Standard Time),33.889999,35.189999,33.860001,34.810001,518200,34.810001,CMRX
Wed Nov 19 2014 00:00:00 GMT+0800 (China Standard Time),34.599998,34.990002,33.610001,34.029999,343100,34.029999,CMRX
Thu Nov 20 2014 00:00:00 GMT+0800 (China Standard Time),33.860001,34,32.84,33.82,265600,33.82,CMRX
Fri Nov 21 2014 00:00:00 GMT+0800 (China Standard Time),34.16,34.91,33.5,34.77,383500,34.77,CMRX
Mon Nov 24 2014 00:00:00 GMT+0800 (China Standard Time),34.759998,35.5,34.5,35.279999,379500,35.279999,CMRX
Tue Nov 25 2014 00:00:00 GMT+0800 (China Standard Time),35.25,35.689999,34.900002,35,351600,35,CMRX
Wed Nov 26 2014 00:00:00 GMT+0800 (China Standard Time),34.900002,35.279999,34.610001,35,312100,35,CMRX
Fri Nov 28 2014 00:00:00 GMT+0800 (China Standard Time),34.950001,36.099998,34.709999,35.240002,288600,35.240002,CMRX
Mon Dec 01 2014 00:00:00 GMT+0800 (China Standard Time),35.16,35.599998,34.549999,35.279999,451700,35.279999,CMRX
Tue Dec 02 2014 00:00:00 GMT+0800 (China Standard Time),35.52,36.360001,35.490002,36.220001,430900,36.220001,CMRX
Wed Dec 03 2014 00:00:00 GMT+0800 (China Standard Time),36.25,36.82,36.040001,36.580002,480000,36.580002,CMRX
Thu Dec 04 2014 00:00:00 GMT+0800 (China Standard Time),36.68,37.389999,36.200001,36.75,648200,36.75,CMRX
Fri Dec 05 2014 00:00:00 GMT+0800 (China Standard Time),36.810001,38.119999,36.810001,38.029999,360700,38.029999,CMRX
Mon Dec 08 2014 00:00:00 GMT+0800 (China Standard Time),38.450001,39.060001,36.639999,37.369999,637000,37.369999,CMRX
Tue Dec 09 2014 00:00:00 GMT+0800 (China Standard Time),37.02,38.080002,36.009998,37.720001,282400,37.720001,CMRX
Wed Dec 10 2014 00:00:00 GMT+0800 (China Standard Time),37.700001,37.990002,36.810001,36.860001,262800,36.860001,CMRX
Thu Dec 11 2014 00:00:00 GMT+0800 (China Standard Time),36.790001,36.919998,34.580002,34.619999,671600,34.619999,CMRX
Fri Dec 12 2014 00:00:00 GMT+0800 (China Standard Time),34.59,36.450001,34.580002,35.450001,399600,35.450001,CMRX
Mon Dec 15 2014 00:00:00 GMT+0800 (China Standard Time),35.34,36.119999,33.599998,35.040001,500800,35.040001,CMRX
Tue Dec 16 2014 00:00:00 GMT+0800 (China Standard Time),34.689999,36.369999,34.09,34.77,394700,34.77,CMRX
Wed Dec 17 2014 00:00:00 GMT+0800 (China Standard Time),34.77,37.09,34.68,36.59,423500,36.59,CMRX
Thu Dec 18 2014 00:00:00 GMT+0800 (China Standard Time),37.040001,39.439999,36.990002,38.619999,444400,38.619999,CMRX
Fri Dec 19 2014 00:00:00 GMT+0800 (China Standard Time),38.330002,41.279999,37.849998,40.860001,1453900,40.860001,CMRX
Mon Dec 22 2014 00:00:00 GMT+0800 (China Standard Time),41.23,41.889999,38.91,39.34,560700,39.34,CMRX
Tue Dec 23 2014 00:00:00 GMT+0800 (China Standard Time),39.299999,39.299999,35.599998,36.099998,790700,36.099998,CMRX
Wed Dec 24 2014 00:00:00 GMT+0800 (China Standard Time),36.099998,37.98,36.099998,36.799999,192900,36.799999,CMRX
Fri Dec 26 2014 00:00:00 GMT+0800 (China Standard Time),37.099998,38.810001,37.099998,38.740002,202200,38.740002,CMRX
Mon Dec 29 2014 00:00:00 GMT+0800 (China Standard Time),38.650002,39.93,38.139999,38.240002,308800,38.240002,CMRX
Tue Dec 30 2014 00:00:00 GMT+0800 (China Standard Time),38.189999,38.459999,37.619999,37.869999,275600,37.869999,CMRX
Wed Dec 31 2014 00:00:00 GMT+0800 (China Standard Time),38.400002,41,38.27,40.259998,570600,40.259998,CMRX
Fri Jan 02 2015 00:00:00 GMT+0800 (China Standard Time),40.450001,41.959999,40.18,41.779999,462900,41.779999,CMRX
Mon Jan 05 2015 00:00:00 GMT+0800 (China Standard Time),41.450001,42.869999,41.369999,41.540001,545900,41.540001,CMRX
Tue Jan 06 2015 00:00:00 GMT+0800 (China Standard Time),41.540001,42.099998,39.48,39.599998,573700,39.599998,CMRX
Wed Jan 07 2015 00:00:00 GMT+0800 (China Standard Time),39.950001,40.099998,38.599998,39.310001,375700,39.310001,CMRX
Thu Jan 08 2015 00:00:00 GMT+0800 (China Standard Time),38.5,38.959999,37.5,38.07,694100,38.07,CMRX
Fri Jan 09 2015 00:00:00 GMT+0800 (China Standard Time),38.220001,39.52,37.75,38.91,513500,38.91,CMRX
Mon Jan 12 2015 00:00:00 GMT+0800 (China Standard Time),39.009998,42.080002,39.009998,40,872500,40,CMRX
Tue Jan 13 2015 00:00:00 GMT+0800 (China Standard Time),40.91,42.779999,39.560001,39.970001,702900,39.970001,CMRX
Wed Jan 14 2015 00:00:00 GMT+0800 (China Standard Time),39.5,41.279999,39.16,40.450001,255900,40.450001,CMRX
Thu Jan 15 2015 00:00:00 GMT+0800 (China Standard Time),40.669998,40.700001,36.950001,37.02,573200,37.02,CMRX
Fri Jan 16 2015 00:00:00 GMT+0800 (China Standard Time),37.049999,39.209999,37.02,39.169998,501500,39.169998,CMRX
Tue Jan 20 2015 00:00:00 GMT+0800 (China Standard Time),39.040001,40,37.950001,39.799999,388000,39.799999,CMRX
Wed Jan 21 2015 00:00:00 GMT+0800 (China Standard Time),39.880001,39.880001,38,38.290001,226300,38.290001,CMRX
Thu Jan 22 2015 00:00:00 GMT+0800 (China Standard Time),38.419998,38.889999,36.540001,38.889999,485100,38.889999,CMRX
Fri Jan 23 2015 00:00:00 GMT+0800 (China Standard Time),38.740002,39.02,37.919998,38.259998,247100,38.259998,CMRX
Mon Jan 26 2015 00:00:00 GMT+0800 (China Standard Time),37.950001,40.240002,37.950001,40.150002,358600,40.150002,CMRX
Tue Jan 27 2015 00:00:00 GMT+0800 (China Standard Time),39.029999,40.52,38.52,39.66,363700,39.66,CMRX
Wed Jan 28 2015 00:00:00 GMT+0800 (China Standard Time),39.919998,40.07,38.900002,39.41,648100,39.41,CMRX
Thu Jan 29 2015 00:00:00 GMT+0800 (China Standard Time),39.349998,40.959999,38.900002,40.43,340400,40.43,CMRX
Fri Jan 30 2015 00:00:00 GMT+0800 (China Standard Time),40.09,40.849998,39.689999,40.110001,408100,40.110001,CMRX
Mon Feb 02 2015 00:00:00 GMT+0800 (China Standard Time),38.299999,39.400002,37.689999,38.169998,706800,38.169998,CMRX
Tue Feb 03 2015 00:00:00 GMT+0800 (China Standard Time),39.720001,40,36.709999,37.77,596200,37.77,CMRX
Wed Feb 04 2015 00:00:00 GMT+0800 (China Standard Time),37.09,37.75,35.200001,36.91,552900,36.91,CMRX
Thu Feb 05 2015 00:00:00 GMT+0800 (China Standard Time),37.139999,38.110001,36.509998,37.790001,384500,37.790001,CMRX
Fri Feb 06 2015 00:00:00 GMT+0800 (China Standard Time),38,38.189999,36.610001,37.09,242900,37.09,CMRX
Mon Feb 09 2015 00:00:00 GMT+0800 (China Standard Time),36.779999,37.299999,36.220001,36.279999,175300,36.279999,CMRX
Tue Feb 10 2015 00:00:00 GMT+0800 (China Standard Time),35.720001,38,35.619999,37.91,269700,37.91,CMRX
Wed Feb 11 2015 00:00:00 GMT+0800 (China Standard Time),37.560001,39.68,37.32,38.52,338200,38.52,CMRX
Thu Feb 12 2015 00:00:00 GMT+0800 (China Standard Time),39.41,41.57,39.41,40.080002,396100,40.080002,CMRX
Fri Feb 13 2015 00:00:00 GMT+0800 (China Standard Time),40.279999,40.279999,39.02,40.16,342500,40.16,CMRX
Tue Feb 17 2015 00:00:00 GMT+0800 (China Standard Time),40.18,41.009998,40.18,40.950001,301200,40.950001,CMRX
Wed Feb 18 2015 00:00:00 GMT+0800 (China Standard Time),40.720001,41.09,39.689999,40.98,292600,40.98,CMRX
Thu Feb 19 2015 00:00:00 GMT+0800 (China Standard Time),40.900002,41.330002,40.490002,40.84,225000,40.84,CMRX
Fri Feb 20 2015 00:00:00 GMT+0800 (China Standard Time),40.900002,41.950001,40.529999,41.75,223900,41.75,CMRX
Mon Feb 23 2015 00:00:00 GMT+0800 (China Standard Time),41.740002,43.41,41.490002,43.099998,275700,43.099998,CMRX
Tue Feb 24 2015 00:00:00 GMT+0800 (China Standard Time),43.369999,43.369999,40.98,41.41,233100,41.41,CMRX
Wed Feb 25 2015 00:00:00 GMT+0800 (China Standard Time),41.52,43.330002,41.009998,42.779999,253300,42.779999,CMRX
Thu Feb 26 2015 00:00:00 GMT+0800 (China Standard Time),41.900002,41.900002,40.049999,41.080002,651000,41.080002,CMRX
Fri Feb 27 2015 00:00:00 GMT+0800 (China Standard Time),40.720001,40.900002,39.52,40.48,562300,40.48,CMRX
Mon Mar 02 2015 00:00:00 GMT+0800 (China Standard Time),40.049999,40.950001,39.25,40.48,649200,40.48,CMRX
Tue Mar 03 2015 00:00:00 GMT+0800 (China Standard Time),40.099998,40.799999,39.060001,40.490002,437200,40.490002,CMRX
Wed Mar 04 2015 00:00:00 GMT+0800 (China Standard Time),41.16,41.59,40.220001,40.740002,607100,40.740002,CMRX
Thu Mar 05 2015 00:00:00 GMT+0800 (China Standard Time),41,42,40.650002,40.790001,575100,40.790001,CMRX
Fri Mar 06 2015 00:00:00 GMT+0800 (China Standard Time),40.509998,40.52,37.849998,39.330002,1020000,39.330002,CMRX
Mon Mar 09 2015 00:00:00 GMT+0800 (China Standard Time),39.450001,41.43,39.169998,41.259998,672900,41.259998,CMRX
Tue Mar 10 2015 00:00:00 GMT+0800 (China Standard Time),40.59,41.950001,40.490002,40.560001,582500,40.560001,CMRX
Wed Mar 11 2015 00:00:00 GMT+0800 (China Standard Time),40.59,41.66,39.799999,41.07,415000,41.07,CMRX
Thu Mar 12 2015 00:00:00 GMT+0800 (China Standard Time),41.369999,41.68,40.419998,40.860001,311500,40.860001,CMRX
Fri Mar 13 2015 00:00:00 GMT+0800 (China Standard Time),40.990002,42.110001,40.580002,41.630001,370700,41.630001,CMRX
Mon Mar 16 2015 00:00:00 GMT+0800 (China Standard Time),41.900002,42.389999,41.540001,41.98,298700,41.98,CMRX
Tue Mar 17 2015 00:00:00 GMT+0800 (China Standard Time),42.040001,42.32,41.130001,41.98,293300,41.98,CMRX
Wed Mar 18 2015 00:00:00 GMT+0800 (China Standard Time),41.950001,42.169998,39.52,40.360001,517500,40.360001,CMRX
Thu Mar 19 2015 00:00:00 GMT+0800 (China Standard Time),40.389999,42.41,40.389999,42.110001,479900,42.110001,CMRX
Fri Mar 20 2015 00:00:00 GMT+0800 (China Standard Time),42.139999,42.919998,40.549999,40.610001,1079100,40.610001,CMRX
Mon Mar 23 2015 00:00:00 GMT+0800 (China Standard Time),40.5,40.59,38.529999,38.639999,518200,38.639999,CMRX
Tue Mar 24 2015 00:00:00 GMT+0800 (China Standard Time),38.459999,39.689999,38.189999,38.939999,337700,38.939999,CMRX
Wed Mar 25 2015 00:00:00 GMT+0800 (China Standard Time),39.52,39.66,35.310001,35.52,619900,35.52,CMRX
Thu Mar 26 2015 00:00:00 GMT+0800 (China Standard Time),35.32,37.16,34.509998,36.549999,449200,36.549999,CMRX
Fri Mar 27 2015 00:00:00 GMT+0800 (China Standard Time),36.560001,37.709999,36.07,37.049999,302300,37.049999,CMRX
Mon Mar 30 2015 00:00:00 GMT+0800 (China Standard Time),37.34,38.07,36.509998,37.900002,343600,37.900002,CMRX
Tue Mar 31 2015 00:00:00 GMT+0800 (China Standard Time),37.610001,38.23,37.27,37.689999,418300,37.689999,CMRX
Wed Apr 01 2015 00:00:00 GMT+0800 (China Standard Time),37.66,38,36.099998,37.32,526700,37.32,CMRX
Thu Apr 02 2015 00:00:00 GMT+0800 (China Standard Time),37.369999,37.889999,36.330002,37.099998,307600,37.099998,CMRX
Mon Apr 06 2015 00:00:00 GMT+0800 (China Standard Time),36.740002,37.810001,36.650002,37.16,328800,37.16,CMRX
Tue Apr 07 2015 00:00:00 GMT+0800 (China Standard Time),37.279999,38.93,37.099998,37.259998,346500,37.259998,CMRX
Wed Apr 08 2015 00:00:00 GMT+0800 (China Standard Time),37.389999,38.84,37.389999,38.139999,337300,38.139999,CMRX
Thu Apr 09 2015 00:00:00 GMT+0800 (China Standard Time),38.040001,38.900002,36.919998,37.18,356600,37.18,CMRX
Fri Apr 10 2015 00:00:00 GMT+0800 (China Standard Time),37.470001,37.950001,37.18,37.540001,228100,37.540001,CMRX
Mon Apr 13 2015 00:00:00 GMT+0800 (China Standard Time),37.419998,39.240002,37.41,38.380001,322000,38.380001,CMRX
Tue Apr 14 2015 00:00:00 GMT+0800 (China Standard Time),38.580002,40.790001,38.330002,38.650002,581900,38.650002,CMRX
Wed Apr 15 2015 00:00:00 GMT+0800 (China Standard Time),38.939999,38.950001,37.799999,38.259998,312400,38.259998,CMRX
Thu Apr 16 2015 00:00:00 GMT+0800 (China Standard Time),38.279999,40.060001,37.860001,39.700001,380700,39.700001,CMRX
Fri Apr 17 2015 00:00:00 GMT+0800 (China Standard Time),39.419998,39.880001,38.139999,38.459999,345700,38.459999,CMRX
Mon Apr 20 2015 00:00:00 GMT+0800 (China Standard Time),38.73,39.099998,37.959999,38.369999,277200,38.369999,CMRX
Tue Apr 21 2015 00:00:00 GMT+0800 (China Standard Time),38.759998,39.650002,38.610001,39.080002,315800,39.080002,CMRX
Wed Apr 22 2015 00:00:00 GMT+0800 (China Standard Time),39.349998,40.27,38.810001,39.73,262300,39.73,CMRX
Thu Apr 23 2015 00:00:00 GMT+0800 (China Standard Time),39.73,40.349998,39.150002,40.009998,297900,40.009998,CMRX
Fri Apr 24 2015 00:00:00 GMT+0800 (China Standard Time),40.009998,40.529999,39.43,39.48,215200,39.48,CMRX
Mon Apr 27 2015 00:00:00 GMT+0800 (China Standard Time),39.57,39.59,36.66,37.529999,304100,37.529999,CMRX
Tue Apr 28 2015 00:00:00 GMT+0800 (China Standard Time),37.68,37.860001,34.91,35.900002,633300,35.900002,CMRX
Wed Apr 29 2015 00:00:00 GMT+0800 (China Standard Time),35.57,35.77,34.740002,34.959999,653400,34.959999,CMRX
Thu Apr 30 2015 00:00:00 GMT+0800 (China Standard Time),34.650002,35.599998,33.369999,34,491400,34,CMRX
Fri May 01 2015 00:00:00 GMT+0800 (China Standard Time),34.290001,35.68,34.18,35.34,459800,35.34,CMRX
Mon May 04 2015 00:00:00 GMT+0800 (China Standard Time),35.349998,37.110001,35.32,36.419998,414200,36.419998,CMRX
Tue May 05 2015 00:00:00 GMT+0800 (China Standard Time),36.130001,36.349998,34.560001,34.91,388800,34.91,CMRX
Wed May 06 2015 00:00:00 GMT+0800 (China Standard Time),34.869999,35.689999,34.509998,35.040001,340200,35.040001,CMRX
Thu May 07 2015 00:00:00 GMT+0800 (China Standard Time),35.299999,35.849998,34.439999,35.669998,278900,35.669998,CMRX
Fri May 08 2015 00:00:00 GMT+0800 (China Standard Time),36.349998,37.130001,35.869999,36.459999,259800,36.459999,CMRX
Mon May 11 2015 00:00:00 GMT+0800 (China Standard Time),34.880001,37.880001,34.880001,37.689999,268000,37.689999,CMRX
Tue May 12 2015 00:00:00 GMT+0800 (China Standard Time),37.59,38.810001,36.889999,38.32,356400,38.32,CMRX
Wed May 13 2015 00:00:00 GMT+0800 (China Standard Time),38.529999,39.450001,38.110001,38.700001,337600,38.700001,CMRX
Thu May 14 2015 00:00:00 GMT+0800 (China Standard Time),38.720001,40,37.959999,39.84,444800,39.84,CMRX
Fri May 15 2015 00:00:00 GMT+0800 (China Standard Time),40,40.77,39.779999,40.150002,374900,40.150002,CMRX
Mon May 18 2015 00:00:00 GMT+0800 (China Standard Time),40.119999,41.16,39.75,41.040001,408200,41.040001,CMRX
Tue May 19 2015 00:00:00 GMT+0800 (China Standard Time),40.869999,42.209999,40.700001,41.810001,432500,41.810001,CMRX
Wed May 20 2015 00:00:00 GMT+0800 (China Standard Time),41.990002,42.849998,41.220001,42.07,355700,42.07,CMRX
Thu May 21 2015 00:00:00 GMT+0800 (China Standard Time),42.099998,42.610001,41.650002,42.240002,315100,42.240002,CMRX
Fri May 22 2015 00:00:00 GMT+0800 (China Standard Time),42.360001,43.419998,42.189999,42.889999,335700,42.889999,CMRX
Tue May 26 2015 00:00:00 GMT+0800 (China Standard Time),42.77,43.150002,41.900002,42.470001,263100,42.470001,CMRX
Wed May 27 2015 00:00:00 GMT+0800 (China Standard Time),42.630001,42.689999,41.880001,42.450001,318900,42.450001,CMRX
Thu May 28 2015 00:00:00 GMT+0800 (China Standard Time),42.369999,42.389999,41.220001,41.610001,256200,41.610001,CMRX
Fri May 29 2015 00:00:00 GMT+0800 (China Standard Time),41.610001,42.099998,40.93,41.849998,439300,41.849998,CMRX
Mon Jun 01 2015 00:00:00 GMT+0800 (China Standard Time),42.48,42.48,41.279999,41.389999,324800,41.389999,CMRX
Tue Jun 02 2015 00:00:00 GMT+0800 (China Standard Time),41.189999,42.23,40.700001,41.610001,186500,41.610001,CMRX
Wed Jun 03 2015 00:00:00 GMT+0800 (China Standard Time),41.82,42.349998,41.34,42.200001,207900,42.200001,CMRX
Thu Jun 04 2015 00:00:00 GMT+0800 (China Standard Time),41.84,42.369999,41.349998,41.599998,210200,41.599998,CMRX
Fri Jun 05 2015 00:00:00 GMT+0800 (China Standard Time),41.689999,42.5,41,42.049999,264600,42.049999,CMRX
Mon Jun 08 2015 00:00:00 GMT+0800 (China Standard Time),42.200001,43.299999,41.369999,42.529999,305600,42.529999,CMRX
Tue Jun 09 2015 00:00:00 GMT+0800 (China Standard Time),42.419998,42.610001,41.240002,41.66,255500,41.66,CMRX
Wed Jun 10 2015 00:00:00 GMT+0800 (China Standard Time),40.509998,41.32,38.75,40.18,774300,40.18,CMRX
Thu Jun 11 2015 00:00:00 GMT+0800 (China Standard Time),40.630001,41.02,39.349998,40.43,2107400,40.43,CMRX
Fri Jun 12 2015 00:00:00 GMT+0800 (China Standard Time),40.380001,41.110001,40.040001,40.610001,520600,40.610001,CMRX
Mon Jun 15 2015 00:00:00 GMT+0800 (China Standard Time),40.310001,41.34,40.16,40.919998,498200,40.919998,CMRX
Tue Jun 16 2015 00:00:00 GMT+0800 (China Standard Time),40.790001,41.849998,40.790001,41.759998,367000,41.759998,CMRX
Wed Jun 17 2015 00:00:00 GMT+0800 (China Standard Time),41.790001,42.709999,41.75,42.400002,328700,42.400002,CMRX
Thu Jun 18 2015 00:00:00 GMT+0800 (China Standard Time),42.669998,44.189999,42.23,42.419998,546900,42.419998,CMRX
Fri Jun 19 2015 00:00:00 GMT+0800 (China Standard Time),42.25,43.259998,41.889999,42.84,882200,42.84,CMRX
Mon Jun 22 2015 00:00:00 GMT+0800 (China Standard Time),43.16,45.490002,42.650002,45.150002,566200,45.150002,CMRX
Tue Jun 23 2015 00:00:00 GMT+0800 (China Standard Time),45.369999,47.23,44.73,46.18,685100,46.18,CMRX
Wed Jun 24 2015 00:00:00 GMT+0800 (China Standard Time),45.869999,45.959999,44.509998,44.959999,314800,44.959999,CMRX
Thu Jun 25 2015 00:00:00 GMT+0800 (China Standard Time),45.32,45.900002,44.830002,45.860001,218500,45.860001,CMRX
Fri Jun 26 2015 00:00:00 GMT+0800 (China Standard Time),46.110001,47.459999,45.5,46.27,1681400,46.27,CMRX
Mon Jun 29 2015 00:00:00 GMT+0800 (China Standard Time),46.369999,46.799999,44.299999,44.77,477900,44.77,CMRX
Tue Jun 30 2015 00:00:00 GMT+0800 (China Standard Time),44.939999,46.470001,44.939999,46.200001,392200,46.200001,CMRX
Wed Jul 01 2015 00:00:00 GMT+0800 (China Standard Time),47.02,47.279999,45.099998,45.799999,357400,45.799999,CMRX
Thu Jul 02 2015 00:00:00 GMT+0800 (China Standard Time),45.869999,46.360001,45.59,46.080002,171700,46.080002,CMRX
Mon Jul 06 2015 00:00:00 GMT+0800 (China Standard Time),45.82,47.669998,45.82,47.02,287000,47.02,CMRX
Tue Jul 07 2015 00:00:00 GMT+0800 (China Standard Time),47.470001,47.470001,45.849998,46.849998,205700,46.849998,CMRX
Wed Jul 08 2015 00:00:00 GMT+0800 (China Standard Time),46.43,46.43,44,44.16,297200,44.16,CMRX
Thu Jul 09 2015 00:00:00 GMT+0800 (China Standard Time),44.700001,46.16,44.32,45.82,300100,45.82,CMRX
Fri Jul 10 2015 00:00:00 GMT+0800 (China Standard Time),46.490002,47.27,45.91,46.900002,231300,46.900002,CMRX
Mon Jul 13 2015 00:00:00 GMT+0800 (China Standard Time),47.529999,49.34,46.200001,48.209999,393900,48.209999,CMRX
Tue Jul 14 2015 00:00:00 GMT+0800 (China Standard Time),47.990002,48.810001,47.860001,48.310001,469400,48.310001,CMRX
Wed Jul 15 2015 00:00:00 GMT+0800 (China Standard Time),48.52,50,48.32,48.939999,354200,48.939999,CMRX
Thu Jul 16 2015 00:00:00 GMT+0800 (China Standard Time),49.080002,49.91,48.66,49.509998,245000,49.509998,CMRX
Fri Jul 17 2015 00:00:00 GMT+0800 (China Standard Time),49.709999,54.040001,49.110001,53.200001,835900,53.200001,CMRX
Mon Jul 20 2015 00:00:00 GMT+0800 (China Standard Time),53.439999,54.950001,52.830002,53.43,554900,53.43,CMRX
Tue Jul 21 2015 00:00:00 GMT+0800 (China Standard Time),53,53.09,50.560001,51.459999,441600,51.459999,CMRX
Wed Jul 22 2015 00:00:00 GMT+0800 (China Standard Time),50.740002,53.93,50.509998,52.939999,325100,52.939999,CMRX
Thu Jul 23 2015 00:00:00 GMT+0800 (China Standard Time),53.330002,53.919998,52.110001,52.349998,239800,52.349998,CMRX
Fri Jul 24 2015 00:00:00 GMT+0800 (China Standard Time),51.84,53.580002,51.27,51.630001,275900,51.630001,CMRX
Mon Jul 27 2015 00:00:00 GMT+0800 (China Standard Time),51.380001,52.009998,50.529999,51.450001,317600,51.450001,CMRX
Tue Jul 28 2015 00:00:00 GMT+0800 (China Standard Time),51.889999,54.07,50.77,53.709999,290300,53.709999,CMRX
Wed Jul 29 2015 00:00:00 GMT+0800 (China Standard Time),53.650002,53.700001,51.82,52.689999,347600,52.689999,CMRX
Thu Jul 30 2015 00:00:00 GMT+0800 (China Standard Time),52.57,53.52,50.889999,53.009998,328900,53.009998,CMRX
Fri Jul 31 2015 00:00:00 GMT+0800 (China Standard Time),53.110001,54.779999,52.52,53.740002,768500,53.740002,CMRX
Mon Aug 03 2015 00:00:00 GMT+0800 (China Standard Time),53.619999,55.740002,53.619999,55.720001,344300,55.720001,CMRX
Tue Aug 04 2015 00:00:00 GMT+0800 (China Standard Time),56.470001,56.830002,55.330002,56.240002,406300,56.240002,CMRX
Wed Aug 05 2015 00:00:00 GMT+0800 (China Standard Time),56.759998,58.040001,56.59,57.43,409300,57.43,CMRX
Thu Aug 06 2015 00:00:00 GMT+0800 (China Standard Time),56,57.18,51.02,53.16,540300,53.16,CMRX
Fri Aug 07 2015 00:00:00 GMT+0800 (China Standard Time),53.110001,53.16,50.330002,52.830002,460500,52.830002,CMRX
Mon Aug 10 2015 00:00:00 GMT+0800 (China Standard Time),53.029999,54.279999,52.389999,53.599998,297400,53.599998,CMRX
Tue Aug 11 2015 00:00:00 GMT+0800 (China Standard Time),52.740002,53.970001,51.23,52.369999,291900,52.369999,CMRX
Wed Aug 12 2015 00:00:00 GMT+0800 (China Standard Time),51.790001,52.610001,48.860001,51.779999,442800,51.779999,CMRX
Thu Aug 13 2015 00:00:00 GMT+0800 (China Standard Time),52.080002,52.700001,50.540001,50.950001,247800,50.950001,CMRX
Fri Aug 14 2015 00:00:00 GMT+0800 (China Standard Time),50.700001,51.279999,48.150002,49.98,355000,49.98,CMRX
Mon Aug 17 2015 00:00:00 GMT+0800 (China Standard Time),49.860001,53.279999,48.919998,53.130001,291200,53.130001,CMRX
Tue Aug 18 2015 00:00:00 GMT+0800 (China Standard Time),53.98,53.98,52.349998,52.509998,329100,52.509998,CMRX
Wed Aug 19 2015 00:00:00 GMT+0800 (China Standard Time),51.560001,52.389999,50.380001,51.330002,215900,51.330002,CMRX
Thu Aug 20 2015 00:00:00 GMT+0800 (China Standard Time),50.509998,50.779999,46.73,46.91,316800,46.91,CMRX
Fri Aug 21 2015 00:00:00 GMT+0800 (China Standard Time),45.209999,48.02,43.709999,46.439999,518200,46.439999,CMRX
Mon Aug 24 2015 00:00:00 GMT+0800 (China Standard Time),43.93,47.959999,41.709999,45.07,460600,45.07,CMRX
Tue Aug 25 2015 00:00:00 GMT+0800 (China Standard Time),48,48,45.130001,46.27,434700,46.27,CMRX
Wed Aug 26 2015 00:00:00 GMT+0800 (China Standard Time),47.810001,50.75,46.880001,50.419998,587300,50.419998,CMRX
Thu Aug 27 2015 00:00:00 GMT+0800 (China Standard Time),50.799999,51.5,49.290001,50.5,376200,50.5,CMRX
Fri Aug 28 2015 00:00:00 GMT+0800 (China Standard Time),50.040001,51.009998,48.869999,50.48,360600,50.48,CMRX
Mon Aug 31 2015 00:00:00 GMT+0800 (China Standard Time),50.34,51.799999,48.610001,48.939999,347800,48.939999,CMRX
Tue Sep 01 2015 00:00:00 GMT+0800 (China Standard Time),47.98,48.790001,47.119999,47.540001,356100,47.540001,CMRX
Wed Sep 02 2015 00:00:00 GMT+0800 (China Standard Time),48.490002,51.150002,47.02,51.139999,374800,51.139999,CMRX
Thu Sep 03 2015 00:00:00 GMT+0800 (China Standard Time),52.689999,54.75,49,49.029999,494700,49.029999,CMRX
Fri Sep 04 2015 00:00:00 GMT+0800 (China Standard Time),48.360001,50.540001,47.73,49.259998,202300,49.259998,CMRX
Tue Sep 08 2015 00:00:00 GMT+0800 (China Standard Time),50.459999,52.509998,49.610001,52.23,299100,52.23,CMRX
Wed Sep 09 2015 00:00:00 GMT+0800 (China Standard Time),50.490002,51.619999,47.68,47.919998,471100,47.919998,CMRX
Thu Sep 10 2015 00:00:00 GMT+0800 (China Standard Time),48.040001,49.07,47.540001,49.049999,445700,49.049999,CMRX
Fri Sep 11 2015 00:00:00 GMT+0800 (China Standard Time),48.939999,52.349998,48.939999,52.220001,289100,52.220001,CMRX
Mon Sep 14 2015 00:00:00 GMT+0800 (China Standard Time),52.450001,54.619999,50.02,51.139999,299900,51.139999,CMRX
Tue Sep 15 2015 00:00:00 GMT+0800 (China Standard Time),51.32,52.029999,50.650002,51,283600,51,CMRX
Wed Sep 16 2015 00:00:00 GMT+0800 (China Standard Time),50.849998,51.23,47.09,48.52,427200,48.52,CMRX
Thu Sep 17 2015 00:00:00 GMT+0800 (China Standard Time),48.310001,51.27,47.939999,50.970001,378900,50.970001,CMRX
Fri Sep 18 2015 00:00:00 GMT+0800 (China Standard Time),50.049999,52,49.759998,51.41,818900,51.41,CMRX
Mon Sep 21 2015 00:00:00 GMT+0800 (China Standard Time),52.080002,52.490002,45.919998,46.240002,540200,46.240002,CMRX
Tue Sep 22 2015 00:00:00 GMT+0800 (China Standard Time),45.400002,46.98,44.209999,45.330002,468000,45.330002,CMRX
Wed Sep 23 2015 00:00:00 GMT+0800 (China Standard Time),45.700001,45.98,43.779999,44.419998,466100,44.419998,CMRX
Thu Sep 24 2015 00:00:00 GMT+0800 (China Standard Time),44.150002,45.98,42.549999,45.299999,426700,45.299999,CMRX
Fri Sep 25 2015 00:00:00 GMT+0800 (China Standard Time),46.220001,46.220001,40.740002,42.740002,537600,42.740002,CMRX
Mon Sep 28 2015 00:00:00 GMT+0800 (China Standard Time),39.77,43.700001,38.59,38.66,657300,38.66,CMRX
Tue Sep 29 2015 00:00:00 GMT+0800 (China Standard Time),38.93,39.990002,35.619999,36.419998,677200,36.419998,CMRX
Wed Sep 30 2015 00:00:00 GMT+0800 (China Standard Time),37.189999,38.740002,36.59,38.200001,662100,38.200001,CMRX
Thu Oct 01 2015 00:00:00 GMT+0800 (China Standard Time),38.630001,39.360001,36.75,39.240002,397700,39.240002,CMRX
Fri Oct 02 2015 00:00:00 GMT+0800 (China Standard Time),38.98,41.57,38.299999,41.369999,483000,41.369999,CMRX
Mon Oct 05 2015 00:00:00 GMT+0800 (China Standard Time),39.830002,40.689999,37.150002,38.509998,605600,38.509998,CMRX
Tue Oct 06 2015 00:00:00 GMT+0800 (China Standard Time),38.310001,38.509998,34.93,37.110001,370000,37.110001,CMRX
Wed Oct 07 2015 00:00:00 GMT+0800 (China Standard Time),37.169998,38.970001,35.900002,38.369999,552300,38.369999,CMRX
Thu Oct 08 2015 00:00:00 GMT+0800 (China Standard Time),38.450001,38.650002,35.52,37.59,405100,37.59,CMRX
Fri Oct 09 2015 00:00:00 GMT+0800 (China Standard Time),37.709999,38.59,36.369999,37.400002,165100,37.400002,CMRX
Mon Oct 12 2015 00:00:00 GMT+0800 (China Standard Time),37.57,37.650002,36.049999,37.02,258100,37.02,CMRX
Tue Oct 13 2015 00:00:00 GMT+0800 (China Standard Time),37.09,38,34.509998,34.77,325000,34.77,CMRX
Wed Oct 14 2015 00:00:00 GMT+0800 (China Standard Time),35.02,36.41,33.860001,34.5,387200,34.5,CMRX
Thu Oct 15 2015 00:00:00 GMT+0800 (China Standard Time),34.290001,36.48,34.27,36.259998,779200,36.259998,CMRX
Fri Oct 16 2015 00:00:00 GMT+0800 (China Standard Time),36.41,37.09,35.200001,35.869999,372900,35.869999,CMRX
Mon Oct 19 2015 00:00:00 GMT+0800 (China Standard Time),35.790001,36.709999,33.959999,35.290001,435800,35.290001,CMRX
Tue Oct 20 2015 00:00:00 GMT+0800 (China Standard Time),35.290001,35.400002,33.02,34.27,394800,34.27,CMRX
Wed Oct 21 2015 00:00:00 GMT+0800 (China Standard Time),34.959999,35.5,33.080002,34.75,303700,34.75,CMRX
Thu Oct 22 2015 00:00:00 GMT+0800 (China Standard Time),34.98,35.5,33.43,34.490002,302000,34.490002,CMRX
Fri Oct 23 2015 00:00:00 GMT+0800 (China Standard Time),35.07,35.919998,34.209999,35.09,425900,35.09,CMRX
Mon Oct 26 2015 00:00:00 GMT+0800 (China Standard Time),34.93,38.220001,34.209999,35.919998,526000,35.919998,CMRX
Tue Oct 27 2015 00:00:00 GMT+0800 (China Standard Time),35.880001,37.939999,35.880001,37.810001,366200,37.810001,CMRX
Wed Oct 28 2015 00:00:00 GMT+0800 (China Standard Time),37.810001,41.580002,36.77,41.34,539900,41.34,CMRX
Thu Oct 29 2015 00:00:00 GMT+0800 (China Standard Time),41.060001,41.779999,39.810001,40.48,315500,40.48,CMRX
Fri Oct 30 2015 00:00:00 GMT+0800 (China Standard Time),40.189999,40.98,38.779999,39.18,208400,39.18,CMRX
Mon Nov 02 2015 00:00:00 GMT+0800 (China Standard Time),39.48,42.209999,38.77,42.060001,314500,42.060001,CMRX
Tue Nov 03 2015 00:00:00 GMT+0800 (China Standard Time),41.700001,43.369999,41.02,42.209999,373900,42.209999,CMRX
Wed Nov 04 2015 00:00:00 GMT+0800 (China Standard Time),42.25,43.349998,41.130001,43.049999,311100,43.049999,CMRX
Thu Nov 05 2015 00:00:00 GMT+0800 (China Standard Time),42.68,42.869999,39.43,40.220001,315300,40.220001,CMRX
Fri Nov 06 2015 00:00:00 GMT+0800 (China Standard Time),40.080002,40.18,38.349998,39.41,382800,39.41,CMRX
Mon Nov 09 2015 00:00:00 GMT+0800 (China Standard Time),39.16,40.139999,39.029999,39.66,181600,39.66,CMRX
Tue Nov 10 2015 00:00:00 GMT+0800 (China Standard Time),39.639999,40.48,37.720001,39.919998,213800,39.919998,CMRX
Wed Nov 11 2015 00:00:00 GMT+0800 (China Standard Time),40.240002,40.869999,38.150002,39.380001,227700,39.380001,CMRX
Thu Nov 12 2015 00:00:00 GMT+0800 (China Standard Time),38.98,40.369999,38.549999,39.099998,280600,39.099998,CMRX
Fri Nov 13 2015 00:00:00 GMT+0800 (China Standard Time),38.77,39.709999,38.009998,38.779999,235300,38.779999,CMRX
Mon Nov 16 2015 00:00:00 GMT+0800 (China Standard Time),38.889999,39.110001,36.75,38.869999,372000,38.869999,CMRX
Tue Nov 17 2015 00:00:00 GMT+0800 (China Standard Time),38.889999,40.759998,38.209999,39.439999,341600,39.439999,CMRX
Wed Nov 18 2015 00:00:00 GMT+0800 (China Standard Time),39.57,41.720001,38.970001,41.540001,327500,41.540001,CMRX
Thu Nov 19 2015 00:00:00 GMT+0800 (China Standard Time),41.369999,41.91,39.950001,40.66,306400,40.66,CMRX
Fri Nov 20 2015 00:00:00 GMT+0800 (China Standard Time),40.990002,41.619999,40.32,40.950001,206000,40.950001,CMRX
Mon Nov 23 2015 00:00:00 GMT+0800 (China Standard Time),40.689999,42.009998,40.560001,40.59,267800,40.59,CMRX
Tue Nov 24 2015 00:00:00 GMT+0800 (China Standard Time),40.290001,40.810001,39.439999,40.18,228700,40.18,CMRX
Wed Nov 25 2015 00:00:00 GMT+0800 (China Standard Time),40.330002,41.57,40.060001,41.299999,156100,41.299999,CMRX
Fri Nov 27 2015 00:00:00 GMT+0800 (China Standard Time),41.560001,42.240002,41.279999,41.919998,136000,41.919998,CMRX
Mon Nov 30 2015 00:00:00 GMT+0800 (China Standard Time),41.959999,42.189999,39.52,40.400002,244100,40.400002,CMRX
Tue Dec 01 2015 00:00:00 GMT+0800 (China Standard Time),40.130001,40.150002,36.110001,37.959999,414800,37.959999,CMRX
Wed Dec 02 2015 00:00:00 GMT+0800 (China Standard Time),37.869999,39.220001,37.59,37.619999,136900,37.619999,CMRX
Thu Dec 03 2015 00:00:00 GMT+0800 (China Standard Time),37.860001,38.23,35.41,35.810001,229400,35.810001,CMRX
Fri Dec 04 2015 00:00:00 GMT+0800 (China Standard Time),35.790001,36.919998,35.16,36.860001,211700,36.860001,CMRX
Mon Dec 07 2015 00:00:00 GMT+0800 (China Standard Time),36.919998,36.939999,34.869999,35.380001,226100,35.380001,CMRX
Tue Dec 08 2015 00:00:00 GMT+0800 (China Standard Time),35.200001,36.970001,34.84,35.869999,243900,35.869999,CMRX
Wed Dec 09 2015 00:00:00 GMT+0800 (China Standard Time),35.610001,35.91,35.220001,35.380001,242800,35.380001,CMRX
Thu Dec 10 2015 00:00:00 GMT+0800 (China Standard Time),35.459999,36.389999,35.459999,35.93,296900,35.93,CMRX
Fri Dec 11 2015 00:00:00 GMT+0800 (China Standard Time),35.77,36.139999,34.5,35.27,408300,35.27,CMRX
Mon Dec 14 2015 00:00:00 GMT+0800 (China Standard Time),35.240002,35.740002,34.080002,35.189999,358600,35.189999,CMRX
Tue Dec 15 2015 00:00:00 GMT+0800 (China Standard Time),35.599998,36.439999,34.900002,35.099998,466600,35.099998,CMRX
Wed Dec 16 2015 00:00:00 GMT+0800 (China Standard Time),35.459999,35.459999,34.599998,35.209999,439300,35.209999,CMRX
Thu Dec 17 2015 00:00:00 GMT+0800 (China Standard Time),36.75,36.75,35.200001,35.77,507400,35.77,CMRX
Fri Dec 18 2015 00:00:00 GMT+0800 (China Standard Time),35.560001,36.220001,35.509998,35.91,828600,35.91,CMRX
Mon Dec 21 2015 00:00:00 GMT+0800 (China Standard Time),35.98,36.849998,35.040001,36.439999,200000,36.439999,CMRX
Tue Dec 22 2015 00:00:00 GMT+0800 (China Standard Time),36.630001,36.669998,35.110001,35.490002,375500,35.490002,CMRX
Wed Dec 23 2015 00:00:00 GMT+0800 (China Standard Time),35.630001,36.119999,35.259998,35.779999,373000,35.779999,CMRX
Thu Dec 24 2015 00:00:00 GMT+0800 (China Standard Time),35.450001,35.82,35.419998,35.57,156100,35.57,CMRX
Mon Dec 28 2015 00:00:00 GMT+0800 (China Standard Time),7.86,7.9,6.43,6.62,26705600,6.62,CMRX
Tue Dec 29 2015 00:00:00 GMT+0800 (China Standard Time),7.02,7.42,6.9,7.37,14103100,7.37,CMRX
Wed Dec 30 2015 00:00:00 GMT+0800 (China Standard Time),7.34,8.56,7.24,8.35,15949300,8.35,CMRX
Thu Dec 31 2015 00:00:00 GMT+0800 (China Standard Time),8.8,9.75,8.71,8.95,30878200,8.95,CMRX
Mon Jan 04 2016 00:00:00 GMT+0800 (China Standard Time),8.76,9.2,8.53,8.63,9128300,8.63,CMRX
Tue Jan 05 2016 00:00:00 GMT+0800 (China Standard Time),8.76,9.44,8.7,9.3,7055000,9.3,CMRX
Wed Jan 06 2016 00:00:00 GMT+0800 (China Standard Time),9.46,9.72,8.95,9.01,5944000,9.01,CMRX
Thu Jan 07 2016 00:00:00 GMT+0800 (China Standard Time),8.78,8.88,8.22,8.3,4577500,8.3,CMRX
Fri Jan 08 2016 00:00:00 GMT+0800 (China Standard Time),8.85,8.85,7.57,8.06,4620800,8.06,CMRX
Mon Jan 11 2016 00:00:00 GMT+0800 (China Standard Time),8.22,8.52,7.6,8.06,2985800,8.06,CMRX
Tue Jan 12 2016 00:00:00 GMT+0800 (China Standard Time),8.18,8.47,7.34,7.86,3153600,7.86,CMRX
Wed Jan 13 2016 00:00:00 GMT+0800 (China Standard Time),7.85,8,7.03,7.1,2785900,7.1,CMRX
Thu Jan 14 2016 00:00:00 GMT+0800 (China Standard Time),7.04,7.34,6.38,7.28,3005700,7.28,CMRX
Fri Jan 15 2016 00:00:00 GMT+0800 (China Standard Time),6.71,7.17,6.6,7.17,2060500,7.17,CMRX
Tue Jan 19 2016 00:00:00 GMT+0800 (China Standard Time),7.56,8.37,7.47,7.75,4969600,7.75,CMRX
Wed Jan 20 2016 00:00:00 GMT+0800 (China Standard Time),7.5,9.12,7.45,8.92,5134100,8.92,CMRX
Thu Jan 21 2016 00:00:00 GMT+0800 (China Standard Time),8.91,9.05,8.32,8.54,3289600,8.54,CMRX
Fri Jan 22 2016 00:00:00 GMT+0800 (China Standard Time),8.6,9.12,8.6,8.97,2167900,8.97,CMRX
Mon Jan 25 2016 00:00:00 GMT+0800 (China Standard Time),8.57,9.34,8.5,8.6,2303000,8.6,CMRX
Tue Jan 26 2016 00:00:00 GMT+0800 (China Standard Time),8.61,9,8.1,8.82,2033500,8.82,CMRX
Wed Jan 27 2016 00:00:00 GMT+0800 (China Standard Time),8.68,8.87,8.3,8.5,1660300,8.5,CMRX
Thu Jan 28 2016 00:00:00 GMT+0800 (China Standard Time),8.5,8.59,7.7,7.95,2978200,7.95,CMRX
Fri Jan 29 2016 00:00:00 GMT+0800 (China Standard Time),7.96,8.24,7.53,7.7,2089800,7.7,CMRX
Mon Feb 01 2016 00:00:00 GMT+0800 (China Standard Time),7.72,7.84,7.41,7.56,1642800,7.56,CMRX
Tue Feb 02 2016 00:00:00 GMT+0800 (China Standard Time),7.56,7.66,7.27,7.34,1472500,7.34,CMRX
Wed Feb 03 2016 00:00:00 GMT+0800 (China Standard Time),7.43,7.64,6.95,7.21,1673400,7.21,CMRX
Thu Feb 04 2016 00:00:00 GMT+0800 (China Standard Time),7.26,7.88,7.1,7.3,1882200,7.3,CMRX
Fri Feb 05 2016 00:00:00 GMT+0800 (China Standard Time),7.28,7.34,6.9,6.93,1930200,6.93,CMRX
Mon Feb 08 2016 00:00:00 GMT+0800 (China Standard Time),6.8,7,6.36,6.42,2165000,6.42,CMRX
Tue Feb 09 2016 00:00:00 GMT+0800 (China Standard Time),6.35,6.78,6.15,6.72,1671100,6.72,CMRX
Wed Feb 10 2016 00:00:00 GMT+0800 (China Standard Time),6.77,7.35,6.6,7.01,1532700,7.01,CMRX
Thu Feb 11 2016 00:00:00 GMT+0800 (China Standard Time),6.78,7.43,6.7,7.11,1896500,7.11,CMRX
Fri Feb 12 2016 00:00:00 GMT+0800 (China Standard Time),7.18,7.34,6.9,7.27,1387400,7.27,CMRX
Tue Feb 16 2016 00:00:00 GMT+0800 (China Standard Time),7.5,7.67,7.35,7.45,1501300,7.45,CMRX
Wed Feb 17 2016 00:00:00 GMT+0800 (China Standard Time),7.63,7.97,7.28,7.83,2223200,7.83,CMRX
Thu Feb 18 2016 00:00:00 GMT+0800 (China Standard Time),7.84,7.84,7.07,7.1,2270200,7.1,CMRX
Fri Feb 19 2016 00:00:00 GMT+0800 (China Standard Time),7.14,7.73,7,7.63,2054700,7.63,CMRX
Mon Feb 22 2016 00:00:00 GMT+0800 (China Standard Time),5.61,5.61,4.52,4.55,19247800,4.55,CMRX
Tue Feb 23 2016 00:00:00 GMT+0800 (China Standard Time),4.62,4.79,4.46,4.46,5376900,4.46,CMRX
Wed Feb 24 2016 00:00:00 GMT+0800 (China Standard Time),4.37,5.05,4.36,5.03,4776200,5.03,CMRX
Thu Feb 25 2016 00:00:00 GMT+0800 (China Standard Time),5.06,5.21,4.99,5.05,3058100,5.05,CMRX
Fri Feb 26 2016 00:00:00 GMT+0800 (China Standard Time),5.03,5.05,4.7,4.72,2371200,4.72,CMRX
Mon Feb 29 2016 00:00:00 GMT+0800 (China Standard Time),4.51,4.73,4.41,4.61,3086800,4.61,CMRX
Tue Mar 01 2016 00:00:00 GMT+0800 (China Standard Time),4.58,5.02,4.48,4.95,3553700,4.95,CMRX
Wed Mar 02 2016 00:00:00 GMT+0800 (China Standard Time),4.95,5.24,4.86,5.16,2723100,5.16,CMRX
Thu Mar 03 2016 00:00:00 GMT+0800 (China Standard Time),5.2,5.45,5.14,5.16,2097800,5.16,CMRX
Fri Mar 04 2016 00:00:00 GMT+0800 (China Standard Time),5.15,5.44,5.02,5.17,1744600,5.17,CMRX
Mon Mar 07 2016 00:00:00 GMT+0800 (China Standard Time),5.17,5.72,5.14,5.45,3231900,5.45,CMRX
Tue Mar 08 2016 00:00:00 GMT+0800 (China Standard Time),5.44,5.6,5.19,5.36,2944400,5.36,CMRX
Wed Mar 09 2016 00:00:00 GMT+0800 (China Standard Time),5.37,5.42,5,5.13,1867900,5.13,CMRX
Thu Mar 10 2016 00:00:00 GMT+0800 (China Standard Time),5.19,5.45,5.01,5.15,1182500,5.15,CMRX
Fri Mar 11 2016 00:00:00 GMT+0800 (China Standard Time),5.25,5.4,5.02,5.39,1243400,5.39,CMRX
Mon Mar 14 2016 00:00:00 GMT+0800 (China Standard Time),5.39,5.6,5.28,5.49,1018300,5.49,CMRX
Tue Mar 15 2016 00:00:00 GMT+0800 (China Standard Time),5.42,5.48,5.05,5.08,1210800,5.08,CMRX
Wed Mar 16 2016 00:00:00 GMT+0800 (China Standard Time),5.08,5.19,4.76,4.93,1214100,4.93,CMRX
Thu Mar 17 2016 00:00:00 GMT+0800 (China Standard Time),5.01,5.13,4.76,5.09,1454400,5.09,CMRX
Fri Mar 18 2016 00:00:00 GMT+0800 (China Standard Time),5.13,5.24,4.88,5.21,2861900,5.21,CMRX
Mon Mar 21 2016 00:00:00 GMT+0800 (China Standard Time),5.2,5.4,5.08,5.15,1568700,5.15,CMRX
Tue Mar 22 2016 00:00:00 GMT+0800 (China Standard Time),5.1,5.27,4.75,5.16,1774600,5.16,CMRX
Wed Mar 23 2016 00:00:00 GMT+0800 (China Standard Time),5.14,5.17,4.76,4.76,1686200,4.76,CMRX
Thu Mar 24 2016 00:00:00 GMT+0800 (China Standard Time),4.71,4.98,4.62,4.86,1014500,4.86,CMRX
Mon Mar 28 2016 00:00:00 GMT+0800 (China Standard Time),4.94,4.94,4.65,4.71,861500,4.71,CMRX
Tue Mar 29 2016 00:00:00 GMT+0800 (China Standard Time),4.71,5.03,4.63,4.96,1113700,4.96,CMRX
Wed Mar 30 2016 00:00:00 GMT+0800 (China Standard Time),5,5.19,4.9,4.97,1702000,4.97,CMRX
Thu Mar 31 2016 00:00:00 GMT+0800 (China Standard Time),4.95,5.19,4.8,5.11,1409800,5.11,CMRX
Fri Apr 01 2016 00:00:00 GMT+0800 (China Standard Time),5.07,5.35,4.98,5.23,1096900,5.23,CMRX
Mon Apr 04 2016 00:00:00 GMT+0800 (China Standard Time),5.26,5.48,5.14,5.27,1233700,5.27,CMRX
Tue Apr 05 2016 00:00:00 GMT+0800 (China Standard Time),5.21,5.31,5.08,5.13,594500,5.13,CMRX
Wed Apr 06 2016 00:00:00 GMT+0800 (China Standard Time),5.15,5.5,5.1,5.5,1235500,5.5,CMRX
Thu Apr 07 2016 00:00:00 GMT+0800 (China Standard Time),5.48,5.74,5.4,5.63,1182300,5.63,CMRX
Fri Apr 08 2016 00:00:00 GMT+0800 (China Standard Time),5.73,5.75,5.51,5.54,1799100,5.54,CMRX
Mon Apr 11 2016 00:00:00 GMT+0800 (China Standard Time),5.56,5.72,5.55,5.61,1136400,5.61,CMRX
Tue Apr 12 2016 00:00:00 GMT+0800 (China Standard Time),5.6,5.6,5.32,5.46,922300,5.46,CMRX
Wed Apr 13 2016 00:00:00 GMT+0800 (China Standard Time),5.49,5.74,5.44,5.67,1152700,5.67,CMRX
Thu Apr 14 2016 00:00:00 GMT+0800 (China Standard Time),5.66,5.84,5.6,5.68,785800,5.68,CMRX
Fri Apr 15 2016 00:00:00 GMT+0800 (China Standard Time),5.69,6.11,5.41,5.9,2686700,5.9,CMRX
Mon Apr 18 2016 00:00:00 GMT+0800 (China Standard Time),5.91,6.37,5.8,6.3,2152900,6.3,CMRX
Tue Apr 19 2016 00:00:00 GMT+0800 (China Standard Time),6.34,6.47,6.12,6.3,1820800,6.3,CMRX
Wed Apr 20 2016 00:00:00 GMT+0800 (China Standard Time),6.3,6.46,5.99,6.01,1492900,6.01,CMRX
Thu Apr 21 2016 00:00:00 GMT+0800 (China Standard Time),5.98,6.27,5.96,6.21,1097900,6.21,CMRX
Fri Apr 22 2016 00:00:00 GMT+0800 (China Standard Time),6.24,6.35,6.1,6.27,868600,6.27,CMRX
Mon Apr 25 2016 00:00:00 GMT+0800 (China Standard Time),6.25,6.37,6.13,6.17,709700,6.17,CMRX
Tue Apr 26 2016 00:00:00 GMT+0800 (China Standard Time),6.15,6.27,5.85,6.03,800400,6.03,CMRX
Wed Apr 27 2016 00:00:00 GMT+0800 (China Standard Time),5.99,6.24,5.83,5.99,778100,5.99,CMRX
Thu Apr 28 2016 00:00:00 GMT+0800 (China Standard Time),5.97,6.2,5.87,6.02,1146200,6.02,CMRX
Fri Apr 29 2016 00:00:00 GMT+0800 (China Standard Time),6.01,6.22,5.84,5.98,1095600,5.98,CMRX
Mon May 02 2016 00:00:00 GMT+0800 (China Standard Time),5.96,6.14,5.81,5.89,1097300,5.89,CMRX
Tue May 03 2016 00:00:00 GMT+0800 (China Standard Time),5.81,5.86,5.62,5.64,808600,5.64,CMRX
Wed May 04 2016 00:00:00 GMT+0800 (China Standard Time),5.62,5.81,5.33,5.43,848400,5.43,CMRX
Thu May 05 2016 00:00:00 GMT+0800 (China Standard Time),5.45,5.58,5.22,5.24,774900,5.24,CMRX
Fri May 06 2016 00:00:00 GMT+0800 (China Standard Time),5.19,5.4,5.06,5.12,776900,5.12,CMRX
Mon May 09 2016 00:00:00 GMT+0800 (China Standard Time),4.94,6.1,4.9,4.91,6520000,4.91,CMRX
Tue May 10 2016 00:00:00 GMT+0800 (China Standard Time),4.96,5,4.56,4.9,1810200,4.9,CMRX
Wed May 11 2016 00:00:00 GMT+0800 (China Standard Time),4.88,4.95,4.75,4.75,589400,4.75,CMRX
Thu May 12 2016 00:00:00 GMT+0800 (China Standard Time),4.85,4.88,4.55,4.57,1414900,4.57,CMRX
Fri May 13 2016 00:00:00 GMT+0800 (China Standard Time),4.56,4.68,4.46,4.55,968300,4.55,CMRX
Mon May 16 2016 00:00:00 GMT+0800 (China Standard Time),4.58,4.83,4.51,4.73,1376100,4.73,CMRX
Tue May 17 2016 00:00:00 GMT+0800 (China Standard Time),4.72,4.87,4.62,4.63,800900,4.63,CMRX
Wed May 18 2016 00:00:00 GMT+0800 (China Standard Time),4.59,4.79,4.59,4.65,771100,4.65,CMRX
Thu May 19 2016 00:00:00 GMT+0800 (China Standard Time),4.64,4.78,4.46,4.52,990200,4.52,CMRX
Fri May 20 2016 00:00:00 GMT+0800 (China Standard Time),4.54,4.75,4.45,4.71,1042600,4.71,CMRX
Mon May 23 2016 00:00:00 GMT+0800 (China Standard Time),4.72,4.96,4.71,4.73,1021400,4.73,CMRX
Tue May 24 2016 00:00:00 GMT+0800 (China Standard Time),4.75,4.85,4.67,4.74,711600,4.74,CMRX
Wed May 25 2016 00:00:00 GMT+0800 (China Standard Time),4.77,4.88,4.73,4.82,915600,4.82,CMRX
Thu May 26 2016 00:00:00 GMT+0800 (China Standard Time),4.83,4.83,4.68,4.79,486400,4.79,CMRX
Fri May 27 2016 00:00:00 GMT+0800 (China Standard Time),4.8,4.83,4.7,4.79,505600,4.79,CMRX
Tue May 31 2016 00:00:00 GMT+0800 (China Standard Time),4.8,5,4.8,4.9,799300,4.9,CMRX
Wed Jun 01 2016 00:00:00 GMT+0800 (China Standard Time),4.91,5,4.8,4.92,709500,4.92,CMRX
Thu Jun 02 2016 00:00:00 GMT+0800 (China Standard Time),4.91,5.06,4.89,4.99,1077400,4.99,CMRX
Fri Jun 03 2016 00:00:00 GMT+0800 (China Standard Time),4.98,5,4.76,4.78,851600,4.78,CMRX
Mon Jun 06 2016 00:00:00 GMT+0800 (China Standard Time),4.81,5,4.71,4.98,1044800,4.98,CMRX
Tue Jun 07 2016 00:00:00 GMT+0800 (China Standard Time),4.93,4.95,4.73,4.74,898600,4.74,CMRX
Wed Jun 08 2016 00:00:00 GMT+0800 (China Standard Time),4.74,4.79,4.65,4.79,859400,4.79,CMRX
Thu Jun 09 2016 00:00:00 GMT+0800 (China Standard Time),4.77,4.77,4.58,4.58,655600,4.58,CMRX
Fri Jun 10 2016 00:00:00 GMT+0800 (China Standard Time),4.5,4.58,4.11,4.14,1685800,4.14,CMRX
Mon Jun 13 2016 00:00:00 GMT+0800 (China Standard Time),4.12,4.14,3.87,3.94,1263800,3.94,CMRX
Tue Jun 14 2016 00:00:00 GMT+0800 (China Standard Time),3.95,4.08,3.86,3.9,751200,3.9,CMRX
Wed Jun 15 2016 00:00:00 GMT+0800 (China Standard Time),3.92,4.1,3.87,3.93,677700,3.93,CMRX
Thu Jun 16 2016 00:00:00 GMT+0800 (China Standard Time),3.91,3.93,3.8,3.86,539900,3.86,CMRX
Fri Jun 17 2016 00:00:00 GMT+0800 (China Standard Time),3.87,3.89,3.71,3.72,1228300,3.72,CMRX
Mon Jun 20 2016 00:00:00 GMT+0800 (China Standard Time),3.78,3.9,3.76,3.78,599200,3.78,CMRX
Tue Jun 21 2016 00:00:00 GMT+0800 (China Standard Time),3.78,3.8,3.63,3.69,500200,3.69,CMRX
Wed Jun 22 2016 00:00:00 GMT+0800 (China Standard Time),3.69,3.86,3.6,3.73,451300,3.73,CMRX
Thu Jun 23 2016 00:00:00 GMT+0800 (China Standard Time),3.77,3.82,3.69,3.79,543500,3.79,CMRX
Fri Jun 24 2016 00:00:00 GMT+0800 (China Standard Time),3.6,3.74,3.57,3.73,2136800,3.73,CMRX
Mon Jun 27 2016 00:00:00 GMT+0800 (China Standard Time),3.7,3.72,3.5,3.56,1235000,3.56,CMRX
Tue Jun 28 2016 00:00:00 GMT+0800 (China Standard Time),3.67,3.84,3.62,3.81,1439700,3.81,CMRX
Wed Jun 29 2016 00:00:00 GMT+0800 (China Standard Time),3.9,4.04,3.83,4.02,1027200,4.02,CMRX
Thu Jun 30 2016 00:00:00 GMT+0800 (China Standard Time),4.03,4.04,3.9,3.93,479800,3.93,CMRX
Fri Jul 01 2016 00:00:00 GMT+0800 (China Standard Time),3.9,4.15,3.9,4.06,752100,4.06,CMRX
Tue Jul 05 2016 00:00:00 GMT+0800 (China Standard Time),4.02,4.02,3.81,3.84,395000,3.84,CMRX
Wed Jul 06 2016 00:00:00 GMT+0800 (China Standard Time),3.81,4,3.76,3.95,393000,3.95,CMRX
Thu Jul 07 2016 00:00:00 GMT+0800 (China Standard Time),3.97,4.07,3.94,4.03,303500,4.03,CMRX
Fri Jul 08 2016 00:00:00 GMT+0800 (China Standard Time),4.06,4.1,3.92,3.99,424000,3.99,CMRX
Mon Jul 11 2016 00:00:00 GMT+0800 (China Standard Time),4,4.01,3.89,3.93,350300,3.93,CMRX
Tue Jul 12 2016 00:00:00 GMT+0800 (China Standard Time),3.95,3.98,3.83,3.86,571300,3.86,CMRX
Wed Jul 13 2016 00:00:00 GMT+0800 (China Standard Time),3.9,3.95,3.8,3.8,404300,3.8,CMRX
Thu Jul 14 2016 00:00:00 GMT+0800 (China Standard Time),3.82,3.88,3.71,3.81,428500,3.81,CMRX
Fri Jul 15 2016 00:00:00 GMT+0800 (China Standard Time),3.81,4.06,3.76,4.02,675600,4.02,CMRX
Mon Jul 18 2016 00:00:00 GMT+0800 (China Standard Time),4.03,4.09,3.91,4.05,452800,4.05,CMRX
Tue Jul 19 2016 00:00:00 GMT+0800 (China Standard Time),4.04,4.04,3.89,3.92,430800,3.92,CMRX
Wed Jul 20 2016 00:00:00 GMT+0800 (China Standard Time),3.93,4.12,3.88,4.1,505500,4.1,CMRX
Thu Jul 21 2016 00:00:00 GMT+0800 (China Standard Time),4.12,4.27,4.09,4.12,462400,4.12,CMRX
Fri Jul 22 2016 00:00:00 GMT+0800 (China Standard Time),4.1,4.23,4.02,4.12,223800,4.12,CMRX
Mon Jul 25 2016 00:00:00 GMT+0800 (China Standard Time),4.12,4.19,4.01,4.06,268000,4.06,CMRX
Tue Jul 26 2016 00:00:00 GMT+0800 (China Standard Time),4.06,4.09,4.01,4.02,187100,4.02,CMRX
Wed Jul 27 2016 00:00:00 GMT+0800 (China Standard Time),4.05,4.22,3.98,4.18,325200,4.18,CMRX
Thu Jul 28 2016 00:00:00 GMT+0800 (China Standard Time),4.18,4.21,4.01,4.02,408700,4.02,CMRX
Fri Jul 29 2016 00:00:00 GMT+0800 (China Standard Time),4.01,4.12,3.96,3.99,443100,3.99,CMRX
Mon Aug 01 2016 00:00:00 GMT+0800 (China Standard Time),4.01,4.19,3.99,4.08,329200,4.08,CMRX
Tue Aug 02 2016 00:00:00 GMT+0800 (China Standard Time),4.07,4.09,3.88,3.96,660400,3.96,CMRX
Wed Aug 03 2016 00:00:00 GMT+0800 (China Standard Time),3.95,4.23,3.92,4.23,623900,4.23,CMRX
Thu Aug 04 2016 00:00:00 GMT+0800 (China Standard Time),4.24,4.35,4.14,4.16,440100,4.16,CMRX
Fri Aug 05 2016 00:00:00 GMT+0800 (China Standard Time),4.15,4.3,4.1,4.21,647400,4.21,CMRX
Mon Aug 08 2016 00:00:00 GMT+0800 (China Standard Time),4.3,4.55,4.21,4.27,796200,4.27,CMRX
Tue Aug 09 2016 00:00:00 GMT+0800 (China Standard Time),4.31,4.5,4.25,4.45,903000,4.45,CMRX
Wed Aug 10 2016 00:00:00 GMT+0800 (China Standard Time),4.45,4.45,4.2,4.29,427500,4.29,CMRX
Thu Aug 11 2016 00:00:00 GMT+0800 (China Standard Time),4.32,4.47,4.23,4.47,554100,4.47,CMRX
Fri Aug 12 2016 00:00:00 GMT+0800 (China Standard Time),4.47,4.62,4.4,4.54,621100,4.54,CMRX
Mon Aug 15 2016 00:00:00 GMT+0800 (China Standard Time),4.57,4.67,4.54,4.66,489200,4.66,CMRX
Tue Aug 16 2016 00:00:00 GMT+0800 (China Standard Time),4.64,4.64,4.49,4.51,286000,4.51,CMRX
Wed Aug 17 2016 00:00:00 GMT+0800 (China Standard Time),4.51,4.53,4.28,4.28,358900,4.28,CMRX
Thu Aug 18 2016 00:00:00 GMT+0800 (China Standard Time),4.28,4.41,4.21,4.36,221100,4.36,CMRX
Fri Aug 19 2016 00:00:00 GMT+0800 (China Standard Time),4.35,4.38,4.24,4.31,239100,4.31,CMRX
Mon Aug 22 2016 00:00:00 GMT+0800 (China Standard Time),4.34,4.73,4.28,4.71,932500,4.71,CMRX
Tue Aug 23 2016 00:00:00 GMT+0800 (China Standard Time),4.73,4.83,4.61,4.76,585300,4.76,CMRX
Wed Aug 24 2016 00:00:00 GMT+0800 (China Standard Time),4.74,5.09,4.71,4.78,1267300,4.78,CMRX
Thu Aug 25 2016 00:00:00 GMT+0800 (China Standard Time),4.79,4.99,4.43,4.49,662800,4.49,CMRX
Fri Aug 26 2016 00:00:00 GMT+0800 (China Standard Time),4.53,4.62,4.36,4.46,410200,4.46,CMRX
Mon Aug 29 2016 00:00:00 GMT+0800 (China Standard Time),4.5,4.52,4.41,4.5,325500,4.5,CMRX
Tue Aug 30 2016 00:00:00 GMT+0800 (China Standard Time),4.49,4.68,4.49,4.58,216200,4.58,CMRX
Wed Aug 31 2016 00:00:00 GMT+0800 (China Standard Time),4.58,4.85,4.41,4.81,1121900,4.81,CMRX
Thu Sep 01 2016 00:00:00 GMT+0800 (China Standard Time),4.87,4.91,4.59,4.62,481400,4.62,CMRX
Fri Sep 02 2016 00:00:00 GMT+0800 (China Standard Time),4.66,4.78,4.59,4.62,286900,4.62,CMRX
Tue Sep 06 2016 00:00:00 GMT+0800 (China Standard Time),4.65,4.94,4.61,4.91,604700,4.91,CMRX
Wed Sep 07 2016 00:00:00 GMT+0800 (China Standard Time),4.9,5.02,4.84,4.93,428900,4.93,CMRX
Thu Sep 08 2016 00:00:00 GMT+0800 (China Standard Time),4.91,5.03,4.79,5.01,550500,5.01,CMRX
Fri Sep 09 2016 00:00:00 GMT+0800 (China Standard Time),4.94,5,4.76,4.76,432200,4.76,CMRX
Mon Sep 12 2016 00:00:00 GMT+0800 (China Standard Time),4.7,4.85,4.68,4.82,323300,4.82,CMRX
Tue Sep 13 2016 00:00:00 GMT+0800 (China Standard Time),4.78,4.87,4.65,4.84,379600,4.84,CMRX
Wed Sep 14 2016 00:00:00 GMT+0800 (China Standard Time),4.82,4.96,4.82,4.89,256800,4.89,CMRX
Thu Sep 15 2016 00:00:00 GMT+0800 (China Standard Time),4.9,5.27,4.85,5.22,1355400,5.22,CMRX
Fri Sep 16 2016 00:00:00 GMT+0800 (China Standard Time),5.25,5.59,5.11,5.56,1401600,5.56,CMRX
Mon Sep 19 2016 00:00:00 GMT+0800 (China Standard Time),5.55,5.71,5.36,5.54,947600,5.54,CMRX
Tue Sep 20 2016 00:00:00 GMT+0800 (China Standard Time),5.64,5.93,5.52,5.86,1059900,5.86,CMRX
Wed Sep 21 2016 00:00:00 GMT+0800 (China Standard Time),5.94,5.96,5.7,5.84,975900,5.84,CMRX
Thu Sep 22 2016 00:00:00 GMT+0800 (China Standard Time),5.94,5.94,5.7,5.75,516500,5.75,CMRX
Fri Sep 23 2016 00:00:00 GMT+0800 (China Standard Time),5.75,5.86,5.7,5.72,320700,5.72,CMRX
Mon Sep 26 2016 00:00:00 GMT+0800 (China Standard Time),5.65,5.75,5.57,5.6,420300,5.6,CMRX
Tue Sep 27 2016 00:00:00 GMT+0800 (China Standard Time),5.57,5.83,5.57,5.77,365600,5.77,CMRX
Wed Sep 28 2016 00:00:00 GMT+0800 (China Standard Time),5.76,5.92,5.63,5.89,548300,5.89,CMRX
Thu Sep 29 2016 00:00:00 GMT+0800 (China Standard Time),5.89,5.9,5.53,5.55,701200,5.55,CMRX
Fri Sep 30 2016 00:00:00 GMT+0800 (China Standard Time),5.58,5.64,5.41,5.54,463200,5.54,CMRX
Mon Oct 03 2016 00:00:00 GMT+0800 (China Standard Time),5.51,5.62,5.42,5.52,256700,5.52,CMRX
Tue Oct 04 2016 00:00:00 GMT+0800 (China Standard Time),5.51,5.62,5.43,5.46,323700,5.46,CMRX
Wed Oct 05 2016 00:00:00 GMT+0800 (China Standard Time),5.49,5.64,5.48,5.54,235400,5.54,CMRX
Thu Oct 06 2016 00:00:00 GMT+0800 (China Standard Time),5.5,5.52,5.23,5.25,435000,5.25,CMRX
Fri Oct 07 2016 00:00:00 GMT+0800 (China Standard Time),5.24,5.32,5.08,5.12,395900,5.12,CMRX
Mon Oct 10 2016 00:00:00 GMT+0800 (China Standard Time),5.14,5.25,5.09,5.17,330000,5.17,CMRX
Tue Oct 11 2016 00:00:00 GMT+0800 (China Standard Time),5.13,5.2,4.96,4.99,361500,4.99,CMRX
Wed Oct 12 2016 00:00:00 GMT+0800 (China Standard Time),5,5.05,4.7,4.72,501500,4.72,CMRX
Thu Oct 13 2016 00:00:00 GMT+0800 (China Standard Time),4.68,4.77,4.51,4.69,368200,4.69,CMRX
Fri Oct 14 2016 00:00:00 GMT+0800 (China Standard Time),4.74,4.8,4.51,4.52,324000,4.52,CMRX
Mon Oct 17 2016 00:00:00 GMT+0800 (China Standard Time),4.54,4.67,4.47,4.61,363600,4.61,CMRX
Tue Oct 18 2016 00:00:00 GMT+0800 (China Standard Time),4.66,4.9,4.65,4.84,450800,4.84,CMRX
Wed Oct 19 2016 00:00:00 GMT+0800 (China Standard Time),4.83,4.83,4.61,4.65,331700,4.65,CMRX
Thu Oct 20 2016 00:00:00 GMT+0800 (China Standard Time),4.65,4.85,4.62,4.76,759700,4.76,CMRX
Fri Oct 21 2016 00:00:00 GMT+0800 (China Standard Time),4.73,4.75,4.55,4.58,516600,4.58,CMRX
Mon Oct 24 2016 00:00:00 GMT+0800 (China Standard Time),4.63,4.7,4.45,4.49,429300,4.49,CMRX
Tue Oct 25 2016 00:00:00 GMT+0800 (China Standard Time),4.51,4.51,4.34,4.45,522400,4.45,CMRX
Wed Oct 26 2016 00:00:00 GMT+0800 (China Standard Time),4.45,4.55,4.21,4.31,587800,4.31,CMRX
Thu Oct 27 2016 00:00:00 GMT+0800 (China Standard Time),4.35,4.44,4.33,4.33,282100,4.33,CMRX
Fri Oct 28 2016 00:00:00 GMT+0800 (China Standard Time),4.34,4.34,4.12,4.18,336600,4.18,CMRX
Mon Oct 31 2016 00:00:00 GMT+0800 (China Standard Time),4.21,4.21,4,4.05,382800,4.05,CMRX
Tue Nov 01 2016 00:00:00 GMT+0800 (China Standard Time),4.05,4.16,4.01,4.13,398000,4.13,CMRX
Wed Nov 02 2016 00:00:00 GMT+0800 (China Standard Time),4.13,4.15,3.85,3.86,619800,3.86,CMRX
Thu Nov 03 2016 00:00:00 GMT+0800 (China Standard Time),3.89,3.92,3.66,3.68,569200,3.68,CMRX
Fri Nov 04 2016 00:00:00 GMT+0800 (China Standard Time),3.67,3.87,3.67,3.75,604800,3.75,CMRX
Mon Nov 07 2016 00:00:00 GMT+0800 (China Standard Time),3.75,4.03,3.75,3.9,971300,3.9,CMRX
Tue Nov 08 2016 00:00:00 GMT+0800 (China Standard Time),3.93,4.17,3.89,4.1,527000,4.1,CMRX
Wed Nov 09 2016 00:00:00 GMT+0800 (China Standard Time),4.35,4.58,4.24,4.55,890500,4.55,CMRX
Thu Nov 10 2016 00:00:00 GMT+0800 (China Standard Time),4.6,4.81,4.41,4.62,608900,4.62,CMRX
Fri Nov 11 2016 00:00:00 GMT+0800 (China Standard Time),4.6,4.81,4.45,4.77,631900,4.77,CMRX
