Thu Jan 02 2014 00:00:00 GMT+0800 (China Standard Time),52.330002,52.330002,52,52,400,50.078557,CXSE
Fri Jan 03 2014 00:00:00 GMT+0800 (China Standard Time),51.32,51.32,50.849998,51.290001,8900,49.394793,CXSE
Mon Jan 06 2014 00:00:00 GMT+0800 (China Standard Time),50.849998,50.889999,50.43,50.650002,17300,48.778442,CXSE
Tue Jan 07 2014 00:00:00 GMT+0800 (China Standard Time),50.439999,50.490002,50.439999,50.490002,600,48.624354,CXSE
Wed Jan 08 2014 00:00:00 GMT+0800 (China Standard Time),50.32,50.630001,50.32,50.549999,1500,48.682135,CXSE
Thu Jan 09 2014 00:00:00 GMT+0800 (China Standard Time),50.009998,50.009998,49.540001,49.700001,1800,47.863545,CXSE
Fri Jan 10 2014 00:00:00 GMT+0800 (China Standard Time),50.259998,50.580002,50.259998,50.549999,2100,48.682135,CXSE
Mon Jan 13 2014 00:00:00 GMT+0800 (China Standard Time),50.099998,50.259998,49.900002,49.900002,11600,48.056155,CXSE
Tue Jan 14 2014 00:00:00 GMT+0800 (China Standard Time),50.119999,50.59,49.830002,50.419998,2300,48.556938,CXSE
Wed Jan 15 2014 00:00:00 GMT+0800 (China Standard Time),50.259998,50.459999,50.150002,50.279999,6500,48.422111,CXSE
Thu Jan 16 2014 00:00:00 GMT+0800 (China Standard Time),50.029999,50.029999,49.869999,49.950001,900,48.104307,CXSE
Fri Jan 17 2014 00:00:00 GMT+0800 (China Standard Time),50.43,50.43,50.099998,50.18,1300,48.325808,CXSE
Tue Jan 21 2014 00:00:00 GMT+0800 (China Standard Time),50.259998,50.259998,49.98,50,1600,48.152459,CXSE
Wed Jan 22 2014 00:00:00 GMT+0800 (China Standard Time),50.48,51.259998,50.48,51.259998,1300,49.365899,CXSE
Thu Jan 23 2014 00:00:00 GMT+0800 (China Standard Time),50.139999,50.139999,49.549999,49.549999,4100,47.719086,CXSE
Fri Jan 24 2014 00:00:00 GMT+0800 (China Standard Time),48.82,49.32,48.369999,48.509998,9800,46.717514,CXSE
Mon Jan 27 2014 00:00:00 GMT+0800 (China Standard Time),48.23,48.509998,48.080002,48.41,7500,46.62121,CXSE
Tue Jan 28 2014 00:00:00 GMT+0800 (China Standard Time),48.41,48.66,48.41,48.610001,6500,46.813821,CXSE
Wed Jan 29 2014 00:00:00 GMT+0800 (China Standard Time),48.189999,48.200001,47.700001,48.200001,3100,46.418971,CXSE
Thu Jan 30 2014 00:00:00 GMT+0800 (China Standard Time),47.59,48.34,47.59,48.34,3600,46.553797,CXSE
Fri Jan 31 2014 00:00:00 GMT+0800 (China Standard Time),47.950001,47.950001,47.59,47.84,18600,46.072273,CXSE
Mon Feb 03 2014 00:00:00 GMT+0800 (China Standard Time),47.959999,47.959999,47.02,47.189999,73300,45.446289,CXSE
Tue Feb 04 2014 00:00:00 GMT+0800 (China Standard Time),46.919998,47.490002,46.919998,47.32,80200,45.571487,CXSE
Wed Feb 05 2014 00:00:00 GMT+0800 (China Standard Time),47.029999,47.119999,46.860001,47.040001,10200,45.301834,CXSE
Thu Feb 06 2014 00:00:00 GMT+0800 (China Standard Time),47.130001,47.77,47.130001,47.759998,28400,45.995227,CXSE
Fri Feb 07 2014 00:00:00 GMT+0800 (China Standard Time),48.02,48.310001,48.009998,48.310001,800,46.524907,CXSE
Mon Feb 10 2014 00:00:00 GMT+0800 (China Standard Time),47.860001,47.860001,47.860001,47.860001,200,46.091534,CXSE
Tue Feb 11 2014 00:00:00 GMT+0800 (China Standard Time),48.599998,49.049999,48.599998,48.860001,2700,47.054583,CXSE
Wed Feb 12 2014 00:00:00 GMT+0800 (China Standard Time),49.16,49.330002,49.16,49.27,1100,47.449433,CXSE
Thu Feb 13 2014 00:00:00 GMT+0800 (China Standard Time),49.23,49.23,49.23,49.23,300,47.41091,CXSE
Fri Feb 14 2014 00:00:00 GMT+0800 (China Standard Time),49.509998,49.509998,49.509998,49.509998,300,47.680563,CXSE
Tue Feb 18 2014 00:00:00 GMT+0800 (China Standard Time),49.630001,49.630001,49.560001,49.560001,500,47.728718,CXSE
Wed Feb 19 2014 00:00:00 GMT+0800 (China Standard Time),49.32,49.380001,49.32,49.360001,2700,47.536108,CXSE
Thu Feb 20 2014 00:00:00 GMT+0800 (China Standard Time),49.439999,49.52,49.439999,49.52,500,47.690196,CXSE
Fri Feb 21 2014 00:00:00 GMT+0800 (China Standard Time),49.330002,49.439999,49.330002,49.439999,600,47.61315,CXSE
Mon Feb 24 2014 00:00:00 GMT+0800 (China Standard Time),48.84,49.150002,48.84,48.959999,4100,47.150887,CXSE
Tue Feb 25 2014 00:00:00 GMT+0800 (China Standard Time),48.349998,48.41,48.119999,48.169998,5700,46.390077,CXSE
Wed Feb 26 2014 00:00:00 GMT+0800 (China Standard Time),48.779999,48.860001,48.779999,48.860001,400,47.054583,CXSE
Thu Feb 27 2014 00:00:00 GMT+0800 (China Standard Time),49.349998,49.540001,49.349998,49.540001,6900,47.709457,CXSE
Fri Feb 28 2014 00:00:00 GMT+0800 (China Standard Time),49.650002,49.650002,49.310001,49.32,3500,47.497585,CXSE
Mon Mar 03 2014 00:00:00 GMT+0800 (China Standard Time),48.950001,48.950001,48.950001,48.950001,200,47.141258,CXSE
Tue Mar 04 2014 00:00:00 GMT+0800 (China Standard Time),49.439999,49.439999,49.439999,49.439999,200,47.61315,CXSE
Wed Mar 05 2014 00:00:00 GMT+0800 (China Standard Time),48.990002,48.990002,48.689999,48.709999,3300,46.910124,CXSE
Thu Mar 06 2014 00:00:00 GMT+0800 (China Standard Time),49.439999,49.459999,49.189999,49.299999,2200,47.478324,CXSE
Fri Mar 07 2014 00:00:00 GMT+0800 (China Standard Time),49.110001,49.110001,48.529999,48.57,3900,46.775298,CXSE
Mon Mar 10 2014 00:00:00 GMT+0800 (China Standard Time),48.110001,48.110001,47.740002,47.740002,1200,45.975969,CXSE
Tue Mar 11 2014 00:00:00 GMT+0800 (China Standard Time),47.810001,47.810001,47.52,47.669998,1500,45.908552,CXSE
Wed Mar 12 2014 00:00:00 GMT+0800 (China Standard Time),47.169998,47.23,47.150002,47.18,5400,45.43666,CXSE
Thu Mar 13 2014 00:00:00 GMT+0800 (China Standard Time),47.360001,47.360001,46.450001,46.630001,6900,44.906984,CXSE
Fri Mar 14 2014 00:00:00 GMT+0800 (China Standard Time),46.73,46.970001,46.619999,46.720001,1700,44.993659,CXSE
Mon Mar 17 2014 00:00:00 GMT+0800 (China Standard Time),47.049999,47.27,47.009998,47.119999,23600,45.378876,CXSE
Tue Mar 18 2014 00:00:00 GMT+0800 (China Standard Time),47.59,47.59,47.59,47.59,300,45.83151,CXSE
Wed Mar 19 2014 00:00:00 GMT+0800 (China Standard Time),47.439999,47.700001,47.009998,47.310001,1800,45.561858,CXSE
Thu Mar 20 2014 00:00:00 GMT+0800 (China Standard Time),46.900002,47.299999,46.900002,47.299999,2400,45.552225,CXSE
Fri Mar 21 2014 00:00:00 GMT+0800 (China Standard Time),48.25,48.52,48.189999,48.189999,11100,46.409338,CXSE
Mon Mar 24 2014 00:00:00 GMT+0800 (China Standard Time),48.299999,48.299999,48.290001,48.290001,2400,46.505645,CXSE
Tue Mar 25 2014 00:00:00 GMT+0800 (China Standard Time),48.810001,48.810001,48.720001,48.720001,600,46.919757,CXSE
Wed Mar 26 2014 00:00:00 GMT+0800 (China Standard Time),48.790001,48.830002,48.529999,48.529999,1400,46.736775,CXSE
Thu Mar 27 2014 00:00:00 GMT+0800 (China Standard Time),48.619999,48.759998,48.619999,48.759998,400,46.958276,CXSE
Fri Mar 28 2014 00:00:00 GMT+0800 (China Standard Time),49.68,49.700001,49.66,49.700001,800,47.863545,CXSE
Mon Mar 31 2014 00:00:00 GMT+0800 (China Standard Time),49.869999,49.869999,49.869999,49.869999,400,48.027261,CXSE
Tue Apr 01 2014 00:00:00 GMT+0800 (China Standard Time),50.099998,50.099998,50.099998,50.099998,500,48.248762,CXSE
Wed Apr 02 2014 00:00:00 GMT+0800 (China Standard Time),49.959999,49.959999,49.959999,49.959999,1000,48.113936,CXSE
Thu Apr 03 2014 00:00:00 GMT+0800 (China Standard Time),50.450001,50.450001,50.139999,50.220001,1400,48.364331,CXSE
Fri Apr 04 2014 00:00:00 GMT+0800 (China Standard Time),50.41,50.790001,50.099998,50.18,9400,48.325808,CXSE
Mon Apr 07 2014 00:00:00 GMT+0800 (China Standard Time),50.259998,50.259998,49.990002,49.990002,1400,48.14283,CXSE
Tue Apr 08 2014 00:00:00 GMT+0800 (China Standard Time),50.419998,50.759998,50.419998,50.450001,1000,48.585832,CXSE
Wed Apr 09 2014 00:00:00 GMT+0800 (China Standard Time),50.450001,50.450001,50.450001,50.450001,0,48.585832,CXSE
Thu Apr 10 2014 00:00:00 GMT+0800 (China Standard Time),51.959999,52.290001,51.740002,51.740002,1100,49.828166,CXSE
Fri Apr 11 2014 00:00:00 GMT+0800 (China Standard Time),51.25,51.32,51.25,51.32,700,49.423683,CXSE
Mon Apr 14 2014 00:00:00 GMT+0800 (China Standard Time),51.68,51.68,51.68,51.68,200,49.770382,CXSE
Tue Apr 15 2014 00:00:00 GMT+0800 (China Standard Time),50.639999,50.639999,50.639999,50.639999,300,48.76881,CXSE
Wed Apr 16 2014 00:00:00 GMT+0800 (China Standard Time),50.849998,50.869999,50.709999,50.709999,4200,48.836223,CXSE
Thu Apr 17 2014 00:00:00 GMT+0800 (China Standard Time),50.91,50.91,50.900002,50.91,400,49.028833,CXSE
Mon Apr 21 2014 00:00:00 GMT+0800 (China Standard Time),50.869999,50.869999,50.869999,50.869999,100,48.99031,CXSE
Tue Apr 22 2014 00:00:00 GMT+0800 (China Standard Time),50.310001,50.310001,50.310001,50.310001,400,48.451005,CXSE
Wed Apr 23 2014 00:00:00 GMT+0800 (China Standard Time),49.939999,49.939999,49.709999,49.82,600,47.97911,CXSE
Thu Apr 24 2014 00:00:00 GMT+0800 (China Standard Time),49.939999,49.939999,49.75,49.810001,4000,47.969481,CXSE
Fri Apr 25 2014 00:00:00 GMT+0800 (China Standard Time),49.299999,49.299999,49.299999,49.299999,100,47.478324,CXSE
Mon Apr 28 2014 00:00:00 GMT+0800 (China Standard Time),49.040001,49.040001,49.040001,49.040001,400,47.227932,CXSE
Tue Apr 29 2014 00:00:00 GMT+0800 (China Standard Time),49.459999,49.700001,49.459999,49.68,1700,47.844283,CXSE
Wed Apr 30 2014 00:00:00 GMT+0800 (China Standard Time),49.240002,49.25,49.189999,49.25,600,47.430172,CXSE
Thu May 01 2014 00:00:00 GMT+0800 (China Standard Time),49.689999,49.689999,49.689999,49.689999,300,47.853912,CXSE
Fri May 02 2014 00:00:00 GMT+0800 (China Standard Time),49.689999,49.689999,49.689999,49.689999,0,47.853912,CXSE
Mon May 05 2014 00:00:00 GMT+0800 (China Standard Time),49.049999,49.139999,49.02,49.02,3700,47.208671,CXSE
Tue May 06 2014 00:00:00 GMT+0800 (China Standard Time),49.02,49.02,49.02,49.02,0,47.208671,CXSE
Wed May 07 2014 00:00:00 GMT+0800 (China Standard Time),48.82,48.82,48.82,48.82,300,47.01606,CXSE
Thu May 08 2014 00:00:00 GMT+0800 (China Standard Time),49.23,49.23,49.23,49.23,200,47.41091,CXSE
Fri May 09 2014 00:00:00 GMT+0800 (China Standard Time),48.849998,48.869999,48.799999,48.799999,2900,46.996799,CXSE
Mon May 12 2014 00:00:00 GMT+0800 (China Standard Time),49.419998,49.529999,49.419998,49.529999,500,47.699824,CXSE
Tue May 13 2014 00:00:00 GMT+0800 (China Standard Time),49.650002,49.889999,49.650002,49.889999,800,48.046523,CXSE
Wed May 14 2014 00:00:00 GMT+0800 (China Standard Time),50.220001,50.220001,50.119999,50.119999,1300,48.268024,CXSE
Thu May 15 2014 00:00:00 GMT+0800 (China Standard Time),49.48,49.650002,49.48,49.650002,2300,47.815393,CXSE
Fri May 16 2014 00:00:00 GMT+0800 (China Standard Time),49.650002,49.650002,49.650002,49.650002,0,47.815393,CXSE
Mon May 19 2014 00:00:00 GMT+0800 (China Standard Time),49.790001,49.799999,49.790001,49.799999,700,47.959848,CXSE
Tue May 20 2014 00:00:00 GMT+0800 (China Standard Time),49.599998,49.599998,49.41,49.41,500,47.58426,CXSE
Wed May 21 2014 00:00:00 GMT+0800 (China Standard Time),49.919998,50.060001,49.91,49.91,2200,48.065784,CXSE
Thu May 22 2014 00:00:00 GMT+0800 (China Standard Time),50.459999,50.459999,50.439999,50.439999,1100,48.576199,CXSE
Fri May 23 2014 00:00:00 GMT+0800 (China Standard Time),50.450001,50.450001,50.450001,50.450001,200,48.585832,CXSE
Tue May 27 2014 00:00:00 GMT+0800 (China Standard Time),50.779999,50.779999,50.32,50.380001,2900,48.518418,CXSE
Wed May 28 2014 00:00:00 GMT+0800 (China Standard Time),50.580002,50.580002,50.529999,50.529999,500,48.662874,CXSE
Thu May 29 2014 00:00:00 GMT+0800 (China Standard Time),50.529999,50.529999,50.529999,50.529999,0,48.662874,CXSE
Fri May 30 2014 00:00:00 GMT+0800 (China Standard Time),50.529999,50.529999,50.529999,50.529999,0,48.662874,CXSE
Mon Jun 02 2014 00:00:00 GMT+0800 (China Standard Time),50.700001,51.099998,50.700001,50.970001,2500,49.086618,CXSE
Tue Jun 03 2014 00:00:00 GMT+0800 (China Standard Time),50.970001,50.970001,50.970001,50.970001,0,49.086618,CXSE
Wed Jun 04 2014 00:00:00 GMT+0800 (China Standard Time),51.029999,51.080002,50.790001,51.080002,2700,49.192554,CXSE
Thu Jun 05 2014 00:00:00 GMT+0800 (China Standard Time),51.25,51.25,51.169998,51.169998,3700,49.279224,CXSE
Fri Jun 06 2014 00:00:00 GMT+0800 (China Standard Time),51.139999,51.139999,51.139999,51.139999,200,49.250334,CXSE
Mon Jun 09 2014 00:00:00 GMT+0800 (China Standard Time),51.299999,51.299999,51.299999,51.299999,100,49.404422,CXSE
Tue Jun 10 2014 00:00:00 GMT+0800 (China Standard Time),51.950001,51.950001,51.639999,51.700001,1100,49.789643,CXSE
Wed Jun 11 2014 00:00:00 GMT+0800 (China Standard Time),51.470001,51.470001,51.34,51.34,700,49.442945,CXSE
Thu Jun 12 2014 00:00:00 GMT+0800 (China Standard Time),51.630001,51.630001,51.310001,51.330002,1200,49.433316,CXSE
Fri Jun 13 2014 00:00:00 GMT+0800 (China Standard Time),51.98,51.98,51.98,51.98,400,50.059296,CXSE
Mon Jun 16 2014 00:00:00 GMT+0800 (China Standard Time),51.91,51.91,51.689999,51.689999,1600,49.78001,CXSE
Tue Jun 17 2014 00:00:00 GMT+0800 (China Standard Time),51.5,51.529999,51.5,51.529999,200,49.625923,CXSE
Wed Jun 18 2014 00:00:00 GMT+0800 (China Standard Time),51.82,51.82,51.82,51.82,400,49.905208,CXSE
Thu Jun 19 2014 00:00:00 GMT+0800 (China Standard Time),51.82,51.82,51.82,51.82,0,49.905208,CXSE
Fri Jun 20 2014 00:00:00 GMT+0800 (China Standard Time),51.82,51.82,51.82,51.82,0,49.905208,CXSE
Mon Jun 23 2014 00:00:00 GMT+0800 (China Standard Time),51.599998,51.599998,50.810001,50.98,900,49.395556,CXSE
Tue Jun 24 2014 00:00:00 GMT+0800 (China Standard Time),50.990002,51.110001,50.990002,51,1400,49.414935,CXSE
Wed Jun 25 2014 00:00:00 GMT+0800 (China Standard Time),50.919998,51.029999,50.919998,51.029999,300,49.444001,CXSE
Thu Jun 26 2014 00:00:00 GMT+0800 (China Standard Time),51.639999,51.82,51.639999,51.82,2200,50.209449,CXSE
Fri Jun 27 2014 00:00:00 GMT+0800 (China Standard Time),51.619999,51.619999,51.619999,51.619999,500,50.015664,CXSE
Mon Jun 30 2014 00:00:00 GMT+0800 (China Standard Time),51.619999,51.619999,51.619999,51.619999,0,50.015664,CXSE
Tue Jul 01 2014 00:00:00 GMT+0800 (China Standard Time),51.73,52.139999,51.73,52.139999,3800,50.519503,CXSE
Wed Jul 02 2014 00:00:00 GMT+0800 (China Standard Time),52.669998,52.77,52.66,52.77,1100,51.129924,CXSE
Thu Jul 03 2014 00:00:00 GMT+0800 (China Standard Time),52.990002,53.040001,52.990002,53.040001,300,51.391533,CXSE
Mon Jul 07 2014 00:00:00 GMT+0800 (China Standard Time),53.139999,53.139999,53.139999,53.139999,500,51.488424,CXSE
Tue Jul 08 2014 00:00:00 GMT+0800 (China Standard Time),53.040001,53.040001,52.900002,52.900002,900,51.255885,CXSE
Wed Jul 09 2014 00:00:00 GMT+0800 (China Standard Time),52.849998,52.849998,52.619999,52.799999,2900,51.158991,CXSE
Thu Jul 10 2014 00:00:00 GMT+0800 (China Standard Time),52.09,52.290001,52.09,52.290001,1500,50.664843,CXSE
Fri Jul 11 2014 00:00:00 GMT+0800 (China Standard Time),53.009998,53.009998,52.950001,52.990002,700,51.343088,CXSE
Mon Jul 14 2014 00:00:00 GMT+0800 (China Standard Time),53.490002,53.66,53.490002,53.66,600,51.992263,CXSE
Tue Jul 15 2014 00:00:00 GMT+0800 (China Standard Time),53.66,53.860001,53.639999,53.860001,4100,52.186047,CXSE
Wed Jul 16 2014 00:00:00 GMT+0800 (China Standard Time),53.990002,54.299999,53.990002,54.130001,5900,52.447656,CXSE
Thu Jul 17 2014 00:00:00 GMT+0800 (China Standard Time),53.91,53.91,53.91,53.91,500,52.234493,CXSE
Fri Jul 18 2014 00:00:00 GMT+0800 (China Standard Time),53.799999,53.990002,53.799999,53.830002,2200,52.156981,CXSE
Mon Jul 21 2014 00:00:00 GMT+0800 (China Standard Time),53.419998,53.470001,53.169998,53.470001,700,51.808169,CXSE
Tue Jul 22 2014 00:00:00 GMT+0800 (China Standard Time),54.029999,54.560001,54.029999,54.450001,8500,52.757711,CXSE
Wed Jul 23 2014 00:00:00 GMT+0800 (China Standard Time),54.619999,54.709999,54.619999,54.66,2100,52.961183,CXSE
Thu Jul 24 2014 00:00:00 GMT+0800 (China Standard Time),54.810001,55.23,54.810001,54.950001,19300,53.242171,CXSE
Fri Jul 25 2014 00:00:00 GMT+0800 (China Standard Time),55,55.200001,54.959999,55.009998,7400,53.300304,CXSE
Mon Jul 28 2014 00:00:00 GMT+0800 (China Standard Time),55.25,55.419998,55.02,55.419998,1600,53.697561,CXSE
Tue Jul 29 2014 00:00:00 GMT+0800 (China Standard Time),55.59,55.59,55.299999,55.299999,2800,53.581291,CXSE
Wed Jul 30 2014 00:00:00 GMT+0800 (China Standard Time),55.220001,55.220001,54.77,55.099998,1900,53.387507,CXSE
Thu Jul 31 2014 00:00:00 GMT+0800 (China Standard Time),54.849998,54.849998,54.380001,54.380001,7800,52.689886,CXSE
Fri Aug 01 2014 00:00:00 GMT+0800 (China Standard Time),54.900002,54.900002,54.66,54.77,8300,53.067765,CXSE
Mon Aug 04 2014 00:00:00 GMT+0800 (China Standard Time),55.25,55.490002,55.16,55.490002,4500,53.765389,CXSE
Tue Aug 05 2014 00:00:00 GMT+0800 (China Standard Time),54.869999,55.119999,54.869999,54.98,2900,53.271237,CXSE
Wed Aug 06 2014 00:00:00 GMT+0800 (China Standard Time),54.98,54.98,54.98,54.98,0,53.271237,CXSE
Thu Aug 07 2014 00:00:00 GMT+0800 (China Standard Time),54.779999,54.799999,54.77,54.799999,4900,53.096831,CXSE
Fri Aug 08 2014 00:00:00 GMT+0800 (China Standard Time),55.439999,55.540001,55.369999,55.529999,3000,53.804143,CXSE
Mon Aug 11 2014 00:00:00 GMT+0800 (China Standard Time),56,56.16,55.919998,56.16,1700,54.414563,CXSE
Tue Aug 12 2014 00:00:00 GMT+0800 (China Standard Time),56.23,56.580002,56.07,56.580002,6900,54.821512,CXSE
Wed Aug 13 2014 00:00:00 GMT+0800 (China Standard Time),56.799999,56.93,56.799999,56.93,1700,55.160632,CXSE
Thu Aug 14 2014 00:00:00 GMT+0800 (China Standard Time),56.470001,56.470001,56.470001,56.470001,700,54.71493,CXSE
Fri Aug 15 2014 00:00:00 GMT+0800 (China Standard Time),56.5,56.5,56.240002,56.240002,400,54.492079,CXSE
Mon Aug 18 2014 00:00:00 GMT+0800 (China Standard Time),56.669998,56.880001,56.669998,56.869999,2800,55.102496,CXSE
Tue Aug 19 2014 00:00:00 GMT+0800 (China Standard Time),57.610001,57.610001,57.07,57.130001,1600,55.354417,CXSE
Wed Aug 20 2014 00:00:00 GMT+0800 (China Standard Time),57.27,57.290001,56.82,56.82,10700,55.054051,CXSE
Thu Aug 21 2014 00:00:00 GMT+0800 (China Standard Time),56.700001,56.700001,56.279999,56.419998,6400,54.666481,CXSE
Fri Aug 22 2014 00:00:00 GMT+0800 (China Standard Time),56.580002,56.580002,56.57,56.57,4400,54.811821,CXSE
Mon Aug 25 2014 00:00:00 GMT+0800 (China Standard Time),56.700001,56.700001,56.599998,56.599998,900,54.840887,CXSE
Tue Aug 26 2014 00:00:00 GMT+0800 (China Standard Time),56.619999,56.93,56.599998,56.610001,1600,54.850578,CXSE
Wed Aug 27 2014 00:00:00 GMT+0800 (China Standard Time),56.290001,56.41,56.25,56.389999,2000,54.637415,CXSE
Thu Aug 28 2014 00:00:00 GMT+0800 (China Standard Time),55.82,55.82,55.549999,55.549999,3000,53.823521,CXSE
Fri Aug 29 2014 00:00:00 GMT+0800 (China Standard Time),56,56.029999,55.860001,55.860001,3700,54.123888,CXSE
Tue Sep 02 2014 00:00:00 GMT+0800 (China Standard Time),56.759998,56.900002,56.66,56.73,3600,54.966848,CXSE
Wed Sep 03 2014 00:00:00 GMT+0800 (China Standard Time),58,58.130001,57.799999,57.950001,2700,56.148932,CXSE
Thu Sep 04 2014 00:00:00 GMT+0800 (China Standard Time),58.130001,58.130001,58.02,58.029999,1000,56.226443,CXSE
Fri Sep 05 2014 00:00:00 GMT+0800 (China Standard Time),57.830002,57.98,57.830002,57.98,5500,56.177998,CXSE
Mon Sep 08 2014 00:00:00 GMT+0800 (China Standard Time),58.049999,58.049999,57.82,57.82,5200,56.022971,CXSE
Tue Sep 09 2014 00:00:00 GMT+0800 (China Standard Time),57.900002,57.900002,57.639999,57.740002,4900,55.945459,CXSE
Wed Sep 10 2014 00:00:00 GMT+0800 (China Standard Time),56.900002,57,56.790001,56.990002,4000,55.218769,CXSE
Thu Sep 11 2014 00:00:00 GMT+0800 (China Standard Time),56.540001,56.799999,56.540001,56.799999,1200,55.034672,CXSE
Fri Sep 12 2014 00:00:00 GMT+0800 (China Standard Time),56.599998,56.599998,56.279999,56.279999,900,54.530833,CXSE
Mon Sep 15 2014 00:00:00 GMT+0800 (China Standard Time),55.939999,55.939999,55.490002,55.490002,4900,53.765389,CXSE
Tue Sep 16 2014 00:00:00 GMT+0800 (China Standard Time),55.099998,56.060001,55.099998,55.849998,900,54.114197,CXSE
Wed Sep 17 2014 00:00:00 GMT+0800 (China Standard Time),55.740002,56.23,55.459999,55.599998,5100,53.871967,CXSE
Thu Sep 18 2014 00:00:00 GMT+0800 (China Standard Time),55.27,55.27,55.23,55.27,4400,53.552225,CXSE
Fri Sep 19 2014 00:00:00 GMT+0800 (China Standard Time),55.009998,55.009998,54.860001,54.860001,400,53.154968,CXSE
Mon Sep 22 2014 00:00:00 GMT+0800 (China Standard Time),54.09,54.09,53.57,53.59,3500,52.388545,CXSE
Tue Sep 23 2014 00:00:00 GMT+0800 (China Standard Time),53.23,53.27,53.23,53.25,9700,52.056167,CXSE
Wed Sep 24 2014 00:00:00 GMT+0800 (China Standard Time),54.09,54.57,54.07,54.549999,3800,53.327021,CXSE
Thu Sep 25 2014 00:00:00 GMT+0800 (China Standard Time),53.650002,53.650002,53.59,53.599998,1900,52.398319,CXSE
Fri Sep 26 2014 00:00:00 GMT+0800 (China Standard Time),53.77,53.919998,53.77,53.919998,1100,52.711145,CXSE
Mon Sep 29 2014 00:00:00 GMT+0800 (China Standard Time),52.689999,52.689999,52.43,52.459999,2500,51.283878,CXSE
Tue Sep 30 2014 00:00:00 GMT+0800 (China Standard Time),52.5,52.5,52.5,52.5,100,51.322982,CXSE
Wed Oct 01 2014 00:00:00 GMT+0800 (China Standard Time),52.02,52.02,52.02,52.02,200,50.853744,CXSE
Thu Oct 02 2014 00:00:00 GMT+0800 (China Standard Time),51.5,51.68,51.34,51.610001,5800,50.452936,CXSE
Fri Oct 03 2014 00:00:00 GMT+0800 (China Standard Time),52.07,52.169998,51.959999,52,27200,50.834192,CXSE
Mon Oct 06 2014 00:00:00 GMT+0800 (China Standard Time),52.560001,52.849998,52.560001,52.849998,3400,51.665134,CXSE
Tue Oct 07 2014 00:00:00 GMT+0800 (China Standard Time),52.849998,52.849998,52.849998,52.849998,0,51.665134,CXSE
Wed Oct 08 2014 00:00:00 GMT+0800 (China Standard Time),52.18,52.490002,52.18,52.490002,600,51.313208,CXSE
Thu Oct 09 2014 00:00:00 GMT+0800 (China Standard Time),53.07,53.07,52.560001,52.57,400,51.391412,CXSE
Fri Oct 10 2014 00:00:00 GMT+0800 (China Standard Time),51.98,51.98,51.509998,51.549999,1900,50.39428,CXSE
Mon Oct 13 2014 00:00:00 GMT+0800 (China Standard Time),51.990002,51.990002,51.759998,51.970001,1500,50.804865,CXSE
Tue Oct 14 2014 00:00:00 GMT+0800 (China Standard Time),51.540001,51.540001,51.43,51.43,700,50.276971,CXSE
Wed Oct 15 2014 00:00:00 GMT+0800 (China Standard Time),51,51,50.459999,50.599998,1100,49.465577,CXSE
Thu Oct 16 2014 00:00:00 GMT+0800 (China Standard Time),50.720001,51.43,50.720001,51.43,700,50.276971,CXSE
Fri Oct 17 2014 00:00:00 GMT+0800 (China Standard Time),51.669998,51.669998,51.669998,51.669998,400,50.511588,CXSE
Mon Oct 20 2014 00:00:00 GMT+0800 (China Standard Time),51.669998,51.669998,51.669998,51.669998,0,50.511588,CXSE
Tue Oct 21 2014 00:00:00 GMT+0800 (China Standard Time),51.220001,51.490002,51.220001,51.27,1000,50.120558,CXSE
Wed Oct 22 2014 00:00:00 GMT+0800 (China Standard Time),51.529999,51.630001,51.529999,51.630001,300,50.472488,CXSE
Thu Oct 23 2014 00:00:00 GMT+0800 (China Standard Time),51.630001,51.630001,51.630001,51.630001,0,50.472488,CXSE
Fri Oct 24 2014 00:00:00 GMT+0800 (China Standard Time),51.619999,51.619999,51.619999,51.619999,100,50.46271,CXSE
Mon Oct 27 2014 00:00:00 GMT+0800 (China Standard Time),50.869999,50.919998,50.549999,50.919998,2500,49.778403,CXSE
Tue Oct 28 2014 00:00:00 GMT+0800 (China Standard Time),51.310001,51.880001,51.310001,51.619999,32000,50.46271,CXSE
Wed Oct 29 2014 00:00:00 GMT+0800 (China Standard Time),52.029999,52.279999,52.029999,52.130001,800,50.961278,CXSE
Thu Oct 30 2014 00:00:00 GMT+0800 (China Standard Time),51.830002,52.389999,51.689999,52.049999,4600,50.88307,CXSE
Fri Oct 31 2014 00:00:00 GMT+0800 (China Standard Time),52.630001,52.630001,52.630001,52.630001,200,51.450068,CXSE
Mon Nov 03 2014 00:00:00 GMT+0800 (China Standard Time),52.630001,52.630001,52.630001,52.630001,0,51.450068,CXSE
Tue Nov 04 2014 00:00:00 GMT+0800 (China Standard Time),52.93,52.93,52.93,52.93,500,51.743342,CXSE
Wed Nov 05 2014 00:00:00 GMT+0800 (China Standard Time),52.490002,52.490002,52.470001,52.470001,700,51.293656,CXSE
Thu Nov 06 2014 00:00:00 GMT+0800 (China Standard Time),52.470001,52.470001,52.470001,52.470001,0,51.293656,CXSE
Fri Nov 07 2014 00:00:00 GMT+0800 (China Standard Time),52.18,52.18,51.970001,52,2000,50.834192,CXSE
Mon Nov 10 2014 00:00:00 GMT+0800 (China Standard Time),52.59,52.59,52.59,52.59,500,51.410964,CXSE
Tue Nov 11 2014 00:00:00 GMT+0800 (China Standard Time),52.330002,52.330002,52.330002,52.330002,700,51.156795,CXSE
Wed Nov 12 2014 00:00:00 GMT+0800 (China Standard Time),52.529999,52.529999,52.529999,52.529999,200,51.352308,CXSE
Thu Nov 13 2014 00:00:00 GMT+0800 (China Standard Time),52.529999,52.529999,52.529999,52.529999,0,51.352308,CXSE
Fri Nov 14 2014 00:00:00 GMT+0800 (China Standard Time),52.810001,53.130001,52.810001,53.130001,1200,51.938859,CXSE
Mon Nov 17 2014 00:00:00 GMT+0800 (China Standard Time),51.98,51.98,51.759998,51.790001,1400,50.628901,CXSE
Tue Nov 18 2014 00:00:00 GMT+0800 (China Standard Time),51.700001,51.700001,51.5,51.619999,3000,50.46271,CXSE
Wed Nov 19 2014 00:00:00 GMT+0800 (China Standard Time),51.23,51.23,51.23,51.23,300,50.081454,CXSE
Thu Nov 20 2014 00:00:00 GMT+0800 (China Standard Time),51.139999,51.139999,51.139999,51.139999,200,49.993472,CXSE
Fri Nov 21 2014 00:00:00 GMT+0800 (China Standard Time),52.509998,53,52.509998,52.740002,7000,51.557603,CXSE
Mon Nov 24 2014 00:00:00 GMT+0800 (China Standard Time),52.900002,52.900002,52.75,52.779999,600,51.596703,CXSE
Tue Nov 25 2014 00:00:00 GMT+0800 (China Standard Time),52.849998,52.849998,52.849998,52.849998,200,51.665134,CXSE
Wed Nov 26 2014 00:00:00 GMT+0800 (China Standard Time),53.110001,53.470001,53.110001,53.470001,600,52.271236,CXSE
Fri Nov 28 2014 00:00:00 GMT+0800 (China Standard Time),52.860001,52.860001,52.860001,52.860001,600,51.674911,CXSE
Mon Dec 01 2014 00:00:00 GMT+0800 (China Standard Time),52.860001,52.860001,52.860001,52.860001,100,51.674911,CXSE
Tue Dec 02 2014 00:00:00 GMT+0800 (China Standard Time),51.68,51.84,51.68,51.82,1100,50.658227,CXSE
Wed Dec 03 2014 00:00:00 GMT+0800 (China Standard Time),51.450001,51.450001,51.400002,51.400002,700,50.247645,CXSE
Thu Dec 04 2014 00:00:00 GMT+0800 (China Standard Time),52.299999,52.82,52.299999,52.82,700,51.635807,CXSE
Fri Dec 05 2014 00:00:00 GMT+0800 (China Standard Time),52.599998,52.919998,52.599998,52.849998,2700,51.665134,CXSE
Mon Dec 08 2014 00:00:00 GMT+0800 (China Standard Time),52.560001,52.560001,51.93,51.93,6200,50.765761,CXSE
Tue Dec 09 2014 00:00:00 GMT+0800 (China Standard Time),51.02,51.049999,50.919998,51.009998,3700,49.866385,CXSE
Wed Dec 10 2014 00:00:00 GMT+0800 (China Standard Time),51.360001,51.369999,51.029999,51.080002,12900,49.934819,CXSE
Thu Dec 11 2014 00:00:00 GMT+0800 (China Standard Time),51.380001,51.540001,51.380001,51.540001,1600,50.384505,CXSE
Fri Dec 12 2014 00:00:00 GMT+0800 (China Standard Time),51,51,50.849998,50.849998,1700,49.709972,CXSE
Mon Dec 15 2014 00:00:00 GMT+0800 (China Standard Time),50.540001,50.799999,50.540001,50.75,900,49.612216,CXSE
Tue Dec 16 2014 00:00:00 GMT+0800 (China Standard Time),50.279999,50.82,50.040001,50.82,1800,49.680646,CXSE
Wed Dec 17 2014 00:00:00 GMT+0800 (China Standard Time),50.599998,51.110001,50.599998,50.860001,400,49.71975,CXSE
Thu Dec 18 2014 00:00:00 GMT+0800 (China Standard Time),51.68,51.68,51.459999,51.459999,500,50.306297,CXSE
Fri Dec 19 2014 00:00:00 GMT+0800 (China Standard Time),51.310001,51.529999,51.139999,51.299999,1400,50.531867,CXSE
Mon Dec 22 2014 00:00:00 GMT+0800 (China Standard Time),51.889999,51.889999,51.889999,51.889999,500,51.113033,CXSE
Tue Dec 23 2014 00:00:00 GMT+0800 (China Standard Time),51.700001,51.720001,51.700001,51.720001,800,50.94558,CXSE
Wed Dec 24 2014 00:00:00 GMT+0800 (China Standard Time),51.639999,51.639999,51.630001,51.630001,200,50.856927,CXSE
Fri Dec 26 2014 00:00:00 GMT+0800 (China Standard Time),52.610001,52.669998,52.610001,52.619999,2300,51.832102,CXSE
Mon Dec 29 2014 00:00:00 GMT+0800 (China Standard Time),52.57,52.57,52.279999,52.419998,700,51.635096,CXSE
Tue Dec 30 2014 00:00:00 GMT+0800 (China Standard Time),51.68,51.700001,51.52,51.700001,2400,50.925879,CXSE
Wed Dec 31 2014 00:00:00 GMT+0800 (China Standard Time),52.040001,52.110001,51.939999,52,6400,51.221386,CXSE
Fri Jan 02 2015 00:00:00 GMT+0800 (China Standard Time),52.439999,52.439999,51.970001,51.970001,1600,51.191837,CXSE
Mon Jan 05 2015 00:00:00 GMT+0800 (China Standard Time),52.220001,52.220001,51.860001,51.91,1600,51.132734,CXSE
Tue Jan 06 2015 00:00:00 GMT+0800 (China Standard Time),51.25,51.25,51.099998,51.169998,2200,50.403812,CXSE
Wed Jan 07 2015 00:00:00 GMT+0800 (China Standard Time),51.98,52.349998,51.98,52.349998,14000,51.566144,CXSE
Thu Jan 08 2015 00:00:00 GMT+0800 (China Standard Time),53,53.189999,52.959999,53.009998,1800,52.216261,CXSE
Fri Jan 09 2015 00:00:00 GMT+0800 (China Standard Time),52.560001,52.560001,52.560001,52.560001,300,51.773002,CXSE
Mon Jan 12 2015 00:00:00 GMT+0800 (China Standard Time),52.470001,52.540001,52.419998,52.540001,800,51.753301,CXSE
Tue Jan 13 2015 00:00:00 GMT+0800 (China Standard Time),53.220001,53.59,53.220001,53.41,2200,52.610274,CXSE
Wed Jan 14 2015 00:00:00 GMT+0800 (China Standard Time),52.889999,52.889999,52.490002,52.779999,2700,51.989706,CXSE
Thu Jan 15 2015 00:00:00 GMT+0800 (China Standard Time),53.080002,53.080002,53.080002,53.080002,100,52.285217,CXSE
Fri Jan 16 2015 00:00:00 GMT+0800 (China Standard Time),52.130001,52.290001,52.130001,52.259998,800,51.477491,CXSE
Tue Jan 20 2015 00:00:00 GMT+0800 (China Standard Time),52.16,52.16,51.950001,51.950001,800,51.172136,CXSE
Wed Jan 21 2015 00:00:00 GMT+0800 (China Standard Time),52.59,53.18,52.59,53.169998,1000,52.373866,CXSE
Thu Jan 22 2015 00:00:00 GMT+0800 (China Standard Time),53.419998,53.639999,53.419998,53.639999,500,52.836829,CXSE
Fri Jan 23 2015 00:00:00 GMT+0800 (China Standard Time),53.799999,53.799999,53.689999,53.740002,900,52.935334,CXSE
Mon Jan 26 2015 00:00:00 GMT+0800 (China Standard Time),53.59,53.700001,53.59,53.700001,400,52.895932,CXSE
Tue Jan 27 2015 00:00:00 GMT+0800 (China Standard Time),53,53.119999,52.959999,53.099998,11700,52.304914,CXSE
Wed Jan 28 2015 00:00:00 GMT+0800 (China Standard Time),53.09,53.09,52.639999,52.650002,500,51.861655,CXSE
Thu Jan 29 2015 00:00:00 GMT+0800 (China Standard Time),52.669998,52.669998,52.669998,52.669998,100,51.881352,CXSE
Fri Jan 30 2015 00:00:00 GMT+0800 (China Standard Time),52.669998,52.669998,52.669998,52.669998,0,51.881352,CXSE
Mon Feb 02 2015 00:00:00 GMT+0800 (China Standard Time),52.119999,52.48,52.119999,52.48,900,51.694199,CXSE
Tue Feb 03 2015 00:00:00 GMT+0800 (China Standard Time),52.619999,52.82,52.619999,52.82,800,52.029108,CXSE
Wed Feb 04 2015 00:00:00 GMT+0800 (China Standard Time),53.860001,53.860001,53.860001,53.860001,600,53.053536,CXSE
Thu Feb 05 2015 00:00:00 GMT+0800 (China Standard Time),52.759998,52.759998,52.669998,52.700001,1700,51.910906,CXSE
Fri Feb 06 2015 00:00:00 GMT+0800 (China Standard Time),52.310001,52.310001,52.240002,52.240002,800,51.457794,CXSE
Mon Feb 09 2015 00:00:00 GMT+0800 (China Standard Time),51.75,51.849998,51.540001,51.540001,3900,50.768275,CXSE
Tue Feb 10 2015 00:00:00 GMT+0800 (China Standard Time),52,52,52,52,100,51.221386,CXSE
Wed Feb 11 2015 00:00:00 GMT+0800 (China Standard Time),52.150002,52.150002,52.150002,52.150002,200,51.369142,CXSE
Thu Feb 12 2015 00:00:00 GMT+0800 (China Standard Time),52.68,52.810001,52.68,52.799999,12200,52.009407,CXSE
Fri Feb 13 2015 00:00:00 GMT+0800 (China Standard Time),53.049999,53.099998,53.049999,53.099998,1300,52.304914,CXSE
Tue Feb 17 2015 00:00:00 GMT+0800 (China Standard Time),53.169998,53.169998,53.169998,53.169998,100,52.373866,CXSE
Wed Feb 18 2015 00:00:00 GMT+0800 (China Standard Time),53.110001,53.130001,53.110001,53.130001,400,52.334467,CXSE
Thu Feb 19 2015 00:00:00 GMT+0800 (China Standard Time),53.130001,53.130001,53.130001,53.130001,0,52.334467,CXSE
Fri Feb 20 2015 00:00:00 GMT+0800 (China Standard Time),53.009998,53.27,53.009998,53.27,1200,52.472371,CXSE
Mon Feb 23 2015 00:00:00 GMT+0800 (China Standard Time),53.27,53.27,53.27,53.27,0,52.472371,CXSE
Tue Feb 24 2015 00:00:00 GMT+0800 (China Standard Time),52.98,53.5,52.98,53.5,600,52.698926,CXSE
Wed Feb 25 2015 00:00:00 GMT+0800 (China Standard Time),53.349998,53.380001,53.279999,53.380001,900,52.580724,CXSE
Thu Feb 26 2015 00:00:00 GMT+0800 (China Standard Time),53.799999,53.799999,53.799999,53.799999,700,52.994433,CXSE
Fri Feb 27 2015 00:00:00 GMT+0800 (China Standard Time),54.099998,54.099998,54.049999,54.07,1100,53.260391,CXSE
Mon Mar 02 2015 00:00:00 GMT+0800 (China Standard Time),54.07,54.07,54.07,54.07,0,53.260391,CXSE
Tue Mar 03 2015 00:00:00 GMT+0800 (China Standard Time),53.34,53.34,53.130001,53.130001,1500,52.334467,CXSE
Wed Mar 04 2015 00:00:00 GMT+0800 (China Standard Time),52.869999,52.869999,52.869999,52.869999,600,52.078358,CXSE
Thu Mar 05 2015 00:00:00 GMT+0800 (China Standard Time),52.880001,52.880001,52.84,52.84,4200,52.048809,CXSE
Fri Mar 06 2015 00:00:00 GMT+0800 (China Standard Time),52.84,52.84,52.84,52.84,0,52.048809,CXSE
Mon Mar 09 2015 00:00:00 GMT+0800 (China Standard Time),52.75,52.75,52.75,52.75,100,51.960156,CXSE
Tue Mar 10 2015 00:00:00 GMT+0800 (China Standard Time),52.200001,52.200001,52.200001,52.200001,300,51.418392,CXSE
Wed Mar 11 2015 00:00:00 GMT+0800 (China Standard Time),51.610001,51.610001,51.610001,51.610001,400,50.837226,CXSE
Thu Mar 12 2015 00:00:00 GMT+0800 (China Standard Time),52.060001,52.060001,51.700001,51.700001,900,50.925879,CXSE
Fri Mar 13 2015 00:00:00 GMT+0800 (China Standard Time),51.700001,51.700001,51.700001,51.700001,0,50.925879,CXSE
Mon Mar 16 2015 00:00:00 GMT+0800 (China Standard Time),52.290001,52.290001,52.290001,52.290001,1000,51.507045,CXSE
Tue Mar 17 2015 00:00:00 GMT+0800 (China Standard Time),52.290001,52.290001,52.290001,52.290001,0,51.507045,CXSE
Wed Mar 18 2015 00:00:00 GMT+0800 (China Standard Time),52.650002,53.32,52.650002,53.32,1700,52.521621,CXSE
Thu Mar 19 2015 00:00:00 GMT+0800 (China Standard Time),53.040001,53.299999,53.029999,53.27,1600,52.472371,CXSE
Fri Mar 20 2015 00:00:00 GMT+0800 (China Standard Time),53.200001,53.310001,53.110001,53.25,1900,52.45267,CXSE
Mon Mar 23 2015 00:00:00 GMT+0800 (China Standard Time),52.91,52.990002,52.91,52.91,2100,52.11776,CXSE
Tue Mar 24 2015 00:00:00 GMT+0800 (China Standard Time),53.209999,53.209999,53.16,53.16,3000,52.364017,CXSE
Wed Mar 25 2015 00:00:00 GMT+0800 (China Standard Time),52.509998,52.509998,52.509998,52.509998,300,51.723748,CXSE
Thu Mar 26 2015 00:00:00 GMT+0800 (China Standard Time),52.610001,52.610001,52.610001,52.610001,100,51.822253,CXSE
Fri Mar 27 2015 00:00:00 GMT+0800 (China Standard Time),53.16,53.16,53.16,53.16,800,52.364017,CXSE
Mon Mar 30 2015 00:00:00 GMT+0800 (China Standard Time),54.82,55.490002,54.82,55.490002,1900,54.659131,CXSE
Tue Mar 31 2015 00:00:00 GMT+0800 (China Standard Time),55.48,55.549999,55.48,55.549999,2100,54.71823,CXSE
Wed Apr 01 2015 00:00:00 GMT+0800 (China Standard Time),56.279999,56.400002,56.279999,56.389999,1200,55.545653,CXSE
Thu Apr 02 2015 00:00:00 GMT+0800 (China Standard Time),56.970001,56.970001,56.970001,56.970001,500,56.11697,CXSE
Mon Apr 06 2015 00:00:00 GMT+0800 (China Standard Time),57.400002,58.360001,57.400002,57.970001,3000,57.101997,CXSE
Tue Apr 07 2015 00:00:00 GMT+0800 (China Standard Time),58.509998,58.610001,58.080002,58.080002,2200,57.21035,CXSE
Wed Apr 08 2015 00:00:00 GMT+0800 (China Standard Time),62.200001,62.25,61.57,62.09,49900,61.160305,CXSE
Thu Apr 09 2015 00:00:00 GMT+0800 (China Standard Time),63.099998,63.299999,63.099998,63.259998,1000,62.312785,CXSE
Fri Apr 10 2015 00:00:00 GMT+0800 (China Standard Time),63.66,64.330002,63.66,64,1500,63.041706,CXSE
Mon Apr 13 2015 00:00:00 GMT+0800 (China Standard Time),64.400002,64.989998,64,64,2500,63.041706,CXSE
Tue Apr 14 2015 00:00:00 GMT+0800 (China Standard Time),63.639999,63.77,63.099998,63.540001,6400,62.588595,CXSE
Wed Apr 15 2015 00:00:00 GMT+0800 (China Standard Time),63.450001,63.450001,62.830002,63.02,2300,62.07638,CXSE
Thu Apr 16 2015 00:00:00 GMT+0800 (China Standard Time),63.810001,64.540001,63.709999,64.540001,2100,63.573621,CXSE
Fri Apr 17 2015 00:00:00 GMT+0800 (China Standard Time),62.150002,62.150002,59.439999,62,2500,61.071653,CXSE
Mon Apr 20 2015 00:00:00 GMT+0800 (China Standard Time),61.549999,62.509998,61.549999,62.509998,1600,61.574015,CXSE
Tue Apr 21 2015 00:00:00 GMT+0800 (China Standard Time),62.84,63.25,62.84,63.25,1700,62.302936,CXSE
Wed Apr 22 2015 00:00:00 GMT+0800 (China Standard Time),63.599998,64,63.599998,64,300,63.041706,CXSE
Thu Apr 23 2015 00:00:00 GMT+0800 (China Standard Time),63.990002,65.239998,63.990002,65.239998,2600,64.263137,CXSE
Fri Apr 24 2015 00:00:00 GMT+0800 (China Standard Time),64.919998,64.919998,64.370003,64.370003,1100,63.406169,CXSE
Mon Apr 27 2015 00:00:00 GMT+0800 (China Standard Time),64.370003,66.029999,64.370003,65.830002,8200,64.844307,CXSE
Tue Apr 28 2015 00:00:00 GMT+0800 (China Standard Time),65.370003,65.370003,65.040001,65.040001,1400,64.066135,CXSE
Wed Apr 29 2015 00:00:00 GMT+0800 (China Standard Time),64.599998,64.599998,64,64.529999,2300,63.563769,CXSE
Thu Apr 30 2015 00:00:00 GMT+0800 (China Standard Time),64,64,64,64,200,63.041706,CXSE
Fri May 01 2015 00:00:00 GMT+0800 (China Standard Time),64.589996,64.589996,64.589996,64.589996,300,63.622868,CXSE
Mon May 04 2015 00:00:00 GMT+0800 (China Standard Time),64.389999,64.510002,64.389999,64.510002,800,63.544072,CXSE
Tue May 05 2015 00:00:00 GMT+0800 (China Standard Time),63.759998,63.759998,62.779999,62.779999,1500,61.839972,CXSE
Wed May 06 2015 00:00:00 GMT+0800 (China Standard Time),61.380001,61.380001,61.029999,61.029999,4100,60.116176,CXSE
Thu May 07 2015 00:00:00 GMT+0800 (China Standard Time),60.66,60.66,59.950001,60.330002,1400,59.42666,CXSE
Fri May 08 2015 00:00:00 GMT+0800 (China Standard Time),61.77,62.389999,61.77,62,1400,61.071653,CXSE
Mon May 11 2015 00:00:00 GMT+0800 (China Standard Time),61.919998,61.919998,61.919998,61.919998,300,60.992849,CXSE
Tue May 12 2015 00:00:00 GMT+0800 (China Standard Time),61.529999,61.529999,61.529999,61.529999,200,60.608689,CXSE
Wed May 13 2015 00:00:00 GMT+0800 (China Standard Time),61.369999,61.369999,60.700001,60.709999,7200,59.800967,CXSE
Thu May 14 2015 00:00:00 GMT+0800 (China Standard Time),60.599998,60.66,60.599998,60.639999,1200,59.732016,CXSE
Fri May 15 2015 00:00:00 GMT+0800 (China Standard Time),61.360001,61.610001,61.150002,61.610001,800,60.687493,CXSE
Mon May 18 2015 00:00:00 GMT+0800 (China Standard Time),61.52,61.52,61.25,61.25,600,60.332883,CXSE
Tue May 19 2015 00:00:00 GMT+0800 (China Standard Time),61.799999,62.459999,61.790001,62.459999,1100,61.524764,CXSE
Wed May 20 2015 00:00:00 GMT+0800 (China Standard Time),61.32,61.32,60.5,60.84,1600,59.929022,CXSE
Thu May 21 2015 00:00:00 GMT+0800 (China Standard Time),60.080002,60.619999,60.080002,60.619999,300,59.712315,CXSE
Fri May 22 2015 00:00:00 GMT+0800 (China Standard Time),61.580002,62.189999,61.580002,62,2600,61.071653,CXSE
Tue May 26 2015 00:00:00 GMT+0800 (China Standard Time),62.5,62.5,62.5,62.5,300,61.564166,CXSE
Wed May 27 2015 00:00:00 GMT+0800 (China Standard Time),61.439999,62.25,61.439999,62.25,3200,61.317909,CXSE
Thu May 28 2015 00:00:00 GMT+0800 (China Standard Time),61.610001,61.610001,60.080002,60.080002,3600,59.180403,CXSE
Fri May 29 2015 00:00:00 GMT+0800 (China Standard Time),60,60,59.560001,59.560001,2600,58.668189,CXSE
Mon Jun 01 2015 00:00:00 GMT+0800 (China Standard Time),59.880001,60.34,59.57,60.330002,3700,59.42666,CXSE
Tue Jun 02 2015 00:00:00 GMT+0800 (China Standard Time),60.48,60.48,60.060001,60.27,1300,59.367557,CXSE
Wed Jun 03 2015 00:00:00 GMT+0800 (China Standard Time),60.150002,60.450001,60.150002,60.450001,300,59.544862,CXSE
Thu Jun 04 2015 00:00:00 GMT+0800 (China Standard Time),59.400002,59.400002,59.380001,59.380001,500,58.490884,CXSE
Fri Jun 05 2015 00:00:00 GMT+0800 (China Standard Time),58.849998,58.849998,58.810001,58.810001,300,57.929419,CXSE
Mon Jun 08 2015 00:00:00 GMT+0800 (China Standard Time),59.07,59.25,58.959999,59.080002,2300,58.195377,CXSE
Tue Jun 09 2015 00:00:00 GMT+0800 (China Standard Time),57.77,57.849998,57.529999,57.630001,2000,56.767087,CXSE
Wed Jun 10 2015 00:00:00 GMT+0800 (China Standard Time),57.66,57.669998,57.27,57.27,1600,56.412477,CXSE
Thu Jun 11 2015 00:00:00 GMT+0800 (China Standard Time),57.27,57.27,57.27,57.27,0,56.412477,CXSE
Fri Jun 12 2015 00:00:00 GMT+0800 (China Standard Time),57.27,57.27,57.27,57.27,0,56.412477,CXSE
Mon Jun 15 2015 00:00:00 GMT+0800 (China Standard Time),57.009998,57.009998,56.43,56.450001,900,55.604756,CXSE
Tue Jun 16 2015 00:00:00 GMT+0800 (China Standard Time),55.560001,55.830002,55.490002,55.490002,5900,54.659131,CXSE
Wed Jun 17 2015 00:00:00 GMT+0800 (China Standard Time),55.830002,56.790001,55.790001,55.830002,2100,54.99404,CXSE
Thu Jun 18 2015 00:00:00 GMT+0800 (China Standard Time),55.529999,55.939999,55.529999,55.939999,600,55.10239,CXSE
Fri Jun 19 2015 00:00:00 GMT+0800 (China Standard Time),55.830002,55.830002,55.599998,55.599998,700,54.767481,CXSE
Mon Jun 22 2015 00:00:00 GMT+0800 (China Standard Time),55.41,55.41,55.41,55.41,200,54.580327,CXSE
Tue Jun 23 2015 00:00:00 GMT+0800 (China Standard Time),56.450001,57.5,56.450001,57.5,4000,56.639033,CXSE
Wed Jun 24 2015 00:00:00 GMT+0800 (China Standard Time),57,57,57,57,400,56.146519,CXSE
Thu Jun 25 2015 00:00:00 GMT+0800 (China Standard Time),56.66,56.66,56.48,56.48,1100,55.634305,CXSE
Fri Jun 26 2015 00:00:00 GMT+0800 (China Standard Time),55.220001,55.369999,54.849998,55.32,2100,54.491674,CXSE
Mon Jun 29 2015 00:00:00 GMT+0800 (China Standard Time),53.630001,53.860001,53.5,53.5,6500,52.698926,CXSE
Tue Jun 30 2015 00:00:00 GMT+0800 (China Standard Time),54.73,55.139999,54,55.139999,1400,54.314369,CXSE
Wed Jul 01 2015 00:00:00 GMT+0800 (China Standard Time),55.139999,55.139999,55.139999,55.139999,0,54.314369,CXSE
Thu Jul 02 2015 00:00:00 GMT+0800 (China Standard Time),55.139999,55.139999,55.139999,55.139999,0,54.314369,CXSE
Mon Jul 06 2015 00:00:00 GMT+0800 (China Standard Time),51.59,51.59,51.360001,51.470001,600,50.699323,CXSE
Tue Jul 07 2015 00:00:00 GMT+0800 (China Standard Time),49,49.369999,47.439999,48.740002,4000,48.010201,CXSE
Wed Jul 08 2015 00:00:00 GMT+0800 (China Standard Time),47.380001,47.5,46.290001,46.950001,8700,46.247002,CXSE
Thu Jul 09 2015 00:00:00 GMT+0800 (China Standard Time),48.509998,50.959999,48.509998,49.759998,7000,49.014925,CXSE
Fri Jul 10 2015 00:00:00 GMT+0800 (China Standard Time),50.970001,52,50.970001,51.939999,2900,51.162283,CXSE
Mon Jul 13 2015 00:00:00 GMT+0800 (China Standard Time),50.970001,52.66,50.970001,52,1700,51.221386,CXSE
Tue Jul 14 2015 00:00:00 GMT+0800 (China Standard Time),52.450001,52.84,52.450001,52.799999,400,52.009407,CXSE
Wed Jul 15 2015 00:00:00 GMT+0800 (China Standard Time),52,52,50.389999,50.689999,10500,49.931,CXSE
Thu Jul 16 2015 00:00:00 GMT+0800 (China Standard Time),51.09,52.330002,51.09,51.669998,2200,50.896326,CXSE
Fri Jul 17 2015 00:00:00 GMT+0800 (China Standard Time),53.490002,53.549999,52.509998,53.549999,1900,52.748177,CXSE
Mon Jul 20 2015 00:00:00 GMT+0800 (China Standard Time),53.5,53.5,51.889999,52.459999,1900,51.674498,CXSE
Tue Jul 21 2015 00:00:00 GMT+0800 (China Standard Time),52.450001,52.799999,52.450001,52.799999,500,52.009407,CXSE
Wed Jul 22 2015 00:00:00 GMT+0800 (China Standard Time),52.68,52.68,52.68,52.68,200,51.891205,CXSE
Thu Jul 23 2015 00:00:00 GMT+0800 (China Standard Time),52.380001,52.43,52.380001,52.389999,300,51.605546,CXSE
Fri Jul 24 2015 00:00:00 GMT+0800 (China Standard Time),52.27,52.27,51.470001,51.57,2400,50.797824,CXSE
Mon Jul 27 2015 00:00:00 GMT+0800 (China Standard Time),50,50,49.310001,49.5,3200,48.75882,CXSE
Tue Jul 28 2015 00:00:00 GMT+0800 (China Standard Time),49.049999,49.049999,48.830002,49.02,500,48.286007,CXSE
Wed Jul 29 2015 00:00:00 GMT+0800 (China Standard Time),49.049999,50.459999,49.049999,50.459999,4200,49.704444,CXSE
Thu Jul 30 2015 00:00:00 GMT+0800 (China Standard Time),49.380001,49.380001,49.380001,49.380001,500,48.640617,CXSE
Fri Jul 31 2015 00:00:00 GMT+0800 (China Standard Time),49.59,49.669998,49.049999,49.669998,2400,48.926272,CXSE
Mon Aug 03 2015 00:00:00 GMT+0800 (China Standard Time),48.360001,48.360001,48.360001,48.360001,2900,47.63589,CXSE
Tue Aug 04 2015 00:00:00 GMT+0800 (China Standard Time),48.360001,48.360001,48.360001,48.360001,0,47.63589,CXSE
Wed Aug 05 2015 00:00:00 GMT+0800 (China Standard Time),48.360001,48.360001,48.360001,48.360001,0,47.63589,CXSE
Thu Aug 06 2015 00:00:00 GMT+0800 (China Standard Time),48.360001,48.360001,48.360001,48.360001,0,47.63589,CXSE
Fri Aug 07 2015 00:00:00 GMT+0800 (China Standard Time),50.459999,50.459999,50.459999,50.459999,100,49.704444,CXSE
Mon Aug 10 2015 00:00:00 GMT+0800 (China Standard Time),50.459999,50.459999,50.459999,50.459999,0,49.704444,CXSE
Tue Aug 11 2015 00:00:00 GMT+0800 (China Standard Time),49.279999,49.279999,48.630001,48.860001,1300,48.128403,CXSE
Wed Aug 12 2015 00:00:00 GMT+0800 (China Standard Time),47.84,47.84,47.049999,47.049999,3100,46.345503,CXSE
Thu Aug 13 2015 00:00:00 GMT+0800 (China Standard Time),47.52,47.52,47.52,47.52,200,46.808467,CXSE
Fri Aug 14 2015 00:00:00 GMT+0800 (China Standard Time),47.52,47.52,47.52,47.52,0,46.808467,CXSE
Mon Aug 17 2015 00:00:00 GMT+0800 (China Standard Time),47.52,47.52,47.52,47.52,0,46.808467,CXSE
Tue Aug 18 2015 00:00:00 GMT+0800 (China Standard Time),47,47,46.790001,46.790001,300,46.089398,CXSE
Wed Aug 19 2015 00:00:00 GMT+0800 (China Standard Time),45.41,46.599998,45.389999,46.599998,1100,45.902241,CXSE
Thu Aug 20 2015 00:00:00 GMT+0800 (China Standard Time),45.369999,45.369999,43.990002,44.16,4900,43.498777,CXSE
Fri Aug 21 2015 00:00:00 GMT+0800 (China Standard Time),42.610001,43.720001,42.599998,43.02,5700,42.375847,CXSE
Mon Aug 24 2015 00:00:00 GMT+0800 (China Standard Time),40.639999,40.639999,37,38.259998,29200,37.687118,CXSE
Tue Aug 25 2015 00:00:00 GMT+0800 (China Standard Time),42.490002,42.98,41.040001,42.509998,21000,41.873482,CXSE
Wed Aug 26 2015 00:00:00 GMT+0800 (China Standard Time),41.869999,41.869999,41.389999,41.389999,1000,40.770253,CXSE
Thu Aug 27 2015 00:00:00 GMT+0800 (China Standard Time),43.290001,44.25,43.290001,43.369999,2800,42.720605,CXSE
Fri Aug 28 2015 00:00:00 GMT+0800 (China Standard Time),44,44.34,42.669998,43.18,1800,42.533451,CXSE
Mon Aug 31 2015 00:00:00 GMT+0800 (China Standard Time),43.18,43.18,43.18,43.18,0,42.533451,CXSE
Tue Sep 01 2015 00:00:00 GMT+0800 (China Standard Time),41.299999,41.98,41.27,41.98,1000,41.351419,CXSE
Wed Sep 02 2015 00:00:00 GMT+0800 (China Standard Time),41.98,41.98,41.98,41.98,0,41.351419,CXSE
Thu Sep 03 2015 00:00:00 GMT+0800 (China Standard Time),41.98,41.98,41.98,41.98,0,41.351419,CXSE
Fri Sep 04 2015 00:00:00 GMT+0800 (China Standard Time),41.98,41.98,41.98,41.98,0,41.351419,CXSE
Tue Sep 08 2015 00:00:00 GMT+0800 (China Standard Time),42.77,42.77,42.77,42.77,400,42.129591,CXSE
Wed Sep 09 2015 00:00:00 GMT+0800 (China Standard Time),43.939999,43.939999,43.91,43.91,300,43.25252,CXSE
Thu Sep 10 2015 00:00:00 GMT+0800 (China Standard Time),43.150002,43.150002,43.150002,43.150002,100,42.503902,CXSE
Fri Sep 11 2015 00:00:00 GMT+0800 (China Standard Time),42.630001,42.630001,42.630001,42.630001,100,41.991687,CXSE
Mon Sep 14 2015 00:00:00 GMT+0800 (China Standard Time),42.099998,42.099998,42.099998,42.099998,500,41.469621,CXSE
Tue Sep 15 2015 00:00:00 GMT+0800 (China Standard Time),42.869999,42.869999,42.869999,42.869999,600,42.228092,CXSE
Wed Sep 16 2015 00:00:00 GMT+0800 (China Standard Time),43.830002,43.830002,43.830002,43.830002,500,43.17372,CXSE
Thu Sep 17 2015 00:00:00 GMT+0800 (China Standard Time),43.400002,43.400002,43.400002,43.400002,5300,42.750158,CXSE
Fri Sep 18 2015 00:00:00 GMT+0800 (China Standard Time),43.509998,43.509998,43.509998,43.509998,300,42.858508,CXSE
Mon Sep 21 2015 00:00:00 GMT+0800 (China Standard Time),42.959999,42.959999,42.919998,42.939999,500,42.297043,CXSE
Tue Sep 22 2015 00:00:00 GMT+0800 (China Standard Time),42.139999,42.139999,42.119999,42.119999,400,41.489322,CXSE
Wed Sep 23 2015 00:00:00 GMT+0800 (China Standard Time),41.57,41.57,41.540001,41.540001,500,40.918008,CXSE
Thu Sep 24 2015 00:00:00 GMT+0800 (China Standard Time),41.540001,41.540001,41.540001,41.540001,0,40.918008,CXSE
Fri Sep 25 2015 00:00:00 GMT+0800 (China Standard Time),42.32,42.630001,42.32,42.630001,300,41.991687,CXSE
Mon Sep 28 2015 00:00:00 GMT+0800 (China Standard Time),42.630001,42.630001,42.630001,42.630001,0,41.991687,CXSE
Tue Sep 29 2015 00:00:00 GMT+0800 (China Standard Time),42.630001,42.630001,42.630001,42.630001,0,41.991687,CXSE
Wed Sep 30 2015 00:00:00 GMT+0800 (China Standard Time),42.73,42.73,42.73,42.73,500,42.090189,CXSE
Thu Oct 01 2015 00:00:00 GMT+0800 (China Standard Time),41.779999,41.810001,41.779999,41.810001,300,41.183966,CXSE
Fri Oct 02 2015 00:00:00 GMT+0800 (China Standard Time),43.23,43.990002,43.23,43.990002,1700,43.331324,CXSE
Mon Oct 05 2015 00:00:00 GMT+0800 (China Standard Time),44.869999,45.029999,44.68,45,1900,44.3262,CXSE
Tue Oct 06 2015 00:00:00 GMT+0800 (China Standard Time),45,45.009998,44.82,44.82,600,44.148894,CXSE
Wed Oct 07 2015 00:00:00 GMT+0800 (China Standard Time),45.5,46.290001,45.5,46.290001,800,45.596885,CXSE
Thu Oct 08 2015 00:00:00 GMT+0800 (China Standard Time),45.52,45.52,45.52,45.52,100,44.838414,CXSE
Fri Oct 09 2015 00:00:00 GMT+0800 (China Standard Time),45.52,45.52,45.52,45.52,0,44.838414,CXSE
Mon Oct 12 2015 00:00:00 GMT+0800 (China Standard Time),45.52,45.52,45.52,45.52,0,44.838414,CXSE
Tue Oct 13 2015 00:00:00 GMT+0800 (China Standard Time),45.990002,45.990002,45.990002,45.990002,100,45.301378,CXSE
Wed Oct 14 2015 00:00:00 GMT+0800 (China Standard Time),45.990002,45.990002,45.990002,45.990002,0,45.301378,CXSE
Thu Oct 15 2015 00:00:00 GMT+0800 (China Standard Time),46.099998,46.099998,46.009998,46.009998,500,45.321075,CXSE
Fri Oct 16 2015 00:00:00 GMT+0800 (China Standard Time),46.5,46.740002,46.080002,46.700001,2100,46.000746,CXSE
Mon Oct 19 2015 00:00:00 GMT+0800 (China Standard Time),47.330002,47.330002,47.330002,47.330002,100,46.621314,CXSE
Tue Oct 20 2015 00:00:00 GMT+0800 (China Standard Time),46.959999,46.959999,46.959999,46.959999,100,46.256851,CXSE
Wed Oct 21 2015 00:00:00 GMT+0800 (China Standard Time),47,47,47,47,200,46.296253,CXSE
Thu Oct 22 2015 00:00:00 GMT+0800 (China Standard Time),46.889999,46.889999,46.889999,46.889999,100,46.187899,CXSE
Fri Oct 23 2015 00:00:00 GMT+0800 (China Standard Time),48,48.130001,48,48.099998,700,47.379781,CXSE
Mon Oct 26 2015 00:00:00 GMT+0800 (China Standard Time),48.290001,49.040001,48.290001,49.040001,400,48.305708,CXSE
Tue Oct 27 2015 00:00:00 GMT+0800 (China Standard Time),49.040001,49.040001,49.040001,49.040001,0,48.305708,CXSE
Wed Oct 28 2015 00:00:00 GMT+0800 (China Standard Time),49.18,49.290001,49.029999,49.290001,300,48.551965,CXSE
Thu Oct 29 2015 00:00:00 GMT+0800 (China Standard Time),49.290001,49.290001,49.290001,49.290001,0,48.551965,CXSE
Fri Oct 30 2015 00:00:00 GMT+0800 (China Standard Time),49.290001,49.290001,49.290001,49.290001,0,48.551965,CXSE
Mon Nov 02 2015 00:00:00 GMT+0800 (China Standard Time),49.48,49.48,49.48,49.48,300,48.739119,CXSE
Tue Nov 03 2015 00:00:00 GMT+0800 (China Standard Time),51.169998,51.169998,51.169998,51.169998,400,50.403812,CXSE
Wed Nov 04 2015 00:00:00 GMT+0800 (China Standard Time),49.939999,49.939999,49.939999,49.939999,100,49.19223,CXSE
Thu Nov 05 2015 00:00:00 GMT+0800 (China Standard Time),49.939999,49.939999,49.939999,49.939999,0,49.19223,CXSE
Fri Nov 06 2015 00:00:00 GMT+0800 (China Standard Time),49.939999,49.939999,49.939999,49.939999,0,49.19223,CXSE
Mon Nov 09 2015 00:00:00 GMT+0800 (China Standard Time),49.939999,50.970001,49.939999,50.91,1200,50.147707,CXSE
Tue Nov 10 2015 00:00:00 GMT+0800 (China Standard Time),50.34,50.41,49.860001,49.860001,2700,49.11343,CXSE
Wed Nov 11 2015 00:00:00 GMT+0800 (China Standard Time),49.860001,49.860001,49.860001,49.860001,0,49.11343,CXSE
Thu Nov 12 2015 00:00:00 GMT+0800 (China Standard Time),49.689999,49.790001,49.689999,49.790001,2100,49.044478,CXSE
Fri Nov 13 2015 00:00:00 GMT+0800 (China Standard Time),49,49,49,49,100,48.266306,CXSE
Mon Nov 16 2015 00:00:00 GMT+0800 (China Standard Time),49,49,49,49,0,48.266306,CXSE
Tue Nov 17 2015 00:00:00 GMT+0800 (China Standard Time),49,49,49,49,0,48.266306,CXSE
Wed Nov 18 2015 00:00:00 GMT+0800 (China Standard Time),49,49,49,49,0,48.266306,CXSE
Thu Nov 19 2015 00:00:00 GMT+0800 (China Standard Time),50,50,49.950001,49.950001,400,49.202082,CXSE
Fri Nov 20 2015 00:00:00 GMT+0800 (China Standard Time),49.950001,49.950001,49.950001,49.950001,0,49.202082,CXSE
Mon Nov 23 2015 00:00:00 GMT+0800 (China Standard Time),49.950001,49.950001,49.950001,49.950001,0,49.202082,CXSE
Tue Nov 24 2015 00:00:00 GMT+0800 (China Standard Time),50.330002,50.330002,50.330002,50.330002,100,49.576393,CXSE
Wed Nov 25 2015 00:00:00 GMT+0800 (China Standard Time),51.150002,51.150002,51,51,400,50.23636,CXSE
Fri Nov 27 2015 00:00:00 GMT+0800 (China Standard Time),50.5,50.5,50.5,50.5,200,49.743846,CXSE
Mon Nov 30 2015 00:00:00 GMT+0800 (China Standard Time),50.5,50.5,50.5,50.5,0,49.743846,CXSE
Tue Dec 01 2015 00:00:00 GMT+0800 (China Standard Time),50.5,50.5,50.5,50.5,0,49.743846,CXSE
Wed Dec 02 2015 00:00:00 GMT+0800 (China Standard Time),52.060001,52.060001,50.349998,50.349998,1000,49.596091,CXSE
Thu Dec 03 2015 00:00:00 GMT+0800 (China Standard Time),50.959999,50.959999,50.939999,50.939999,400,50.177257,CXSE
Fri Dec 04 2015 00:00:00 GMT+0800 (China Standard Time),50.98,51.009998,50.650002,51.009998,1100,50.246208,CXSE
Mon Dec 07 2015 00:00:00 GMT+0800 (China Standard Time),51.009998,51.009998,51.009998,51.009998,0,50.246208,CXSE
Tue Dec 08 2015 00:00:00 GMT+0800 (China Standard Time),49.639999,49.639999,49.639999,49.639999,200,48.896723,CXSE
Wed Dec 09 2015 00:00:00 GMT+0800 (China Standard Time),49.639999,49.639999,49.639999,49.639999,0,48.896723,CXSE
Thu Dec 10 2015 00:00:00 GMT+0800 (China Standard Time),49.639999,49.639999,49.639999,49.639999,0,48.896723,CXSE
Fri Dec 11 2015 00:00:00 GMT+0800 (China Standard Time),49.639999,49.639999,49.639999,49.639999,0,48.896723,CXSE
Mon Dec 14 2015 00:00:00 GMT+0800 (China Standard Time),48,48.099998,47.689999,48.099998,800,47.379781,CXSE
Tue Dec 15 2015 00:00:00 GMT+0800 (China Standard Time),50.099998,50.099998,48.990002,49.27,2400,48.532264,CXSE
Wed Dec 16 2015 00:00:00 GMT+0800 (China Standard Time),49.080002,50,49.080002,50,900,49.251333,CXSE
Thu Dec 17 2015 00:00:00 GMT+0800 (China Standard Time),49.290001,49.619999,49.290001,49.619999,600,48.877022,CXSE
Fri Dec 18 2015 00:00:00 GMT+0800 (China Standard Time),49.389999,49.459999,49.139999,49.139999,2000,48.404209,CXSE
Mon Dec 21 2015 00:00:00 GMT+0800 (China Standard Time),49.200001,49.200001,49.200001,49.200001,400,48.54333,CXSE
Tue Dec 22 2015 00:00:00 GMT+0800 (China Standard Time),49.200001,49.200001,49.200001,49.200001,0,48.54333,CXSE
Wed Dec 23 2015 00:00:00 GMT+0800 (China Standard Time),49.200001,49.200001,49.200001,49.200001,0,48.54333,CXSE
Thu Dec 24 2015 00:00:00 GMT+0800 (China Standard Time),49.200001,49.200001,49.200001,49.200001,0,48.54333,CXSE
Mon Dec 28 2015 00:00:00 GMT+0800 (China Standard Time),49.200001,49.200001,49.200001,49.200001,0,48.54333,CXSE
Tue Dec 29 2015 00:00:00 GMT+0800 (China Standard Time),49.619999,49.619999,49.619999,49.619999,600,48.957722,CXSE
Wed Dec 30 2015 00:00:00 GMT+0800 (China Standard Time),49.5,49.549999,49.5,49.549999,1200,48.888657,CXSE
Thu Dec 31 2015 00:00:00 GMT+0800 (China Standard Time),49.029999,49.07,49.029999,49.040001,700,48.385465,CXSE
Mon Jan 04 2016 00:00:00 GMT+0800 (China Standard Time),49.040001,49.040001,49.040001,49.040001,0,48.385465,CXSE
Tue Jan 05 2016 00:00:00 GMT+0800 (China Standard Time),49.040001,49.040001,49.040001,49.040001,0,48.385465,CXSE
Wed Jan 06 2016 00:00:00 GMT+0800 (China Standard Time),49.040001,49.040001,49.040001,49.040001,0,48.385465,CXSE
Thu Jan 07 2016 00:00:00 GMT+0800 (China Standard Time),45.470001,45.610001,45.18,45.610001,1100,45.001245,CXSE
Fri Jan 08 2016 00:00:00 GMT+0800 (China Standard Time),44.599998,44.599998,44.599998,44.599998,100,44.004724,CXSE
Mon Jan 11 2016 00:00:00 GMT+0800 (China Standard Time),43.709999,43.82,43.709999,43.82,1400,43.235135,CXSE
Tue Jan 12 2016 00:00:00 GMT+0800 (China Standard Time),43.82,43.82,43.82,43.82,0,43.235135,CXSE
Wed Jan 13 2016 00:00:00 GMT+0800 (China Standard Time),42.709999,42.709999,42.619999,42.619999,400,42.051151,CXSE
Thu Jan 14 2016 00:00:00 GMT+0800 (China Standard Time),42.98,43.310001,42.98,43.310001,200,42.731944,CXSE
Fri Jan 15 2016 00:00:00 GMT+0800 (China Standard Time),43.310001,43.310001,43.310001,43.310001,0,42.731944,CXSE
Tue Jan 19 2016 00:00:00 GMT+0800 (China Standard Time),43.16,43.16,42.669998,42.669998,300,42.100483,CXSE
Wed Jan 20 2016 00:00:00 GMT+0800 (China Standard Time),41.259998,41.470001,41.259998,41.470001,3300,40.916502,CXSE
Thu Jan 21 2016 00:00:00 GMT+0800 (China Standard Time),42.18,42.18,42.150002,42.150002,1000,41.587427,CXSE
Fri Jan 22 2016 00:00:00 GMT+0800 (China Standard Time),42.75,43,42.619999,42.779999,6400,42.209015,CXSE
Mon Jan 25 2016 00:00:00 GMT+0800 (China Standard Time),42.720001,43,42.66,42.66,4300,42.090618,CXSE
Tue Jan 26 2016 00:00:00 GMT+0800 (China Standard Time),42.709999,42.709999,42.709999,42.709999,300,42.13995,CXSE
Wed Jan 27 2016 00:00:00 GMT+0800 (China Standard Time),42.709999,42.709999,42.709999,42.709999,0,42.13995,CXSE
Thu Jan 28 2016 00:00:00 GMT+0800 (China Standard Time),41.799999,41.799999,41.299999,41.299999,1100,40.748769,CXSE
Fri Jan 29 2016 00:00:00 GMT+0800 (China Standard Time),41.299999,41.299999,41.299999,41.299999,0,40.748769,CXSE
Mon Feb 01 2016 00:00:00 GMT+0800 (China Standard Time),41.93,41.93,41.93,41.93,200,41.370362,CXSE
Tue Feb 02 2016 00:00:00 GMT+0800 (China Standard Time),41.93,41.93,41.93,41.93,0,41.370362,CXSE
Wed Feb 03 2016 00:00:00 GMT+0800 (China Standard Time),41.93,41.93,41.93,41.93,0,41.370362,CXSE
Thu Feb 04 2016 00:00:00 GMT+0800 (China Standard Time),41.599998,41.599998,40.790001,40.790001,500,40.245578,CXSE
Fri Feb 05 2016 00:00:00 GMT+0800 (China Standard Time),40.959999,40.959999,40.959999,40.959999,100,40.413307,CXSE
Mon Feb 08 2016 00:00:00 GMT+0800 (China Standard Time),39,39,39,39,100,38.479468,CXSE
Tue Feb 09 2016 00:00:00 GMT+0800 (China Standard Time),39,39.52,38.68,38.689999,700,38.173604,CXSE
Wed Feb 10 2016 00:00:00 GMT+0800 (China Standard Time),39.84,39.84,39.84,39.84,400,39.308257,CXSE
Thu Feb 11 2016 00:00:00 GMT+0800 (China Standard Time),39.84,39.84,39.84,39.84,0,39.308257,CXSE
Fri Feb 12 2016 00:00:00 GMT+0800 (China Standard Time),39.84,39.84,39.84,39.84,0,39.308257,CXSE
Tue Feb 16 2016 00:00:00 GMT+0800 (China Standard Time),39.84,39.84,39.84,39.84,0,39.308257,CXSE
Wed Feb 17 2016 00:00:00 GMT+0800 (China Standard Time),41.790001,41.919998,41.790001,41.919998,4500,41.360493,CXSE
Thu Feb 18 2016 00:00:00 GMT+0800 (China Standard Time),39.84,39.84,39.84,39.84,0,39.308257,CXSE
Fri Feb 19 2016 00:00:00 GMT+0800 (China Standard Time),41.919998,41.919998,41.919998,41.919998,0,41.360493,CXSE
Mon Feb 22 2016 00:00:00 GMT+0800 (China Standard Time),43.330002,43.360001,43.330002,43.360001,700,42.781276,CXSE
Tue Feb 23 2016 00:00:00 GMT+0800 (China Standard Time),43.360001,43.360001,43.360001,43.360001,0,42.781276,CXSE
Wed Feb 24 2016 00:00:00 GMT+0800 (China Standard Time),41.060001,41.060001,41.060001,41.060001,400,40.511975,CXSE
Thu Feb 25 2016 00:00:00 GMT+0800 (China Standard Time),41.060001,41.060001,41.060001,41.060001,0,40.511975,CXSE
Fri Feb 26 2016 00:00:00 GMT+0800 (China Standard Time),41.060001,41.060001,41.060001,41.060001,0,40.511975,CXSE
Mon Feb 29 2016 00:00:00 GMT+0800 (China Standard Time),43.029999,43.029999,41.700001,41.700001,5500,41.143432,CXSE
Tue Mar 01 2016 00:00:00 GMT+0800 (China Standard Time),41.700001,41.700001,41.700001,41.700001,0,41.143432,CXSE
Wed Mar 02 2016 00:00:00 GMT+0800 (China Standard Time),41.700001,41.700001,41.700001,41.700001,100,41.143432,CXSE
Thu Mar 03 2016 00:00:00 GMT+0800 (China Standard Time),43,43,43,43,100,42.42608,CXSE
Fri Mar 04 2016 00:00:00 GMT+0800 (China Standard Time),43.650002,43.650002,43.650002,43.650002,400,43.067406,CXSE
Mon Mar 07 2016 00:00:00 GMT+0800 (China Standard Time),43.900002,43.900002,43.52,43.580002,6700,42.998341,CXSE
Tue Mar 08 2016 00:00:00 GMT+0800 (China Standard Time),43.060001,43.060001,43.060001,43.060001,300,42.485281,CXSE
Wed Mar 09 2016 00:00:00 GMT+0800 (China Standard Time),43.060001,43.060001,43.060001,43.060001,0,42.485281,CXSE
Thu Mar 10 2016 00:00:00 GMT+0800 (China Standard Time),42.779999,43.029999,42.740002,42.93,1100,42.357015,CXSE
Fri Mar 11 2016 00:00:00 GMT+0800 (China Standard Time),42.93,42.93,42.93,42.93,0,42.357015,CXSE
Mon Mar 14 2016 00:00:00 GMT+0800 (China Standard Time),44.549999,44.549999,44.549999,44.549999,200,43.955392,CXSE
Tue Mar 15 2016 00:00:00 GMT+0800 (China Standard Time),43.740002,43.740002,43.740002,43.740002,300,43.156205,CXSE
Wed Mar 16 2016 00:00:00 GMT+0800 (China Standard Time),44.610001,44.610001,44.610001,44.610001,200,44.014592,CXSE
Thu Mar 17 2016 00:00:00 GMT+0800 (China Standard Time),45.02,45.02,45.02,45.02,300,44.41912,CXSE
Fri Mar 18 2016 00:00:00 GMT+0800 (China Standard Time),45.669998,45.669998,45.669998,45.669998,800,45.060442,CXSE
Mon Mar 21 2016 00:00:00 GMT+0800 (China Standard Time),45,45.700001,45,45.700001,900,45.090044,CXSE
Tue Mar 22 2016 00:00:00 GMT+0800 (China Standard Time),45.700001,45.700001,45.700001,45.700001,0,45.090044,CXSE
Wed Mar 23 2016 00:00:00 GMT+0800 (China Standard Time),45.389999,45.389999,45.389999,45.389999,300,44.78418,CXSE
Thu Mar 24 2016 00:00:00 GMT+0800 (China Standard Time),44.57,44.57,44.57,44.57,300,43.975125,CXSE
Mon Mar 28 2016 00:00:00 GMT+0800 (China Standard Time),45.040001,45.040001,45.040001,45.040001,900,44.438853,CXSE
Tue Mar 29 2016 00:00:00 GMT+0800 (China Standard Time),45.459999,45.48,45.459999,45.48,300,44.872979,CXSE
Wed Mar 30 2016 00:00:00 GMT+0800 (China Standard Time),45.48,45.48,45.48,45.48,0,44.872979,CXSE
Thu Mar 31 2016 00:00:00 GMT+0800 (China Standard Time),45.360001,46.73,45.360001,46.73,8200,46.106296,CXSE
Fri Apr 01 2016 00:00:00 GMT+0800 (China Standard Time),46,46,46,46,1300,45.386039,CXSE
Mon Apr 04 2016 00:00:00 GMT+0800 (China Standard Time),46,46,46,46,0,45.386039,CXSE
Tue Apr 05 2016 00:00:00 GMT+0800 (China Standard Time),46,46,46,46,0,45.386039,CXSE
Wed Apr 06 2016 00:00:00 GMT+0800 (China Standard Time),46,46,46,46,0,45.386039,CXSE
Thu Apr 07 2016 00:00:00 GMT+0800 (China Standard Time),46.060001,46.18,45.5,46.18,1200,45.563637,CXSE
Fri Apr 08 2016 00:00:00 GMT+0800 (China Standard Time),46.18,46.18,46.18,46.18,0,45.563637,CXSE
Mon Apr 11 2016 00:00:00 GMT+0800 (China Standard Time),46.799999,46.799999,46.32,46.32,1200,45.701768,CXSE
Tue Apr 12 2016 00:00:00 GMT+0800 (China Standard Time),47.009998,47.360001,46.68,46.869999,12600,46.244426,CXSE
Wed Apr 13 2016 00:00:00 GMT+0800 (China Standard Time),48.73,48.73,48.73,48.73,100,48.079602,CXSE
Thu Apr 14 2016 00:00:00 GMT+0800 (China Standard Time),48.209999,48.360001,48.189999,48.32,2700,47.675074,CXSE
Fri Apr 15 2016 00:00:00 GMT+0800 (China Standard Time),47.919998,48.169998,47.860001,48,8100,47.359345,CXSE
Mon Apr 18 2016 00:00:00 GMT+0800 (China Standard Time),48,48.689999,48,48.290001,600,47.645476,CXSE
Tue Apr 19 2016 00:00:00 GMT+0800 (China Standard Time),47.91,48.02,47.91,48,300,47.359345,CXSE
Wed Apr 20 2016 00:00:00 GMT+0800 (China Standard Time),48.119999,48.119999,48.119999,48.119999,200,47.477743,CXSE
Thu Apr 21 2016 00:00:00 GMT+0800 (China Standard Time),48,48,48,48,300,47.359345,CXSE
Fri Apr 22 2016 00:00:00 GMT+0800 (China Standard Time),48,48,48,48,200,47.359345,CXSE
Mon Apr 25 2016 00:00:00 GMT+0800 (China Standard Time),47.029999,47.560001,46.669998,47.23,2000,46.599622,CXSE
Tue Apr 26 2016 00:00:00 GMT+0800 (China Standard Time),47.23,47.23,47.23,47.23,0,46.599622,CXSE
Wed Apr 27 2016 00:00:00 GMT+0800 (China Standard Time),47.299999,47.299999,47.299999,47.299999,200,46.668688,CXSE
Thu Apr 28 2016 00:00:00 GMT+0800 (China Standard Time),47.299999,47.299999,47.299999,47.299999,0,46.668688,CXSE
Fri Apr 29 2016 00:00:00 GMT+0800 (China Standard Time),47.299999,47.299999,47.299999,47.299999,0,46.668688,CXSE
Mon May 02 2016 00:00:00 GMT+0800 (China Standard Time),47.130001,47.130001,47.130001,47.130001,500,46.500958,CXSE
Tue May 03 2016 00:00:00 GMT+0800 (China Standard Time),45.619999,45.619999,45.619999,45.619999,200,45.01111,CXSE
Wed May 04 2016 00:00:00 GMT+0800 (China Standard Time),45.349998,45.349998,45.349998,45.349998,300,44.744713,CXSE
Thu May 05 2016 00:00:00 GMT+0800 (China Standard Time),45.669998,45.669998,45.669998,45.669998,100,45.060442,CXSE
Fri May 06 2016 00:00:00 GMT+0800 (China Standard Time),45.119999,45.119999,45,45,300,44.399386,CXSE
Mon May 09 2016 00:00:00 GMT+0800 (China Standard Time),43.709999,43.790001,43.639999,43.790001,3200,43.205537,CXSE
Tue May 10 2016 00:00:00 GMT+0800 (China Standard Time),43.790001,43.790001,43.790001,43.790001,0,43.205537,CXSE
Wed May 11 2016 00:00:00 GMT+0800 (China Standard Time),44.57,44.57,44.099998,44.099998,900,43.511397,CXSE
Thu May 12 2016 00:00:00 GMT+0800 (China Standard Time),43.619999,43.619999,43.619999,43.619999,100,43.037804,CXSE
Fri May 13 2016 00:00:00 GMT+0800 (China Standard Time),43.639999,43.639999,43.639999,43.639999,100,43.057538,CXSE
Mon May 16 2016 00:00:00 GMT+0800 (China Standard Time),43.639999,43.639999,43.639999,43.639999,100,43.057538,CXSE
Tue May 17 2016 00:00:00 GMT+0800 (China Standard Time),43.639999,43.639999,43.639999,43.639999,0,43.057538,CXSE
Wed May 18 2016 00:00:00 GMT+0800 (China Standard Time),43.939999,43.939999,43.939999,43.939999,100,43.353533,CXSE
Thu May 19 2016 00:00:00 GMT+0800 (China Standard Time),44.099998,44.330002,43.700001,44,700,43.412733,CXSE
Fri May 20 2016 00:00:00 GMT+0800 (China Standard Time),43.900002,43.900002,43.900002,43.900002,200,43.31407,CXSE
Mon May 23 2016 00:00:00 GMT+0800 (China Standard Time),43.900002,43.900002,43.900002,43.900002,0,43.31407,CXSE
Tue May 24 2016 00:00:00 GMT+0800 (China Standard Time),44.18,44.400002,44.18,44.400002,900,43.807396,CXSE
Wed May 25 2016 00:00:00 GMT+0800 (China Standard Time),44.82,44.82,44.34,44.34,900,43.748195,CXSE
Thu May 26 2016 00:00:00 GMT+0800 (China Standard Time),44.790001,44.959999,44.560001,44.810001,15200,44.211924,CXSE
Fri May 27 2016 00:00:00 GMT+0800 (China Standard Time),45.259998,45.52,45.209999,45.52,6400,44.912446,CXSE
Tue May 31 2016 00:00:00 GMT+0800 (China Standard Time),45.939999,46.400002,45.939999,46,6500,45.386039,CXSE
Wed Jun 01 2016 00:00:00 GMT+0800 (China Standard Time),45.459999,45.77,45.450001,45.450001,6800,44.843381,CXSE
Thu Jun 02 2016 00:00:00 GMT+0800 (China Standard Time),45.259998,45.509998,45.189999,45.389999,4400,44.78418,CXSE
Fri Jun 03 2016 00:00:00 GMT+0800 (China Standard Time),45.150002,45.41,45.130001,45.279999,8300,44.675648,CXSE
Mon Jun 06 2016 00:00:00 GMT+0800 (China Standard Time),45.849998,46.049999,45.599998,46,3700,45.386039,CXSE
Tue Jun 07 2016 00:00:00 GMT+0800 (China Standard Time),46.540001,46.540001,46.540001,46.540001,200,45.918833,CXSE
Wed Jun 08 2016 00:00:00 GMT+0800 (China Standard Time),45.330002,45.599998,45.330002,45.5,6300,44.892713,CXSE
Thu Jun 09 2016 00:00:00 GMT+0800 (China Standard Time),45.099998,45.5,45.099998,45.5,1800,44.892713,CXSE
Fri Jun 10 2016 00:00:00 GMT+0800 (China Standard Time),45.5,45.5,45.5,45.5,0,44.892713,CXSE
Mon Jun 13 2016 00:00:00 GMT+0800 (China Standard Time),43.599998,44.130001,43.599998,44.130001,800,43.540999,CXSE
Tue Jun 14 2016 00:00:00 GMT+0800 (China Standard Time),43.400002,43.400002,43.400002,43.400002,200,42.820743,CXSE
Wed Jun 15 2016 00:00:00 GMT+0800 (China Standard Time),43.400002,43.400002,43.400002,43.400002,0,42.820743,CXSE
Thu Jun 16 2016 00:00:00 GMT+0800 (China Standard Time),43.650002,43.650002,43.419998,43.5,1400,42.919407,CXSE
Fri Jun 17 2016 00:00:00 GMT+0800 (China Standard Time),43.93,43.93,43.93,43.93,200,43.343668,CXSE
Mon Jun 20 2016 00:00:00 GMT+0800 (China Standard Time),43.93,43.93,43.93,43.93,0,43.551859,CXSE
Tue Jun 21 2016 00:00:00 GMT+0800 (China Standard Time),43.93,43.970001,43.93,43.950001,400,43.571688,CXSE
Wed Jun 22 2016 00:00:00 GMT+0800 (China Standard Time),44.029999,44.779999,44.029999,44.470001,1000,44.087212,CXSE
Thu Jun 23 2016 00:00:00 GMT+0800 (China Standard Time),44.470001,44.470001,44.470001,44.470001,0,44.087212,CXSE
Fri Jun 24 2016 00:00:00 GMT+0800 (China Standard Time),44.470001,44.470001,44.470001,44.470001,0,44.087212,CXSE
Mon Jun 27 2016 00:00:00 GMT+0800 (China Standard Time),44.470001,44.470001,44.470001,44.470001,0,44.087212,CXSE
Tue Jun 28 2016 00:00:00 GMT+0800 (China Standard Time),44.470001,44.470001,44.470001,44.470001,0,44.087212,CXSE
Wed Jun 29 2016 00:00:00 GMT+0800 (China Standard Time),44.470001,44.470001,44.470001,44.470001,0,44.087212,CXSE
Thu Jun 30 2016 00:00:00 GMT+0800 (China Standard Time),45.400002,45.400002,44.869999,45.049999,2600,44.662218,CXSE
Fri Jul 01 2016 00:00:00 GMT+0800 (China Standard Time),45.150002,45.200001,45.099998,45.099998,500,44.711786,CXSE
Tue Jul 05 2016 00:00:00 GMT+0800 (China Standard Time),45.099998,45.099998,45.099998,45.099998,0,44.711786,CXSE
Wed Jul 06 2016 00:00:00 GMT+0800 (China Standard Time),44.5,44.5,44.150002,44.299999,700,43.918673,CXSE
Thu Jul 07 2016 00:00:00 GMT+0800 (China Standard Time),44.150002,44.349998,44.150002,44.349998,800,43.968242,CXSE
Fri Jul 08 2016 00:00:00 GMT+0800 (China Standard Time),44.5,44.950001,44.450001,44.950001,2400,44.56308,CXSE
Mon Jul 11 2016 00:00:00 GMT+0800 (China Standard Time),44.950001,44.950001,44.950001,44.950001,0,44.56308,CXSE
Tue Jul 12 2016 00:00:00 GMT+0800 (China Standard Time),45.799999,46.189999,45.799999,46.189999,300,45.792404,CXSE
Wed Jul 13 2016 00:00:00 GMT+0800 (China Standard Time),45.709999,46.040001,45.549999,46,2000,45.604041,CXSE
Thu Jul 14 2016 00:00:00 GMT+0800 (China Standard Time),46.119999,46.119999,46.119999,46.119999,100,45.723007,CXSE
Fri Jul 15 2016 00:00:00 GMT+0800 (China Standard Time),46.119999,46.119999,46.119999,46.119999,0,45.723007,CXSE
Mon Jul 18 2016 00:00:00 GMT+0800 (China Standard Time),46.189999,46.779999,46.189999,46.779999,5900,46.377326,CXSE
Tue Jul 19 2016 00:00:00 GMT+0800 (China Standard Time),46.150002,46.299999,46.150002,46.299999,1100,45.901458,CXSE
Wed Jul 20 2016 00:00:00 GMT+0800 (China Standard Time),46.619999,46.950001,46.599998,46.919998,3500,46.51612,CXSE
Thu Jul 21 2016 00:00:00 GMT+0800 (China Standard Time),47.23,47.23,47.080002,47.110001,2400,46.704487,CXSE
Fri Jul 22 2016 00:00:00 GMT+0800 (China Standard Time),46.5,46.830002,46.5,46.599998,2500,46.198875,CXSE
Mon Jul 25 2016 00:00:00 GMT+0800 (China Standard Time),46.650002,46.689999,46.360001,46.669998,1000,46.268272,CXSE
Tue Jul 26 2016 00:00:00 GMT+0800 (China Standard Time),46.860001,47.049999,46.860001,47.049999,200,46.645002,CXSE
Wed Jul 27 2016 00:00:00 GMT+0800 (China Standard Time),46.790001,47.139999,46.790001,47.139999,1300,46.734227,CXSE
Thu Jul 28 2016 00:00:00 GMT+0800 (China Standard Time),47.189999,47.200001,47.189999,47.200001,400,46.793712,CXSE
Fri Jul 29 2016 00:00:00 GMT+0800 (China Standard Time),47.200001,47.200001,47.200001,47.200001,0,46.793712,CXSE
Mon Aug 01 2016 00:00:00 GMT+0800 (China Standard Time),46.380001,46.380001,46.380001,46.380001,200,45.980771,CXSE
Tue Aug 02 2016 00:00:00 GMT+0800 (China Standard Time),46.380001,46.380001,46.380001,46.380001,0,45.980771,CXSE
Wed Aug 03 2016 00:00:00 GMT+0800 (China Standard Time),45.939999,45.950001,45.939999,45.950001,500,45.554472,CXSE
Thu Aug 04 2016 00:00:00 GMT+0800 (China Standard Time),46.939999,46.959999,46.25,46.459999,3400,46.06008,CXSE
Fri Aug 05 2016 00:00:00 GMT+0800 (China Standard Time),47.220001,47.220001,47.220001,47.220001,200,46.813541,CXSE
Mon Aug 08 2016 00:00:00 GMT+0800 (China Standard Time),47.290001,47.290001,47.290001,47.290001,200,46.882938,CXSE
Tue Aug 09 2016 00:00:00 GMT+0800 (China Standard Time),47.799999,47.799999,47.799999,47.799999,300,47.388546,CXSE
Wed Aug 10 2016 00:00:00 GMT+0800 (China Standard Time),47.799999,47.799999,47.799999,47.799999,0,47.388546,CXSE
Thu Aug 11 2016 00:00:00 GMT+0800 (China Standard Time),48.799999,48.799999,48.799999,48.799999,200,48.379938,CXSE
Fri Aug 12 2016 00:00:00 GMT+0800 (China Standard Time),49.25,49.25,49.25,49.25,200,48.826066,CXSE
Mon Aug 15 2016 00:00:00 GMT+0800 (China Standard Time),49.25,49.25,49.25,49.25,0,48.826066,CXSE
Tue Aug 16 2016 00:00:00 GMT+0800 (China Standard Time),49.25,49.25,49.25,49.25,0,48.826066,CXSE
Wed Aug 17 2016 00:00:00 GMT+0800 (China Standard Time),49.25,49.25,49.25,49.25,0,48.826066,CXSE
Thu Aug 18 2016 00:00:00 GMT+0800 (China Standard Time),49.25,49.25,49.25,49.25,0,48.826066,CXSE
Fri Aug 19 2016 00:00:00 GMT+0800 (China Standard Time),49.25,49.25,49.25,49.25,0,48.826066,CXSE
Mon Aug 22 2016 00:00:00 GMT+0800 (China Standard Time),49.84,49.84,49.84,49.84,800,49.410987,CXSE
Tue Aug 23 2016 00:00:00 GMT+0800 (China Standard Time),49.84,49.84,49.84,49.84,0,49.410987,CXSE
Wed Aug 24 2016 00:00:00 GMT+0800 (China Standard Time),49.740002,49.740002,49.740002,49.740002,600,49.311849,CXSE
Thu Aug 25 2016 00:00:00 GMT+0800 (China Standard Time),49.41,49.869999,49.41,49.869999,600,49.440728,CXSE
Fri Aug 26 2016 00:00:00 GMT+0800 (China Standard Time),49.869999,49.869999,49.869999,49.869999,0,49.440728,CXSE
Mon Aug 29 2016 00:00:00 GMT+0800 (China Standard Time),49.950001,49.950001,49.950001,49.950001,300,49.520041,CXSE
Tue Aug 30 2016 00:00:00 GMT+0800 (China Standard Time),50.450001,50.450001,50.450001,50.450001,100,50.015737,CXSE
Wed Aug 31 2016 00:00:00 GMT+0800 (China Standard Time),50.029999,50.029999,49.990002,49.990002,400,49.559698,CXSE
Thu Sep 01 2016 00:00:00 GMT+0800 (China Standard Time),50.169998,50.169998,50.169998,50.169998,300,49.738145,CXSE
Fri Sep 02 2016 00:00:00 GMT+0800 (China Standard Time),51.080002,51.529999,51.080002,51.209999,600,50.769193,CXSE
Tue Sep 06 2016 00:00:00 GMT+0800 (China Standard Time),52.610001,52.610001,52.5,52.610001,500,52.157144,CXSE
Wed Sep 07 2016 00:00:00 GMT+0800 (China Standard Time),52.470001,52.470001,52.279999,52.279999,900,51.829983,CXSE
Thu Sep 08 2016 00:00:00 GMT+0800 (China Standard Time),52.990002,52.990002,52.849998,52.98,500,52.523958,CXSE
Fri Sep 09 2016 00:00:00 GMT+0800 (China Standard Time),51.630001,51.630001,51.630001,51.630001,300,51.18558,CXSE
Mon Sep 12 2016 00:00:00 GMT+0800 (China Standard Time),50.93,51.720001,50.93,51.720001,700,51.274806,CXSE
Tue Sep 13 2016 00:00:00 GMT+0800 (China Standard Time),51.720001,51.720001,51.720001,51.720001,0,51.274806,CXSE
Wed Sep 14 2016 00:00:00 GMT+0800 (China Standard Time),51.02,51.02,51.02,51.02,100,50.58083,CXSE
Thu Sep 15 2016 00:00:00 GMT+0800 (China Standard Time),51.02,51.02,51.02,51.02,0,50.58083,CXSE
Fri Sep 16 2016 00:00:00 GMT+0800 (China Standard Time),52.330002,52.759998,52.330002,52.700001,1600,52.246369,CXSE
Mon Sep 19 2016 00:00:00 GMT+0800 (China Standard Time),52.330002,52.34,52.330002,52.34,700,51.889468,CXSE
Tue Sep 20 2016 00:00:00 GMT+0800 (China Standard Time),52.439999,52.439999,52.439999,52.439999,600,51.988605,CXSE
Wed Sep 21 2016 00:00:00 GMT+0800 (China Standard Time),52.439999,52.439999,52.439999,52.439999,0,51.988605,CXSE
Thu Sep 22 2016 00:00:00 GMT+0800 (China Standard Time),54.369999,54.369999,54.369999,54.369999,100,53.901993,CXSE
Fri Sep 23 2016 00:00:00 GMT+0800 (China Standard Time),53.439999,53.439999,53.439999,53.439999,100,52.979998,CXSE
Mon Sep 26 2016 00:00:00 GMT+0800 (China Standard Time),53.330002,53.330002,53.330002,53.330002,200,53.330002,CXSE
Tue Sep 27 2016 00:00:00 GMT+0800 (China Standard Time),53.279999,53.279999,53.279999,53.279999,800,53.279999,CXSE
Wed Sep 28 2016 00:00:00 GMT+0800 (China Standard Time),53.009998,53.009998,53.009998,53.009998,300,53.009998,CXSE
Thu Sep 29 2016 00:00:00 GMT+0800 (China Standard Time),52.599998,52.66,52.599998,52.66,500,52.66,CXSE
Fri Sep 30 2016 00:00:00 GMT+0800 (China Standard Time),52.66,52.66,52.66,52.66,0,52.66,CXSE
Mon Oct 03 2016 00:00:00 GMT+0800 (China Standard Time),52.66,52.66,52.66,52.66,0,52.66,CXSE
Tue Oct 04 2016 00:00:00 GMT+0800 (China Standard Time),52.66,52.66,52.66,52.66,0,52.66,CXSE
Wed Oct 05 2016 00:00:00 GMT+0800 (China Standard Time),53.34,53.689999,53.310001,53.310001,600,53.310001,CXSE
Thu Oct 06 2016 00:00:00 GMT+0800 (China Standard Time),53.310001,53.310001,53.310001,53.310001,0,53.310001,CXSE
Fri Oct 07 2016 00:00:00 GMT+0800 (China Standard Time),52.799999,52.799999,52.799999,52.799999,400,52.799999,CXSE
Mon Oct 10 2016 00:00:00 GMT+0800 (China Standard Time),53.779999,54.16,53.779999,54.16,300,54.16,CXSE
Tue Oct 11 2016 00:00:00 GMT+0800 (China Standard Time),54,54,54,54,500,54,CXSE
Wed Oct 12 2016 00:00:00 GMT+0800 (China Standard Time),54,54,54,54,0,54,CXSE
Thu Oct 13 2016 00:00:00 GMT+0800 (China Standard Time),51.689999,51.689999,51.689999,51.689999,200,51.689999,CXSE
Fri Oct 14 2016 00:00:00 GMT+0800 (China Standard Time),52.34,52.34,52.200001,52.200001,300,52.200001,CXSE
Mon Oct 17 2016 00:00:00 GMT+0800 (China Standard Time),52.200001,52.200001,52.200001,52.200001,0,52.200001,CXSE
Tue Oct 18 2016 00:00:00 GMT+0800 (China Standard Time),52.32,52.32,52.32,52.32,200,52.32,CXSE
Wed Oct 19 2016 00:00:00 GMT+0800 (China Standard Time),53.060001,53.060001,53.060001,53.060001,200,53.060001,CXSE
Thu Oct 20 2016 00:00:00 GMT+0800 (China Standard Time),53.389999,53.389999,52.860001,53.169998,1000,53.169998,CXSE
Fri Oct 21 2016 00:00:00 GMT+0800 (China Standard Time),53.169998,53.169998,53.169998,53.169998,0,53.169998,CXSE
Mon Oct 24 2016 00:00:00 GMT+0800 (China Standard Time),53.110001,53.119999,53.110001,53.119999,200,53.119999,CXSE
Tue Oct 25 2016 00:00:00 GMT+0800 (China Standard Time),53.049999,53.049999,53.049999,53.049999,300,53.049999,CXSE
Wed Oct 26 2016 00:00:00 GMT+0800 (China Standard Time),53.080002,53.080002,53.080002,53.080002,100,53.080002,CXSE
Thu Oct 27 2016 00:00:00 GMT+0800 (China Standard Time),53.080002,53.080002,53.080002,53.080002,0,53.080002,CXSE
Fri Oct 28 2016 00:00:00 GMT+0800 (China Standard Time),52.07,52.07,51.799999,51.849998,1000,51.849998,CXSE
Mon Oct 31 2016 00:00:00 GMT+0800 (China Standard Time),51.970001,51.970001,51.970001,51.970001,200,51.970001,CXSE
Tue Nov 01 2016 00:00:00 GMT+0800 (China Standard Time),51.970001,51.970001,51.970001,51.970001,0,51.970001,CXSE
Wed Nov 02 2016 00:00:00 GMT+0800 (China Standard Time),51.970001,51.970001,51.970001,51.970001,0,51.970001,CXSE
Thu Nov 03 2016 00:00:00 GMT+0800 (China Standard Time),51.970001,51.970001,51.970001,51.970001,0,51.970001,CXSE
Fri Nov 04 2016 00:00:00 GMT+0800 (China Standard Time),51.970001,51.970001,51.970001,51.970001,0,51.970001,CXSE
Mon Nov 07 2016 00:00:00 GMT+0800 (China Standard Time),51.970001,51.970001,51.970001,51.970001,0,51.970001,CXSE
Tue Nov 08 2016 00:00:00 GMT+0800 (China Standard Time),51.970001,51.970001,51.970001,51.970001,0,51.970001,CXSE
Wed Nov 09 2016 00:00:00 GMT+0800 (China Standard Time),51.970001,51.970001,51.970001,51.970001,0,51.970001,CXSE
Thu Nov 10 2016 00:00:00 GMT+0800 (China Standard Time),50.990002,50.990002,50.990002,50.990002,100,50.990002,CXSE
Fri Nov 11 2016 00:00:00 GMT+0800 (China Standard Time),50.990002,50.990002,50.990002,50.990002,0,50.990002,CXSE
