Thu Jan 02 2014 00:00:00 GMT+0800 (China Standard Time),16.059999,16.219999,16.059999,16.219999,700,15.063597,EML
Fri Jan 03 2014 00:00:00 GMT+0800 (China Standard Time),16.43,16.43,16.16,16.23,700,15.072884,EML
Mon Jan 06 2014 00:00:00 GMT+0800 (China Standard Time),16.299999,16.309999,15.9,16.040001,12000,14.896432,EML
Tue Jan 07 2014 00:00:00 GMT+0800 (China Standard Time),15.9,16.389999,15.9,16.389999,16800,15.221477,EML
Wed Jan 08 2014 00:00:00 GMT+0800 (China Standard Time),16.110001,16.440001,15.87,16,9400,14.859282,EML
Thu Jan 09 2014 00:00:00 GMT+0800 (China Standard Time),16.15,16.379999,15.85,16.110001,3400,14.961441,EML
Fri Jan 10 2014 00:00:00 GMT+0800 (China Standard Time),16.030001,16.360001,15.86,16.25,8200,15.091459,EML
Mon Jan 13 2014 00:00:00 GMT+0800 (China Standard Time),16.049999,16.09,16.049999,16.09,400,14.942866,EML
Tue Jan 14 2014 00:00:00 GMT+0800 (China Standard Time),16.040001,16.290001,16,16.01,1300,14.86857,EML
Wed Jan 15 2014 00:00:00 GMT+0800 (China Standard Time),16.15,16.43,16.15,16.299999,1100,15.137893,EML
Thu Jan 16 2014 00:00:00 GMT+0800 (China Standard Time),15.89,16.690001,15.87,16.34,7300,15.175042,EML
Fri Jan 17 2014 00:00:00 GMT+0800 (China Standard Time),16.43,16.700001,16.43,16.59,900,15.407219,EML
Tue Jan 21 2014 00:00:00 GMT+0800 (China Standard Time),16.75,17.120001,16.75,17.030001,5400,15.815849,EML
Wed Jan 22 2014 00:00:00 GMT+0800 (China Standard Time),17.709999,17.709999,17.01,17.01,2400,15.797275,EML
Thu Jan 23 2014 00:00:00 GMT+0800 (China Standard Time),17.02,17.280001,16.41,17.139999,10600,15.918006,EML
Fri Jan 24 2014 00:00:00 GMT+0800 (China Standard Time),16.860001,16.860001,16.16,16.43,3600,15.258626,EML
Mon Jan 27 2014 00:00:00 GMT+0800 (China Standard Time),16.190001,16.870001,16.190001,16.27,900,15.110033,EML
Tue Jan 28 2014 00:00:00 GMT+0800 (China Standard Time),16.379999,16.379999,15.35,16.01,23600,14.86857,EML
Wed Jan 29 2014 00:00:00 GMT+0800 (China Standard Time),15.68,16.059999,15.68,15.94,1600,14.80356,EML
Thu Jan 30 2014 00:00:00 GMT+0800 (China Standard Time),16.1,16.1,15.69,15.91,3800,14.775699,EML
Fri Jan 31 2014 00:00:00 GMT+0800 (China Standard Time),15.46,15.54,15.45,15.54,3000,14.432078,EML
Mon Feb 03 2014 00:00:00 GMT+0800 (China Standard Time),15.78,15.78,15.35,15.67,5900,14.55281,EML
Tue Feb 04 2014 00:00:00 GMT+0800 (China Standard Time),15.83,15.94,15.49,15.76,5700,14.636393,EML
Wed Feb 05 2014 00:00:00 GMT+0800 (China Standard Time),15.74,15.9,15.36,15.36,1200,14.264911,EML
Thu Feb 06 2014 00:00:00 GMT+0800 (China Standard Time),15.6,16,15.37,15.55,6800,14.441365,EML
Fri Feb 07 2014 00:00:00 GMT+0800 (China Standard Time),15.51,15.6,15.51,15.6,3100,14.487801,EML
Mon Feb 10 2014 00:00:00 GMT+0800 (China Standard Time),15.5,15.7,15.5,15.7,1600,14.580671,EML
Tue Feb 11 2014 00:00:00 GMT+0800 (China Standard Time),15.7,15.7,15.7,15.7,0,14.580671,EML
Wed Feb 12 2014 00:00:00 GMT+0800 (China Standard Time),15.84,16.23,15.83,15.99,9100,14.849995,EML
Thu Feb 13 2014 00:00:00 GMT+0800 (China Standard Time),15.99,16.040001,15.92,15.94,6900,14.80356,EML
Fri Feb 14 2014 00:00:00 GMT+0800 (China Standard Time),16,16.27,15.9,15.98,5700,14.943833,EML
Tue Feb 18 2014 00:00:00 GMT+0800 (China Standard Time),16.27,16.469999,15.92,16.120001,6900,15.074757,EML
Wed Feb 19 2014 00:00:00 GMT+0800 (China Standard Time),16,16.139999,15.68,15.93,7300,14.897076,EML
Thu Feb 20 2014 00:00:00 GMT+0800 (China Standard Time),16.08,16.120001,15.67,15.89,1900,14.85967,EML
Fri Feb 21 2014 00:00:00 GMT+0800 (China Standard Time),15.66,15.95,15.63,15.87,13900,14.840966,EML
Mon Feb 24 2014 00:00:00 GMT+0800 (China Standard Time),16.219999,16.219999,15.65,15.94,7500,14.906427,EML
Tue Feb 25 2014 00:00:00 GMT+0800 (China Standard Time),15.87,15.87,15.87,15.87,100,14.840966,EML
Wed Feb 26 2014 00:00:00 GMT+0800 (China Standard Time),15.89,15.89,15.85,15.85,2300,14.822263,EML
Thu Feb 27 2014 00:00:00 GMT+0800 (China Standard Time),15.94,15.94,15.85,15.87,2500,14.840966,EML
Fri Feb 28 2014 00:00:00 GMT+0800 (China Standard Time),15.95,16.190001,15.85,15.91,8800,14.878372,EML
Mon Mar 03 2014 00:00:00 GMT+0800 (China Standard Time),15.93,16.24,15.75,15.89,13000,14.85967,EML
Tue Mar 04 2014 00:00:00 GMT+0800 (China Standard Time),15.8,16.25,15.8,16.049999,19300,15.009294,EML
Wed Mar 05 2014 00:00:00 GMT+0800 (China Standard Time),16.040001,16.110001,15.94,16.059999,4200,15.018646,EML
Thu Mar 06 2014 00:00:00 GMT+0800 (China Standard Time),16.17,16.25,15.92,16.219999,10800,15.168271,EML
Fri Mar 07 2014 00:00:00 GMT+0800 (China Standard Time),16.16,16.25,15.94,16.129999,20100,15.084107,EML
Mon Mar 10 2014 00:00:00 GMT+0800 (China Standard Time),16.059999,16.379999,16.059999,16.24,6800,15.186975,EML
Tue Mar 11 2014 00:00:00 GMT+0800 (China Standard Time),16.379999,16.379999,16.26,16.370001,700,15.308546,EML
Wed Mar 12 2014 00:00:00 GMT+0800 (China Standard Time),16.219999,16.360001,16.219999,16.26,800,15.205678,EML
Thu Mar 13 2014 00:00:00 GMT+0800 (China Standard Time),16.379999,16.379999,16.209999,16.290001,800,15.233734,EML
Fri Mar 14 2014 00:00:00 GMT+0800 (China Standard Time),16.299999,16.43,16.299999,16.389999,1900,15.327248,EML
Mon Mar 17 2014 00:00:00 GMT+0800 (China Standard Time),16.540001,17,16.280001,16.83,8100,15.738718,EML
Tue Mar 18 2014 00:00:00 GMT+0800 (China Standard Time),16.58,16.879999,16.58,16.77,1700,15.682609,EML
Wed Mar 19 2014 00:00:00 GMT+0800 (China Standard Time),16.440001,16.639999,16.440001,16.610001,2900,15.532984,EML
Thu Mar 20 2014 00:00:00 GMT+0800 (China Standard Time),16.5,16.889999,16.01,16.17,11700,15.121514,EML
Fri Mar 21 2014 00:00:00 GMT+0800 (China Standard Time),16.07,16.07,15.75,15.75,11300,14.728747,EML
Mon Mar 24 2014 00:00:00 GMT+0800 (China Standard Time),15.75,15.92,15.75,15.92,1600,14.887724,EML
Tue Mar 25 2014 00:00:00 GMT+0800 (China Standard Time),15.77,15.96,15.75,15.93,8700,14.897076,EML
Wed Mar 26 2014 00:00:00 GMT+0800 (China Standard Time),15.75,16.139999,15.75,16.09,7900,15.046701,EML
Thu Mar 27 2014 00:00:00 GMT+0800 (China Standard Time),16.049999,16.15,16.049999,16.059999,6300,15.018646,EML
Fri Mar 28 2014 00:00:00 GMT+0800 (China Standard Time),16.09,16.1,15.97,15.97,7800,14.934482,EML
Mon Mar 31 2014 00:00:00 GMT+0800 (China Standard Time),16.209999,16.48,16.209999,16.23,6900,15.177623,EML
Tue Apr 01 2014 00:00:00 GMT+0800 (China Standard Time),15.89,16.17,15.86,16.01,7400,14.971889,EML
Wed Apr 02 2014 00:00:00 GMT+0800 (China Standard Time),16.040001,16.08,16.030001,16.08,1200,15.037349,EML
Thu Apr 03 2014 00:00:00 GMT+0800 (China Standard Time),16.25,16.389999,16.1,16.379999,3300,15.317896,EML
Fri Apr 04 2014 00:00:00 GMT+0800 (China Standard Time),16.18,16.25,16.139999,16.139999,3500,15.093458,EML
Mon Apr 07 2014 00:00:00 GMT+0800 (China Standard Time),15.92,16.030001,15.8,15.95,4300,14.915779,EML
Tue Apr 08 2014 00:00:00 GMT+0800 (China Standard Time),15.95,15.95,15.95,15.95,0,14.915779,EML
Wed Apr 09 2014 00:00:00 GMT+0800 (China Standard Time),16.049999,16.07,15.95,15.97,1500,14.934482,EML
Thu Apr 10 2014 00:00:00 GMT+0800 (China Standard Time),15.97,15.97,15.97,15.97,0,14.934482,EML
Fri Apr 11 2014 00:00:00 GMT+0800 (China Standard Time),15.9,16.030001,15.9,15.93,700,14.897076,EML
Mon Apr 14 2014 00:00:00 GMT+0800 (China Standard Time),16.02,16.049999,15.89,15.89,800,14.85967,EML
Tue Apr 15 2014 00:00:00 GMT+0800 (China Standard Time),15.9,15.9,15.51,15.56,15200,14.551067,EML
Wed Apr 16 2014 00:00:00 GMT+0800 (China Standard Time),15.69,15.87,15.5,15.78,11400,14.756802,EML
Thu Apr 17 2014 00:00:00 GMT+0800 (China Standard Time),15.66,16.049999,15.66,15.91,6600,14.878372,EML
Mon Apr 21 2014 00:00:00 GMT+0800 (China Standard Time),15.88,16.08,15.88,16.07,37700,15.027998,EML
Tue Apr 22 2014 00:00:00 GMT+0800 (China Standard Time),15.98,16.07,15.91,15.91,1200,14.878372,EML
Wed Apr 23 2014 00:00:00 GMT+0800 (China Standard Time),16.23,16.49,15.97,16.41,648900,15.345952,EML
Thu Apr 24 2014 00:00:00 GMT+0800 (China Standard Time),16.690001,16.91,16.450001,16.85,3300,15.757422,EML
Fri Apr 25 2014 00:00:00 GMT+0800 (China Standard Time),16.85,17.530001,16.719999,17.15,38500,16.037969,EML
Mon Apr 28 2014 00:00:00 GMT+0800 (China Standard Time),17.299999,17.74,17.299999,17.49,8700,16.355923,EML
Tue Apr 29 2014 00:00:00 GMT+0800 (China Standard Time),17.559999,17.559999,17.07,17.07,600,15.963156,EML
Wed Apr 30 2014 00:00:00 GMT+0800 (China Standard Time),17.27,17.27,16.889999,16.889999,2700,15.794827,EML
Thu May 01 2014 00:00:00 GMT+0800 (China Standard Time),17.049999,17.41,17,17.290001,8300,16.168892,EML
Fri May 02 2014 00:00:00 GMT+0800 (China Standard Time),17.379999,17.49,17,17.379999,4800,16.253055,EML
Mon May 05 2014 00:00:00 GMT+0800 (China Standard Time),17.4,17.49,17.15,17.379999,6900,16.253055,EML
Tue May 06 2014 00:00:00 GMT+0800 (China Standard Time),17.219999,17.48,16.959999,17.17,11900,16.056672,EML
Wed May 07 2014 00:00:00 GMT+0800 (China Standard Time),17.16,17.43,16.73,16.73,7700,15.645202,EML
Thu May 08 2014 00:00:00 GMT+0800 (China Standard Time),16.559999,16.950001,16.5,16.719999,5300,15.63585,EML
Fri May 09 2014 00:00:00 GMT+0800 (China Standard Time),16.620001,16.620001,16.16,16.4,9400,15.3366,EML
Mon May 12 2014 00:00:00 GMT+0800 (China Standard Time),16.280001,16.6,15.79,15.87,54400,14.840966,EML
Tue May 13 2014 00:00:00 GMT+0800 (China Standard Time),15.8,15.8,15.56,15.75,53000,14.728747,EML
Wed May 14 2014 00:00:00 GMT+0800 (China Standard Time),15.7,15.94,15.68,15.94,8500,14.906427,EML
Thu May 15 2014 00:00:00 GMT+0800 (China Standard Time),15.81,15.81,15.64,15.79,3100,14.766153,EML
Fri May 16 2014 00:00:00 GMT+0800 (China Standard Time),15.64,15.75,15.51,15.75,5100,14.728747,EML
Mon May 19 2014 00:00:00 GMT+0800 (China Standard Time),15.75,16.07,15.4,15.54,22400,14.634573,EML
Tue May 20 2014 00:00:00 GMT+0800 (China Standard Time),16.139999,16.139999,15.55,15.57,11300,14.662825,EML
Wed May 21 2014 00:00:00 GMT+0800 (China Standard Time),15.65,15.77,15.55,15.55,4000,14.643991,EML
Thu May 22 2014 00:00:00 GMT+0800 (China Standard Time),15.85,15.97,15.39,15.39,28000,14.493313,EML
Fri May 23 2014 00:00:00 GMT+0800 (China Standard Time),15.64,15.65,15.55,15.55,1200,14.643991,EML
Tue May 27 2014 00:00:00 GMT+0800 (China Standard Time),15.64,15.87,15.34,15.4,32700,14.50273,EML
Wed May 28 2014 00:00:00 GMT+0800 (China Standard Time),15.49,15.49,15.3,15.3,7800,14.408557,EML
Thu May 29 2014 00:00:00 GMT+0800 (China Standard Time),15.59,15.63,15.33,15.33,4500,14.436809,EML
Fri May 30 2014 00:00:00 GMT+0800 (China Standard Time),15.38,15.63,15.35,15.49,10900,14.587486,EML
Mon Jun 02 2014 00:00:00 GMT+0800 (China Standard Time),15.89,15.89,15.61,15.68,13700,14.766417,EML
Tue Jun 03 2014 00:00:00 GMT+0800 (China Standard Time),15.68,15.84,15.6,15.7,35200,14.785251,EML
Wed Jun 04 2014 00:00:00 GMT+0800 (China Standard Time),15.77,15.89,15.61,15.67,2400,14.756999,EML
Thu Jun 05 2014 00:00:00 GMT+0800 (China Standard Time),15.72,15.87,15.72,15.76,7200,14.841756,EML
Fri Jun 06 2014 00:00:00 GMT+0800 (China Standard Time),15.76,15.88,15.76,15.76,9900,14.841756,EML
Mon Jun 09 2014 00:00:00 GMT+0800 (China Standard Time),15.76,16.23,15.76,15.99,25300,15.058354,EML
Tue Jun 10 2014 00:00:00 GMT+0800 (China Standard Time),15.96,16.6,15.9,15.95,8400,15.020685,EML
Wed Jun 11 2014 00:00:00 GMT+0800 (China Standard Time),15.92,16.309999,15.92,16.15,10600,15.209032,EML
Thu Jun 12 2014 00:00:00 GMT+0800 (China Standard Time),16.290001,16.290001,16.110001,16.110001,5000,15.171363,EML
Fri Jun 13 2014 00:00:00 GMT+0800 (China Standard Time),16,16.26,15.87,16,10800,15.067772,EML
Mon Jun 16 2014 00:00:00 GMT+0800 (China Standard Time),16,16.1,15.68,15.98,12700,15.048937,EML
Tue Jun 17 2014 00:00:00 GMT+0800 (China Standard Time),16,16.209999,15.91,16,5800,15.067772,EML
Wed Jun 18 2014 00:00:00 GMT+0800 (China Standard Time),16.23,16.23,15.48,15.65,10100,14.738164,EML
Thu Jun 19 2014 00:00:00 GMT+0800 (China Standard Time),15.69,15.75,15.12,15.59,10900,14.68166,EML
Fri Jun 20 2014 00:00:00 GMT+0800 (China Standard Time),15.5,15.54,15.39,15.48,25400,14.578069,EML
Mon Jun 23 2014 00:00:00 GMT+0800 (China Standard Time),15.49,15.5,15.21,15.39,17300,14.493313,EML
Tue Jun 24 2014 00:00:00 GMT+0800 (China Standard Time),15.39,15.49,15.05,15.33,23200,14.436809,EML
Wed Jun 25 2014 00:00:00 GMT+0800 (China Standard Time),15.63,15.63,15.15,15.47,242900,14.568652,EML
Thu Jun 26 2014 00:00:00 GMT+0800 (China Standard Time),15.49,15.59,15.39,15.52,12900,14.615739,EML
Fri Jun 27 2014 00:00:00 GMT+0800 (China Standard Time),15.55,15.55,15.46,15.49,9600,14.587486,EML
Mon Jun 30 2014 00:00:00 GMT+0800 (China Standard Time),15.61,15.62,15.3,15.44,17700,14.540399,EML
Tue Jul 01 2014 00:00:00 GMT+0800 (China Standard Time),15.38,15.82,15.36,15.76,32900,14.841756,EML
Wed Jul 02 2014 00:00:00 GMT+0800 (China Standard Time),15.81,15.89,15.52,15.78,8200,14.86059,EML
Thu Jul 03 2014 00:00:00 GMT+0800 (China Standard Time),15.83,15.88,15.74,15.74,6400,14.82292,EML
Mon Jul 07 2014 00:00:00 GMT+0800 (China Standard Time),15.73,15.89,15.68,15.68,7300,14.766417,EML
Tue Jul 08 2014 00:00:00 GMT+0800 (China Standard Time),15.75,15.89,15.67,15.67,8900,14.756999,EML
Wed Jul 09 2014 00:00:00 GMT+0800 (China Standard Time),15.65,15.84,15.65,15.76,4200,14.841756,EML
Thu Jul 10 2014 00:00:00 GMT+0800 (China Standard Time),15.77,15.86,15.65,15.7,71500,14.785251,EML
Fri Jul 11 2014 00:00:00 GMT+0800 (China Standard Time),15.66,15.83,15.66,15.81,4000,14.888843,EML
Mon Jul 14 2014 00:00:00 GMT+0800 (China Standard Time),15.76,15.83,15.65,15.8,8600,14.879425,EML
Tue Jul 15 2014 00:00:00 GMT+0800 (China Standard Time),15.83,16.120001,15.83,15.85,5000,14.926512,EML
Wed Jul 16 2014 00:00:00 GMT+0800 (China Standard Time),16.040001,16.040001,15.84,15.94,18500,15.011267,EML
Thu Jul 17 2014 00:00:00 GMT+0800 (China Standard Time),15.92,15.92,15.84,15.84,2000,14.917094,EML
Fri Jul 18 2014 00:00:00 GMT+0800 (China Standard Time),15.8,16,15.76,15.85,11200,14.926512,EML
Mon Jul 21 2014 00:00:00 GMT+0800 (China Standard Time),16.02,16.23,15.74,15.95,8300,15.020685,EML
Tue Jul 22 2014 00:00:00 GMT+0800 (China Standard Time),15.78,15.99,15.78,15.79,4900,14.870007,EML
Wed Jul 23 2014 00:00:00 GMT+0800 (China Standard Time),15.9,16.17,15.73,15.9,18400,14.973598,EML
Thu Jul 24 2014 00:00:00 GMT+0800 (China Standard Time),15.7,16.16,15.7,16.16,23700,15.218449,EML
Fri Jul 25 2014 00:00:00 GMT+0800 (China Standard Time),16.16,16.450001,16.16,16.24,3100,15.293788,EML
Mon Jul 28 2014 00:00:00 GMT+0800 (China Standard Time),16.290001,16.290001,16.01,16.049999,10400,15.114858,EML
Tue Jul 29 2014 00:00:00 GMT+0800 (China Standard Time),16.049999,16.280001,16.02,16.280001,9900,15.331459,EML
Wed Jul 30 2014 00:00:00 GMT+0800 (China Standard Time),16.15,16.25,16.040001,16.16,4400,15.218449,EML
Thu Jul 31 2014 00:00:00 GMT+0800 (China Standard Time),16.190001,16.26,16.059999,16.24,5200,15.293788,EML
Fri Aug 01 2014 00:00:00 GMT+0800 (China Standard Time),16.15,16.290001,16.02,16.219999,13600,15.274953,EML
Mon Aug 04 2014 00:00:00 GMT+0800 (China Standard Time),16.15,16.15,15.66,15.82,17500,14.898259,EML
Tue Aug 05 2014 00:00:00 GMT+0800 (China Standard Time),15.7,15.88,15.7,15.85,4000,14.926512,EML
Wed Aug 06 2014 00:00:00 GMT+0800 (China Standard Time),15.92,16.02,15.66,16.02,60800,15.086607,EML
Thu Aug 07 2014 00:00:00 GMT+0800 (China Standard Time),16.16,16.16,15.99,16.030001,2200,15.096025,EML
Fri Aug 08 2014 00:00:00 GMT+0800 (China Standard Time),16.030001,16.030001,15.7,15.98,11700,15.048937,EML
Mon Aug 11 2014 00:00:00 GMT+0800 (China Standard Time),15.88,16.08,15.8,15.94,6400,15.011267,EML
Tue Aug 12 2014 00:00:00 GMT+0800 (China Standard Time),15.81,16,15.8,15.88,6200,14.954764,EML
Wed Aug 13 2014 00:00:00 GMT+0800 (China Standard Time),15.78,16,15.78,15.88,8700,14.954764,EML
Thu Aug 14 2014 00:00:00 GMT+0800 (China Standard Time),15.88,15.88,15.67,15.67,2300,14.756999,EML
Fri Aug 15 2014 00:00:00 GMT+0800 (China Standard Time),15.86,15.88,15.74,15.75,3800,14.832338,EML
Mon Aug 18 2014 00:00:00 GMT+0800 (China Standard Time),15.82,15.94,15.5,15.64,8400,14.87037,EML
Tue Aug 19 2014 00:00:00 GMT+0800 (China Standard Time),15.52,15.72,15.5,15.72,15700,14.946433,EML
Wed Aug 20 2014 00:00:00 GMT+0800 (China Standard Time),15.61,15.73,15.58,15.58,3000,14.813322,EML
Thu Aug 21 2014 00:00:00 GMT+0800 (China Standard Time),15.55,15.83,15.55,15.63,7900,14.860862,EML
Fri Aug 22 2014 00:00:00 GMT+0800 (China Standard Time),15.87,15.87,15.5,15.57,34100,14.803814,EML
Mon Aug 25 2014 00:00:00 GMT+0800 (China Standard Time),15.73,15.73,15.33,15.69,23000,14.917909,EML
Tue Aug 26 2014 00:00:00 GMT+0800 (China Standard Time),15.58,15.76,15.56,15.76,10800,14.984465,EML
Wed Aug 27 2014 00:00:00 GMT+0800 (China Standard Time),15.75,15.87,15.45,15.79,32200,15.012988,EML
Thu Aug 28 2014 00:00:00 GMT+0800 (China Standard Time),15.82,15.87,15.63,15.78,4000,15.00348,EML
Fri Aug 29 2014 00:00:00 GMT+0800 (China Standard Time),15.84,15.88,15.76,15.76,1500,14.984465,EML
Tue Sep 02 2014 00:00:00 GMT+0800 (China Standard Time),15.67,15.94,15.57,15.75,13300,14.974956,EML
Wed Sep 03 2014 00:00:00 GMT+0800 (China Standard Time),15.8,15.97,15.78,15.81,18000,15.032004,EML
Thu Sep 04 2014 00:00:00 GMT+0800 (China Standard Time),15.94,16.200001,15.94,16.07,13200,15.279209,EML
Fri Sep 05 2014 00:00:00 GMT+0800 (China Standard Time),15.8,16.07,15.6,15.98,12900,15.193638,EML
Mon Sep 08 2014 00:00:00 GMT+0800 (China Standard Time),15.84,15.9,15.75,15.86,4400,15.079543,EML
Tue Sep 09 2014 00:00:00 GMT+0800 (China Standard Time),15.66,15.89,15.52,15.89,15800,15.108067,EML
Wed Sep 10 2014 00:00:00 GMT+0800 (China Standard Time),15.57,16.02,15.57,15.68,5200,14.908401,EML
Thu Sep 11 2014 00:00:00 GMT+0800 (China Standard Time),15.8,16.07,15.5,15.58,32900,14.813322,EML
Fri Sep 12 2014 00:00:00 GMT+0800 (China Standard Time),15.83,15.97,15.51,15.67,28700,14.898893,EML
Mon Sep 15 2014 00:00:00 GMT+0800 (China Standard Time),15.63,15.65,15.38,15.52,10000,14.756275,EML
Tue Sep 16 2014 00:00:00 GMT+0800 (China Standard Time),15.46,15.73,15.35,15.35,6800,14.59464,EML
Wed Sep 17 2014 00:00:00 GMT+0800 (China Standard Time),15.36,15.4,15.19,15.2,4900,14.452021,EML
Thu Sep 18 2014 00:00:00 GMT+0800 (China Standard Time),15.17,15.43,15.16,15.23,5100,14.480545,EML
Fri Sep 19 2014 00:00:00 GMT+0800 (China Standard Time),15.27,15.5,15.15,15.5,31600,14.737259,EML
Mon Sep 22 2014 00:00:00 GMT+0800 (China Standard Time),15.2,15.47,15.2,15.26,31500,14.509069,EML
Tue Sep 23 2014 00:00:00 GMT+0800 (China Standard Time),15.29,15.49,15.15,15.49,2100,14.727751,EML
Wed Sep 24 2014 00:00:00 GMT+0800 (China Standard Time),15.5,15.5,15.17,15.28,6800,14.528084,EML
Thu Sep 25 2014 00:00:00 GMT+0800 (China Standard Time),15.34,15.66,15.23,15.34,9800,14.585132,EML
Fri Sep 26 2014 00:00:00 GMT+0800 (China Standard Time),15.4,15.5,15.28,15.48,4700,14.718242,EML
Mon Sep 29 2014 00:00:00 GMT+0800 (China Standard Time),15.44,15.89,15.44,15.84,1200,15.060528,EML
Tue Sep 30 2014 00:00:00 GMT+0800 (China Standard Time),15.84,15.99,15.84,15.96,7600,15.174623,EML
Wed Oct 01 2014 00:00:00 GMT+0800 (China Standard Time),15.52,15.68,15.52,15.6,4800,14.832338,EML
Thu Oct 02 2014 00:00:00 GMT+0800 (China Standard Time),15.6,15.6,15.6,15.6,0,14.832338,EML
Fri Oct 03 2014 00:00:00 GMT+0800 (China Standard Time),15.61,15.61,15.5,15.51,600,14.746767,EML
Mon Oct 06 2014 00:00:00 GMT+0800 (China Standard Time),15.6,15.61,15.41,15.57,3900,14.803814,EML
Tue Oct 07 2014 00:00:00 GMT+0800 (China Standard Time),15.72,15.8,15.29,15.44,5800,14.680211,EML
Wed Oct 08 2014 00:00:00 GMT+0800 (China Standard Time),15.35,15.85,15.35,15.78,6100,15.00348,EML
Thu Oct 09 2014 00:00:00 GMT+0800 (China Standard Time),15.78,15.78,15.78,15.78,0,15.00348,EML
Fri Oct 10 2014 00:00:00 GMT+0800 (China Standard Time),15.75,15.75,15.5,15.57,5900,14.803814,EML
Mon Oct 13 2014 00:00:00 GMT+0800 (China Standard Time),15.51,15.89,15.51,15.7,2100,14.927417,EML
Tue Oct 14 2014 00:00:00 GMT+0800 (China Standard Time),15.64,15.67,15.6,15.64,2900,14.87037,EML
Wed Oct 15 2014 00:00:00 GMT+0800 (China Standard Time),15.67,15.78,15.51,15.59,3800,14.82283,EML
Thu Oct 16 2014 00:00:00 GMT+0800 (China Standard Time),15.63,15.72,15.46,15.72,4600,14.946433,EML
Fri Oct 17 2014 00:00:00 GMT+0800 (China Standard Time),15.72,15.81,15.49,15.64,5700,14.87037,EML
Mon Oct 20 2014 00:00:00 GMT+0800 (China Standard Time),15.77,15.77,15.39,15.67,12700,14.898893,EML
Tue Oct 21 2014 00:00:00 GMT+0800 (China Standard Time),15.85,15.94,15.5,15.94,3700,15.155606,EML
Wed Oct 22 2014 00:00:00 GMT+0800 (China Standard Time),15.85,16,15.5,15.79,8600,15.012988,EML
Thu Oct 23 2014 00:00:00 GMT+0800 (China Standard Time),16,16,15.79,15.79,5600,15.012988,EML
Fri Oct 24 2014 00:00:00 GMT+0800 (China Standard Time),15.57,15.79,15.57,15.77,4500,14.993973,EML
Mon Oct 27 2014 00:00:00 GMT+0800 (China Standard Time),15.83,16,15.66,15.95,6900,15.165114,EML
Tue Oct 28 2014 00:00:00 GMT+0800 (China Standard Time),15.97,16.01,15.75,16.01,10500,15.222162,EML
Wed Oct 29 2014 00:00:00 GMT+0800 (China Standard Time),16.049999,16.08,16.049999,16.049999,3400,15.260193,EML
Thu Oct 30 2014 00:00:00 GMT+0800 (China Standard Time),16.049999,16.139999,15.81,15.94,3000,15.155606,EML
Fri Oct 31 2014 00:00:00 GMT+0800 (China Standard Time),15.96,16.32,15.94,16.32,12100,15.516907,EML
Mon Nov 03 2014 00:00:00 GMT+0800 (China Standard Time),16.32,16.32,16.02,16.200001,4300,15.402813,EML
Tue Nov 04 2014 00:00:00 GMT+0800 (China Standard Time),16.299999,16.299999,16.01,16.280001,6000,15.478876,EML
Wed Nov 05 2014 00:00:00 GMT+0800 (China Standard Time),16.450001,16.450001,16.01,16.27,5600,15.469368,EML
Thu Nov 06 2014 00:00:00 GMT+0800 (China Standard Time),16.25,16.48,16.25,16.25,11700,15.450352,EML
Fri Nov 07 2014 00:00:00 GMT+0800 (China Standard Time),16.33,16.33,16.1,16.25,2400,15.450352,EML
Mon Nov 10 2014 00:00:00 GMT+0800 (China Standard Time),16.629999,16.629999,16.219999,16.219999,2300,15.421827,EML
Tue Nov 11 2014 00:00:00 GMT+0800 (China Standard Time),16.030001,16.25,16.030001,16.23,9700,15.431336,EML
Wed Nov 12 2014 00:00:00 GMT+0800 (China Standard Time),16.48,16.700001,16.139999,16.190001,16800,15.393305,EML
Thu Nov 13 2014 00:00:00 GMT+0800 (China Standard Time),16.17,16.559999,16.1,16.5,3200,15.68805,EML
Fri Nov 14 2014 00:00:00 GMT+0800 (China Standard Time),16.219999,16.450001,16.15,16.450001,1400,15.640511,EML
Mon Nov 17 2014 00:00:00 GMT+0800 (China Standard Time),16.450001,16.459999,16.18,16.190001,7100,15.496932,EML
Tue Nov 18 2014 00:00:00 GMT+0800 (China Standard Time),16.26,16.5,16.120001,16.5,2700,15.793661,EML
Wed Nov 19 2014 00:00:00 GMT+0800 (China Standard Time),16.43,16.43,16.059999,16.32,2000,15.621366,EML
Thu Nov 20 2014 00:00:00 GMT+0800 (China Standard Time),16.459999,16.48,16.32,16.379999,1900,15.678797,EML
Fri Nov 21 2014 00:00:00 GMT+0800 (China Standard Time),16.48,16.9,16.4,16.6,13200,15.889381,EML
Mon Nov 24 2014 00:00:00 GMT+0800 (China Standard Time),16.66,16.68,16.360001,16.360001,1900,15.659655,EML
Tue Nov 25 2014 00:00:00 GMT+0800 (China Standard Time),16.67,17,16.67,16.889999,13900,16.166965,EML
Wed Nov 26 2014 00:00:00 GMT+0800 (China Standard Time),17.09,17.1,16.459999,16.51,1900,15.803233,EML
Fri Nov 28 2014 00:00:00 GMT+0800 (China Standard Time),17.059999,17.09,16.49,16.82,2000,16.099962,EML
Mon Dec 01 2014 00:00:00 GMT+0800 (China Standard Time),16.950001,16.959999,16.66,16.959999,2300,16.233968,EML
Tue Dec 02 2014 00:00:00 GMT+0800 (China Standard Time),17,17.83,16.9,17.700001,13500,16.942292,EML
Wed Dec 03 2014 00:00:00 GMT+0800 (China Standard Time),17.83,17.83,17.370001,17.379999,3100,16.635989,EML
Thu Dec 04 2014 00:00:00 GMT+0800 (China Standard Time),17.370001,17.52,16.870001,17.16,26400,16.425407,EML
Fri Dec 05 2014 00:00:00 GMT+0800 (China Standard Time),17.290001,17.799999,16.43,17.15,5200,16.415835,EML
Mon Dec 08 2014 00:00:00 GMT+0800 (China Standard Time),17.15,17.450001,16.690001,16.9,9600,16.176537,EML
Tue Dec 09 2014 00:00:00 GMT+0800 (China Standard Time),17.09,17.51,16.5,16.719999,6100,16.004243,EML
Wed Dec 10 2014 00:00:00 GMT+0800 (China Standard Time),16.799999,17.309999,16.559999,17.16,4100,16.425407,EML
Thu Dec 11 2014 00:00:00 GMT+0800 (China Standard Time),17.799999,17.799999,16.879999,16.879999,7700,16.157393,EML
Fri Dec 12 2014 00:00:00 GMT+0800 (China Standard Time),16.9,17.67,16.9,17.15,10800,16.415835,EML
Mon Dec 15 2014 00:00:00 GMT+0800 (China Standard Time),17.200001,17.67,17.040001,17.209999,8100,16.473266,EML
Tue Dec 16 2014 00:00:00 GMT+0800 (China Standard Time),17.09,17.389999,16.620001,16.74,1800,16.023387,EML
Wed Dec 17 2014 00:00:00 GMT+0800 (China Standard Time),16.52,17.1,16.51,16.51,4800,15.803233,EML
Thu Dec 18 2014 00:00:00 GMT+0800 (China Standard Time),16.75,17.48,16.75,16.809999,6400,16.09039,EML
Fri Dec 19 2014 00:00:00 GMT+0800 (China Standard Time),17.41,17.82,16.610001,17.450001,33600,16.702994,EML
Mon Dec 22 2014 00:00:00 GMT+0800 (China Standard Time),17.58,17.65,17.030001,17.1,14300,16.367976,EML
Tue Dec 23 2014 00:00:00 GMT+0800 (China Standard Time),17,17.33,17,17,3100,16.272257,EML
Wed Dec 24 2014 00:00:00 GMT+0800 (China Standard Time),17,17,17,17,0,16.272257,EML
Fri Dec 26 2014 00:00:00 GMT+0800 (China Standard Time),16.91,16.959999,16.91,16.959999,400,16.233968,EML
Mon Dec 29 2014 00:00:00 GMT+0800 (China Standard Time),16.66,17.18,16.66,16.950001,2000,16.224398,EML
Tue Dec 30 2014 00:00:00 GMT+0800 (China Standard Time),16.959999,17.09,16.959999,16.959999,2800,16.233968,EML
Wed Dec 31 2014 00:00:00 GMT+0800 (China Standard Time),17.200001,17.379999,17.01,17.07,3300,16.33926,EML
Fri Jan 02 2015 00:00:00 GMT+0800 (China Standard Time),17.299999,18.49,16.709999,18.49,20200,17.698472,EML
Mon Jan 05 2015 00:00:00 GMT+0800 (China Standard Time),18.15,18.15,17.530001,18,24000,17.229449,EML
Tue Jan 06 2015 00:00:00 GMT+0800 (China Standard Time),17.870001,18,17.6,17.99,5800,17.219876,EML
Wed Jan 07 2015 00:00:00 GMT+0800 (China Standard Time),17.610001,18.01,17.6,17.629999,6900,16.875287,EML
Thu Jan 08 2015 00:00:00 GMT+0800 (China Standard Time),17.629999,18.040001,17.6,18.01,6200,17.239021,EML
Fri Jan 09 2015 00:00:00 GMT+0800 (China Standard Time),17.75,19.950001,17.610001,18.780001,120000,17.976059,EML
Mon Jan 12 2015 00:00:00 GMT+0800 (China Standard Time),19.24,19.24,18.540001,18.540001,55700,17.746333,EML
Tue Jan 13 2015 00:00:00 GMT+0800 (China Standard Time),18.559999,18.75,18.07,18.09,12200,17.315596,EML
Wed Jan 14 2015 00:00:00 GMT+0800 (China Standard Time),17.709999,18.52,16.75,17.08,53500,16.348832,EML
Thu Jan 15 2015 00:00:00 GMT+0800 (China Standard Time),17.08,18.1,17.08,17.940001,29700,17.172018,EML
Fri Jan 16 2015 00:00:00 GMT+0800 (China Standard Time),17.91,18.48,17.91,18.26,3700,17.478319,EML
Tue Jan 20 2015 00:00:00 GMT+0800 (China Standard Time),18.26,19.18,18.01,19.16,26300,18.339791,EML
Wed Jan 21 2015 00:00:00 GMT+0800 (China Standard Time),19.200001,19.200001,18.610001,19.139999,41500,18.320646,EML
Thu Jan 22 2015 00:00:00 GMT+0800 (China Standard Time),19.110001,19.18,18.110001,18.969999,18900,18.157924,EML
Fri Jan 23 2015 00:00:00 GMT+0800 (China Standard Time),19.01,19.01,18.5,18.620001,13000,17.822908,EML
Mon Jan 26 2015 00:00:00 GMT+0800 (China Standard Time),18.620001,19.200001,18.620001,18.67,9700,17.870767,EML
Tue Jan 27 2015 00:00:00 GMT+0800 (China Standard Time),18.85,19.190001,18.780001,18.83,8100,18.023918,EML
Wed Jan 28 2015 00:00:00 GMT+0800 (China Standard Time),18.68,18.93,18.620001,18.790001,5300,17.985631,EML
Thu Jan 29 2015 00:00:00 GMT+0800 (China Standard Time),18.75,19.030001,18.629999,18.66,3500,17.861195,EML
Fri Jan 30 2015 00:00:00 GMT+0800 (China Standard Time),18.65,19.139999,18.65,18.92,46000,18.110065,EML
Mon Feb 02 2015 00:00:00 GMT+0800 (China Standard Time),18.92,19,18.719999,18.73,10200,17.928198,EML
Tue Feb 03 2015 00:00:00 GMT+0800 (China Standard Time),18.719999,18.9,18.719999,18.9,6300,18.090921,EML
Wed Feb 04 2015 00:00:00 GMT+0800 (China Standard Time),18.73,18.9,18.719999,18.75,3800,17.947342,EML
Thu Feb 05 2015 00:00:00 GMT+0800 (China Standard Time),18.85,18.9,18.73,18.780001,5800,17.976059,EML
Fri Feb 06 2015 00:00:00 GMT+0800 (China Standard Time),18.77,19.23,18.719999,18.92,15600,18.110065,EML
Mon Feb 09 2015 00:00:00 GMT+0800 (China Standard Time),19.01,19.950001,19.01,19.639999,89000,18.799242,EML
Tue Feb 10 2015 00:00:00 GMT+0800 (China Standard Time),19.719999,19.940001,19.52,19.75,12100,18.904534,EML
Wed Feb 11 2015 00:00:00 GMT+0800 (China Standard Time),19.629999,20.67,19.629999,20.41,48900,19.53628,EML
Thu Feb 12 2015 00:00:00 GMT+0800 (China Standard Time),20.41,20.57,19.74,20.190001,41500,19.325699,EML
Fri Feb 13 2015 00:00:00 GMT+0800 (China Standard Time),20.41,20.41,20.049999,20.17,9800,19.306554,EML
Tue Feb 17 2015 00:00:00 GMT+0800 (China Standard Time),19.99,20.02,19.610001,19.73,30200,18.88539,EML
Wed Feb 18 2015 00:00:00 GMT+0800 (China Standard Time),19.620001,20.379999,19.620001,20.18,17100,19.316127,EML
Thu Feb 19 2015 00:00:00 GMT+0800 (China Standard Time),19.799999,20.190001,18.469999,18.77,109000,18.064957,EML
Fri Feb 20 2015 00:00:00 GMT+0800 (China Standard Time),18.799999,19.200001,18.530001,19.02,12800,18.305566,EML
Mon Feb 23 2015 00:00:00 GMT+0800 (China Standard Time),19.290001,20.110001,19.27,19.450001,19200,18.719415,EML
Tue Feb 24 2015 00:00:00 GMT+0800 (China Standard Time),19.450001,19.969999,19.450001,19.82,4200,19.075516,EML
Wed Feb 25 2015 00:00:00 GMT+0800 (China Standard Time),19.950001,19.969999,19.450001,19.85,5800,19.10439,EML
Thu Feb 26 2015 00:00:00 GMT+0800 (China Standard Time),19.709999,20.059999,19.51,19.77,10100,19.027395,EML
Fri Feb 27 2015 00:00:00 GMT+0800 (China Standard Time),19.639999,19.959999,19.549999,19.65,6000,18.911901,EML
Mon Mar 02 2015 00:00:00 GMT+0800 (China Standard Time),19.639999,19.700001,19.5,19.52,7000,18.786785,EML
Tue Mar 03 2015 00:00:00 GMT+0800 (China Standard Time),19.5,19.639999,19.24,19.51,6900,18.777161,EML
Wed Mar 04 2015 00:00:00 GMT+0800 (China Standard Time),19.559999,19.85,18.98,19.719999,385600,18.979272,EML
Thu Mar 05 2015 00:00:00 GMT+0800 (China Standard Time),19.780001,19.879999,19.5,19.540001,22700,18.806034,EML
Fri Mar 06 2015 00:00:00 GMT+0800 (China Standard Time),19.719999,19.92,19.57,19.9,8100,19.152511,EML
Mon Mar 09 2015 00:00:00 GMT+0800 (China Standard Time),19.76,19.85,19.65,19.719999,3300,18.979272,EML
Tue Mar 10 2015 00:00:00 GMT+0800 (China Standard Time),19.77,19.83,19.540001,19.790001,7200,19.046644,EML
Wed Mar 11 2015 00:00:00 GMT+0800 (China Standard Time),19.719999,20.190001,19.719999,20.17,6500,19.412369,EML
Thu Mar 12 2015 00:00:00 GMT+0800 (China Standard Time),20.200001,20.290001,19.93,20.209999,17000,19.450866,EML
Fri Mar 13 2015 00:00:00 GMT+0800 (China Standard Time),20.07,20.07,19.809999,19.84,2900,19.094765,EML
Mon Mar 16 2015 00:00:00 GMT+0800 (China Standard Time),19.790001,20.09,19.790001,20.01,8600,19.25838,EML
Tue Mar 17 2015 00:00:00 GMT+0800 (China Standard Time),20.01,20.01,19.700001,19.9,105800,19.152511,EML
Wed Mar 18 2015 00:00:00 GMT+0800 (China Standard Time),19.73,20,19.73,19.790001,8900,19.046644,EML
Thu Mar 19 2015 00:00:00 GMT+0800 (China Standard Time),19.9,20.01,19.74,19.99,27000,19.23913,EML
Fri Mar 20 2015 00:00:00 GMT+0800 (China Standard Time),19.9,19.99,19.74,19.879999,22600,19.133262,EML
Mon Mar 23 2015 00:00:00 GMT+0800 (China Standard Time),19.700001,20.530001,19.65,20.24,27500,19.47974,EML
Tue Mar 24 2015 00:00:00 GMT+0800 (China Standard Time),20.1,20.51,19.709999,19.74,13800,18.998521,EML
Wed Mar 25 2015 00:00:00 GMT+0800 (China Standard Time),19.91,19.91,19.459999,19.59,23200,18.854156,EML
Thu Mar 26 2015 00:00:00 GMT+0800 (China Standard Time),19.5,19.75,19.389999,19.74,9700,18.998521,EML
Fri Mar 27 2015 00:00:00 GMT+0800 (China Standard Time),19.76,19.76,19.43,19.66,6000,18.921526,EML
Mon Mar 30 2015 00:00:00 GMT+0800 (China Standard Time),19.620001,19.76,19.620001,19.719999,2400,18.979272,EML
Tue Mar 31 2015 00:00:00 GMT+0800 (China Standard Time),19.719999,20.5,19.68,20.059999,17500,19.306501,EML
Wed Apr 01 2015 00:00:00 GMT+0800 (China Standard Time),20.219999,20.469999,20.08,20.32,5700,19.556735,EML
Thu Apr 02 2015 00:00:00 GMT+0800 (China Standard Time),20.41,20.66,20.35,20.57,3200,19.797344,EML
Mon Apr 06 2015 00:00:00 GMT+0800 (China Standard Time),20.290001,20.66,19.860001,20.25,28500,19.489364,EML
Tue Apr 07 2015 00:00:00 GMT+0800 (China Standard Time),20.18,20.639999,20.049999,20.360001,22700,19.595233,EML
Wed Apr 08 2015 00:00:00 GMT+0800 (China Standard Time),20.370001,20.370001,19.690001,19.85,44100,19.10439,EML
Thu Apr 09 2015 00:00:00 GMT+0800 (China Standard Time),19.99,20.26,19.780001,19.879999,11400,19.133262,EML
Fri Apr 10 2015 00:00:00 GMT+0800 (China Standard Time),19.98,20.33,19.700001,20.040001,27000,19.287253,EML
Mon Apr 13 2015 00:00:00 GMT+0800 (China Standard Time),20.139999,20.18,19.959999,19.959999,4100,19.210257,EML
Tue Apr 14 2015 00:00:00 GMT+0800 (China Standard Time),20.049999,20.049999,19.77,19.82,16200,19.075516,EML
Wed Apr 15 2015 00:00:00 GMT+0800 (China Standard Time),19.99,20.24,19.76,19.790001,18800,19.046644,EML
Thu Apr 16 2015 00:00:00 GMT+0800 (China Standard Time),19.75,19.98,19.75,19.870001,23700,19.123639,EML
Fri Apr 17 2015 00:00:00 GMT+0800 (China Standard Time),19.9,19.950001,19.549999,19.639999,36400,18.902277,EML
Mon Apr 20 2015 00:00:00 GMT+0800 (China Standard Time),19.639999,20.110001,19.559999,20.08,41800,19.32575,EML
Tue Apr 21 2015 00:00:00 GMT+0800 (China Standard Time),19.84,20.129999,19.6,19.6,24800,18.86378,EML
Wed Apr 22 2015 00:00:00 GMT+0800 (China Standard Time),19.6,20.030001,19.48,19.780001,10100,19.037019,EML
Thu Apr 23 2015 00:00:00 GMT+0800 (China Standard Time),19.879999,20.02,19.48,19.85,7800,19.10439,EML
Fri Apr 24 2015 00:00:00 GMT+0800 (China Standard Time),19.639999,19.950001,19.4,19.450001,13000,18.719415,EML
Mon Apr 27 2015 00:00:00 GMT+0800 (China Standard Time),19.190001,19.43,19.190001,19.35,7300,18.623171,EML
Tue Apr 28 2015 00:00:00 GMT+0800 (China Standard Time),19.440001,19.74,19.27,19.51,26600,18.777161,EML
Wed Apr 29 2015 00:00:00 GMT+0800 (China Standard Time),19.16,20.040001,19.16,20,22300,19.248755,EML
Thu Apr 30 2015 00:00:00 GMT+0800 (China Standard Time),19.379999,20.040001,19.35,19.959999,19200,19.210257,EML
Fri May 01 2015 00:00:00 GMT+0800 (China Standard Time),19.77,19.969999,19.48,19.639999,10100,18.902277,EML
Mon May 04 2015 00:00:00 GMT+0800 (China Standard Time),19.530001,19.9,19.49,19.610001,8200,18.873405,EML
Tue May 05 2015 00:00:00 GMT+0800 (China Standard Time),19.559999,19.73,19.51,19.66,12400,18.921526,EML
Wed May 06 2015 00:00:00 GMT+0800 (China Standard Time),19.73,19.75,19.4,19.4,16400,18.671292,EML
Thu May 07 2015 00:00:00 GMT+0800 (China Standard Time),19.709999,19.719999,19.370001,19.370001,7000,18.64242,EML
Fri May 08 2015 00:00:00 GMT+0800 (China Standard Time),19.49,19.639999,19.35,19.48,5300,18.748287,EML
Mon May 11 2015 00:00:00 GMT+0800 (China Standard Time),19.379999,19.709999,19.360001,19.68,8500,18.940775,EML
Tue May 12 2015 00:00:00 GMT+0800 (China Standard Time),19.67,19.83,19.43,19.43,9800,18.700166,EML
Wed May 13 2015 00:00:00 GMT+0800 (China Standard Time),19.549999,19.75,19.549999,19.549999,2900,18.815657,EML
Thu May 14 2015 00:00:00 GMT+0800 (China Standard Time),19.790001,19.82,19.549999,19.66,5400,18.921526,EML
Fri May 15 2015 00:00:00 GMT+0800 (China Standard Time),19.83,19.83,19.23,19.469999,8000,18.738662,EML
Mon May 18 2015 00:00:00 GMT+0800 (China Standard Time),19.299999,19.459999,19.209999,19.309999,10000,18.690268,EML
Tue May 19 2015 00:00:00 GMT+0800 (China Standard Time),19.23,19.32,19.15,19.15,5900,18.535403,EML
Wed May 20 2015 00:00:00 GMT+0800 (China Standard Time),19.200001,19.32,18.940001,19,14000,18.390217,EML
Thu May 21 2015 00:00:00 GMT+0800 (China Standard Time),19.129999,19.32,19.129999,19.299999,2900,18.680588,EML
Fri May 22 2015 00:00:00 GMT+0800 (China Standard Time),19.280001,19.290001,18.91,19.24,12300,18.622515,EML
Tue May 26 2015 00:00:00 GMT+0800 (China Standard Time),19.24,19.75,18.9,18.9,19900,18.293426,EML
Wed May 27 2015 00:00:00 GMT+0800 (China Standard Time),18.9,19.790001,18.9,19.219999,47900,18.603156,EML
Thu May 28 2015 00:00:00 GMT+0800 (China Standard Time),19.190001,19.6,19.190001,19.309999,10200,18.690268,EML
Fri May 29 2015 00:00:00 GMT+0800 (China Standard Time),19.24,19.639999,19.15,19.35,27300,18.728985,EML
Mon Jun 01 2015 00:00:00 GMT+0800 (China Standard Time),19.469999,19.700001,19.379999,19.5,15500,18.87417,EML
Tue Jun 02 2015 00:00:00 GMT+0800 (China Standard Time),19.559999,19.790001,19.52,19.549999,5600,18.922565,EML
Wed Jun 03 2015 00:00:00 GMT+0800 (China Standard Time),19.57,19.879999,19.49,19.709999,7200,19.07743,EML
Thu Jun 04 2015 00:00:00 GMT+0800 (China Standard Time),19.75,19.75,19.219999,19.59,24100,18.961282,EML
Fri Jun 05 2015 00:00:00 GMT+0800 (China Standard Time),19.440001,19.65,19.440001,19.530001,2800,18.903208,EML
Mon Jun 08 2015 00:00:00 GMT+0800 (China Standard Time),19.51,19.83,19.35,19.379999,10100,18.758021,EML
Tue Jun 09 2015 00:00:00 GMT+0800 (China Standard Time),19.35,19.540001,19.1,19.530001,17700,18.903208,EML
Wed Jun 10 2015 00:00:00 GMT+0800 (China Standard Time),19.34,19.52,19.17,19.370001,20000,18.748343,EML
Thu Jun 11 2015 00:00:00 GMT+0800 (China Standard Time),19.299999,19.43,19.120001,19.24,23500,18.622515,EML
Fri Jun 12 2015 00:00:00 GMT+0800 (China Standard Time),19.26,19.4,19.24,19.26,8400,18.641873,EML
Mon Jun 15 2015 00:00:00 GMT+0800 (China Standard Time),19.27,19.389999,18.9,19.280001,6200,18.661232,EML
Tue Jun 16 2015 00:00:00 GMT+0800 (China Standard Time),19.049999,19.16,18.950001,19.16,11900,18.545082,EML
Wed Jun 17 2015 00:00:00 GMT+0800 (China Standard Time),19.34,20.469999,18.969999,19.200001,102200,18.583799,EML
Thu Jun 18 2015 00:00:00 GMT+0800 (China Standard Time),19.370001,19.73,19.08,19.139999,3600,18.525724,EML
Fri Jun 19 2015 00:00:00 GMT+0800 (China Standard Time),19.190001,19.559999,18.92,18.92,20700,18.312785,EML
Mon Jun 22 2015 00:00:00 GMT+0800 (China Standard Time),19.040001,20.280001,19.040001,19.9,2200,19.261333,EML
Tue Jun 23 2015 00:00:00 GMT+0800 (China Standard Time),19.75,19.75,19.030001,19.059999,3800,18.448291,EML
Wed Jun 24 2015 00:00:00 GMT+0800 (China Standard Time),19.01,19.809999,18.690001,19.049999,95000,18.438612,EML
Thu Jun 25 2015 00:00:00 GMT+0800 (China Standard Time),18.92,18.969999,18.809999,18.809999,3600,18.206315,EML
Fri Jun 26 2015 00:00:00 GMT+0800 (China Standard Time),18.92,18.92,18.790001,18.799999,22100,18.196635,EML
Mon Jun 29 2015 00:00:00 GMT+0800 (China Standard Time),18.75,18.75,18.1,18.49,21500,17.896585,EML
Tue Jun 30 2015 00:00:00 GMT+0800 (China Standard Time),18.5,19,18.5,18.52,10100,17.925623,EML
Wed Jul 01 2015 00:00:00 GMT+0800 (China Standard Time),18.65,18.799999,18.559999,18.790001,11000,18.186958,EML
Thu Jul 02 2015 00:00:00 GMT+0800 (China Standard Time),18.719999,18.75,18.43,18.43,2000,17.838511,EML
Mon Jul 06 2015 00:00:00 GMT+0800 (China Standard Time),18.540001,18.629999,18.540001,18.629999,900,18.032091,EML
Tue Jul 07 2015 00:00:00 GMT+0800 (China Standard Time),18.74,18.74,18.379999,18.48,1600,17.886906,EML
Wed Jul 08 2015 00:00:00 GMT+0800 (China Standard Time),18.469999,18.469999,18.139999,18.16,2900,17.577176,EML
Thu Jul 09 2015 00:00:00 GMT+0800 (China Standard Time),18.33,18.459999,18.15,18.200001,2800,17.615893,EML
Fri Jul 10 2015 00:00:00 GMT+0800 (China Standard Time),18.5,18.5,18.15,18.209999,4900,17.625571,EML
Mon Jul 13 2015 00:00:00 GMT+0800 (China Standard Time),18.190001,18.190001,18.18,18.18,700,17.596535,EML
Tue Jul 14 2015 00:00:00 GMT+0800 (China Standard Time),18.5,18.5,18.299999,18.35,1400,17.761079,EML
Wed Jul 15 2015 00:00:00 GMT+0800 (China Standard Time),18.42,18.48,18.190001,18.190001,600,17.606214,EML
Thu Jul 16 2015 00:00:00 GMT+0800 (China Standard Time),18.280001,18.280001,18.16,18.26,1100,17.673967,EML
Fri Jul 17 2015 00:00:00 GMT+0800 (China Standard Time),18.48,18.48,18.219999,18.219999,1700,17.63525,EML
Mon Jul 20 2015 00:00:00 GMT+0800 (China Standard Time),18.360001,18.360001,18.219999,18.33,1600,17.74172,EML
Tue Jul 21 2015 00:00:00 GMT+0800 (China Standard Time),18.23,18.309999,18.15,18.200001,3100,17.615893,EML
Wed Jul 22 2015 00:00:00 GMT+0800 (China Standard Time),18.15,18.18,18.08,18.08,16400,17.499744,EML
Thu Jul 23 2015 00:00:00 GMT+0800 (China Standard Time),18.110001,18.26,18.110001,18.18,2700,17.596535,EML
Fri Jul 24 2015 00:00:00 GMT+0800 (China Standard Time),18.059999,18.200001,17.959999,17.959999,6500,17.383594,EML
Mon Jul 27 2015 00:00:00 GMT+0800 (China Standard Time),17.959999,18.24,17.860001,17.91,2600,17.335199,EML
Tue Jul 28 2015 00:00:00 GMT+0800 (China Standard Time),17.98,18.200001,17.709999,17.719999,1200,17.151297,EML
Wed Jul 29 2015 00:00:00 GMT+0800 (China Standard Time),17.780001,17.99,17.700001,17.870001,16400,17.296484,EML
Thu Jul 30 2015 00:00:00 GMT+0800 (China Standard Time),17.82,17.9,17.610001,17.610001,2600,17.044828,EML
Fri Jul 31 2015 00:00:00 GMT+0800 (China Standard Time),17.6,17.610001,17.32,17.379999,3100,16.822209,EML
Mon Aug 03 2015 00:00:00 GMT+0800 (China Standard Time),17.43,17.43,16.98,16.99,55800,16.444726,EML
Tue Aug 04 2015 00:00:00 GMT+0800 (China Standard Time),16.639999,17.690001,16.639999,16.83,64200,16.289861,EML
Wed Aug 05 2015 00:00:00 GMT+0800 (China Standard Time),17.49,17.610001,17.059999,17.059999,1200,16.512479,EML
Thu Aug 06 2015 00:00:00 GMT+0800 (China Standard Time),17.17,17.18,17,17.030001,4300,16.483443,EML
Fri Aug 07 2015 00:00:00 GMT+0800 (China Standard Time),17.02,17.09,17,17.030001,9200,16.483443,EML
Mon Aug 10 2015 00:00:00 GMT+0800 (China Standard Time),17.08,17.23,17.01,17.01,5400,16.464084,EML
Tue Aug 11 2015 00:00:00 GMT+0800 (China Standard Time),17,17.1,16.889999,16.889999,6700,16.347935,EML
Wed Aug 12 2015 00:00:00 GMT+0800 (China Standard Time),16.790001,16.92,16.26,16.709999,14600,16.173711,EML
Thu Aug 13 2015 00:00:00 GMT+0800 (China Standard Time),16.879999,17.26,16.879999,17.17,3600,16.618949,EML
Fri Aug 14 2015 00:00:00 GMT+0800 (China Standard Time),17.17,17.299999,17.17,17.290001,3800,16.735099,EML
Mon Aug 17 2015 00:00:00 GMT+0800 (China Standard Time),17.219999,17.26,17.129999,17.26,3600,16.822819,EML
Tue Aug 18 2015 00:00:00 GMT+0800 (China Standard Time),17.200001,17.25,17.049999,17.059999,4600,16.627884,EML
Wed Aug 19 2015 00:00:00 GMT+0800 (China Standard Time),17.049999,17.09,16.959999,16.98,3300,16.54991,EML
Thu Aug 20 2015 00:00:00 GMT+0800 (China Standard Time),16.99,17.040001,16.75,16.82,58000,16.393963,EML
Fri Aug 21 2015 00:00:00 GMT+0800 (China Standard Time),16.75,16.950001,16.65,16.809999,6400,16.384216,EML
Mon Aug 24 2015 00:00:00 GMT+0800 (China Standard Time),16.75,18.73,16.25,16.469999,34400,16.052828,EML
Tue Aug 25 2015 00:00:00 GMT+0800 (China Standard Time),16.73,16.799999,16.17,16.24,10800,15.828654,EML
Wed Aug 26 2015 00:00:00 GMT+0800 (China Standard Time),16.52,17.040001,16.27,16.74,5600,16.315989,EML
Thu Aug 27 2015 00:00:00 GMT+0800 (China Standard Time),16.49,16.9,16.49,16.57,3700,16.150295,EML
Fri Aug 28 2015 00:00:00 GMT+0800 (China Standard Time),16.32,16.889999,16.32,16.469999,10400,16.052828,EML
Mon Aug 31 2015 00:00:00 GMT+0800 (China Standard Time),16.440001,16.49,16.4,16.459999,3200,16.043081,EML
Tue Sep 01 2015 00:00:00 GMT+0800 (China Standard Time),16.450001,16.450001,16.120001,16.219999,41700,15.80916,EML
Wed Sep 02 2015 00:00:00 GMT+0800 (China Standard Time),16.25,16.299999,16.09,16.24,6900,15.828654,EML
Thu Sep 03 2015 00:00:00 GMT+0800 (China Standard Time),17.469999,17.469999,16,16.58,17400,16.160042,EML
Fri Sep 04 2015 00:00:00 GMT+0800 (China Standard Time),16.27,16.559999,16,16.15,2700,15.740933,EML
Tue Sep 08 2015 00:00:00 GMT+0800 (China Standard Time),16.200001,16.200001,15.91,15.98,3100,15.575239,EML
Wed Sep 09 2015 00:00:00 GMT+0800 (China Standard Time),15.93,16,15.93,16,1100,15.594733,EML
Thu Sep 10 2015 00:00:00 GMT+0800 (China Standard Time),17.299999,17.299999,15.75,15.83,7100,15.429039,EML
Fri Sep 11 2015 00:00:00 GMT+0800 (China Standard Time),15.88,16.6,15.79,16.07,1000,15.66296,EML
Mon Sep 14 2015 00:00:00 GMT+0800 (China Standard Time),16.190001,16.559999,16.190001,16.450001,1400,16.033336,EML
Tue Sep 15 2015 00:00:00 GMT+0800 (China Standard Time),16.879999,16.9,16.209999,16.209999,6000,15.799413,EML
Wed Sep 16 2015 00:00:00 GMT+0800 (China Standard Time),17.110001,17.129999,16.02,16.190001,2200,15.779921,EML
Thu Sep 17 2015 00:00:00 GMT+0800 (China Standard Time),16.43,16.43,15.75,16.09,5600,15.682454,EML
Fri Sep 18 2015 00:00:00 GMT+0800 (China Standard Time),15.9,16.290001,15.88,16.280001,19100,15.867642,EML
Mon Sep 21 2015 00:00:00 GMT+0800 (China Standard Time),16.799999,16.870001,16.26,16.35,8400,15.935868,EML
Tue Sep 22 2015 00:00:00 GMT+0800 (China Standard Time),16.07,16.32,16.01,16.01,3400,15.60448,EML
Wed Sep 23 2015 00:00:00 GMT+0800 (China Standard Time),16.389999,16.389999,15.84,16.08,1400,15.672707,EML
Thu Sep 24 2015 00:00:00 GMT+0800 (China Standard Time),16.1,16.110001,15.92,15.92,1600,15.51676,EML
Fri Sep 25 2015 00:00:00 GMT+0800 (China Standard Time),16.440001,16.440001,16.08,16.200001,1200,15.789668,EML
Mon Sep 28 2015 00:00:00 GMT+0800 (China Standard Time),16.139999,16.32,16.02,16.040001,7300,15.633721,EML
Tue Sep 29 2015 00:00:00 GMT+0800 (China Standard Time),16.950001,16.950001,15.91,16,6500,15.594733,EML
Wed Sep 30 2015 00:00:00 GMT+0800 (China Standard Time),16.030001,16.370001,15.99,16,2700,15.594733,EML
Thu Oct 01 2015 00:00:00 GMT+0800 (China Standard Time),16.129999,16.889999,16.02,16.120001,1500,15.711695,EML
Fri Oct 02 2015 00:00:00 GMT+0800 (China Standard Time),16.01,16.309999,15.91,15.97,14700,15.565493,EML
Mon Oct 05 2015 00:00:00 GMT+0800 (China Standard Time),16.1,16.1,15.96,15.98,4100,15.575239,EML
Tue Oct 06 2015 00:00:00 GMT+0800 (China Standard Time),16.040001,16.040001,15.92,16,5200,15.594733,EML
Wed Oct 07 2015 00:00:00 GMT+0800 (China Standard Time),16.280001,16.459999,16.040001,16.049999,7500,15.643466,EML
Thu Oct 08 2015 00:00:00 GMT+0800 (China Standard Time),16.040001,16.09,16.030001,16.040001,7500,15.633721,EML
Fri Oct 09 2015 00:00:00 GMT+0800 (China Standard Time),16.030001,16.66,16,16.01,23500,15.60448,EML
Mon Oct 12 2015 00:00:00 GMT+0800 (China Standard Time),16.16,16.299999,15.99,15.99,11000,15.584986,EML
Tue Oct 13 2015 00:00:00 GMT+0800 (China Standard Time),15.88,16.549999,15.88,16.549999,800,16.130801,EML
Wed Oct 14 2015 00:00:00 GMT+0800 (China Standard Time),16.34,16.469999,16.01,16.139999,5000,15.731187,EML
Thu Oct 15 2015 00:00:00 GMT+0800 (China Standard Time),16.09,16.42,15.88,16.02,10000,15.614227,EML
Fri Oct 16 2015 00:00:00 GMT+0800 (China Standard Time),15.92,16,15.91,15.91,2500,15.507013,EML
Mon Oct 19 2015 00:00:00 GMT+0800 (China Standard Time),15.91,16.09,15.89,16.030001,3000,15.623974,EML
Tue Oct 20 2015 00:00:00 GMT+0800 (China Standard Time),15.92,15.94,15.84,15.84,4700,15.438786,EML
Wed Oct 21 2015 00:00:00 GMT+0800 (China Standard Time),15.91,16,15.85,15.98,4500,15.575239,EML
Thu Oct 22 2015 00:00:00 GMT+0800 (China Standard Time),15.9,15.94,15.83,15.88,7700,15.477773,EML
Fri Oct 23 2015 00:00:00 GMT+0800 (China Standard Time),15.9,16.469999,15.82,16.040001,32600,15.633721,EML
Mon Oct 26 2015 00:00:00 GMT+0800 (China Standard Time),16.040001,16.190001,15.96,16.08,11600,15.672707,EML
Tue Oct 27 2015 00:00:00 GMT+0800 (China Standard Time),16,16.18,16,16.040001,1000,15.633721,EML
Wed Oct 28 2015 00:00:00 GMT+0800 (China Standard Time),16.09,16.360001,16,16.24,36500,15.828654,EML
Thu Oct 29 2015 00:00:00 GMT+0800 (China Standard Time),16.309999,16.469999,16.27,16.440001,9500,16.023589,EML
Fri Oct 30 2015 00:00:00 GMT+0800 (China Standard Time),16.5,16.959999,16.5,16.77,14400,16.34523,EML
Mon Nov 02 2015 00:00:00 GMT+0800 (China Standard Time),16.889999,16.99,16.780001,16.99,6200,16.559657,EML
Tue Nov 03 2015 00:00:00 GMT+0800 (China Standard Time),16.790001,16.9,16.67,16.67,5100,16.247763,EML
Wed Nov 04 2015 00:00:00 GMT+0800 (China Standard Time),16.780001,17.26,16.780001,17.17,10700,16.735098,EML
Thu Nov 05 2015 00:00:00 GMT+0800 (China Standard Time),17.17,17.459999,16.780001,17.440001,8600,16.99826,EML
Fri Nov 06 2015 00:00:00 GMT+0800 (China Standard Time),17.42,17.85,17.309999,17.74,29900,17.29066,EML
Mon Nov 09 2015 00:00:00 GMT+0800 (China Standard Time),17.530001,17.889999,17.5,17.889999,4600,17.436861,EML
Tue Nov 10 2015 00:00:00 GMT+0800 (China Standard Time),17.74,17.82,17.58,17.639999,2300,17.193193,EML
Wed Nov 11 2015 00:00:00 GMT+0800 (China Standard Time),17.51,17.82,17.51,17.540001,2800,17.095727,EML
Thu Nov 12 2015 00:00:00 GMT+0800 (China Standard Time),17.6,18.290001,17.6,18.110001,15600,17.651289,EML
Fri Nov 13 2015 00:00:00 GMT+0800 (China Standard Time),18.75,19.27,18.049999,18.1,7100,17.641542,EML
Mon Nov 16 2015 00:00:00 GMT+0800 (China Standard Time),18.16,18.25,18,18.18,5000,17.827862,EML
Tue Nov 17 2015 00:00:00 GMT+0800 (China Standard Time),18.25,18.25,18.110001,18.17,2100,17.818055,EML
Wed Nov 18 2015 00:00:00 GMT+0800 (China Standard Time),18.040001,18.24,18.040001,18.09,2200,17.739605,EML
Thu Nov 19 2015 00:00:00 GMT+0800 (China Standard Time),18.200001,18.25,18.1,18.25,7800,17.896506,EML
Fri Nov 20 2015 00:00:00 GMT+0800 (China Standard Time),18.25,18.25,17.59,18.030001,4300,17.680768,EML
Mon Nov 23 2015 00:00:00 GMT+0800 (China Standard Time),18.040001,18.190001,17.51,17.549999,5000,17.210064,EML
Tue Nov 24 2015 00:00:00 GMT+0800 (China Standard Time),17.549999,17.549999,17.549999,17.549999,500,17.210064,EML
Wed Nov 25 2015 00:00:00 GMT+0800 (China Standard Time),17.719999,17.950001,16.700001,17.75,7700,17.406191,EML
Fri Nov 27 2015 00:00:00 GMT+0800 (China Standard Time),17.92,17.959999,17.73,17.73,1700,17.386578,EML
Mon Nov 30 2015 00:00:00 GMT+0800 (China Standard Time),17.52,17.83,17.299999,17.83,1100,17.484641,EML
Tue Dec 01 2015 00:00:00 GMT+0800 (China Standard Time),17.91,17.99,17.139999,17.690001,38000,17.347353,EML
Wed Dec 02 2015 00:00:00 GMT+0800 (China Standard Time),17.700001,17.889999,17.48,17.85,2500,17.504254,EML
Thu Dec 03 2015 00:00:00 GMT+0800 (China Standard Time),17.82,17.82,17.82,17.82,200,17.474834,EML
Fri Dec 04 2015 00:00:00 GMT+0800 (China Standard Time),17.629999,18.120001,17.469999,18.110001,6300,17.759218,EML
Mon Dec 07 2015 00:00:00 GMT+0800 (China Standard Time),17.99,17.99,17.709999,17.74,6600,17.396384,EML
Tue Dec 08 2015 00:00:00 GMT+0800 (China Standard Time),17.700001,17.85,17.639999,17.639999,1800,17.298321,EML
Wed Dec 09 2015 00:00:00 GMT+0800 (China Standard Time),17.58,17.58,17.58,17.58,800,17.239483,EML
Thu Dec 10 2015 00:00:00 GMT+0800 (China Standard Time),17.59,17.59,17.01,17.059999,4700,16.729555,EML
Fri Dec 11 2015 00:00:00 GMT+0800 (China Standard Time),16.75,17.200001,16.75,16.99,9300,16.660911,EML
Mon Dec 14 2015 00:00:00 GMT+0800 (China Standard Time),17.08,17.08,16.700001,16.959999,4400,16.631492,EML
Tue Dec 15 2015 00:00:00 GMT+0800 (China Standard Time),18.1,18.1,16.91,17.25,7600,16.915875,EML
Wed Dec 16 2015 00:00:00 GMT+0800 (China Standard Time),17,17.5,17,17.450001,5100,17.112002,EML
Thu Dec 17 2015 00:00:00 GMT+0800 (China Standard Time),17.5,18.24,17.4,18.24,5700,17.886699,EML
Fri Dec 18 2015 00:00:00 GMT+0800 (China Standard Time),17.93,18.25,17.02,17.4,18100,17.06297,EML
Mon Dec 21 2015 00:00:00 GMT+0800 (China Standard Time),17.68,17.969999,17.1,17.629999,4700,17.288514,EML
Tue Dec 22 2015 00:00:00 GMT+0800 (China Standard Time),17.870001,17.950001,17.57,17.68,5400,17.337547,EML
Wed Dec 23 2015 00:00:00 GMT+0800 (China Standard Time),17.91,17.93,17.83,17.889999,1000,17.543478,EML
Thu Dec 24 2015 00:00:00 GMT+0800 (China Standard Time),18,18.15,18,18.15,6300,17.798442,EML
Mon Dec 28 2015 00:00:00 GMT+0800 (China Standard Time),18.030001,18.25,17.34,18.07,11100,17.719992,EML
Tue Dec 29 2015 00:00:00 GMT+0800 (China Standard Time),18.25,18.370001,17.799999,18.280001,10100,17.925925,EML
Wed Dec 30 2015 00:00:00 GMT+0800 (China Standard Time),18.450001,18.65,18.290001,18.389999,8600,18.033794,EML
Thu Dec 31 2015 00:00:00 GMT+0800 (China Standard Time),18.42,18.799999,17.719999,18.799999,11000,18.435852,EML
Mon Jan 04 2016 00:00:00 GMT+0800 (China Standard Time),18.75,19.040001,18.48,18.98,12900,18.612366,EML
Tue Jan 05 2016 00:00:00 GMT+0800 (China Standard Time),18.799999,18.940001,18.52,18.75,9800,18.386821,EML
Wed Jan 06 2016 00:00:00 GMT+0800 (China Standard Time),18.790001,18.790001,18.309999,18.559999,11100,18.200501,EML
Thu Jan 07 2016 00:00:00 GMT+0800 (China Standard Time),18.190001,18.690001,18,18.15,11400,17.798442,EML
Fri Jan 08 2016 00:00:00 GMT+0800 (China Standard Time),18.23,18.379999,17.9,18.24,6800,17.886699,EML
Mon Jan 11 2016 00:00:00 GMT+0800 (China Standard Time),18.02,18.02,17.34,17.77,30200,17.425804,EML
Tue Jan 12 2016 00:00:00 GMT+0800 (China Standard Time),17.82,17.870001,17.040001,17.139999,21500,16.808005,EML
Wed Jan 13 2016 00:00:00 GMT+0800 (China Standard Time),17.309999,17.5,17.16,17.27,14400,16.935488,EML
Thu Jan 14 2016 00:00:00 GMT+0800 (China Standard Time),17.299999,17.530001,17.15,17.52,6400,17.180646,EML
Fri Jan 15 2016 00:00:00 GMT+0800 (China Standard Time),17.33,17.41,16.24,16.809999,33800,16.484397,EML
Tue Jan 19 2016 00:00:00 GMT+0800 (China Standard Time),17.139999,17.23,16.57,16.92,24300,16.592267,EML
Wed Jan 20 2016 00:00:00 GMT+0800 (China Standard Time),16.299999,16.9,16.27,16.889999,10500,16.562848,EML
Thu Jan 21 2016 00:00:00 GMT+0800 (China Standard Time),16.59,16.65,16.110001,16.379999,43800,16.062726,EML
Fri Jan 22 2016 00:00:00 GMT+0800 (China Standard Time),16.77,16.77,15.89,16.33,18700,16.013695,EML
Mon Jan 25 2016 00:00:00 GMT+0800 (China Standard Time),16.35,16.43,15.83,15.83,21100,15.52338,EML
Tue Jan 26 2016 00:00:00 GMT+0800 (China Standard Time),15.85,16.01,15.82,15.84,8300,15.533187,EML
Wed Jan 27 2016 00:00:00 GMT+0800 (China Standard Time),15.94,15.99,15.56,15.79,38200,15.484155,EML
Thu Jan 28 2016 00:00:00 GMT+0800 (China Standard Time),15.69,16.01,15.69,15.95,4500,15.641056,EML
Fri Jan 29 2016 00:00:00 GMT+0800 (China Standard Time),16.16,17.200001,16.1,16.610001,9300,16.288272,EML
Mon Feb 01 2016 00:00:00 GMT+0800 (China Standard Time),16.9,16.9,16.08,16.15,24100,15.837182,EML
Tue Feb 02 2016 00:00:00 GMT+0800 (China Standard Time),15.94,16.370001,15.85,16,9400,15.690087,EML
Wed Feb 03 2016 00:00:00 GMT+0800 (China Standard Time),16,16.559999,15.9,15.98,10200,15.670474,EML
Thu Feb 04 2016 00:00:00 GMT+0800 (China Standard Time),16.08,16.469999,15.91,15.98,23200,15.670474,EML
Fri Feb 05 2016 00:00:00 GMT+0800 (China Standard Time),15.98,16.17,15.77,15.93,3100,15.621443,EML
Mon Feb 08 2016 00:00:00 GMT+0800 (China Standard Time),15.88,16.389999,15.18,15.4,29700,15.101709,EML
Tue Feb 09 2016 00:00:00 GMT+0800 (China Standard Time),15.34,16.17,15.1,15.46,19600,15.160547,EML
Wed Feb 10 2016 00:00:00 GMT+0800 (China Standard Time),15.88,16.34,15.37,15.48,7500,15.180159,EML
Thu Feb 11 2016 00:00:00 GMT+0800 (China Standard Time),15.62,15.74,15.01,15.15,11300,14.856551,EML
Fri Feb 12 2016 00:00:00 GMT+0800 (China Standard Time),15.21,15.68,15.21,15.25,4300,14.954614,EML
Tue Feb 16 2016 00:00:00 GMT+0800 (China Standard Time),15.35,15.69,15.19,15.24,9900,14.944808,EML
Wed Feb 17 2016 00:00:00 GMT+0800 (China Standard Time),15.39,15.99,15.31,15.99,13900,15.680281,EML
Thu Feb 18 2016 00:00:00 GMT+0800 (China Standard Time),15.92,16.040001,15.81,16.02,16600,15.7097,EML
Fri Feb 19 2016 00:00:00 GMT+0800 (China Standard Time),16,16.299999,15.93,15.93,6900,15.621443,EML
Mon Feb 22 2016 00:00:00 GMT+0800 (China Standard Time),15.99,16.18,15.81,15.97,18100,15.769561,EML
Tue Feb 23 2016 00:00:00 GMT+0800 (China Standard Time),16.040001,16.200001,15.87,15.88,18700,15.68069,EML
Wed Feb 24 2016 00:00:00 GMT+0800 (China Standard Time),15.81,16.209999,15.75,15.89,14400,15.690565,EML
Thu Feb 25 2016 00:00:00 GMT+0800 (China Standard Time),16.08,16.08,15.79,15.95,1600,15.749811,EML
Fri Feb 26 2016 00:00:00 GMT+0800 (China Standard Time),15.82,16.4,15.78,16.01,5000,15.809059,EML
Mon Feb 29 2016 00:00:00 GMT+0800 (China Standard Time),16.02,16.16,15.82,15.84,4800,15.641192,EML
Tue Mar 01 2016 00:00:00 GMT+0800 (China Standard Time),15.99,16.4,15.83,16.379999,10000,16.174414,EML
Wed Mar 02 2016 00:00:00 GMT+0800 (China Standard Time),16.440001,16.68,16.43,16.68,4600,16.470649,EML
Thu Mar 03 2016 00:00:00 GMT+0800 (China Standard Time),16.73,17.129999,16.26,16.26,20200,16.055921,EML
Fri Mar 04 2016 00:00:00 GMT+0800 (China Standard Time),16.26,16.67,15.81,15.91,45300,15.710313,EML
Mon Mar 07 2016 00:00:00 GMT+0800 (China Standard Time),15.92,16.629999,15.92,16.34,13200,16.134917,EML
Tue Mar 08 2016 00:00:00 GMT+0800 (China Standard Time),16.379999,16.58,16.01,16.059999,7900,15.85843,EML
Wed Mar 09 2016 00:00:00 GMT+0800 (China Standard Time),16.290001,16.700001,15.92,16.200001,10300,15.996674,EML
Thu Mar 10 2016 00:00:00 GMT+0800 (China Standard Time),16.200001,16.67,15.99,16.09,5100,15.888054,EML
Fri Mar 11 2016 00:00:00 GMT+0800 (China Standard Time),16.299999,16.35,15.99,16,5200,15.799184,EML
Mon Mar 14 2016 00:00:00 GMT+0800 (China Standard Time),15.97,16.09,15.92,15.99,14200,15.789309,EML
Tue Mar 15 2016 00:00:00 GMT+0800 (China Standard Time),16.059999,16.26,15.93,16,12700,15.799184,EML
Wed Mar 16 2016 00:00:00 GMT+0800 (China Standard Time),15.99,16.129999,15.99,16,2400,15.799184,EML
Thu Mar 17 2016 00:00:00 GMT+0800 (China Standard Time),16.040001,16.040001,15.99,16,1100,15.799184,EML
Fri Mar 18 2016 00:00:00 GMT+0800 (China Standard Time),16.07,16.33,16.059999,16.299999,5400,16.095418,EML
Mon Mar 21 2016 00:00:00 GMT+0800 (China Standard Time),16.190001,16.190001,16.059999,16.059999,2000,15.85843,EML
Tue Mar 22 2016 00:00:00 GMT+0800 (China Standard Time),16.360001,16.360001,16.059999,16.24,3300,16.036171,EML
Wed Mar 23 2016 00:00:00 GMT+0800 (China Standard Time),16.08,16.200001,16.01,16.1,6100,15.897929,EML
Thu Mar 24 2016 00:00:00 GMT+0800 (China Standard Time),16.16,16.16,16.09,16.09,900,15.888054,EML
Mon Mar 28 2016 00:00:00 GMT+0800 (China Standard Time),16.02,16.02,16.02,16.02,200,15.818933,EML
Tue Mar 29 2016 00:00:00 GMT+0800 (China Standard Time),16.139999,16.139999,16.01,16.01,1300,15.809059,EML
Wed Mar 30 2016 00:00:00 GMT+0800 (China Standard Time),16,16.48,16,16.440001,7500,16.233662,EML
Thu Mar 31 2016 00:00:00 GMT+0800 (China Standard Time),16.190001,16.48,16.190001,16.42,8500,16.213912,EML
Fri Apr 01 2016 00:00:00 GMT+0800 (China Standard Time),16.25,16.459999,16.24,16.360001,5000,16.154666,EML
Mon Apr 04 2016 00:00:00 GMT+0800 (China Standard Time),16.49,16.49,16.27,16.34,5700,16.134917,EML
Tue Apr 05 2016 00:00:00 GMT+0800 (China Standard Time),16.15,16.18,16.1,16.129999,8400,15.927551,EML
Wed Apr 06 2016 00:00:00 GMT+0800 (China Standard Time),16.120001,16.15,16.01,16.09,26900,15.888054,EML
Thu Apr 07 2016 00:00:00 GMT+0800 (China Standard Time),16,16.18,16,16,1400,15.799184,EML
Fri Apr 08 2016 00:00:00 GMT+0800 (China Standard Time),16.1,16.33,16,16.17,8100,15.96705,EML
Mon Apr 11 2016 00:00:00 GMT+0800 (China Standard Time),16.110001,16.17,16.110001,16.17,3400,15.96705,EML
Tue Apr 12 2016 00:00:00 GMT+0800 (China Standard Time),16.07,16.120001,16.030001,16.09,3400,15.888054,EML
Wed Apr 13 2016 00:00:00 GMT+0800 (China Standard Time),16.200001,16.32,16.200001,16.32,10500,16.115167,EML
Thu Apr 14 2016 00:00:00 GMT+0800 (China Standard Time),16.33,16.690001,16.299999,16.690001,11800,16.480524,EML
Fri Apr 15 2016 00:00:00 GMT+0800 (China Standard Time),16.610001,17,16.49,16.83,10200,16.618766,EML
Mon Apr 18 2016 00:00:00 GMT+0800 (China Standard Time),16.549999,17.09,16.549999,16.84,3200,16.628641,EML
Tue Apr 19 2016 00:00:00 GMT+0800 (China Standard Time),17,17.209999,16.43,16.790001,32300,16.579269,EML
Wed Apr 20 2016 00:00:00 GMT+0800 (China Standard Time),16.700001,17.040001,16.459999,16.549999,30800,16.34228,EML
Thu Apr 21 2016 00:00:00 GMT+0800 (China Standard Time),16.700001,16.75,16.190001,16.389999,39300,16.184288,EML
Fri Apr 22 2016 00:00:00 GMT+0800 (China Standard Time),16.299999,16.75,16.299999,16.58,4100,16.371904,EML
Mon Apr 25 2016 00:00:00 GMT+0800 (China Standard Time),16.59,16.690001,16.459999,16.459999,4700,16.253409,EML
Tue Apr 26 2016 00:00:00 GMT+0800 (China Standard Time),16.73,16.73,16.17,16.639999,14000,16.431151,EML
Wed Apr 27 2016 00:00:00 GMT+0800 (China Standard Time),16.6,16.6,16.299999,16.299999,5100,16.095418,EML
Thu Apr 28 2016 00:00:00 GMT+0800 (China Standard Time),16.32,16.549999,16.299999,16.5,2900,16.292908,EML
Fri Apr 29 2016 00:00:00 GMT+0800 (China Standard Time),16.5,16.75,16.450001,16.74,3500,16.529896,EML
Mon May 02 2016 00:00:00 GMT+0800 (China Standard Time),16.360001,16.549999,16.32,16.5,6000,16.292908,EML
Tue May 03 2016 00:00:00 GMT+0800 (China Standard Time),16.75,16.75,16.32,16.4,5000,16.194163,EML
Wed May 04 2016 00:00:00 GMT+0800 (China Standard Time),16.92,16.950001,16.25,16.549999,9400,16.34228,EML
Thu May 05 2016 00:00:00 GMT+0800 (China Standard Time),16.440001,16.440001,16.200001,16.24,9800,16.036171,EML
Fri May 06 2016 00:00:00 GMT+0800 (China Standard Time),16.23,16.58,16.23,16.35,2300,16.144791,EML
Mon May 09 2016 00:00:00 GMT+0800 (China Standard Time),16.870001,16.91,16.309999,16.33,15300,16.125042,EML
Tue May 10 2016 00:00:00 GMT+0800 (China Standard Time),16.41,16.73,16.07,16.35,29300,16.144791,EML
Wed May 11 2016 00:00:00 GMT+0800 (China Standard Time),16.389999,16.9,16.040001,16.33,8500,16.125042,EML
Thu May 12 2016 00:00:00 GMT+0800 (China Standard Time),16.559999,16.559999,16.17,16.209999,6600,16.006547,EML
Fri May 13 2016 00:00:00 GMT+0800 (China Standard Time),16.18,16.41,16.030001,16.24,17500,16.036171,EML
Mon May 16 2016 00:00:00 GMT+0800 (China Standard Time),16.07,16.52,16.07,16.299999,16500,16.205181,EML
Tue May 17 2016 00:00:00 GMT+0800 (China Standard Time),16.309999,16.440001,16.129999,16.129999,2700,16.03617,EML
Wed May 18 2016 00:00:00 GMT+0800 (China Standard Time),16.16,16.27,15.99,16.15,60800,16.056054,EML
Thu May 19 2016 00:00:00 GMT+0800 (China Standard Time),16.15,16.27,16,16.16,8200,16.065996,EML
Fri May 20 2016 00:00:00 GMT+0800 (China Standard Time),16.01,16.42,16,16.120001,20200,16.02623,EML
Mon May 23 2016 00:00:00 GMT+0800 (China Standard Time),16.15,16.700001,16,16.35,36100,16.254892,EML
Tue May 24 2016 00:00:00 GMT+0800 (China Standard Time),16.379999,16.379999,16.15,16.35,9900,16.254892,EML
Wed May 25 2016 00:00:00 GMT+0800 (China Standard Time),16.219999,16.219999,16.08,16.16,4600,16.065996,EML
Thu May 26 2016 00:00:00 GMT+0800 (China Standard Time),16.280001,16.360001,16.120001,16.25,19000,16.155473,EML
Fri May 27 2016 00:00:00 GMT+0800 (China Standard Time),16.16,16.25,16.16,16.25,1800,16.155473,EML
Tue May 31 2016 00:00:00 GMT+0800 (China Standard Time),16.379999,16.709999,16.379999,16.42,8300,16.324484,EML
Wed Jun 01 2016 00:00:00 GMT+0800 (China Standard Time),16.4,16.48,16.32,16.32,14500,16.225065,EML
Thu Jun 02 2016 00:00:00 GMT+0800 (China Standard Time),16.34,16.5,16.27,16.299999,9400,16.205181,EML
Fri Jun 03 2016 00:00:00 GMT+0800 (China Standard Time),16.4,16.4,16.18,16.309999,3300,16.215123,EML
Mon Jun 06 2016 00:00:00 GMT+0800 (China Standard Time),16.42,16.450001,16.219999,16.379999,17800,16.284716,EML
Tue Jun 07 2016 00:00:00 GMT+0800 (China Standard Time),16.299999,16.58,16.23,16.51,7200,16.413961,EML
Wed Jun 08 2016 00:00:00 GMT+0800 (China Standard Time),16.4,16.43,16.219999,16.34,5900,16.244949,EML
Thu Jun 09 2016 00:00:00 GMT+0800 (China Standard Time),16.549999,16.59,16.379999,16.52,1200,16.423903,EML
Fri Jun 10 2016 00:00:00 GMT+0800 (China Standard Time),16.309999,16.309999,16.27,16.27,700,16.175357,EML
Mon Jun 13 2016 00:00:00 GMT+0800 (China Standard Time),16.25,16.25,16.200001,16.23,1200,16.135589,EML
Tue Jun 14 2016 00:00:00 GMT+0800 (China Standard Time),16.219999,16.43,16.09,16.299999,16500,16.205181,EML
Wed Jun 15 2016 00:00:00 GMT+0800 (China Standard Time),16.280001,16.280001,16.200001,16.200001,2100,16.105764,EML
Thu Jun 16 2016 00:00:00 GMT+0800 (China Standard Time),16.23,16.23,16.110001,16.200001,6900,16.105764,EML
Fri Jun 17 2016 00:00:00 GMT+0800 (China Standard Time),16.120001,16.16,16,16.059999,22600,15.966578,EML
Mon Jun 20 2016 00:00:00 GMT+0800 (China Standard Time),16.129999,16.25,16.129999,16.200001,3500,16.105764,EML
Tue Jun 21 2016 00:00:00 GMT+0800 (China Standard Time),16.280001,16.48,16.190001,16.190001,6400,16.095822,EML
Wed Jun 22 2016 00:00:00 GMT+0800 (China Standard Time),16.209999,16.24,16.08,16.08,21000,15.986462,EML
Thu Jun 23 2016 00:00:00 GMT+0800 (China Standard Time),15.93,16.33,15.93,16.17,1500,16.075938,EML
Fri Jun 24 2016 00:00:00 GMT+0800 (China Standard Time),16.02,16.16,15.91,16,2700,15.906927,EML
Mon Jun 27 2016 00:00:00 GMT+0800 (China Standard Time),16,16.26,15.74,15.97,4500,15.877102,EML
Tue Jun 28 2016 00:00:00 GMT+0800 (China Standard Time),16.08,16.35,16.040001,16.129999,15400,16.03617,EML
Wed Jun 29 2016 00:00:00 GMT+0800 (China Standard Time),16.15,16.809999,16.110001,16.77,11200,16.672448,EML
Thu Jun 30 2016 00:00:00 GMT+0800 (China Standard Time),16.74,16.82,16.549999,16.58,5600,16.483553,EML
Fri Jul 01 2016 00:00:00 GMT+0800 (China Standard Time),16.77,17.110001,16.639999,16.889999,10800,16.791749,EML
Tue Jul 05 2016 00:00:00 GMT+0800 (China Standard Time),16.799999,17.030001,16.389999,17.030001,3500,16.930936,EML
Wed Jul 06 2016 00:00:00 GMT+0800 (China Standard Time),16.98,16.98,16.559999,16.709999,3600,16.612796,EML
Thu Jul 07 2016 00:00:00 GMT+0800 (China Standard Time),16.82,17.059999,16.82,16.84,3900,16.742041,EML
Fri Jul 08 2016 00:00:00 GMT+0800 (China Standard Time),17.200001,17.200001,16.809999,16.809999,4400,16.712215,EML
Mon Jul 11 2016 00:00:00 GMT+0800 (China Standard Time),16.9,17.190001,16.9,17.030001,3000,16.930936,EML
Tue Jul 12 2016 00:00:00 GMT+0800 (China Standard Time),17.1,17.1,17.049999,17.049999,1400,16.950818,EML
Wed Jul 13 2016 00:00:00 GMT+0800 (China Standard Time),17.129999,17.129999,16.860001,17,4500,16.90111,EML
Thu Jul 14 2016 00:00:00 GMT+0800 (China Standard Time),16.98,17.17,16.98,17,2500,16.90111,EML
Fri Jul 15 2016 00:00:00 GMT+0800 (China Standard Time),16.83,17.15,16.799999,16.969999,1700,16.871284,EML
Mon Jul 18 2016 00:00:00 GMT+0800 (China Standard Time),17.17,17.200001,17.15,17.15,1100,17.050237,EML
Tue Jul 19 2016 00:00:00 GMT+0800 (China Standard Time),17.120001,17.120001,16.92,17.030001,8800,16.930936,EML
Wed Jul 20 2016 00:00:00 GMT+0800 (China Standard Time),16.93,17.190001,16.93,17.190001,400,17.090005,EML
Thu Jul 21 2016 00:00:00 GMT+0800 (China Standard Time),17.200001,17.200001,17.200001,17.200001,200,17.099947,EML
Fri Jul 22 2016 00:00:00 GMT+0800 (China Standard Time),17.190001,17.25,17,17.200001,7900,17.099947,EML
Mon Jul 25 2016 00:00:00 GMT+0800 (China Standard Time),17.08,17.190001,16.99,17.190001,2800,17.090005,EML
Tue Jul 26 2016 00:00:00 GMT+0800 (China Standard Time),16.76,17.190001,16.76,17.02,800,16.920994,EML
Wed Jul 27 2016 00:00:00 GMT+0800 (China Standard Time),17.07,17.17,17.07,17.15,1200,17.050237,EML
Thu Jul 28 2016 00:00:00 GMT+0800 (China Standard Time),17.15,17.15,17.15,17.15,0,17.050237,EML
Fri Jul 29 2016 00:00:00 GMT+0800 (China Standard Time),17.25,17.85,17.08,17.73,19000,17.626863,EML
Mon Aug 01 2016 00:00:00 GMT+0800 (China Standard Time),17.67,18.9,17.59,17.99,12900,17.885351,EML
Tue Aug 02 2016 00:00:00 GMT+0800 (China Standard Time),18.02,18.6,18.02,18.27,2700,18.163723,EML
Wed Aug 03 2016 00:00:00 GMT+0800 (China Standard Time),18.01,18.450001,18.01,18.27,1600,18.163723,EML
Thu Aug 04 2016 00:00:00 GMT+0800 (China Standard Time),18.440001,18.5,18.07,18.209999,16800,18.104071,EML
Fri Aug 05 2016 00:00:00 GMT+0800 (China Standard Time),18.379999,18.4,18.1,18.389999,1400,18.283024,EML
Mon Aug 08 2016 00:00:00 GMT+0800 (China Standard Time),18.35,18.48,18.18,18.450001,3200,18.342676,EML
Tue Aug 09 2016 00:00:00 GMT+0800 (China Standard Time),18.4,18.469999,18.360001,18.469999,2900,18.362558,EML
Wed Aug 10 2016 00:00:00 GMT+0800 (China Standard Time),18.48,19.030001,18.48,18.790001,23200,18.680698,EML
Thu Aug 11 2016 00:00:00 GMT+0800 (China Standard Time),18.77,19,18.5,18.99,15500,18.879534,EML
Fri Aug 12 2016 00:00:00 GMT+0800 (China Standard Time),18.559999,18.91,18.530001,18.91,1800,18.799999,EML
Mon Aug 15 2016 00:00:00 GMT+0800 (China Standard Time),18.85,18.85,18.85,18.85,600,18.85,EML
Tue Aug 16 2016 00:00:00 GMT+0800 (China Standard Time),18.48,18.870001,18.48,18.870001,1100,18.870001,EML
Wed Aug 17 2016 00:00:00 GMT+0800 (China Standard Time),18.82,19,18.82,18.98,4700,18.98,EML
Thu Aug 18 2016 00:00:00 GMT+0800 (China Standard Time),18.93,19,18.9,19,1200,19,EML
Fri Aug 19 2016 00:00:00 GMT+0800 (China Standard Time),18.809999,18.950001,18.790001,18.85,15500,18.85,EML
Mon Aug 22 2016 00:00:00 GMT+0800 (China Standard Time),18.85,18.85,18.85,18.85,0,18.85,EML
Tue Aug 23 2016 00:00:00 GMT+0800 (China Standard Time),18.959999,19,18.809999,18.809999,2800,18.809999,EML
Wed Aug 24 2016 00:00:00 GMT+0800 (China Standard Time),19,19,18.92,18.92,3200,18.92,EML
Thu Aug 25 2016 00:00:00 GMT+0800 (China Standard Time),18.940001,19.25,18.93,18.940001,10300,18.940001,EML
Fri Aug 26 2016 00:00:00 GMT+0800 (China Standard Time),18.940001,19.27,18.940001,19.1,3700,19.1,EML
Mon Aug 29 2016 00:00:00 GMT+0800 (China Standard Time),19.15,19.469999,18.93,19.25,15400,19.25,EML
Tue Aug 30 2016 00:00:00 GMT+0800 (China Standard Time),19.25,19.84,19.25,19.610001,5300,19.610001,EML
Wed Aug 31 2016 00:00:00 GMT+0800 (China Standard Time),19.290001,19.49,18.92,19.200001,11800,19.200001,EML
Thu Sep 01 2016 00:00:00 GMT+0800 (China Standard Time),19.200001,19.74,19.200001,19.5,3500,19.5,EML
Fri Sep 02 2016 00:00:00 GMT+0800 (China Standard Time),19.469999,19.49,19.42,19.49,1100,19.49,EML
Tue Sep 06 2016 00:00:00 GMT+0800 (China Standard Time),19.49,19.690001,19.49,19.610001,2200,19.610001,EML
Wed Sep 07 2016 00:00:00 GMT+0800 (China Standard Time),19.620001,19.74,19.6,19.629999,8100,19.629999,EML
Thu Sep 08 2016 00:00:00 GMT+0800 (China Standard Time),19.700001,19.74,19.700001,19.73,700,19.73,EML
Fri Sep 09 2016 00:00:00 GMT+0800 (China Standard Time),19.690001,19.690001,19.57,19.66,2300,19.66,EML
Mon Sep 12 2016 00:00:00 GMT+0800 (China Standard Time),19.559999,19.75,19.559999,19.629999,2300,19.629999,EML
Tue Sep 13 2016 00:00:00 GMT+0800 (China Standard Time),19.6,19.700001,19.51,19.59,7400,19.59,EML
Wed Sep 14 2016 00:00:00 GMT+0800 (China Standard Time),19.52,19.690001,19.52,19.68,1800,19.68,EML
Thu Sep 15 2016 00:00:00 GMT+0800 (China Standard Time),19.629999,19.629999,19.5,19.530001,9300,19.530001,EML
Fri Sep 16 2016 00:00:00 GMT+0800 (China Standard Time),19.52,19.65,19.5,19.5,5100,19.5,EML
Mon Sep 19 2016 00:00:00 GMT+0800 (China Standard Time),19.5,19.700001,19.42,19.59,9400,19.59,EML
Tue Sep 20 2016 00:00:00 GMT+0800 (China Standard Time),19.5,19.5,19.25,19.26,16100,19.26,EML
Wed Sep 21 2016 00:00:00 GMT+0800 (China Standard Time),19.35,19.5,19.25,19.49,8200,19.49,EML
Thu Sep 22 2016 00:00:00 GMT+0800 (China Standard Time),19.360001,19.49,19.32,19.34,2800,19.34,EML
Fri Sep 23 2016 00:00:00 GMT+0800 (China Standard Time),19.389999,19.389999,19.280001,19.299999,1000,19.299999,EML
Mon Sep 26 2016 00:00:00 GMT+0800 (China Standard Time),19.299999,19.299999,19.299999,19.299999,100,19.299999,EML
Tue Sep 27 2016 00:00:00 GMT+0800 (China Standard Time),19.24,19.32,18.780001,19.02,11300,19.02,EML
Wed Sep 28 2016 00:00:00 GMT+0800 (China Standard Time),19.25,19.450001,19.200001,19.309999,20700,19.309999,EML
Thu Sep 29 2016 00:00:00 GMT+0800 (China Standard Time),19.49,19.879999,19.49,19.879999,9400,19.879999,EML
Fri Sep 30 2016 00:00:00 GMT+0800 (China Standard Time),19.860001,20.120001,19.780001,20.02,10700,20.02,EML
Mon Oct 03 2016 00:00:00 GMT+0800 (China Standard Time),19.969999,20.030001,19.959999,20.030001,1600,20.030001,EML
Tue Oct 04 2016 00:00:00 GMT+0800 (China Standard Time),20.219999,20.219999,19.690001,19.77,2300,19.77,EML
Wed Oct 05 2016 00:00:00 GMT+0800 (China Standard Time),19.940001,19.98,19.870001,19.870001,500,19.870001,EML
Thu Oct 06 2016 00:00:00 GMT+0800 (China Standard Time),19.73,19.73,19.73,19.73,100,19.73,EML
Fri Oct 07 2016 00:00:00 GMT+0800 (China Standard Time),19.91,19.91,19.879999,19.879999,300,19.879999,EML
Mon Oct 10 2016 00:00:00 GMT+0800 (China Standard Time),19.98,19.98,19.879999,19.879999,2700,19.879999,EML
Tue Oct 11 2016 00:00:00 GMT+0800 (China Standard Time),19.74,19.9,19.700001,19.700001,3000,19.700001,EML
Wed Oct 12 2016 00:00:00 GMT+0800 (China Standard Time),19.75,20,19.75,19.9,900,19.9,EML
Thu Oct 13 2016 00:00:00 GMT+0800 (China Standard Time),19.73,19.92,19.540001,19.540001,1700,19.540001,EML
Fri Oct 14 2016 00:00:00 GMT+0800 (China Standard Time),19.620001,19.620001,19.540001,19.540001,1800,19.540001,EML
Mon Oct 17 2016 00:00:00 GMT+0800 (China Standard Time),19.379999,19.450001,19.299999,19.450001,800,19.450001,EML
Tue Oct 18 2016 00:00:00 GMT+0800 (China Standard Time),19.700001,19.700001,19.25,19.25,3300,19.25,EML
Wed Oct 19 2016 00:00:00 GMT+0800 (China Standard Time),19.280001,19.379999,19.25,19.299999,3000,19.299999,EML
Thu Oct 20 2016 00:00:00 GMT+0800 (China Standard Time),19.549999,19.549999,19.219999,19.219999,900,19.219999,EML
Fri Oct 21 2016 00:00:00 GMT+0800 (China Standard Time),19.549999,19.549999,19.25,19.52,3900,19.52,EML
Mon Oct 24 2016 00:00:00 GMT+0800 (China Standard Time),19.540001,19.540001,19.25,19.25,1300,19.25,EML
Tue Oct 25 2016 00:00:00 GMT+0800 (China Standard Time),19.26,19.5,19,19.5,6600,19.5,EML
Wed Oct 26 2016 00:00:00 GMT+0800 (China Standard Time),19.299999,19.35,19.25,19.25,2100,19.25,EML
Thu Oct 27 2016 00:00:00 GMT+0800 (China Standard Time),19.49,19.5,19.25,19.25,1700,19.25,EML
Fri Oct 28 2016 00:00:00 GMT+0800 (China Standard Time),19.9,19.9,19.25,19.85,11000,19.85,EML
Mon Oct 31 2016 00:00:00 GMT+0800 (China Standard Time),19.15,19.9,19.1,19.4,3300,19.4,EML
Tue Nov 01 2016 00:00:00 GMT+0800 (China Standard Time),19.35,19.450001,19.25,19.25,3100,19.25,EML
Wed Nov 02 2016 00:00:00 GMT+0800 (China Standard Time),19.370001,19.549999,19.35,19.35,500,19.35,EML
Thu Nov 03 2016 00:00:00 GMT+0800 (China Standard Time),19.25,19.32,19.25,19.32,1000,19.32,EML
Fri Nov 04 2016 00:00:00 GMT+0800 (China Standard Time),19.469999,19.469999,18.9,18.9,5800,18.9,EML
Mon Nov 07 2016 00:00:00 GMT+0800 (China Standard Time),19.200001,19.25,18.9,19.24,14600,19.24,EML
Tue Nov 08 2016 00:00:00 GMT+0800 (China Standard Time),19.25,19.450001,19.25,19.450001,500,19.450001,EML
Wed Nov 09 2016 00:00:00 GMT+0800 (China Standard Time),19.75,20.049999,19.75,19.950001,17100,19.950001,EML
Thu Nov 10 2016 00:00:00 GMT+0800 (China Standard Time),20,20.1,19.950001,19.99,4100,19.99,EML
Fri Nov 11 2016 00:00:00 GMT+0800 (China Standard Time),20.25,20.299999,20,20,1900,20,EML
