Thu Apr 17 2014 00:00:00 GMT+0800 (China Standard Time),15,17.379999,15,16.99,951100,15.289704,NAVI
Mon Apr 21 2014 00:00:00 GMT+0800 (China Standard Time),16.969999,17.370001,16.33,16.82,444300,15.136717,NAVI
Tue Apr 22 2014 00:00:00 GMT+0800 (China Standard Time),16.629999,17,16.629999,16.799999,576700,15.118718,NAVI
Wed Apr 23 2014 00:00:00 GMT+0800 (China Standard Time),16.809999,16.85,16.709999,16.780001,1608900,15.100721,NAVI
Thu Apr 24 2014 00:00:00 GMT+0800 (China Standard Time),16.85,16.860001,16.450001,16.629999,368900,14.965731,NAVI
Fri Apr 25 2014 00:00:00 GMT+0800 (China Standard Time),16.9,16.92,16.32,16.889999,1086500,15.199711,NAVI
Mon Apr 28 2014 00:00:00 GMT+0800 (China Standard Time),16.93,16.93,16.379999,16.67,1187900,15.001729,NAVI
Tue Apr 29 2014 00:00:00 GMT+0800 (China Standard Time),16.620001,16.879999,16.450001,16.68,648500,15.010728,NAVI
Wed Apr 30 2014 00:00:00 GMT+0800 (China Standard Time),16.700001,16.700001,16.360001,16.549999,26746200,14.893737,NAVI
Thu May 01 2014 00:00:00 GMT+0800 (China Standard Time),16.120001,17.360001,16.120001,17,3650100,15.298704,NAVI
Fri May 02 2014 00:00:00 GMT+0800 (China Standard Time),17.01,17.299999,16.870001,16.950001,2995000,15.253708,NAVI
Mon May 05 2014 00:00:00 GMT+0800 (China Standard Time),16.93,17.26,16.530001,16.809999,3978400,15.127718,NAVI
Tue May 06 2014 00:00:00 GMT+0800 (China Standard Time),16.690001,16.799999,16.25,16.34,14309200,14.704754,NAVI
Wed May 07 2014 00:00:00 GMT+0800 (China Standard Time),16.360001,16.610001,16.26,16.6,5692900,14.938734,NAVI
Thu May 08 2014 00:00:00 GMT+0800 (China Standard Time),16.5,16.639999,16.35,16.450001,5668200,14.803746,NAVI
Fri May 09 2014 00:00:00 GMT+0800 (China Standard Time),16.299999,16.51,16.030001,16.280001,2797000,14.650759,NAVI
Mon May 12 2014 00:00:00 GMT+0800 (China Standard Time),16.280001,16.549999,15.775,15.95,6980100,14.353784,NAVI
Tue May 13 2014 00:00:00 GMT+0800 (China Standard Time),15.78,16.129999,15.78,15.85,8292000,14.263792,NAVI
Wed May 14 2014 00:00:00 GMT+0800 (China Standard Time),15.77,16.040001,15.5,15.74,4577500,14.164799,NAVI
Thu May 15 2014 00:00:00 GMT+0800 (China Standard Time),15.66,16,15.59,15.74,4919000,14.164799,NAVI
Fri May 16 2014 00:00:00 GMT+0800 (China Standard Time),15.66,15.95,15.66,15.86,2786900,14.27279,NAVI
Mon May 19 2014 00:00:00 GMT+0800 (China Standard Time),15.76,16.040001,15.664,16.02,4532400,14.416779,NAVI
Tue May 20 2014 00:00:00 GMT+0800 (China Standard Time),16.1,16.165001,15.82,15.94,9754800,14.344784,NAVI
Wed May 21 2014 00:00:00 GMT+0800 (China Standard Time),15.93,16.129999,15.82,15.93,1743600,14.335785,NAVI
Thu May 22 2014 00:00:00 GMT+0800 (China Standard Time),15.84,16.040001,15.8,15.97,2128900,14.371782,NAVI
Fri May 23 2014 00:00:00 GMT+0800 (China Standard Time),16,16.129999,15.97,16.07,2826400,14.461774,NAVI
Tue May 27 2014 00:00:00 GMT+0800 (China Standard Time),16.09,16.34,15.79,15.98,1726900,14.380781,NAVI
Wed May 28 2014 00:00:00 GMT+0800 (China Standard Time),16.02,16.049999,15.665,15.68,4219100,14.110805,NAVI
Thu May 29 2014 00:00:00 GMT+0800 (China Standard Time),15.73,15.82,15.53,15.68,3463400,14.110805,NAVI
Fri May 30 2014 00:00:00 GMT+0800 (China Standard Time),15.63,15.91,15.63,15.8,5261300,14.218795,NAVI
Mon Jun 02 2014 00:00:00 GMT+0800 (China Standard Time),15.84,15.94,15.79,15.81,2986800,14.227795,NAVI
Tue Jun 03 2014 00:00:00 GMT+0800 (China Standard Time),16.6,16.6,15.74,15.83,3483500,14.245793,NAVI
Wed Jun 04 2014 00:00:00 GMT+0800 (China Standard Time),15.6,15.96,15.58,15.89,3231500,14.436586,NAVI
Thu Jun 05 2014 00:00:00 GMT+0800 (China Standard Time),16.030001,16.68,15.9,16.67,4582400,15.145241,NAVI
Fri Jun 06 2014 00:00:00 GMT+0800 (China Standard Time),16.76,16.950001,16.610001,16.67,1622700,15.145241,NAVI
Mon Jun 09 2014 00:00:00 GMT+0800 (China Standard Time),16.610001,16.809999,16.370001,16.809999,3169300,15.272435,NAVI
Tue Jun 10 2014 00:00:00 GMT+0800 (China Standard Time),16.719999,17,16.700001,16.799999,3441800,15.263349,NAVI
Wed Jun 11 2014 00:00:00 GMT+0800 (China Standard Time),16.73,16.969999,16.73,16.879999,1857100,15.336032,NAVI
Thu Jun 12 2014 00:00:00 GMT+0800 (China Standard Time),16.809999,17,16.68,16.74,2336400,15.208838,NAVI
Fri Jun 13 2014 00:00:00 GMT+0800 (China Standard Time),16.719999,16.860001,16.549999,16.67,1485600,15.145241,NAVI
Mon Jun 16 2014 00:00:00 GMT+0800 (China Standard Time),16.66,16.889999,16.6,16.780001,804900,15.24518,NAVI
Tue Jun 17 2014 00:00:00 GMT+0800 (China Standard Time),16.690001,16.959999,16.639999,16.84,1268800,15.299691,NAVI
Wed Jun 18 2014 00:00:00 GMT+0800 (China Standard Time),16.76,17.120001,16.690001,17.059999,2268100,15.499568,NAVI
Thu Jun 19 2014 00:00:00 GMT+0800 (China Standard Time),17.01,17.32,16.725,17.190001,3754000,15.617678,NAVI
Fri Jun 20 2014 00:00:00 GMT+0800 (China Standard Time),17.280001,17.530001,17.15,17.459999,3907900,15.862981,NAVI
Mon Jun 23 2014 00:00:00 GMT+0800 (China Standard Time),17.450001,17.77,17.450001,17.68,4460000,16.062859,NAVI
Tue Jun 24 2014 00:00:00 GMT+0800 (China Standard Time),17.66,17.76,17.58,17.655001,2609200,16.040146,NAVI
Wed Jun 25 2014 00:00:00 GMT+0800 (China Standard Time),17.6,17.76,17.52,17.610001,5173500,15.999262,NAVI
Thu Jun 26 2014 00:00:00 GMT+0800 (China Standard Time),17.58,17.68,17.530001,17.67,931700,16.053774,NAVI
Fri Jun 27 2014 00:00:00 GMT+0800 (China Standard Time),17.610001,17.91,17.610001,17.84,4649500,16.208224,NAVI
Mon Jun 30 2014 00:00:00 GMT+0800 (China Standard Time),17.76,17.98,17.639999,17.709999,2023700,16.090114,NAVI
Tue Jul 01 2014 00:00:00 GMT+0800 (China Standard Time),17.790001,17.969999,17.77,17.771999,2274000,16.146443,NAVI
Wed Jul 02 2014 00:00:00 GMT+0800 (China Standard Time),17.75,17.940001,17.635,17.77,2509900,16.144627,NAVI
Thu Jul 03 2014 00:00:00 GMT+0800 (China Standard Time),17.76,17.889999,17.68,17.700001,1953700,16.08103,NAVI
Mon Jul 07 2014 00:00:00 GMT+0800 (China Standard Time),17.65,17.77,17.6,17.65,1747300,16.035602,NAVI
Tue Jul 08 2014 00:00:00 GMT+0800 (China Standard Time),17.6,17.700001,17.440001,17.6,4540600,15.990177,NAVI
Wed Jul 09 2014 00:00:00 GMT+0800 (China Standard Time),17.6,17.74,17.57,17.719999,2496900,16.0992,NAVI
Thu Jul 10 2014 00:00:00 GMT+0800 (China Standard Time),17.540001,17.870001,17.5,17.780001,2692500,16.153713,NAVI
Fri Jul 11 2014 00:00:00 GMT+0800 (China Standard Time),17.809999,17.934999,17.74,17.889999,6752700,16.25365,NAVI
Mon Jul 14 2014 00:00:00 GMT+0800 (China Standard Time),17.969999,18.065001,17.82,18,2796700,16.353589,NAVI
Tue Jul 15 2014 00:00:00 GMT+0800 (China Standard Time),17.99,18.09,17.645,17.700001,3716200,16.08103,NAVI
Wed Jul 16 2014 00:00:00 GMT+0800 (China Standard Time),17.709999,17.915001,17.49,17.82,3180600,16.190053,NAVI
Thu Jul 17 2014 00:00:00 GMT+0800 (China Standard Time),17.690001,18.280001,17.690001,17.700001,2805800,16.08103,NAVI
Fri Jul 18 2014 00:00:00 GMT+0800 (China Standard Time),17.75,17.75,17.5,17.690001,2191700,16.071945,NAVI
Mon Jul 21 2014 00:00:00 GMT+0800 (China Standard Time),17.65,17.9,17.57,17.860001,2268500,16.226395,NAVI
Tue Jul 22 2014 00:00:00 GMT+0800 (China Standard Time),17.879999,17.99,17.83,17.969999,1774500,16.326333,NAVI
Wed Jul 23 2014 00:00:00 GMT+0800 (China Standard Time),17.950001,18.02,17.91,17.98,1414400,16.335418,NAVI
Thu Jul 24 2014 00:00:00 GMT+0800 (China Standard Time),17.92,18.15,17.92,17.969999,2131800,16.326333,NAVI
Fri Jul 25 2014 00:00:00 GMT+0800 (China Standard Time),17.9,18.15,17.780001,17.870001,1967600,16.235481,NAVI
Mon Jul 28 2014 00:00:00 GMT+0800 (China Standard Time),17.799999,18.049999,17.66,17.99,2900400,16.344504,NAVI
Tue Jul 29 2014 00:00:00 GMT+0800 (China Standard Time),17.93,18.110001,17.65,17.700001,3500400,16.08103,NAVI
Wed Jul 30 2014 00:00:00 GMT+0800 (China Standard Time),17.700001,17.969999,17.48,17.58,3032300,15.972005,NAVI
Thu Jul 31 2014 00:00:00 GMT+0800 (China Standard Time),17.530001,17.959999,17.190001,17.200001,3568000,15.626764,NAVI
Fri Aug 01 2014 00:00:00 GMT+0800 (China Standard Time),17.200001,17.5,17.139999,17.34,1832500,15.753958,NAVI
Mon Aug 04 2014 00:00:00 GMT+0800 (China Standard Time),17.32,17.34,16.98,17.17,1700400,15.599507,NAVI
Tue Aug 05 2014 00:00:00 GMT+0800 (China Standard Time),17.07,17.25,16.879999,16.950001,2083500,15.399631,NAVI
Wed Aug 06 2014 00:00:00 GMT+0800 (China Standard Time),16.92,17.15,16.860001,16.99,2538600,15.435971,NAVI
Thu Aug 07 2014 00:00:00 GMT+0800 (China Standard Time),17.040001,17.190001,16.761,16.860001,1392800,15.317863,NAVI
Fri Aug 08 2014 00:00:00 GMT+0800 (China Standard Time),16.9,17.344999,16.76,17.280001,3591800,15.699446,NAVI
Mon Aug 11 2014 00:00:00 GMT+0800 (China Standard Time),17.35,17.389999,17.09,17.1,1096300,15.53591,NAVI
Tue Aug 12 2014 00:00:00 GMT+0800 (China Standard Time),17.110001,17.17,16.940001,17.1,1166900,15.53591,NAVI
Wed Aug 13 2014 00:00:00 GMT+0800 (China Standard Time),17.15,17.235001,17.07,17.17,940900,15.599507,NAVI
Thu Aug 14 2014 00:00:00 GMT+0800 (China Standard Time),17.15,17.17,17.040001,17.15,1448200,15.581336,NAVI
Fri Aug 15 2014 00:00:00 GMT+0800 (China Standard Time),17.16,17.25,16.860001,17.02,1595100,15.463228,NAVI
Mon Aug 18 2014 00:00:00 GMT+0800 (China Standard Time),17.129999,17.51,17.07,17.379999,2932800,15.790298,NAVI
Tue Aug 19 2014 00:00:00 GMT+0800 (China Standard Time),17.35,17.459999,17.184999,17.32,1413900,15.735787,NAVI
Wed Aug 20 2014 00:00:00 GMT+0800 (China Standard Time),17.18,17.565001,17.110001,17.5,1279200,15.899323,NAVI
Thu Aug 21 2014 00:00:00 GMT+0800 (China Standard Time),17.5,17.540001,17.290001,17.459999,1167200,15.862981,NAVI
Fri Aug 22 2014 00:00:00 GMT+0800 (China Standard Time),17.42,17.6,17.370001,17.450001,1062000,15.853897,NAVI
Mon Aug 25 2014 00:00:00 GMT+0800 (China Standard Time),17.48,17.74,17.450001,17.629999,769600,16.017431,NAVI
Tue Aug 26 2014 00:00:00 GMT+0800 (China Standard Time),17.6,17.74,17.530001,17.610001,917000,15.999262,NAVI
Wed Aug 27 2014 00:00:00 GMT+0800 (China Standard Time),17.58,17.77,17.58,17.709999,840200,16.090114,NAVI
Thu Aug 28 2014 00:00:00 GMT+0800 (China Standard Time),17.620001,17.799999,17.530001,17.719999,911200,16.0992,NAVI
Fri Aug 29 2014 00:00:00 GMT+0800 (China Standard Time),17.719999,18,17.65,17.940001,1990200,16.299078,NAVI
Tue Sep 02 2014 00:00:00 GMT+0800 (China Standard Time),17.940001,18.129999,17.879999,17.98,1560700,16.335418,NAVI
Wed Sep 03 2014 00:00:00 GMT+0800 (China Standard Time),18.01,18.09,17.91,17.98,1309400,16.335418,NAVI
Thu Sep 04 2014 00:00:00 GMT+0800 (China Standard Time),17.959999,18.174999,17.959999,17.959999,1609900,16.317247,NAVI
Fri Sep 05 2014 00:00:00 GMT+0800 (China Standard Time),17.9,18.049999,17.629999,17.790001,2305200,16.162798,NAVI
Mon Sep 08 2014 00:00:00 GMT+0800 (China Standard Time),17.780001,18.049999,17.530001,17.690001,1883300,16.071945,NAVI
Tue Sep 09 2014 00:00:00 GMT+0800 (China Standard Time),17.620001,17.700001,17.379999,17.48,1588800,15.881152,NAVI
Wed Sep 10 2014 00:00:00 GMT+0800 (China Standard Time),17.459999,17.459999,17.190001,17.35,1206100,15.89948,NAVI
Thu Sep 11 2014 00:00:00 GMT+0800 (China Standard Time),17.26,17.514999,17.26,17.459999,1300400,16.000282,NAVI
Fri Sep 12 2014 00:00:00 GMT+0800 (China Standard Time),17.360001,17.66,17.360001,17.620001,1343100,16.146907,NAVI
Mon Sep 15 2014 00:00:00 GMT+0800 (China Standard Time),17.6,17.6,17.200001,17.360001,1394400,15.908644,NAVI
Tue Sep 16 2014 00:00:00 GMT+0800 (China Standard Time),17.33,17.59,17.23,17.5,981500,16.036939,NAVI
Wed Sep 17 2014 00:00:00 GMT+0800 (China Standard Time),17.5,17.950001,17.5,17.82,1182700,16.330185,NAVI
Thu Sep 18 2014 00:00:00 GMT+0800 (China Standard Time),17.84,17.959999,17.799999,17.85,1817400,16.357678,NAVI
Fri Sep 19 2014 00:00:00 GMT+0800 (China Standard Time),17.940001,17.950001,17.799999,17.860001,2140300,16.366842,NAVI
Mon Sep 22 2014 00:00:00 GMT+0800 (China Standard Time),17.790001,17.950001,17.68,17.82,1560000,16.330185,NAVI
Tue Sep 23 2014 00:00:00 GMT+0800 (China Standard Time),17.82,17.950001,17.565001,17.6,1776000,16.128579,NAVI
Wed Sep 24 2014 00:00:00 GMT+0800 (China Standard Time),17.59,17.91,17.48,17.91,1968600,16.412661,NAVI
Thu Sep 25 2014 00:00:00 GMT+0800 (China Standard Time),17.83,17.93,17.610001,17.73,1543600,16.24771,NAVI
Fri Sep 26 2014 00:00:00 GMT+0800 (China Standard Time),17.709999,17.77,17.540001,17.68,956200,16.20189,NAVI
Mon Sep 29 2014 00:00:00 GMT+0800 (China Standard Time),17.530001,17.85,17.469999,17.65,1386700,16.174398,NAVI
Tue Sep 30 2014 00:00:00 GMT+0800 (China Standard Time),17.639999,17.870001,17.610001,17.709999,1678900,16.229381,NAVI
Wed Oct 01 2014 00:00:00 GMT+0800 (China Standard Time),17.709999,17.84,17.42,17.440001,2330400,15.981955,NAVI
Thu Oct 02 2014 00:00:00 GMT+0800 (China Standard Time),17.379999,17.6,17.235001,17.4,1741500,15.945299,NAVI
Fri Oct 03 2014 00:00:00 GMT+0800 (China Standard Time),17.450001,17.677999,17.34,17.43,1739300,15.972791,NAVI
Mon Oct 06 2014 00:00:00 GMT+0800 (China Standard Time),17.48,17.780001,17.41,17.57,3435200,16.101086,NAVI
Tue Oct 07 2014 00:00:00 GMT+0800 (China Standard Time),17.52,17.665001,17.299999,17.299999,2699000,15.853659,NAVI
Wed Oct 08 2014 00:00:00 GMT+0800 (China Standard Time),17.27,17.379999,16.98,17.34,4953200,15.890315,NAVI
Thu Oct 09 2014 00:00:00 GMT+0800 (China Standard Time),17.280001,17.379999,17.094999,17.26,3039100,15.817004,NAVI
Fri Oct 10 2014 00:00:00 GMT+0800 (China Standard Time),17.290001,17.49,17.08,17.125,4295200,15.69329,NAVI
Mon Oct 13 2014 00:00:00 GMT+0800 (China Standard Time),17.58,17.77,17.290001,17.299999,3456600,15.853659,NAVI
Tue Oct 14 2014 00:00:00 GMT+0800 (China Standard Time),17.379999,17.59,17.379999,17.469999,3239700,16.009446,NAVI
Wed Oct 15 2014 00:00:00 GMT+0800 (China Standard Time),17.299999,17.780001,17.190001,17.42,3793100,15.963627,NAVI
Thu Oct 16 2014 00:00:00 GMT+0800 (China Standard Time),17.190001,17.860001,17.18,17.639999,3868300,16.165234,NAVI
Fri Oct 17 2014 00:00:00 GMT+0800 (China Standard Time),17.73,18.620001,17.709999,18.610001,4878500,17.054139,NAVI
Mon Oct 20 2014 00:00:00 GMT+0800 (China Standard Time),18.51,18.92,18.379999,18.639999,2516000,17.08163,NAVI
Tue Oct 21 2014 00:00:00 GMT+0800 (China Standard Time),18.85,18.9,18.549999,18.790001,3410500,17.219091,NAVI
Wed Oct 22 2014 00:00:00 GMT+0800 (China Standard Time),18.799999,19.08,18.49,18.530001,4271000,16.980828,NAVI
Thu Oct 23 2014 00:00:00 GMT+0800 (China Standard Time),18.65,18.91,18.49,18.709999,2625000,17.145778,NAVI
Fri Oct 24 2014 00:00:00 GMT+0800 (China Standard Time),18.75,19.08,18.75,18.9,1436600,17.319893,NAVI
Mon Oct 27 2014 00:00:00 GMT+0800 (China Standard Time),18.870001,18.91,18.700001,18.84,1602400,17.26491,NAVI
Tue Oct 28 2014 00:00:00 GMT+0800 (China Standard Time),18.870001,19.1,18.780001,19.040001,1842500,17.44819,NAVI
Wed Oct 29 2014 00:00:00 GMT+0800 (China Standard Time),19.01,19.33,18.85,19.26,1961000,17.649797,NAVI
Thu Oct 30 2014 00:00:00 GMT+0800 (China Standard Time),19.24,19.540001,19.16,19.5,1859700,17.869732,NAVI
Fri Oct 31 2014 00:00:00 GMT+0800 (China Standard Time),19.66,19.860001,19.555,19.780001,3215100,18.126323,NAVI
Mon Nov 03 2014 00:00:00 GMT+0800 (China Standard Time),19.73,20.1,19.58,20,2863200,18.32793,NAVI
Tue Nov 04 2014 00:00:00 GMT+0800 (China Standard Time),19.690001,19.709999,19.389999,19.459999,2013700,17.833075,NAVI
Wed Nov 05 2014 00:00:00 GMT+0800 (China Standard Time),19.68,19.73,19.18,19.620001,3538800,17.9797,NAVI
Thu Nov 06 2014 00:00:00 GMT+0800 (China Standard Time),19.719999,20.110001,19.620001,20.1,2726300,18.41957,NAVI
Fri Nov 07 2014 00:00:00 GMT+0800 (China Standard Time),20.049999,20.26,19.91,20.209999,2476300,18.520372,NAVI
Mon Nov 10 2014 00:00:00 GMT+0800 (China Standard Time),20.17,20.355,20.110001,20.200001,2319400,18.51121,NAVI
Tue Nov 11 2014 00:00:00 GMT+0800 (China Standard Time),20.18,20.33,20.011,20.299999,1819400,18.602848,NAVI
Wed Nov 12 2014 00:00:00 GMT+0800 (China Standard Time),20.32,20.469999,20.049999,20.129999,2179900,18.447061,NAVI
Thu Nov 13 2014 00:00:00 GMT+0800 (China Standard Time),20.440001,20.780001,20.27,20.780001,2629700,19.04272,NAVI
Fri Nov 14 2014 00:00:00 GMT+0800 (China Standard Time),20.75,20.780001,20.27,20.41,2158100,18.703652,NAVI
Mon Nov 17 2014 00:00:00 GMT+0800 (China Standard Time),20.33,20.84,20.309999,20.809999,1436800,19.070211,NAVI
Tue Nov 18 2014 00:00:00 GMT+0800 (China Standard Time),20.709999,21.055,20.66,20.870001,1472100,19.125196,NAVI
Wed Nov 19 2014 00:00:00 GMT+0800 (China Standard Time),20.540001,20.780001,20.540001,20.709999,1031300,18.978571,NAVI
Thu Nov 20 2014 00:00:00 GMT+0800 (China Standard Time),20.709999,20.870001,20.620001,20.700001,2741900,18.969408,NAVI
Fri Nov 21 2014 00:00:00 GMT+0800 (China Standard Time),20.969999,21.219999,20.83,21.18,2867100,19.409278,NAVI
Mon Nov 24 2014 00:00:00 GMT+0800 (China Standard Time),21.18,21.32,20.889999,20.940001,2107200,19.189343,NAVI
Tue Nov 25 2014 00:00:00 GMT+0800 (China Standard Time),20.93,21.02,20.860001,20.950001,2540100,19.198507,NAVI
Wed Nov 26 2014 00:00:00 GMT+0800 (China Standard Time),20.950001,21.02,20.809999,20.91,1734100,19.161851,NAVI
Fri Nov 28 2014 00:00:00 GMT+0800 (China Standard Time),20.99,21.49,20.85,20.959999,632400,19.20767,NAVI
Mon Dec 01 2014 00:00:00 GMT+0800 (China Standard Time),20.879999,21.23,20.73,20.91,2833400,19.161851,NAVI
Tue Dec 02 2014 00:00:00 GMT+0800 (China Standard Time),21,21.27,20.809999,20.969999,1333700,19.216834,NAVI
Wed Dec 03 2014 00:00:00 GMT+0800 (China Standard Time),20.870001,21.030001,20.52,20.9,2040300,19.290674,NAVI
Thu Dec 04 2014 00:00:00 GMT+0800 (China Standard Time),20.799999,21,20.621,20.82,1446700,19.216834,NAVI
Fri Dec 05 2014 00:00:00 GMT+0800 (China Standard Time),20.85,21.23,20.85,21,2982800,19.382975,NAVI
Mon Dec 08 2014 00:00:00 GMT+0800 (China Standard Time),21.01,21.49,20.950001,21.290001,2178000,19.650645,NAVI
Tue Dec 09 2014 00:00:00 GMT+0800 (China Standard Time),21.120001,21.49,21.076,21.49,2390600,19.835244,NAVI
Wed Dec 10 2014 00:00:00 GMT+0800 (China Standard Time),21.4,21.790001,21.26,21.280001,2887500,19.641415,NAVI
Thu Dec 11 2014 00:00:00 GMT+0800 (China Standard Time),21.35,21.620001,21.25,21.49,4588900,19.835244,NAVI
Fri Dec 12 2014 00:00:00 GMT+0800 (China Standard Time),21.43,21.74,20.809999,20.83,1537000,19.226065,NAVI
Mon Dec 15 2014 00:00:00 GMT+0800 (China Standard Time),20.98,21.190001,20.889999,21.07,1976800,19.447584,NAVI
Tue Dec 16 2014 00:00:00 GMT+0800 (China Standard Time),21.040001,21.35,20.870001,20.879999,2667800,19.272214,NAVI
Wed Dec 17 2014 00:00:00 GMT+0800 (China Standard Time),20.940001,21.27,20.83,21.26,1731700,19.622954,NAVI
Thu Dec 18 2014 00:00:00 GMT+0800 (China Standard Time),21.389999,21.58,21.219999,21.5,1684500,19.844474,NAVI
Fri Dec 19 2014 00:00:00 GMT+0800 (China Standard Time),21.51,22.4,21.51,22.35,7128000,20.629023,NAVI
Mon Dec 22 2014 00:00:00 GMT+0800 (China Standard Time),22.43,22.639999,22.25,22.57,2311800,20.832082,NAVI
Tue Dec 23 2014 00:00:00 GMT+0800 (China Standard Time),22.709999,22.709999,22.33,22.35,1287300,20.629023,NAVI
Wed Dec 24 2014 00:00:00 GMT+0800 (China Standard Time),22.450001,22.690001,22.16,22.17,616900,20.462883,NAVI
Fri Dec 26 2014 00:00:00 GMT+0800 (China Standard Time),22.15,22.190001,21.924999,21.959999,836100,20.269052,NAVI
Mon Dec 29 2014 00:00:00 GMT+0800 (China Standard Time),21.99,22.1,21.82,21.84,1055400,20.158294,NAVI
Tue Dec 30 2014 00:00:00 GMT+0800 (China Standard Time),21.83,22.040001,21.809999,21.985001,1645200,20.292129,NAVI
Wed Dec 31 2014 00:00:00 GMT+0800 (China Standard Time),22.09,22.25,21.6,21.610001,1057800,19.946004,NAVI
Fri Jan 02 2015 00:00:00 GMT+0800 (China Standard Time),21.709999,22.01,21.52,21.82,942400,20.139833,NAVI
Mon Jan 05 2015 00:00:00 GMT+0800 (China Standard Time),21.67,21.780001,21.040001,21.1,1100600,19.475275,NAVI
Tue Jan 06 2015 00:00:00 GMT+0800 (China Standard Time),21.17,21.325001,20.715,20.9,1419900,19.290674,NAVI
Wed Jan 07 2015 00:00:00 GMT+0800 (China Standard Time),21,21.120001,20.66,20.92,2889300,19.309135,NAVI
Thu Jan 08 2015 00:00:00 GMT+0800 (China Standard Time),21.1,21.51,20.4,20.6,3124300,19.013775,NAVI
Fri Jan 09 2015 00:00:00 GMT+0800 (China Standard Time),20.559999,20.780001,20.360001,20.540001,1664500,18.958396,NAVI
Mon Jan 12 2015 00:00:00 GMT+0800 (China Standard Time),20.51,20.688,20.02,20.17,1431600,18.616886,NAVI
Tue Jan 13 2015 00:00:00 GMT+0800 (China Standard Time),20.280001,20.58,19.965,20.219999,2188800,18.663035,NAVI
Wed Jan 14 2015 00:00:00 GMT+0800 (China Standard Time),20.1,20.32,19.844,20.139999,1753500,18.589195,NAVI
Thu Jan 15 2015 00:00:00 GMT+0800 (China Standard Time),20.07,20.440001,19.870001,20.110001,1608200,18.561506,NAVI
Fri Jan 16 2015 00:00:00 GMT+0800 (China Standard Time),20.01,20.268,19.809999,20.15,1804300,18.598425,NAVI
Tue Jan 20 2015 00:00:00 GMT+0800 (China Standard Time),20.24,20.275,19.57,19.67,1791700,18.155386,NAVI
Wed Jan 21 2015 00:00:00 GMT+0800 (China Standard Time),19.219999,20.09,17.16,19.959999,3084100,18.423055,NAVI
Thu Jan 22 2015 00:00:00 GMT+0800 (China Standard Time),20,20.379999,19.277,19.690001,2551700,18.173847,NAVI
Fri Jan 23 2015 00:00:00 GMT+0800 (China Standard Time),19.57,20.09,19.34,19.469999,2134500,17.970786,NAVI
Mon Jan 26 2015 00:00:00 GMT+0800 (China Standard Time),19.360001,19.620001,19.27,19.549999,2113500,18.044626,NAVI
Tue Jan 27 2015 00:00:00 GMT+0800 (China Standard Time),19.43,19.879999,19.41,19.799999,3047900,18.275375,NAVI
Wed Jan 28 2015 00:00:00 GMT+0800 (China Standard Time),19.799999,19.799999,19.450001,19.469999,2720600,17.970786,NAVI
Thu Jan 29 2015 00:00:00 GMT+0800 (China Standard Time),19.120001,19.58,19.1,19.5,5054300,17.998476,NAVI
Fri Jan 30 2015 00:00:00 GMT+0800 (China Standard Time),19.379999,19.969999,19.200001,19.74,4173900,18.219996,NAVI
Mon Feb 02 2015 00:00:00 GMT+0800 (China Standard Time),19.75,20.15,19.57,20.049999,3120700,18.506125,NAVI
Tue Feb 03 2015 00:00:00 GMT+0800 (China Standard Time),20.120001,21.1,20.07,21.08,2543100,19.456814,NAVI
Wed Feb 04 2015 00:00:00 GMT+0800 (China Standard Time),20.93,21.209999,20.629,21,2554300,19.382975,NAVI
Thu Feb 05 2015 00:00:00 GMT+0800 (China Standard Time),20.950001,21.389999,20.77,21.309999,2165700,19.669104,NAVI
Fri Feb 06 2015 00:00:00 GMT+0800 (China Standard Time),21.379999,21.459999,21.18,21.35,1764100,19.706024,NAVI
Mon Feb 09 2015 00:00:00 GMT+0800 (China Standard Time),22.17,22.17,21.190001,21.57,2107300,19.909084,NAVI
Tue Feb 10 2015 00:00:00 GMT+0800 (China Standard Time),21.6,21.709999,21.35,21.67,1598800,20.001384,NAVI
Wed Feb 11 2015 00:00:00 GMT+0800 (China Standard Time),21.57,22.049999,21.43,21.950001,1928500,20.259824,NAVI
Thu Feb 12 2015 00:00:00 GMT+0800 (China Standard Time),21.950001,22.285,21.809999,22.209999,2428000,20.499802,NAVI
Fri Feb 13 2015 00:00:00 GMT+0800 (China Standard Time),22.07,22.405001,21.870001,22.370001,2490600,20.647484,NAVI
Tue Feb 17 2015 00:00:00 GMT+0800 (China Standard Time),22.27,22.370001,21.92,21.98,3000000,20.287513,NAVI
Wed Feb 18 2015 00:00:00 GMT+0800 (China Standard Time),21.92,22.040001,21.57,21.65,1882300,19.982923,NAVI
Thu Feb 19 2015 00:00:00 GMT+0800 (China Standard Time),21.639999,21.75,21.379999,21.66,1418300,19.992154,NAVI
Fri Feb 20 2015 00:00:00 GMT+0800 (China Standard Time),21.66,21.860001,21.4,21.719999,1670500,20.047533,NAVI
Mon Feb 23 2015 00:00:00 GMT+0800 (China Standard Time),21.629999,21.83,21.455,21.809999,1290600,20.130603,NAVI
Tue Feb 24 2015 00:00:00 GMT+0800 (China Standard Time),21.76,21.98,21.68,21.68,1657100,20.010614,NAVI
Wed Feb 25 2015 00:00:00 GMT+0800 (China Standard Time),21.73,21.915001,21.629999,21.700001,2443900,20.029074,NAVI
Thu Feb 26 2015 00:00:00 GMT+0800 (China Standard Time),21.709999,22,21.610001,21.85,1742600,20.167524,NAVI
Fri Feb 27 2015 00:00:00 GMT+0800 (China Standard Time),21.76,21.91,21.33,21.4,2271800,19.752174,NAVI
Mon Mar 02 2015 00:00:00 GMT+0800 (China Standard Time),19.07,19.67,18.440001,19.51,10895800,18.007707,NAVI
Tue Mar 03 2015 00:00:00 GMT+0800 (China Standard Time),19.4,20.18,19.15,20.049999,4901700,18.506125,NAVI
Wed Mar 04 2015 00:00:00 GMT+0800 (China Standard Time),19.74,20.379999,19.530001,20.01,3011900,18.617777,NAVI
Thu Mar 05 2015 00:00:00 GMT+0800 (China Standard Time),20.02,20.115,19.76,19.99,1830400,18.599168,NAVI
Fri Mar 06 2015 00:00:00 GMT+0800 (China Standard Time),19.91,20.23,19.6,19.639999,2117200,18.273519,NAVI
Mon Mar 09 2015 00:00:00 GMT+0800 (China Standard Time),19.620001,19.77,19.59,19.59,2075700,18.226999,NAVI
Tue Mar 10 2015 00:00:00 GMT+0800 (China Standard Time),19.370001,19.66,19.212,19.370001,4398900,18.022306,NAVI
Wed Mar 11 2015 00:00:00 GMT+0800 (China Standard Time),19.459999,19.58,18.969999,19.16,3948100,17.826916,NAVI
Thu Mar 12 2015 00:00:00 GMT+0800 (China Standard Time),19.280001,19.59,19.280001,19.540001,2605700,18.180478,NAVI
Fri Mar 13 2015 00:00:00 GMT+0800 (China Standard Time),19.450001,19.530001,19.209999,19.280001,3043600,17.938568,NAVI
Mon Mar 16 2015 00:00:00 GMT+0800 (China Standard Time),19.360001,19.809999,19.34,19.66,2566800,18.292128,NAVI
Tue Mar 17 2015 00:00:00 GMT+0800 (China Standard Time),19.68,20.15,19.49,20.110001,2690900,18.71082,NAVI
Wed Mar 18 2015 00:00:00 GMT+0800 (China Standard Time),20,20.1,19.645,20.059999,1887800,18.664297,NAVI
Thu Mar 19 2015 00:00:00 GMT+0800 (China Standard Time),20,20.725,19.91,20.67,2907600,19.231856,NAVI
Fri Mar 20 2015 00:00:00 GMT+0800 (China Standard Time),20.709999,21.030001,20.655001,20.700001,4797600,19.25977,NAVI
Mon Mar 23 2015 00:00:00 GMT+0800 (China Standard Time),20.77,21.049999,20.65,20.75,2750100,19.30629,NAVI
Tue Mar 24 2015 00:00:00 GMT+0800 (China Standard Time),20.799999,20.870001,20.549999,20.700001,1757300,19.25977,NAVI
Wed Mar 25 2015 00:00:00 GMT+0800 (China Standard Time),20.77,20.875,20.33,20.33,2999600,18.915512,NAVI
Thu Mar 26 2015 00:00:00 GMT+0800 (China Standard Time),20.25,20.25,20.035,20.16,1710400,18.75734,NAVI
Fri Mar 27 2015 00:00:00 GMT+0800 (China Standard Time),20.01,20.35,19.889999,20.16,1748400,18.75734,NAVI
Mon Mar 30 2015 00:00:00 GMT+0800 (China Standard Time),20.190001,20.190001,19.959999,20.08,2021000,18.682906,NAVI
Tue Mar 31 2015 00:00:00 GMT+0800 (China Standard Time),19.870001,20.540001,19.870001,20.33,3828200,18.915512,NAVI
Wed Apr 01 2015 00:00:00 GMT+0800 (China Standard Time),20.25,20.43,20.049999,20.24,2072400,18.831774,NAVI
Thu Apr 02 2015 00:00:00 GMT+0800 (China Standard Time),20.190001,20.440001,20.08,20.360001,1849400,18.943425,NAVI
Mon Apr 06 2015 00:00:00 GMT+0800 (China Standard Time),20.190001,20.379999,20.09,20.32,1347600,18.906208,NAVI
Tue Apr 07 2015 00:00:00 GMT+0800 (China Standard Time),20.280001,20.299999,20.09,20.110001,1593300,18.71082,NAVI
Wed Apr 08 2015 00:00:00 GMT+0800 (China Standard Time),20.16,20.360001,20.01,20.25,1793100,18.841078,NAVI
Thu Apr 09 2015 00:00:00 GMT+0800 (China Standard Time),20.26,20.540001,20.190001,20.34,2456200,18.924817,NAVI
Fri Apr 10 2015 00:00:00 GMT+0800 (China Standard Time),20.27,20.52,20.209999,20.26,1910800,18.850383,NAVI
Mon Apr 13 2015 00:00:00 GMT+0800 (China Standard Time),20.209999,20.610001,20.209999,20.43,1251300,19.008555,NAVI
Tue Apr 14 2015 00:00:00 GMT+0800 (China Standard Time),20.370001,20.639999,20.280001,20.389999,1517700,18.971337,NAVI
Wed Apr 15 2015 00:00:00 GMT+0800 (China Standard Time),20.35,20.51,20.27,20.34,1644500,18.924817,NAVI
Thu Apr 16 2015 00:00:00 GMT+0800 (China Standard Time),20.360001,20.5,20.23,20.290001,2021100,18.878296,NAVI
Fri Apr 17 2015 00:00:00 GMT+0800 (China Standard Time),20.190001,20.469999,19.9,19.93,1922800,18.543343,NAVI
Mon Apr 20 2015 00:00:00 GMT+0800 (China Standard Time),20.040001,20.719999,20.014,20.49,1566100,19.06438,NAVI
Tue Apr 21 2015 00:00:00 GMT+0800 (China Standard Time),20.5,20.719999,20.360001,20.530001,2664500,19.101598,NAVI
Wed Apr 22 2015 00:00:00 GMT+0800 (China Standard Time),20.51,20.950001,20.32,20.610001,2811700,19.176031,NAVI
Thu Apr 23 2015 00:00:00 GMT+0800 (China Standard Time),20.530001,20.790001,20.42,20.49,1883500,19.06438,NAVI
Fri Apr 24 2015 00:00:00 GMT+0800 (China Standard Time),20.41,20.49,20.25,20.280001,1790400,18.868992,NAVI
Mon Apr 27 2015 00:00:00 GMT+0800 (China Standard Time),20.290001,20.379999,19.83,19.85,1488000,18.468909,NAVI
Tue Apr 28 2015 00:00:00 GMT+0800 (China Standard Time),19.9,19.98,19.67,19.9,2135900,18.51543,NAVI
Wed Apr 29 2015 00:00:00 GMT+0800 (China Standard Time),19.91,20,19.639999,19.709999,1755800,18.338649,NAVI
Thu Apr 30 2015 00:00:00 GMT+0800 (China Standard Time),19.700001,19.879999,19.51,19.540001,2319500,18.180478,NAVI
Fri May 01 2015 00:00:00 GMT+0800 (China Standard Time),19.68,19.799999,19.620001,19.74,2618500,18.366562,NAVI
Mon May 04 2015 00:00:00 GMT+0800 (China Standard Time),19.77,19.959999,19.620001,19.639999,1913200,18.273519,NAVI
Tue May 05 2015 00:00:00 GMT+0800 (China Standard Time),19.6,19.775,19.5,19.58,2989300,18.217694,NAVI
Wed May 06 2015 00:00:00 GMT+0800 (China Standard Time),19.58,19.77,19.51,19.58,1883600,18.217694,NAVI
Thu May 07 2015 00:00:00 GMT+0800 (China Standard Time),19.67,19.799999,19.485001,19.780001,1752600,18.40378,NAVI
Fri May 08 2015 00:00:00 GMT+0800 (China Standard Time),19.85,20.09,19.84,20.02,1441300,18.627081,NAVI
Mon May 11 2015 00:00:00 GMT+0800 (China Standard Time),19.98,20.059999,19.93,19.969999,3269900,18.580559,NAVI
Tue May 12 2015 00:00:00 GMT+0800 (China Standard Time),19.98,20.18,19.889999,20.120001,1283500,18.720124,NAVI
Wed May 13 2015 00:00:00 GMT+0800 (China Standard Time),20.08,20.17,19.77,19.790001,2002400,18.413084,NAVI
Thu May 14 2015 00:00:00 GMT+0800 (China Standard Time),19.93,20.065001,19.6,19.83,3173300,18.4503,NAVI
Fri May 15 2015 00:00:00 GMT+0800 (China Standard Time),19.889999,19.92,19.08,19.16,2791100,17.826916,NAVI
Mon May 18 2015 00:00:00 GMT+0800 (China Standard Time),19.049999,19.23,18.940001,19.059999,2606600,17.733874,NAVI
Tue May 19 2015 00:00:00 GMT+0800 (China Standard Time),19.040001,19.34,19.040001,19.309999,3048600,17.96648,NAVI
Wed May 20 2015 00:00:00 GMT+0800 (China Standard Time),19.41,19.450001,19.27,19.34,1788800,17.994393,NAVI
Thu May 21 2015 00:00:00 GMT+0800 (China Standard Time),19.35,19.6,19.334999,19.450001,2003100,18.09674,NAVI
Fri May 22 2015 00:00:00 GMT+0800 (China Standard Time),19.389999,19.530001,19.32,19.33,1273700,17.985088,NAVI
Tue May 26 2015 00:00:00 GMT+0800 (China Standard Time),19.34,19.49,19.1,19.129999,2441400,17.799003,NAVI
Wed May 27 2015 00:00:00 GMT+0800 (China Standard Time),19.25,19.504999,19.129999,19.370001,1625400,18.022306,NAVI
Thu May 28 2015 00:00:00 GMT+0800 (China Standard Time),19.32,19.469999,19.209999,19.290001,1390200,17.947872,NAVI
Fri May 29 2015 00:00:00 GMT+0800 (China Standard Time),19.35,19.35,19.129999,19.27,1855000,17.929264,NAVI
Mon Jun 01 2015 00:00:00 GMT+0800 (China Standard Time),19.379999,19.540001,19.16,19.34,1257600,17.994393,NAVI
Tue Jun 02 2015 00:00:00 GMT+0800 (China Standard Time),19.23,19.440001,19.23,19.379999,2236300,18.031609,NAVI
Wed Jun 03 2015 00:00:00 GMT+0800 (China Standard Time),19.290001,19.542999,19.25,19.440001,1495900,18.238008,NAVI
Thu Jun 04 2015 00:00:00 GMT+0800 (China Standard Time),19.35,19.450001,19.040001,19.059999,1638100,17.881503,NAVI
Fri Jun 05 2015 00:00:00 GMT+0800 (China Standard Time),19.120001,19.360001,19,19.09,1449300,17.909649,NAVI
Mon Jun 08 2015 00:00:00 GMT+0800 (China Standard Time),19.049999,19.23,19.01,19.059999,1270600,17.881503,NAVI
Tue Jun 09 2015 00:00:00 GMT+0800 (China Standard Time),19.120001,19.190001,18.85,18.9,1779400,17.731396,NAVI
Wed Jun 10 2015 00:00:00 GMT+0800 (China Standard Time),18.940001,19.4,18.83,19.4,1741600,18.200481,NAVI
Thu Jun 11 2015 00:00:00 GMT+0800 (China Standard Time),19.379999,19.594999,19.309999,19.530001,1745200,18.322444,NAVI
Fri Jun 12 2015 00:00:00 GMT+0800 (China Standard Time),19.52,19.57,19.32,19.43,972300,18.228626,NAVI
Mon Jun 15 2015 00:00:00 GMT+0800 (China Standard Time),19.26,19.26,18.98,19.09,1381600,17.909649,NAVI
Tue Jun 16 2015 00:00:00 GMT+0800 (China Standard Time),19.110001,19.360001,18.940001,19.139999,1887700,17.956556,NAVI
Wed Jun 17 2015 00:00:00 GMT+0800 (China Standard Time),19.209999,19.24,18.42,18.639999,2300100,17.487472,NAVI
Thu Jun 18 2015 00:00:00 GMT+0800 (China Standard Time),18.629999,19.035,18.6,18.985001,2723900,17.811141,NAVI
Fri Jun 19 2015 00:00:00 GMT+0800 (China Standard Time),18.889999,18.950001,18.719999,18.93,5057800,17.759542,NAVI
Mon Jun 22 2015 00:00:00 GMT+0800 (China Standard Time),19.09,19.205,19.01,19.059999,1546200,17.881503,NAVI
Tue Jun 23 2015 00:00:00 GMT+0800 (China Standard Time),19.1,19.254999,19.09,19.1,1635600,17.919031,NAVI
Wed Jun 24 2015 00:00:00 GMT+0800 (China Standard Time),19.110001,19.23,18.809999,18.83,2881300,17.665724,NAVI
Thu Jun 25 2015 00:00:00 GMT+0800 (China Standard Time),18.83,18.85,18.540001,18.555,1486600,17.407728,NAVI
Fri Jun 26 2015 00:00:00 GMT+0800 (China Standard Time),18.66,18.809999,18.43,18.440001,3702100,17.299839,NAVI
Mon Jun 29 2015 00:00:00 GMT+0800 (China Standard Time),18.360001,18.549999,18.09,18.110001,1975700,16.990243,NAVI
Tue Jun 30 2015 00:00:00 GMT+0800 (China Standard Time),18.200001,18.389999,18.09,18.209999,1628900,17.084059,NAVI
Wed Jul 01 2015 00:00:00 GMT+0800 (China Standard Time),18.360001,18.51,18.23,18.450001,2452600,17.309221,NAVI
Thu Jul 02 2015 00:00:00 GMT+0800 (China Standard Time),18.540001,18.6,18.365,18.450001,1941300,17.309221,NAVI
Mon Jul 06 2015 00:00:00 GMT+0800 (China Standard Time),18.209999,18.620001,18.209999,18.610001,2253700,17.459328,NAVI
Tue Jul 07 2015 00:00:00 GMT+0800 (China Standard Time),18.66,19,18.48,18.969999,2725000,17.797068,NAVI
Wed Jul 08 2015 00:00:00 GMT+0800 (China Standard Time),18.860001,18.889999,18.540001,18.57,1865500,17.4218,NAVI
Thu Jul 09 2015 00:00:00 GMT+0800 (China Standard Time),18.790001,18.92,18.5,18.530001,1421500,17.384274,NAVI
Fri Jul 10 2015 00:00:00 GMT+0800 (China Standard Time),18.780001,18.780001,18.33,18.370001,2492900,17.234168,NAVI
Mon Jul 13 2015 00:00:00 GMT+0800 (China Standard Time),17.43,18.5,17.43,18.360001,2258700,17.224786,NAVI
Tue Jul 14 2015 00:00:00 GMT+0800 (China Standard Time),15.9,17.02,15.76,16.42,8538100,15.404737,NAVI
Wed Jul 15 2015 00:00:00 GMT+0800 (China Standard Time),16.66,16.68,16.34,16.559999,4133500,15.53608,NAVI
Thu Jul 16 2015 00:00:00 GMT+0800 (China Standard Time),16.690001,16.690001,16.49,16.67,3180500,15.639279,NAVI
Fri Jul 17 2015 00:00:00 GMT+0800 (China Standard Time),16.459999,16.9,16.450001,16.860001,3114800,15.817532,NAVI
Mon Jul 20 2015 00:00:00 GMT+0800 (China Standard Time),16.969999,16.969999,16.389999,16.42,4692600,15.404737,NAVI
Tue Jul 21 2015 00:00:00 GMT+0800 (China Standard Time),16.469999,16.754999,16.469999,16.6,3615900,15.573608,NAVI
Wed Jul 22 2015 00:00:00 GMT+0800 (China Standard Time),16.67,16.67,16.16,16.23,3441300,15.226484,NAVI
Thu Jul 23 2015 00:00:00 GMT+0800 (China Standard Time),16.33,16.475,16.16,16.389999,2610800,15.376591,NAVI
Fri Jul 24 2015 00:00:00 GMT+0800 (China Standard Time),16.450001,16.559999,16.200001,16.219999,2282200,15.217103,NAVI
Mon Jul 27 2015 00:00:00 GMT+0800 (China Standard Time),16.15,16.450001,15.72,15.72,2518500,14.748019,NAVI
Tue Jul 28 2015 00:00:00 GMT+0800 (China Standard Time),15.8,15.9,15.75,15.83,2273000,14.851217,NAVI
Wed Jul 29 2015 00:00:00 GMT+0800 (China Standard Time),15.77,15.91,15.73,15.77,2008200,14.794927,NAVI
Thu Jul 30 2015 00:00:00 GMT+0800 (China Standard Time),15.7,15.78,15.49,15.53,2955200,14.569766,NAVI
Fri Jul 31 2015 00:00:00 GMT+0800 (China Standard Time),15.82,15.9,15.65,15.7,2987200,14.729255,NAVI
Mon Aug 03 2015 00:00:00 GMT+0800 (China Standard Time),15.77,15.88,15.555,15.66,2110000,14.691728,NAVI
Tue Aug 04 2015 00:00:00 GMT+0800 (China Standard Time),15.6,15.745,15.53,15.58,1749400,14.616675,NAVI
Wed Aug 05 2015 00:00:00 GMT+0800 (China Standard Time),15.62,15.94,15.595,15.61,2891300,14.64482,NAVI
Thu Aug 06 2015 00:00:00 GMT+0800 (China Standard Time),15.66,15.66,15.2,15.37,3549600,14.419659,NAVI
Fri Aug 07 2015 00:00:00 GMT+0800 (China Standard Time),15.34,15.625,15.3,15.61,2263100,14.64482,NAVI
Mon Aug 10 2015 00:00:00 GMT+0800 (China Standard Time),15.69,16,15.69,15.91,1713100,14.926271,NAVI
Tue Aug 11 2015 00:00:00 GMT+0800 (China Standard Time),15.53,15.9,15.36,15.39,2697600,14.438423,NAVI
Wed Aug 12 2015 00:00:00 GMT+0800 (China Standard Time),15.49,15.49,15.11,15.31,2995500,14.36337,NAVI
Thu Aug 13 2015 00:00:00 GMT+0800 (China Standard Time),15.25,15.32,14.75,14.79,3443400,13.875521,NAVI
Fri Aug 14 2015 00:00:00 GMT+0800 (China Standard Time),14.83,14.87,14.58,14.76,4360300,13.847376,NAVI
Mon Aug 17 2015 00:00:00 GMT+0800 (China Standard Time),14.76,14.96,14.61,14.83,3503000,13.913048,NAVI
Tue Aug 18 2015 00:00:00 GMT+0800 (China Standard Time),14.88,15,14.6,14.77,2603700,13.856758,NAVI
Wed Aug 19 2015 00:00:00 GMT+0800 (China Standard Time),14.66,14.73,14.55,14.62,1912400,13.716032,NAVI
Thu Aug 20 2015 00:00:00 GMT+0800 (China Standard Time),14.43,14.485,14.05,14.06,3007700,13.190658,NAVI
Fri Aug 21 2015 00:00:00 GMT+0800 (China Standard Time),13.98,14.27,13.89,13.89,2829300,13.031169,NAVI
Mon Aug 24 2015 00:00:00 GMT+0800 (China Standard Time),13.34,14,12.89,13.06,7450700,12.252489,NAVI
Tue Aug 25 2015 00:00:00 GMT+0800 (China Standard Time),13.23,13.23,12.02,12.04,9032800,11.295556,NAVI
Wed Aug 26 2015 00:00:00 GMT+0800 (China Standard Time),12.25,12.55,12.01,12.52,4831200,11.745878,NAVI
Thu Aug 27 2015 00:00:00 GMT+0800 (China Standard Time),12.81,13.085,12.67,13,4580200,12.196199,NAVI
Fri Aug 28 2015 00:00:00 GMT+0800 (China Standard Time),12.93,13.15,12.8,13.05,2634700,12.243107,NAVI
Mon Aug 31 2015 00:00:00 GMT+0800 (China Standard Time),12.93,12.98,12.68,12.79,5772300,11.999183,NAVI
Tue Sep 01 2015 00:00:00 GMT+0800 (China Standard Time),12.51,12.65,12.3,12.35,3658500,11.586389,NAVI
Wed Sep 02 2015 00:00:00 GMT+0800 (China Standard Time),12.4,12.53,11.97,12.16,3843300,11.557873,NAVI
Thu Sep 03 2015 00:00:00 GMT+0800 (China Standard Time),12.2,12.37,12.09,12.15,3555300,11.548368,NAVI
Fri Sep 04 2015 00:00:00 GMT+0800 (China Standard Time),11.96,12.1,11.79,11.94,3019900,11.348767,NAVI
Tue Sep 08 2015 00:00:00 GMT+0800 (China Standard Time),12.74,12.99,12.13,12.3,5676800,11.690941,NAVI
Wed Sep 09 2015 00:00:00 GMT+0800 (China Standard Time),12.44,12.54,12.21,12.29,4643500,11.681436,NAVI
Thu Sep 10 2015 00:00:00 GMT+0800 (China Standard Time),12.31,12.68,12.26,12.64,5694700,12.014106,NAVI
Fri Sep 11 2015 00:00:00 GMT+0800 (China Standard Time),12.52,12.57,12.225,12.45,7487700,11.833513,NAVI
Mon Sep 14 2015 00:00:00 GMT+0800 (China Standard Time),12.44,12.52,12.28,12.44,4123200,11.824008,NAVI
Tue Sep 15 2015 00:00:00 GMT+0800 (China Standard Time),12.74,12.74,12.275,12.37,4439800,11.757475,NAVI
Wed Sep 16 2015 00:00:00 GMT+0800 (China Standard Time),12.37,12.71,12.37,12.65,7558000,12.02361,NAVI
Thu Sep 17 2015 00:00:00 GMT+0800 (China Standard Time),12.66,12.91,12.48,12.55,5278400,11.928562,NAVI
Fri Sep 18 2015 00:00:00 GMT+0800 (China Standard Time),12.39,12.76,12.273,12.66,9403100,12.033115,NAVI
Mon Sep 21 2015 00:00:00 GMT+0800 (China Standard Time),12.72,12.8,12.595,12.65,4150500,12.02361,NAVI
Tue Sep 22 2015 00:00:00 GMT+0800 (China Standard Time),12.5,12.64,12.11,12.4,3926600,11.785989,NAVI
Wed Sep 23 2015 00:00:00 GMT+0800 (China Standard Time),12.38,12.54,12.28,12.47,3997000,11.852524,NAVI
Thu Sep 24 2015 00:00:00 GMT+0800 (China Standard Time),12.34,12.53,12.27,12.5,4376100,11.881038,NAVI
Fri Sep 25 2015 00:00:00 GMT+0800 (China Standard Time),12.58,12.65,12.34,12.44,4674000,11.824008,NAVI
Mon Sep 28 2015 00:00:00 GMT+0800 (China Standard Time),12.4,12.485,11.995,12.16,5161000,11.557873,NAVI
Tue Sep 29 2015 00:00:00 GMT+0800 (China Standard Time),12.16,12.23,11.59,11.63,8504200,11.054118,NAVI
Wed Sep 30 2015 00:00:00 GMT+0800 (China Standard Time),11.75,11.87,10.945,11.24,10417200,10.683429,NAVI
Thu Oct 01 2015 00:00:00 GMT+0800 (China Standard Time),11.24,11.29,10.68,10.96,11040300,10.417294,NAVI
Fri Oct 02 2015 00:00:00 GMT+0800 (China Standard Time),10.74,11.11,10.62,11.04,7013700,10.493333,NAVI
Mon Oct 05 2015 00:00:00 GMT+0800 (China Standard Time),11.08,11.66,11.08,11.48,5702500,10.911545,NAVI
Tue Oct 06 2015 00:00:00 GMT+0800 (China Standard Time),11.43,11.75,11.39,11.63,5159600,11.054118,NAVI
Wed Oct 07 2015 00:00:00 GMT+0800 (China Standard Time),11.73,12.1,11.7,11.98,8565600,11.386786,NAVI
Thu Oct 08 2015 00:00:00 GMT+0800 (China Standard Time),12.13,12.26,12.01,12.1,5464300,11.500845,NAVI
Fri Oct 09 2015 00:00:00 GMT+0800 (China Standard Time),12.14,12.37,11.9,11.96,6033000,11.367777,NAVI
Mon Oct 12 2015 00:00:00 GMT+0800 (China Standard Time),11.98,12.06,11.8,11.88,3388500,11.291738,NAVI
Tue Oct 13 2015 00:00:00 GMT+0800 (China Standard Time),11.84,11.965,11.78,11.87,5283000,11.282233,NAVI
Wed Oct 14 2015 00:00:00 GMT+0800 (China Standard Time),11.92,12.06,11.7,11.77,5383800,11.187186,NAVI
Thu Oct 15 2015 00:00:00 GMT+0800 (China Standard Time),11.81,12.065,11.77,12.03,3922100,11.434311,NAVI
Fri Oct 16 2015 00:00:00 GMT+0800 (China Standard Time),12.09,12.33,11.95,12.26,3073700,11.652922,NAVI
Mon Oct 19 2015 00:00:00 GMT+0800 (China Standard Time),12.17,12.28,11.98,12.27,6179600,11.662427,NAVI
Tue Oct 20 2015 00:00:00 GMT+0800 (China Standard Time),12.32,12.735,12.281,12.66,5913700,12.033115,NAVI
Wed Oct 21 2015 00:00:00 GMT+0800 (China Standard Time),12.82,13.13,12.65,12.89,5366900,12.251727,NAVI
Thu Oct 22 2015 00:00:00 GMT+0800 (China Standard Time),12.99,13.17,12.71,12.96,7368000,12.31826,NAVI
Fri Oct 23 2015 00:00:00 GMT+0800 (China Standard Time),13.09,13.77,13,13.55,6200600,12.879045,NAVI
Mon Oct 26 2015 00:00:00 GMT+0800 (China Standard Time),13.56,13.585,13.16,13.5,3931400,12.831521,NAVI
Tue Oct 27 2015 00:00:00 GMT+0800 (China Standard Time),13.39,13.45,13.1,13.41,4673500,12.745977,NAVI
Wed Oct 28 2015 00:00:00 GMT+0800 (China Standard Time),13.43,13.83,13.26,13.8,3507400,13.116666,NAVI
Thu Oct 29 2015 00:00:00 GMT+0800 (China Standard Time),13.71,13.83,13.17,13.24,3052200,12.584395,NAVI
Fri Oct 30 2015 00:00:00 GMT+0800 (China Standard Time),13.28,13.34,13.17,13.19,2088400,12.536871,NAVI
Mon Nov 02 2015 00:00:00 GMT+0800 (China Standard Time),13.23,13.51,13.21,13.48,2363500,12.812511,NAVI
Tue Nov 03 2015 00:00:00 GMT+0800 (China Standard Time),13.42,13.6,12.51,13.4,4316700,12.736472,NAVI
Wed Nov 04 2015 00:00:00 GMT+0800 (China Standard Time),13.47,13.925,13.355,13.41,3981900,12.745977,NAVI
Thu Nov 05 2015 00:00:00 GMT+0800 (China Standard Time),13.41,13.532,12.97,13.23,3037900,12.57489,NAVI
Fri Nov 06 2015 00:00:00 GMT+0800 (China Standard Time),13.32,13.4,13.075,13.26,2480800,12.603405,NAVI
Mon Nov 09 2015 00:00:00 GMT+0800 (China Standard Time),13.28,13.37,12.81,12.95,2205200,12.308755,NAVI
Tue Nov 10 2015 00:00:00 GMT+0800 (China Standard Time),12.93,13,12.47,12.72,3285200,12.090144,NAVI
Wed Nov 11 2015 00:00:00 GMT+0800 (China Standard Time),12.73,12.79,12.4,12.51,2600100,11.890543,NAVI
Thu Nov 12 2015 00:00:00 GMT+0800 (China Standard Time),12.41,12.545,12.14,12.24,4548200,11.633912,NAVI
Fri Nov 13 2015 00:00:00 GMT+0800 (China Standard Time),12.44,12.44,11.91,12.02,3754300,11.424806,NAVI
Mon Nov 16 2015 00:00:00 GMT+0800 (China Standard Time),11.99,12.16,11.77,11.98,3678000,11.386786,NAVI
Tue Nov 17 2015 00:00:00 GMT+0800 (China Standard Time),12.03,12.07,11.81,11.89,2199300,11.301243,NAVI
Wed Nov 18 2015 00:00:00 GMT+0800 (China Standard Time),11.93,12.06,11.78,12.04,2368600,11.443816,NAVI
Thu Nov 19 2015 00:00:00 GMT+0800 (China Standard Time),12.06,12.17,11.68,11.7,6968700,11.120651,NAVI
Fri Nov 20 2015 00:00:00 GMT+0800 (China Standard Time),11.76,11.9,11.62,11.85,7120200,11.263224,NAVI
Mon Nov 23 2015 00:00:00 GMT+0800 (China Standard Time),11.84,12.16,11.74,11.9,5254100,11.310748,NAVI
Tue Nov 24 2015 00:00:00 GMT+0800 (China Standard Time),11.8,12.02,11.65,11.87,4027500,11.282233,NAVI
Wed Nov 25 2015 00:00:00 GMT+0800 (China Standard Time),11.85,11.86,11.72,11.73,1470600,11.149165,NAVI
Fri Nov 27 2015 00:00:00 GMT+0800 (China Standard Time),11.78,11.82,11.61,11.77,676000,11.187186,NAVI
Mon Nov 30 2015 00:00:00 GMT+0800 (China Standard Time),11.9,11.93,11.52,11.91,5966600,11.320253,NAVI
Tue Dec 01 2015 00:00:00 GMT+0800 (China Standard Time),11.94,12.26,11.8,12.25,4723900,11.643417,NAVI
Wed Dec 02 2015 00:00:00 GMT+0800 (China Standard Time),12.04,12.2,11.87,11.98,5222300,11.53748,NAVI
Thu Dec 03 2015 00:00:00 GMT+0800 (China Standard Time),12.03,12.095,11.65,11.74,4800000,11.306345,NAVI
Fri Dec 04 2015 00:00:00 GMT+0800 (China Standard Time),11.76,12.15,11.76,12.04,3626300,11.595264,NAVI
Mon Dec 07 2015 00:00:00 GMT+0800 (China Standard Time),12,12.14,11.74,11.92,3763300,11.479697,NAVI
Tue Dec 08 2015 00:00:00 GMT+0800 (China Standard Time),11.83,11.925,11.59,11.72,3097300,11.287085,NAVI
Wed Dec 09 2015 00:00:00 GMT+0800 (China Standard Time),11.69,12.14,11.66,11.74,3540200,11.306345,NAVI
Thu Dec 10 2015 00:00:00 GMT+0800 (China Standard Time),11.75,12.52,11.72,12.38,4387800,11.922705,NAVI
Fri Dec 11 2015 00:00:00 GMT+0800 (China Standard Time),12.32,12.44,12.14,12.35,5474900,11.893814,NAVI
Mon Dec 14 2015 00:00:00 GMT+0800 (China Standard Time),12.36,12.56,12.01,12.16,4366100,11.710831,NAVI
Tue Dec 15 2015 00:00:00 GMT+0800 (China Standard Time),12.25,12.525,12.23,12.355,3823600,11.898628,NAVI
Wed Dec 16 2015 00:00:00 GMT+0800 (China Standard Time),12.42,12.95,12.29,12.77,7846300,12.2983,NAVI
Thu Dec 17 2015 00:00:00 GMT+0800 (China Standard Time),12.8,12.915,12.47,12.48,5703500,12.019011,NAVI
Fri Dec 18 2015 00:00:00 GMT+0800 (China Standard Time),12.39,12.47,11.92,11.92,12972300,11.479697,NAVI
Mon Dec 21 2015 00:00:00 GMT+0800 (China Standard Time),12.08,12.13,11.66,11.8,3757300,11.36413,NAVI
Tue Dec 22 2015 00:00:00 GMT+0800 (China Standard Time),11.84,11.93,11.6,11.7,7401200,11.267823,NAVI
Wed Dec 23 2015 00:00:00 GMT+0800 (China Standard Time),11.75,12.15,11.71,12.15,11500300,11.701201,NAVI
Thu Dec 24 2015 00:00:00 GMT+0800 (China Standard Time),12.21,12.77,12.2,12.61,1909400,12.144209,NAVI
Mon Dec 28 2015 00:00:00 GMT+0800 (China Standard Time),12.5,12.51,11.31,11.46,9365300,11.036688,NAVI
Tue Dec 29 2015 00:00:00 GMT+0800 (China Standard Time),11.49,11.67,11.4,11.49,4835300,11.06558,NAVI
Wed Dec 30 2015 00:00:00 GMT+0800 (China Standard Time),11.53,11.572,11.32,11.33,3204500,10.91149,NAVI
Thu Dec 31 2015 00:00:00 GMT+0800 (China Standard Time),11.3,11.59,11.23,11.45,2631800,11.027058,NAVI
Mon Jan 04 2016 00:00:00 GMT+0800 (China Standard Time),11.34,11.59,11.18,11.5,7240700,11.075211,NAVI
Tue Jan 05 2016 00:00:00 GMT+0800 (China Standard Time),11.5,11.74,10.94,11.34,5980700,10.921121,NAVI
Wed Jan 06 2016 00:00:00 GMT+0800 (China Standard Time),11.21,11.255,10.83,10.93,5080500,10.526266,NAVI
Thu Jan 07 2016 00:00:00 GMT+0800 (China Standard Time),10.74,10.84,10.2,10.27,6119100,9.890645,NAVI
Fri Jan 08 2016 00:00:00 GMT+0800 (China Standard Time),10.37,10.52,10.03,10.18,7169800,9.80397,NAVI
Mon Jan 11 2016 00:00:00 GMT+0800 (China Standard Time),10.21,10.275,9.8,10,5127800,9.630618,NAVI
Tue Jan 12 2016 00:00:00 GMT+0800 (China Standard Time),10.15,10.28,9.81,10.01,4644400,9.640249,NAVI
Wed Jan 13 2016 00:00:00 GMT+0800 (China Standard Time),10.07,10.203,9.42,9.42,5927800,9.072042,NAVI
Thu Jan 14 2016 00:00:00 GMT+0800 (China Standard Time),9.44,9.51,9.04,9.4,5327600,9.052781,NAVI
Fri Jan 15 2016 00:00:00 GMT+0800 (China Standard Time),9.13,9.31,8.903,9,6326700,8.667556,NAVI
Tue Jan 19 2016 00:00:00 GMT+0800 (China Standard Time),8.95,9.15,8.74,8.76,5302600,8.436422,NAVI
Wed Jan 20 2016 00:00:00 GMT+0800 (China Standard Time),8.58,9.08,8.29,8.97,7800100,8.638665,NAVI
Thu Jan 21 2016 00:00:00 GMT+0800 (China Standard Time),9.08,9.44,9,9.16,4435700,8.821646,NAVI
Fri Jan 22 2016 00:00:00 GMT+0800 (China Standard Time),9.34,9.589,9.08,9.24,5802000,8.898691,NAVI
Mon Jan 25 2016 00:00:00 GMT+0800 (China Standard Time),9.2,9.24,8.82,8.87,5801300,8.542358,NAVI
Tue Jan 26 2016 00:00:00 GMT+0800 (China Standard Time),8.9,9.49,8.87,9.45,3971200,9.100934,NAVI
Wed Jan 27 2016 00:00:00 GMT+0800 (China Standard Time),9.08,9.98,9.07,9.47,7304000,9.120196,NAVI
Thu Jan 28 2016 00:00:00 GMT+0800 (China Standard Time),9.57,9.82,9,9.03,5005200,8.696448,NAVI
Fri Jan 29 2016 00:00:00 GMT+0800 (China Standard Time),9.09,9.61,9.06,9.56,5873500,9.206871,NAVI
Mon Feb 01 2016 00:00:00 GMT+0800 (China Standard Time),9.51,9.595,9.18,9.31,4179600,8.966106,NAVI
Tue Feb 02 2016 00:00:00 GMT+0800 (China Standard Time),9.15,9.262,8.75,8.76,4552900,8.436422,NAVI
Wed Feb 03 2016 00:00:00 GMT+0800 (China Standard Time),8.8,9.24,8.385,9.18,3704300,8.840908,NAVI
Thu Feb 04 2016 00:00:00 GMT+0800 (China Standard Time),9.12,9.73,8.99,9.54,3440600,9.18761,NAVI
Fri Feb 05 2016 00:00:00 GMT+0800 (China Standard Time),9.52,9.67,9.375,9.51,3490500,9.158718,NAVI
Mon Feb 08 2016 00:00:00 GMT+0800 (China Standard Time),9.28,9.29,8.68,8.94,3613100,8.609772,NAVI
Tue Feb 09 2016 00:00:00 GMT+0800 (China Standard Time),8.88,8.89,8.42,8.5,10189500,8.186025,NAVI
Wed Feb 10 2016 00:00:00 GMT+0800 (China Standard Time),8.62,8.7,8.44,8.55,5344300,8.234179,NAVI
Thu Feb 11 2016 00:00:00 GMT+0800 (China Standard Time),8.38,8.54,8.2,8.41,3718300,8.09935,NAVI
Fri Feb 12 2016 00:00:00 GMT+0800 (China Standard Time),8.49,9.15,8.48,9.13,4381700,8.792754,NAVI
Tue Feb 16 2016 00:00:00 GMT+0800 (China Standard Time),9.19,9.68,9.14,9.66,3381900,9.303177,NAVI
Wed Feb 17 2016 00:00:00 GMT+0800 (China Standard Time),9.73,10.32,9.7,9.91,4335300,9.543942,NAVI
Thu Feb 18 2016 00:00:00 GMT+0800 (China Standard Time),9.92,10.18,9.76,10.13,3029500,9.755816,NAVI
Fri Feb 19 2016 00:00:00 GMT+0800 (China Standard Time),10.11,10.11,9.73,9.92,2503400,9.553573,NAVI
Mon Feb 22 2016 00:00:00 GMT+0800 (China Standard Time),10.13,10.38,10.1,10.36,2574500,9.97732,NAVI
Tue Feb 23 2016 00:00:00 GMT+0800 (China Standard Time),10.29,10.49,10.12,10.24,2903500,9.861753,NAVI
Wed Feb 24 2016 00:00:00 GMT+0800 (China Standard Time),10.01,10.359,9.67,10.29,2762700,9.909906,NAVI
Thu Feb 25 2016 00:00:00 GMT+0800 (China Standard Time),10.29,10.72,10.1,10.66,3027600,10.266239,NAVI
Fri Feb 26 2016 00:00:00 GMT+0800 (China Standard Time),10.73,10.99,10.55,10.59,3253300,10.198825,NAVI
Mon Feb 29 2016 00:00:00 GMT+0800 (China Standard Time),10.63,11.06,10.56,10.83,4662300,10.429959,NAVI
Tue Mar 01 2016 00:00:00 GMT+0800 (China Standard Time),10.89,11.25,10.66,10.94,5382700,10.535896,NAVI
Wed Mar 02 2016 00:00:00 GMT+0800 (China Standard Time),10.84,10.9,10.4,10.89,3760000,10.643405,NAVI
Thu Mar 03 2016 00:00:00 GMT+0800 (China Standard Time),10.86,11.39,10.81,11.27,3145200,11.014801,NAVI
Fri Mar 04 2016 00:00:00 GMT+0800 (China Standard Time),11.13,11.65,11.13,11.4,3684000,11.141856,NAVI
Mon Mar 07 2016 00:00:00 GMT+0800 (China Standard Time),11.35,11.465,11.168,11.39,4002200,11.132083,NAVI
Tue Mar 08 2016 00:00:00 GMT+0800 (China Standard Time),11.3,11.36,10.94,11.1,3665600,10.84865,NAVI
Wed Mar 09 2016 00:00:00 GMT+0800 (China Standard Time),11.19,11.39,11.05,11.2,2781000,10.946385,NAVI
Thu Mar 10 2016 00:00:00 GMT+0800 (China Standard Time),11.28,11.75,11.28,11.66,5461000,11.395969,NAVI
Fri Mar 11 2016 00:00:00 GMT+0800 (China Standard Time),11.74,12,11.64,11.97,3278400,11.69895,NAVI
Mon Mar 14 2016 00:00:00 GMT+0800 (China Standard Time),12,12.195,11.675,11.71,5542600,11.444837,NAVI
Tue Mar 15 2016 00:00:00 GMT+0800 (China Standard Time),11.75,11.75,11.11,11.54,5592600,11.278686,NAVI
Wed Mar 16 2016 00:00:00 GMT+0800 (China Standard Time),11.44,11.92,11.44,11.68,3423300,11.415516,NAVI
Thu Mar 17 2016 00:00:00 GMT+0800 (China Standard Time),11.68,12.085,11.56,11.94,3678300,11.669628,NAVI
Fri Mar 18 2016 00:00:00 GMT+0800 (China Standard Time),12.06,12.49,11.92,12.42,9364100,12.13876,NAVI
Mon Mar 21 2016 00:00:00 GMT+0800 (China Standard Time),12.34,12.597,12.265,12.42,2819700,12.13876,NAVI
Tue Mar 22 2016 00:00:00 GMT+0800 (China Standard Time),12.29,12.497,12.12,12.37,2955500,12.089892,NAVI
Wed Mar 23 2016 00:00:00 GMT+0800 (China Standard Time),12.31,12.37,11.89,11.89,2640600,11.620761,NAVI
Thu Mar 24 2016 00:00:00 GMT+0800 (China Standard Time),11.82,11.99,11.65,11.96,2131400,11.689176,NAVI
Mon Mar 28 2016 00:00:00 GMT+0800 (China Standard Time),12.04,12.19,11.705,11.81,2278100,11.542573,NAVI
Tue Mar 29 2016 00:00:00 GMT+0800 (China Standard Time),11.78,11.985,11.51,11.91,3257800,11.640308,NAVI
Wed Mar 30 2016 00:00:00 GMT+0800 (China Standard Time),11.93,12.17,11.73,11.97,4705300,11.69895,NAVI
Thu Mar 31 2016 00:00:00 GMT+0800 (China Standard Time),11.97,12.18,11.91,11.97,3852300,11.69895,NAVI
Fri Apr 01 2016 00:00:00 GMT+0800 (China Standard Time),11.85,11.87,11.43,11.65,4524500,11.386195,NAVI
Mon Apr 04 2016 00:00:00 GMT+0800 (China Standard Time),11.62,11.9,11.53,11.68,2629200,11.415516,NAVI
Tue Apr 05 2016 00:00:00 GMT+0800 (China Standard Time),11.59,11.69,11.405,11.44,4037100,11.18095,NAVI
Wed Apr 06 2016 00:00:00 GMT+0800 (China Standard Time),11.41,11.69,11.095,11.61,2990600,11.347101,NAVI
Thu Apr 07 2016 00:00:00 GMT+0800 (China Standard Time),11.5,11.76,11.32,11.6,5037400,11.337328,NAVI
Fri Apr 08 2016 00:00:00 GMT+0800 (China Standard Time),11.75,12.08,11.66,11.82,3143100,11.552346,NAVI
Mon Apr 11 2016 00:00:00 GMT+0800 (China Standard Time),11.89,12.39,11.86,12.15,3575600,11.874873,NAVI
Tue Apr 12 2016 00:00:00 GMT+0800 (China Standard Time),12.23,12.48,12.15,12.42,5170200,12.13876,NAVI
Wed Apr 13 2016 00:00:00 GMT+0800 (China Standard Time),12.51,12.85,12.44,12.7,4035300,12.412419,NAVI
Thu Apr 14 2016 00:00:00 GMT+0800 (China Standard Time),12.67,12.85,12.531,12.68,2117300,12.392872,NAVI
Fri Apr 15 2016 00:00:00 GMT+0800 (China Standard Time),12.68,12.86,12.6,12.71,2251800,12.422193,NAVI
Mon Apr 18 2016 00:00:00 GMT+0800 (China Standard Time),12.6,12.92,12.51,12.79,2270600,12.500381,NAVI
Tue Apr 19 2016 00:00:00 GMT+0800 (China Standard Time),12.88,13.32,12.86,12.95,4949200,12.656758,NAVI
Wed Apr 20 2016 00:00:00 GMT+0800 (China Standard Time),12.74,13.3,12.4,13.25,3982400,12.949965,NAVI
Thu Apr 21 2016 00:00:00 GMT+0800 (China Standard Time),13.27,13.66,13.222,13.27,3332200,12.969512,NAVI
Fri Apr 22 2016 00:00:00 GMT+0800 (China Standard Time),13.29,13.795,13.29,13.68,4659700,13.370228,NAVI
Mon Apr 25 2016 00:00:00 GMT+0800 (China Standard Time),13.65,13.669,13.2,13.45,2606500,13.145436,NAVI
Tue Apr 26 2016 00:00:00 GMT+0800 (China Standard Time),13.54,13.7,13.44,13.66,2320500,13.350681,NAVI
Wed Apr 27 2016 00:00:00 GMT+0800 (China Standard Time),13.68,13.995,13.68,13.96,3459900,13.643888,NAVI
Thu Apr 28 2016 00:00:00 GMT+0800 (China Standard Time),13.81,13.99,13.455,13.48,3602200,13.174756,NAVI
Fri Apr 29 2016 00:00:00 GMT+0800 (China Standard Time),13.46,13.69,13.32,13.67,4678700,13.360454,NAVI
Mon May 02 2016 00:00:00 GMT+0800 (China Standard Time),13.75,13.87,13.44,13.65,2607000,13.340907,NAVI
Tue May 03 2016 00:00:00 GMT+0800 (China Standard Time),13.44,13.46,13.02,13.15,3711600,12.852229,NAVI
Wed May 04 2016 00:00:00 GMT+0800 (China Standard Time),13,13.22,12.85,12.96,3581600,12.666532,NAVI
Thu May 05 2016 00:00:00 GMT+0800 (China Standard Time),13.07,13.26,12.91,13.09,3715000,12.793588,NAVI
Fri May 06 2016 00:00:00 GMT+0800 (China Standard Time),12.99,13.36,12.97,13.12,3573300,12.822908,NAVI
Mon May 09 2016 00:00:00 GMT+0800 (China Standard Time),13.05,13.29,13,13.17,2272600,12.871776,NAVI
Tue May 10 2016 00:00:00 GMT+0800 (China Standard Time),13.23,13.345,13.08,13.24,2283200,12.940191,NAVI
Wed May 11 2016 00:00:00 GMT+0800 (China Standard Time),13.2,13.26,12.75,12.75,5722600,12.461287,NAVI
Thu May 12 2016 00:00:00 GMT+0800 (China Standard Time),12.86,13.03,12.41,12.49,3871700,12.207174,NAVI
Fri May 13 2016 00:00:00 GMT+0800 (China Standard Time),12.45,12.62,12.17,12.31,2462900,12.031251,NAVI
Mon May 16 2016 00:00:00 GMT+0800 (China Standard Time),12.4,12.63,12.35,12.5,2595500,12.216948,NAVI
Tue May 17 2016 00:00:00 GMT+0800 (China Standard Time),12.45,12.805,12.45,12.59,2275500,12.30491,NAVI
Wed May 18 2016 00:00:00 GMT+0800 (China Standard Time),12.5,12.89,12.5,12.75,3606100,12.461287,NAVI
Thu May 19 2016 00:00:00 GMT+0800 (China Standard Time),12.64,12.83,12.345,12.42,3178700,12.13876,NAVI
Fri May 20 2016 00:00:00 GMT+0800 (China Standard Time),12.48,12.795,12.48,12.69,3146600,12.402645,NAVI
Mon May 23 2016 00:00:00 GMT+0800 (China Standard Time),12.62,12.88,12.58,12.72,2067100,12.431967,NAVI
Tue May 24 2016 00:00:00 GMT+0800 (China Standard Time),12.81,13,12.77,12.98,2358000,12.686078,NAVI
Wed May 25 2016 00:00:00 GMT+0800 (China Standard Time),13.08,13.385,13,13.33,1908200,13.028153,NAVI
Thu May 26 2016 00:00:00 GMT+0800 (China Standard Time),13.4,13.49,13.29,13.35,2268600,13.047701,NAVI
Fri May 27 2016 00:00:00 GMT+0800 (China Standard Time),13.34,13.6,13.28,13.48,2356300,13.174756,NAVI
Tue May 31 2016 00:00:00 GMT+0800 (China Standard Time),13.51,13.82,13.49,13.71,5074000,13.399549,NAVI
Wed Jun 01 2016 00:00:00 GMT+0800 (China Standard Time),13.39,13.65,13.23,13.59,3281300,13.439105,NAVI
Thu Jun 02 2016 00:00:00 GMT+0800 (China Standard Time),13.55,13.66,13.35,13.63,2502700,13.478661,NAVI
Fri Jun 03 2016 00:00:00 GMT+0800 (China Standard Time),13.57,13.61,13.05,13.26,2391500,13.112769,NAVI
Mon Jun 06 2016 00:00:00 GMT+0800 (China Standard Time),13.28,13.66,13.25,13.58,2431800,13.429216,NAVI
Tue Jun 07 2016 00:00:00 GMT+0800 (China Standard Time),13.58,13.67,13.285,13.42,2175300,13.270993,NAVI
Wed Jun 08 2016 00:00:00 GMT+0800 (China Standard Time),13.46,13.62,13.4,13.44,1440400,13.29077,NAVI
Thu Jun 09 2016 00:00:00 GMT+0800 (China Standard Time),13.31,13.36,13.1,13.21,1800900,13.063324,NAVI
Fri Jun 10 2016 00:00:00 GMT+0800 (China Standard Time),13.01,13.1,12.84,12.95,2156900,12.806211,NAVI
Mon Jun 13 2016 00:00:00 GMT+0800 (China Standard Time),12.89,13.01,12.75,12.75,3002800,12.608432,NAVI
Tue Jun 14 2016 00:00:00 GMT+0800 (China Standard Time),12.69,12.82,12.14,12.15,3921500,12.015093,NAVI
Wed Jun 15 2016 00:00:00 GMT+0800 (China Standard Time),12.17,12.43,12.05,12.22,3411900,12.084317,NAVI
Thu Jun 16 2016 00:00:00 GMT+0800 (China Standard Time),12.15,12.15,11.87,12.06,2873700,11.926094,NAVI
Fri Jun 17 2016 00:00:00 GMT+0800 (China Standard Time),12.08,12.2,11.98,12.12,5179900,11.985427,NAVI
Mon Jun 20 2016 00:00:00 GMT+0800 (China Standard Time),12.37,12.46,12.2,12.26,1747200,12.123873,NAVI
Tue Jun 21 2016 00:00:00 GMT+0800 (China Standard Time),12.29,12.39,12.15,12.24,2467800,12.104094,NAVI
Wed Jun 22 2016 00:00:00 GMT+0800 (China Standard Time),12.23,12.37,12.04,12.07,2002800,11.935982,NAVI
Thu Jun 23 2016 00:00:00 GMT+0800 (China Standard Time),12.3,12.49,12.3,12.35,4184000,12.212873,NAVI
Fri Jun 24 2016 00:00:00 GMT+0800 (China Standard Time),11.69,11.98,11.49,11.67,6589000,11.540423,NAVI
Mon Jun 27 2016 00:00:00 GMT+0800 (China Standard Time),11.5,11.555,11.01,11.01,2589600,10.887752,NAVI
Tue Jun 28 2016 00:00:00 GMT+0800 (China Standard Time),11.22,11.48,11.22,11.42,2828700,11.293199,NAVI
Wed Jun 29 2016 00:00:00 GMT+0800 (China Standard Time),11.59,11.73,11.44,11.7,2752500,11.57009,NAVI
Thu Jun 30 2016 00:00:00 GMT+0800 (China Standard Time),11.78,11.96,11.45,11.95,2469700,11.817314,NAVI
Fri Jul 01 2016 00:00:00 GMT+0800 (China Standard Time),11.94,12.36,11.92,12.3,3072300,12.163428,NAVI
Tue Jul 05 2016 00:00:00 GMT+0800 (China Standard Time),12.17,12.3,11.59,11.79,2780500,11.659091,NAVI
Wed Jul 06 2016 00:00:00 GMT+0800 (China Standard Time),11.71,11.83,11.53,11.81,2413000,11.678869,NAVI
Thu Jul 07 2016 00:00:00 GMT+0800 (China Standard Time),11.8,12.3,11.75,12.15,2219600,12.015093,NAVI
Fri Jul 08 2016 00:00:00 GMT+0800 (China Standard Time),12.35,12.73,12.24,12.69,2544700,12.549098,NAVI
Mon Jul 11 2016 00:00:00 GMT+0800 (China Standard Time),12.82,13.16,12.8,13.11,2471200,12.964434,NAVI
Tue Jul 12 2016 00:00:00 GMT+0800 (China Standard Time),13.3,13.85,13.245,13.64,3686900,13.48855,NAVI
Wed Jul 13 2016 00:00:00 GMT+0800 (China Standard Time),13.73,13.73,13.42,13.62,3347300,13.468772,NAVI
Thu Jul 14 2016 00:00:00 GMT+0800 (China Standard Time),13.86,13.96,13.625,13.74,1973600,13.587439,NAVI
Fri Jul 15 2016 00:00:00 GMT+0800 (China Standard Time),13.81,13.91,13.69,13.86,2127400,13.706107,NAVI
Mon Jul 18 2016 00:00:00 GMT+0800 (China Standard Time),13.82,14,13.82,13.88,2226500,13.725885,NAVI
Tue Jul 19 2016 00:00:00 GMT+0800 (China Standard Time),13.86,13.95,13.7,13.77,3256300,13.617107,NAVI
Wed Jul 20 2016 00:00:00 GMT+0800 (China Standard Time),14,14.47,13.8,14.37,4708000,14.210444,NAVI
Thu Jul 21 2016 00:00:00 GMT+0800 (China Standard Time),14.22,14.48,14.1,14.29,3264100,14.131332,NAVI
Fri Jul 22 2016 00:00:00 GMT+0800 (China Standard Time),14.32,14.43,14.23,14.4,2451100,14.240111,NAVI
Mon Jul 25 2016 00:00:00 GMT+0800 (China Standard Time),14.38,14.4,14.14,14.17,2822700,14.012665,NAVI
Tue Jul 26 2016 00:00:00 GMT+0800 (China Standard Time),14.18,14.405,14.1,14.22,2603800,14.06211,NAVI
Wed Jul 27 2016 00:00:00 GMT+0800 (China Standard Time),14.27,14.47,14.03,14.11,3611300,13.953331,NAVI
Thu Jul 28 2016 00:00:00 GMT+0800 (China Standard Time),14.11,14.23,13.97,14.09,2050400,13.933553,NAVI
Fri Jul 29 2016 00:00:00 GMT+0800 (China Standard Time),14,14.22,13.895,14.2,3095900,14.042332,NAVI
Mon Aug 01 2016 00:00:00 GMT+0800 (China Standard Time),14.17,14.26,13.975,13.99,1662400,13.834663,NAVI
Tue Aug 02 2016 00:00:00 GMT+0800 (China Standard Time),13.98,14.11,13.52,13.54,3128400,13.38966,NAVI
Wed Aug 03 2016 00:00:00 GMT+0800 (China Standard Time),13.54,13.84,13.53,13.83,3171900,13.67644,NAVI
Thu Aug 04 2016 00:00:00 GMT+0800 (China Standard Time),13.8,14.31,13.8,14.24,3160400,14.081887,NAVI
Fri Aug 05 2016 00:00:00 GMT+0800 (China Standard Time),14.37,14.59,14.34,14.53,3775500,14.368667,NAVI
Mon Aug 08 2016 00:00:00 GMT+0800 (China Standard Time),14.57,14.65,14.3,14.36,2848200,14.200555,NAVI
Tue Aug 09 2016 00:00:00 GMT+0800 (China Standard Time),14.39,14.5,14.19,14.21,2324300,14.052221,NAVI
Wed Aug 10 2016 00:00:00 GMT+0800 (China Standard Time),14.21,14.22,13.55,13.61,3735100,13.458883,NAVI
Thu Aug 11 2016 00:00:00 GMT+0800 (China Standard Time),13.7,13.818,13.59,13.64,2455500,13.48855,NAVI
Fri Aug 12 2016 00:00:00 GMT+0800 (China Standard Time),13.61,13.62,13.32,13.49,2496500,13.340215,NAVI
Mon Aug 15 2016 00:00:00 GMT+0800 (China Standard Time),13.57,13.84,13.49,13.82,1824600,13.666551,NAVI
Tue Aug 16 2016 00:00:00 GMT+0800 (China Standard Time),13.72,13.96,13.572,13.91,2510100,13.755552,NAVI
Wed Aug 17 2016 00:00:00 GMT+0800 (China Standard Time),13.98,14.62,13.89,14.54,5110900,14.378557,NAVI
Thu Aug 18 2016 00:00:00 GMT+0800 (China Standard Time),14.57,14.655,14.41,14.56,2712800,14.398335,NAVI
Fri Aug 19 2016 00:00:00 GMT+0800 (China Standard Time),14.47,14.52,14.14,14.15,1999000,13.992887,NAVI
Mon Aug 22 2016 00:00:00 GMT+0800 (China Standard Time),14.12,14.38,14.03,14.37,1861100,14.210444,NAVI
Tue Aug 23 2016 00:00:00 GMT+0800 (China Standard Time),14.46,14.61,14.46,14.51,1669200,14.34889,NAVI
Wed Aug 24 2016 00:00:00 GMT+0800 (China Standard Time),14.49,14.67,14.31,14.35,2138700,14.190667,NAVI
Thu Aug 25 2016 00:00:00 GMT+0800 (China Standard Time),14.36,14.42,14.25,14.35,1859500,14.190667,NAVI
Fri Aug 26 2016 00:00:00 GMT+0800 (China Standard Time),14.42,14.59,14.13,14.25,1699200,14.091777,NAVI
Mon Aug 29 2016 00:00:00 GMT+0800 (China Standard Time),14.23,14.39,14.17,14.17,2325800,14.012665,NAVI
Tue Aug 30 2016 00:00:00 GMT+0800 (China Standard Time),14.17,14.46,14.17,14.41,2324600,14.25,NAVI
Wed Aug 31 2016 00:00:00 GMT+0800 (China Standard Time),14.25,14.52,14.11,14.38,5093900,14.38,NAVI
Thu Sep 01 2016 00:00:00 GMT+0800 (China Standard Time),14.44,14.54,14.14,14.38,2025800,14.38,NAVI
Fri Sep 02 2016 00:00:00 GMT+0800 (China Standard Time),14.45,14.53,14.14,14.48,1661600,14.48,NAVI
Tue Sep 06 2016 00:00:00 GMT+0800 (China Standard Time),14.49,14.64,14.22,14.38,2164000,14.38,NAVI
Wed Sep 07 2016 00:00:00 GMT+0800 (China Standard Time),14.34,14.74,14.28,14.7,2755000,14.7,NAVI
Thu Sep 08 2016 00:00:00 GMT+0800 (China Standard Time),14.72,14.82,14.66,14.68,2310400,14.68,NAVI
Fri Sep 09 2016 00:00:00 GMT+0800 (China Standard Time),14.61,14.7,14.23,14.23,2212200,14.23,NAVI
Mon Sep 12 2016 00:00:00 GMT+0800 (China Standard Time),14.09,14.52,13.93,14.4,3810500,14.4,NAVI
Tue Sep 13 2016 00:00:00 GMT+0800 (China Standard Time),14.19,14.24,13.66,13.8,3412300,13.8,NAVI
Wed Sep 14 2016 00:00:00 GMT+0800 (China Standard Time),13.78,13.87,13.42,13.56,3852200,13.56,NAVI
Thu Sep 15 2016 00:00:00 GMT+0800 (China Standard Time),13.56,13.97,13.49,13.83,2719900,13.83,NAVI
Fri Sep 16 2016 00:00:00 GMT+0800 (China Standard Time),13.66,13.76,13.46,13.58,5876500,13.58,NAVI
Mon Sep 19 2016 00:00:00 GMT+0800 (China Standard Time),13.73,13.98,13.63,13.77,3272500,13.77,NAVI
Tue Sep 20 2016 00:00:00 GMT+0800 (China Standard Time),13.88,13.97,13.78,13.79,2158600,13.79,NAVI
Wed Sep 21 2016 00:00:00 GMT+0800 (China Standard Time),13.86,13.9,13.14,13.28,6325800,13.28,NAVI
Thu Sep 22 2016 00:00:00 GMT+0800 (China Standard Time),13.37,13.79,13.31,13.72,3868400,13.72,NAVI
Fri Sep 23 2016 00:00:00 GMT+0800 (China Standard Time),13.7,14.01,13.68,13.88,3407100,13.88,NAVI
Mon Sep 26 2016 00:00:00 GMT+0800 (China Standard Time),13.88,13.9,13.73,13.88,2431900,13.88,NAVI
Tue Sep 27 2016 00:00:00 GMT+0800 (China Standard Time),13.94,14.56,13.902,14.49,4190800,14.49,NAVI
Wed Sep 28 2016 00:00:00 GMT+0800 (China Standard Time),14.52,14.635,14.29,14.56,2323500,14.56,NAVI
Thu Sep 29 2016 00:00:00 GMT+0800 (China Standard Time),14.55,14.66,14.16,14.31,3676100,14.31,NAVI
Fri Sep 30 2016 00:00:00 GMT+0800 (China Standard Time),14.41,14.68,14.12,14.47,3148300,14.47,NAVI
Mon Oct 03 2016 00:00:00 GMT+0800 (China Standard Time),14.37,14.49,14.22,14.33,3433900,14.33,NAVI
Tue Oct 04 2016 00:00:00 GMT+0800 (China Standard Time),14.35,14.7,14.31,14.64,2982900,14.64,NAVI
Wed Oct 05 2016 00:00:00 GMT+0800 (China Standard Time),14.73,14.92,14.64,14.78,3584700,14.78,NAVI
Thu Oct 06 2016 00:00:00 GMT+0800 (China Standard Time),14.75,14.825,14.555,14.71,2396200,14.71,NAVI
Fri Oct 07 2016 00:00:00 GMT+0800 (China Standard Time),14.72,14.755,14.54,14.56,2298700,14.56,NAVI
Mon Oct 10 2016 00:00:00 GMT+0800 (China Standard Time),14.69,14.79,14.33,14.37,3804000,14.37,NAVI
Tue Oct 11 2016 00:00:00 GMT+0800 (China Standard Time),14.33,14.44,14.03,14.11,3863500,14.11,NAVI
Wed Oct 12 2016 00:00:00 GMT+0800 (China Standard Time),14.13,14.26,14.093,14.11,2550400,14.11,NAVI
Thu Oct 13 2016 00:00:00 GMT+0800 (China Standard Time),13.97,14.02,13.78,13.9,2495900,13.9,NAVI
Fri Oct 14 2016 00:00:00 GMT+0800 (China Standard Time),14.04,14.16,13.83,13.91,2940300,13.91,NAVI
Mon Oct 17 2016 00:00:00 GMT+0800 (China Standard Time),13.87,13.97,13.53,13.565,4250800,13.565,NAVI
Tue Oct 18 2016 00:00:00 GMT+0800 (China Standard Time),13.74,13.939,13.4,13.61,3688300,13.61,NAVI
Wed Oct 19 2016 00:00:00 GMT+0800 (China Standard Time),14,14.23,13.27,13.45,6421400,13.45,NAVI
Thu Oct 20 2016 00:00:00 GMT+0800 (China Standard Time),13.35,13.63,13.14,13.21,3806400,13.21,NAVI
Fri Oct 21 2016 00:00:00 GMT+0800 (China Standard Time),13.15,13.27,13.02,13.03,3928600,13.03,NAVI
Mon Oct 24 2016 00:00:00 GMT+0800 (China Standard Time),13.1,13.34,13.1,13.19,2562100,13.19,NAVI
Tue Oct 25 2016 00:00:00 GMT+0800 (China Standard Time),13.11,13.275,13.01,13.15,2393500,13.15,NAVI
Wed Oct 26 2016 00:00:00 GMT+0800 (China Standard Time),13.08,13.25,13.01,13.14,2320600,13.14,NAVI
Thu Oct 27 2016 00:00:00 GMT+0800 (China Standard Time),13.19,13.205,12.83,12.83,2780400,12.83,NAVI
Fri Oct 28 2016 00:00:00 GMT+0800 (China Standard Time),12.87,13.15,12.83,12.9,2686700,12.9,NAVI
Mon Oct 31 2016 00:00:00 GMT+0800 (China Standard Time),12.92,13.02,12.66,12.78,3588800,12.78,NAVI
Tue Nov 01 2016 00:00:00 GMT+0800 (China Standard Time),12.87,13.07,12.77,13.03,4470200,13.03,NAVI
Wed Nov 02 2016 00:00:00 GMT+0800 (China Standard Time),13.03,13.33,12.94,13.27,4789200,13.27,NAVI
Thu Nov 03 2016 00:00:00 GMT+0800 (China Standard Time),13.28,13.56,13.15,13.23,3616900,13.23,NAVI
Fri Nov 04 2016 00:00:00 GMT+0800 (China Standard Time),13.28,13.64,13.19,13.32,3324300,13.32,NAVI
Mon Nov 07 2016 00:00:00 GMT+0800 (China Standard Time),13.63,13.79,13.47,13.56,3523900,13.56,NAVI
Tue Nov 08 2016 00:00:00 GMT+0800 (China Standard Time),13.39,13.685,13.32,13.46,3192500,13.46,NAVI
Wed Nov 09 2016 00:00:00 GMT+0800 (China Standard Time),14.745,16.23,14.54,15.77,12696900,15.77,NAVI
Thu Nov 10 2016 00:00:00 GMT+0800 (China Standard Time),16.02,16.9,16.01,16.84,8050200,16.84,NAVI
Fri Nov 11 2016 00:00:00 GMT+0800 (China Standard Time),16.76,17.08,16.6,17.049999,5017900,17.049999,NAVI
