Thu Jan 02 2014 00:00:00 GMT+0800 (China Standard Time),366.809998,367.580002,360.800007,362.82,12325600,51.831429,NFLX
Fri Jan 03 2014 00:00:00 GMT+0800 (China Standard Time),364,367.470013,362.900002,363.100006,10817100,51.871429,NFLX
Mon Jan 06 2014 00:00:00 GMT+0800 (China Standard Time),363.229996,364.309994,353.330009,359.569992,15501500,51.367142,NFLX
Tue Jan 07 2014 00:00:00 GMT+0800 (China Standard Time),347.789989,347.889992,337.070011,339.5,36167600,48.5,NFLX
Wed Jan 08 2014 00:00:00 GMT+0800 (China Standard Time),336.730003,345.979988,336.520012,340.989994,20001100,48.712856,NFLX
Thu Jan 09 2014 00:00:00 GMT+0800 (China Standard Time),341.770012,343.979996,335.000004,337.050011,17007200,48.150002,NFLX
Fri Jan 10 2014 00:00:00 GMT+0800 (China Standard Time),338.070007,338.640007,330.529995,332.139992,16237900,47.44857,NFLX
Mon Jan 13 2014 00:00:00 GMT+0800 (China Standard Time),331.130009,348.67001,331.130009,336.810005,27237000,48.115715,NFLX
Tue Jan 14 2014 00:00:00 GMT+0800 (China Standard Time),341.439991,341.599995,332.569988,337.959991,19740000,48.279999,NFLX
Wed Jan 15 2014 00:00:00 GMT+0800 (China Standard Time),335.000004,338.569992,319.07,330.380005,40432000,47.197144,NFLX
Thu Jan 16 2014 00:00:00 GMT+0800 (China Standard Time),328.41,333.869991,322.02,331.680008,21135800,47.382858,NFLX
Fri Jan 17 2014 00:00:00 GMT+0800 (China Standard Time),332.070004,334.82,328.240009,330.039997,16417100,47.148571,NFLX
Tue Jan 21 2014 00:00:00 GMT+0800 (China Standard Time),332.230007,332.470013,320.25,328.710007,25220300,46.958572,NFLX
Wed Jan 22 2014 00:00:00 GMT+0800 (China Standard Time),329.500011,334.439991,327.350002,333.729988,48342000,47.675713,NFLX
Thu Jan 23 2014 00:00:00 GMT+0800 (China Standard Time),387.400002,395.62999,377.490002,388.720005,91280000,55.531429,NFLX
Fri Jan 24 2014 00:00:00 GMT+0800 (China Standard Time),383.679996,390.699997,383.37999,386.079998,35466900,55.154285,NFLX
Mon Jan 27 2014 00:00:00 GMT+0800 (China Standard Time),387.389988,391.499989,370.55999,381.230007,32526900,54.46143,NFLX
Tue Jan 28 2014 00:00:00 GMT+0800 (China Standard Time),381.319996,407.409992,380.76001,406.770004,43590400,58.110001,NFLX
Wed Jan 29 2014 00:00:00 GMT+0800 (China Standard Time),403.119987,407.340004,398.049992,400.420006,28968100,57.202858,NFLX
Thu Jan 30 2014 00:00:00 GMT+0800 (China Standard Time),407.099998,409.190006,401.509991,404.67001,18379200,57.810001,NFLX
Fri Jan 31 2014 00:00:00 GMT+0800 (China Standard Time),402.310009,412.400013,402.299995,409.330009,23625000,58.475716,NFLX
Mon Feb 03 2014 00:00:00 GMT+0800 (China Standard Time),411.900002,412.149994,400.720013,404.37999,20145300,57.76857,NFLX
Tue Feb 04 2014 00:00:00 GMT+0800 (China Standard Time),405.450001,408.529991,397.009995,405.910011,18066300,57.987144,NFLX
Wed Feb 05 2014 00:00:00 GMT+0800 (China Standard Time),403.150002,407.75,398.000004,404.419991,16762900,57.774284,NFLX
Thu Feb 06 2014 00:00:00 GMT+0800 (China Standard Time),406.42001,410.909992,400.420006,407.910004,12852000,58.272858,NFLX
Fri Feb 07 2014 00:00:00 GMT+0800 (China Standard Time),413.44001,430.5,410.559998,429.979988,32921000,61.425713,NFLX
Mon Feb 10 2014 00:00:00 GMT+0800 (China Standard Time),429.429989,432.370003,424.279991,430.439999,13812400,61.491428,NFLX
Tue Feb 11 2014 00:00:00 GMT+0800 (China Standard Time),429.959988,435.759987,425.510006,433.990013,13667500,61.998573,NFLX
Wed Feb 12 2014 00:00:00 GMT+0800 (China Standard Time),434.779991,434.899994,425.539993,428.930004,15673000,61.275715,NFLX
Thu Feb 13 2014 00:00:00 GMT+0800 (China Standard Time),425.69001,439.490005,425.000008,436.549992,18700500,62.364285,NFLX
Fri Feb 14 2014 00:00:00 GMT+0800 (China Standard Time),437.05999,437.700005,431.689987,435.509995,11985400,62.215714,NFLX
Tue Feb 18 2014 00:00:00 GMT+0800 (China Standard Time),436.959988,441.240005,427.999996,436.849998,15507800,62.407143,NFLX
Wed Feb 19 2014 00:00:00 GMT+0800 (China Standard Time),431.669987,436.250011,427.970009,428.229988,16031400,61.175713,NFLX
Thu Feb 20 2014 00:00:00 GMT+0800 (China Standard Time),430.35001,437.769993,429.159996,434.950008,11965100,62.135715,NFLX
Fri Feb 21 2014 00:00:00 GMT+0800 (China Standard Time),438.700001,438.700001,429.649994,432.23,13483400,61.747143,NFLX
Mon Feb 24 2014 00:00:00 GMT+0800 (China Standard Time),435.469994,449.690025,428.500008,447.000004,26043500,63.857143,NFLX
Tue Feb 25 2014 00:00:00 GMT+0800 (China Standard Time),449.999992,457.790024,445.000011,453.030022,18700500,64.718575,NFLX
Wed Feb 26 2014 00:00:00 GMT+0800 (China Standard Time),455.899994,456.000023,446.000008,448.789978,15010100,64.112854,NFLX
Thu Feb 27 2014 00:00:00 GMT+0800 (China Standard Time),447.839996,454.13002,447.839996,452.230003,10304700,64.604286,NFLX
Fri Feb 28 2014 00:00:00 GMT+0800 (China Standard Time),453.129997,454.199982,441,445.630013,15751400,63.66143,NFLX
Mon Mar 03 2014 00:00:00 GMT+0800 (China Standard Time),441.189991,445.749989,438.099987,445.590012,13528200,63.655716,NFLX
Tue Mar 04 2014 00:00:00 GMT+0800 (China Standard Time),450.920013,455,445.590012,454.980026,12387900,64.997147,NFLX
Wed Mar 05 2014 00:00:00 GMT+0800 (China Standard Time),453.98999,456.839989,451.909996,453.499992,10868900,64.785713,NFLX
Thu Mar 06 2014 00:00:00 GMT+0800 (China Standard Time),454.940025,458.000015,448.989983,450.510017,11809000,64.358574,NFLX
Fri Mar 07 2014 00:00:00 GMT+0800 (China Standard Time),454.069992,454.540016,445.51001,448.369995,11573800,64.052856,NFLX
Mon Mar 10 2014 00:00:00 GMT+0800 (China Standard Time),448.470024,448.779991,432.10001,439.949989,15439200,62.849998,NFLX
Tue Mar 11 2014 00:00:00 GMT+0800 (China Standard Time),442.640011,446.679996,435.649998,437.48,10448200,62.497143,NFLX
Wed Mar 12 2014 00:00:00 GMT+0800 (China Standard Time),433.679993,439.499992,429.680008,436.580006,12134500,62.368572,NFLX
Thu Mar 13 2014 00:00:00 GMT+0800 (China Standard Time),439.710011,440.28001,428.280003,430.05999,11390400,61.437141,NFLX
Fri Mar 14 2014 00:00:00 GMT+0800 (China Standard Time),427.730003,434.990009,422.999989,424.490009,14989100,60.64143,NFLX
Mon Mar 17 2014 00:00:00 GMT+0800 (China Standard Time),428.189987,430.800007,422.310013,422.720009,10695300,60.388573,NFLX
Tue Mar 18 2014 00:00:00 GMT+0800 (China Standard Time),422.369987,426.26001,416.5,420.249992,14688100,60.035713,NFLX
Wed Mar 19 2014 00:00:00 GMT+0800 (China Standard Time),419.87001,425.450005,417.060013,420.089989,10531500,60.012856,NFLX
Thu Mar 20 2014 00:00:00 GMT+0800 (China Standard Time),419.670006,432.200012,419.499989,424.270004,14494900,60.610001,NFLX
Fri Mar 21 2014 00:00:00 GMT+0800 (China Standard Time),426.100006,428.340004,405.739994,405.990013,26770800,57.998573,NFLX
Mon Mar 24 2014 00:00:00 GMT+0800 (China Standard Time),405.490002,406.449997,368.599998,378.899994,42483700,54.128571,NFLX
Tue Mar 25 2014 00:00:00 GMT+0800 (China Standard Time),378.999996,384.930012,365.75,370.839996,30356900,52.977142,NFLX
Wed Mar 26 2014 00:00:00 GMT+0800 (China Standard Time),373.010006,377.450001,366.569992,372.280003,27152300,53.182858,NFLX
Thu Mar 27 2014 00:00:00 GMT+0800 (China Standard Time),371.009987,377.830009,361.53001,364.180004,28672000,52.025715,NFLX
Fri Mar 28 2014 00:00:00 GMT+0800 (China Standard Time),360.219994,369.000008,355.750011,358.870003,24699500,51.267143,NFLX
Mon Mar 31 2014 00:00:00 GMT+0800 (China Standard Time),361.51001,366.860012,349.879997,352.030006,22125600,50.290001,NFLX
Tue Apr 01 2014 00:00:00 GMT+0800 (China Standard Time),351.75,365.249989,351.740013,364.690002,21338800,52.098572,NFLX
Wed Apr 02 2014 00:00:00 GMT+0800 (China Standard Time),365.660011,371.049988,358.300003,362.880001,24194100,51.84,NFLX
Thu Apr 03 2014 00:00:00 GMT+0800 (China Standard Time),361.330006,365.099998,350.100002,354.689987,21983500,50.669998,NFLX
Fri Apr 04 2014 00:00:00 GMT+0800 (China Standard Time),355.450005,356.000004,335.879997,337.30999,34958000,48.187141,NFLX
Mon Apr 07 2014 00:00:00 GMT+0800 (China Standard Time),340.51001,348.189999,331.110008,337.999992,37351300,48.285713,NFLX
Tue Apr 08 2014 00:00:00 GMT+0800 (China Standard Time),340.049999,350.790005,338.389988,348.889988,25761400,49.841427,NFLX
Wed Apr 09 2014 00:00:00 GMT+0800 (China Standard Time),351.03001,353.900009,343.14999,353.030003,20511400,50.432858,NFLX
Thu Apr 10 2014 00:00:00 GMT+0800 (China Standard Time),354.479996,357.480011,334.009995,334.730011,24871000,47.818573,NFLX
Fri Apr 11 2014 00:00:00 GMT+0800 (China Standard Time),330.799988,334.82,323.609997,326.709988,30146200,46.672855,NFLX
Mon Apr 14 2014 00:00:00 GMT+0800 (China Standard Time),332.889996,335.000004,325.540001,331.580006,17994200,47.368572,NFLX
Tue Apr 15 2014 00:00:00 GMT+0800 (China Standard Time),329.080002,331.569992,312.099987,326.270004,30799300,46.610001,NFLX
Wed Apr 16 2014 00:00:00 GMT+0800 (China Standard Time),331.050007,333.969994,323.360004,331.409988,16114700,47.344284,NFLX
Thu Apr 17 2014 00:00:00 GMT+0800 (China Standard Time),336.759991,349.730007,332.5,345.740009,32116000,49.39143,NFLX
Mon Apr 21 2014 00:00:00 GMT+0800 (China Standard Time),349.300011,349.400013,338.299999,348.490005,47892600,49.784286,NFLX
Tue Apr 22 2014 00:00:00 GMT+0800 (China Standard Time),376.630009,380.880013,364.830006,372.89999,64702400,53.271427,NFLX
Wed Apr 23 2014 00:00:00 GMT+0800 (China Standard Time),362.730011,367.5,352.999989,353.5,40285000,50.5,NFLX
Thu Apr 24 2014 00:00:00 GMT+0800 (China Standard Time),352.500004,355.900002,334.799999,344.070011,30639000,49.152859,NFLX
Fri Apr 25 2014 00:00:00 GMT+0800 (China Standard Time),337.460007,341.410004,322,322.080002,33071500,46.011429,NFLX
Mon Apr 28 2014 00:00:00 GMT+0800 (China Standard Time),318.050003,320.900002,299.499992,314.209995,47123300,44.887142,NFLX
Tue Apr 29 2014 00:00:00 GMT+0800 (China Standard Time),312.23999,324.629993,312.029999,319.869991,23132900,45.695713,NFLX
Wed Apr 30 2014 00:00:00 GMT+0800 (China Standard Time),317.919987,322.400009,310.250011,322.040001,23618700,46.005714,NFLX
Thu May 01 2014 00:00:00 GMT+0800 (China Standard Time),324.050007,345.689995,323.050011,336.520012,37001300,48.074287,NFLX
Fri May 02 2014 00:00:00 GMT+0800 (China Standard Time),337.509995,343.899994,334.049995,340.650013,26194700,48.664288,NFLX
Mon May 05 2014 00:00:00 GMT+0800 (China Standard Time),338.070007,345.480003,336.100002,344.380005,20330800,49.197144,NFLX
Tue May 06 2014 00:00:00 GMT+0800 (China Standard Time),343.71999,347.720001,325.640003,326.190002,22722700,46.598572,NFLX
Wed May 07 2014 00:00:00 GMT+0800 (China Standard Time),326.130001,327.84,315.209991,320.539993,25680900,45.791428,NFLX
Thu May 08 2014 00:00:00 GMT+0800 (China Standard Time),317.159996,331.720009,314.360012,321.659992,21168700,45.951427,NFLX
Fri May 09 2014 00:00:00 GMT+0800 (China Standard Time),322.080002,329.939995,317.349987,328.550003,17968300,46.935715,NFLX
Mon May 12 2014 00:00:00 GMT+0800 (China Standard Time),330.859989,345.529991,330.520008,345.449989,21395500,49.349998,NFLX
Tue May 13 2014 00:00:00 GMT+0800 (China Standard Time),344.449993,354.270004,340.740002,347.139988,20832000,49.591427,NFLX
Wed May 14 2014 00:00:00 GMT+0800 (China Standard Time),347.049999,354.399994,346.05999,351.87999,19891900,50.26857,NFLX
Thu May 15 2014 00:00:00 GMT+0800 (China Standard Time),350.850006,351.790001,339.379997,344.189987,23370200,49.169998,NFLX
Fri May 16 2014 00:00:00 GMT+0800 (China Standard Time),345.46999,349.970013,339.840008,349.879997,19072200,49.982857,NFLX
Mon May 19 2014 00:00:00 GMT+0800 (China Standard Time),347.000011,367.219994,346.549988,364.500011,25393200,52.07143,NFLX
Tue May 20 2014 00:00:00 GMT+0800 (China Standard Time),365.01001,372.700012,362.39999,371.670002,28828100,53.095715,NFLX
Wed May 21 2014 00:00:00 GMT+0800 (China Standard Time),375.119987,390.69001,373.349987,390.599995,39939900,55.799999,NFLX
Thu May 22 2014 00:00:00 GMT+0800 (China Standard Time),390.880001,397.499992,387.500004,391.799995,33222700,55.971428,NFLX
Fri May 23 2014 00:00:00 GMT+0800 (China Standard Time),391.639992,402.470013,389.66,402.35001,22122100,57.478573,NFLX
Tue May 27 2014 00:00:00 GMT+0800 (China Standard Time),401.999989,402.219994,393.150013,398.810009,26735100,56.972858,NFLX
Wed May 28 2014 00:00:00 GMT+0800 (China Standard Time),397.200012,405.200008,393.500008,401.239998,19873700,57.32,NFLX
Thu May 29 2014 00:00:00 GMT+0800 (China Standard Time),403.399994,415.990002,399.549999,415.199997,22844500,59.314285,NFLX
Fri May 30 2014 00:00:00 GMT+0800 (China Standard Time),415.179996,421.740013,411.610008,417.82999,29248800,59.689999,NFLX
Mon Jun 02 2014 00:00:00 GMT+0800 (China Standard Time),419.479988,422.91,412.499989,422.059994,20480600,60.294285,NFLX
Tue Jun 03 2014 00:00:00 GMT+0800 (China Standard Time),419.990013,425.599995,417.049999,417.570011,17133200,59.652859,NFLX
Wed Jun 04 2014 00:00:00 GMT+0800 (China Standard Time),416.760006,424.499996,413.300007,423.210007,17432800,60.458572,NFLX
Thu Jun 05 2014 00:00:00 GMT+0800 (China Standard Time),423.749992,429.400002,418.570007,428.349991,18930800,61.192856,NFLX
Fri Jun 06 2014 00:00:00 GMT+0800 (China Standard Time),430.010002,434.890007,428.360004,430.130005,15730400,61.447144,NFLX
Mon Jun 09 2014 00:00:00 GMT+0800 (China Standard Time),429.500004,430.64999,420.089989,423.090004,16678900,60.441429,NFLX
Tue Jun 10 2014 00:00:00 GMT+0800 (China Standard Time),425.519993,436.039993,425.020008,428.289989,22920100,61.184284,NFLX
Wed Jun 11 2014 00:00:00 GMT+0800 (China Standard Time),425.23,432.599995,425.000008,429.999989,13745900,61.42857,NFLX
Thu Jun 12 2014 00:00:00 GMT+0800 (China Standard Time),429.070007,430.250008,420.500011,422.449989,15803200,60.349998,NFLX
Fri Jun 13 2014 00:00:00 GMT+0800 (China Standard Time),422.999989,427.899994,417.210003,427.710003,15778700,61.101429,NFLX
Mon Jun 16 2014 00:00:00 GMT+0800 (China Standard Time),426.530003,431.210003,423.419998,430.259995,12506200,61.465714,NFLX
Tue Jun 17 2014 00:00:00 GMT+0800 (China Standard Time),438.040012,448.089989,437.769993,443.649994,28996100,63.378571,NFLX
Wed Jun 18 2014 00:00:00 GMT+0800 (China Standard Time),443.669994,450.819984,440.249996,448.680016,18786600,64.097145,NFLX
Thu Jun 19 2014 00:00:00 GMT+0800 (China Standard Time),449.429993,449.490021,438.060013,441.389996,17308200,63.055714,NFLX
Fri Jun 20 2014 00:00:00 GMT+0800 (China Standard Time),441.200005,442.87999,434.979996,440.180008,13222300,62.882858,NFLX
Mon Jun 23 2014 00:00:00 GMT+0800 (China Standard Time),439.359989,441.859993,435.549995,439.519993,10672900,62.78857,NFLX
Tue Jun 24 2014 00:00:00 GMT+0800 (China Standard Time),438.049999,449.940018,435.500008,436.360001,20367200,62.337143,NFLX
Wed Jun 25 2014 00:00:00 GMT+0800 (China Standard Time),434.999996,444.760006,433.329998,444.210007,15752100,63.458572,NFLX
Thu Jun 26 2014 00:00:00 GMT+0800 (China Standard Time),440.790009,442.139999,436.749996,439.610008,14237300,62.80143,NFLX
Fri Jun 27 2014 00:00:00 GMT+0800 (China Standard Time),438.319992,443.19001,437.399998,442.079998,15587600,63.154285,NFLX
Mon Jun 30 2014 00:00:00 GMT+0800 (China Standard Time),442.859989,446.869987,439.69001,440.599991,10588900,62.942856,NFLX
Tue Jul 01 2014 00:00:00 GMT+0800 (China Standard Time),456.229988,473.68,455.29998,473.100014,37995300,67.585716,NFLX
Wed Jul 02 2014 00:00:00 GMT+0800 (China Standard Time),473.479996,475.87001,466.039986,466.739975,17309600,66.677139,NFLX
Thu Jul 03 2014 00:00:00 GMT+0800 (China Standard Time),470.160027,472.620003,468.87001,472.349983,11359600,67.478569,NFLX
Mon Jul 07 2014 00:00:00 GMT+0800 (China Standard Time),472.099991,472.22998,460.000008,460.619995,18296600,65.802856,NFLX
Tue Jul 08 2014 00:00:00 GMT+0800 (China Standard Time),459.649986,460.999977,439.279987,445.049999,26182800,63.578571,NFLX
Wed Jul 09 2014 00:00:00 GMT+0800 (China Standard Time),446.180012,449.340004,439.730011,442.999992,21011200,63.285713,NFLX
Thu Jul 10 2014 00:00:00 GMT+0800 (China Standard Time),434.389996,444.190006,428.200001,438.550011,24388700,62.650002,NFLX
Fri Jul 11 2014 00:00:00 GMT+0800 (China Standard Time),441.460011,444.130005,437.150005,439.960003,14219100,62.851429,NFLX
Mon Jul 14 2014 00:00:00 GMT+0800 (China Standard Time),443.299999,455.480011,439.000008,452.580025,17433500,64.654289,NFLX
Tue Jul 15 2014 00:00:00 GMT+0800 (China Standard Time),450.689995,451.37001,442.269989,449.090012,13505800,64.155716,NFLX
Wed Jul 16 2014 00:00:00 GMT+0800 (China Standard Time),454.069992,455.699989,443.400002,444.439999,13438600,63.491428,NFLX
Thu Jul 17 2014 00:00:00 GMT+0800 (China Standard Time),443.279999,448.850006,438.290005,439.359989,13266400,62.765713,NFLX
Fri Jul 18 2014 00:00:00 GMT+0800 (China Standard Time),440.810009,444.299995,435.75,444.170006,11760700,63.452858,NFLX
Mon Jul 21 2014 00:00:00 GMT+0800 (China Standard Time),451.690018,457.499977,447.619991,451.949997,34671000,64.564285,NFLX
Tue Jul 22 2014 00:00:00 GMT+0800 (China Standard Time),442.979992,444.669991,425.060009,431.09,57174600,61.584286,NFLX
Wed Jul 23 2014 00:00:00 GMT+0800 (China Standard Time),430.410011,435.409992,426.510002,427.899994,17267600,61.128571,NFLX
Thu Jul 24 2014 00:00:00 GMT+0800 (China Standard Time),429.46999,430.210007,419.020004,425.37999,18621400,60.76857,NFLX
Fri Jul 25 2014 00:00:00 GMT+0800 (China Standard Time),425.000008,428.169987,420.400009,421.859989,11610200,60.265713,NFLX
Mon Jul 28 2014 00:00:00 GMT+0800 (China Standard Time),422.210011,425.909988,418.519993,424.66,11960900,60.665714,NFLX
Tue Jul 29 2014 00:00:00 GMT+0800 (China Standard Time),423.210007,428.389992,423.210007,424.279991,9282000,60.611427,NFLX
Wed Jul 30 2014 00:00:00 GMT+0800 (China Standard Time),424.749989,435.289989,424.310005,434.360008,15263500,62.05143,NFLX
Thu Jul 31 2014 00:00:00 GMT+0800 (China Standard Time),430.259995,432.96999,421.289989,422.720009,13820100,60.388573,NFLX
Fri Aug 01 2014 00:00:00 GMT+0800 (China Standard Time),421.759987,427.730003,412.510002,425.39999,18947600,60.771427,NFLX
Mon Aug 04 2014 00:00:00 GMT+0800 (China Standard Time),427.200005,429.999989,420.779991,422.700008,10686900,60.385715,NFLX
Tue Aug 05 2014 00:00:00 GMT+0800 (China Standard Time),421.300003,427.999996,420.309994,422.849998,10653300,60.407143,NFLX
Wed Aug 06 2014 00:00:00 GMT+0800 (China Standard Time),420.999996,434.899994,420.549999,430.299995,15835400,61.471428,NFLX
Thu Aug 07 2014 00:00:00 GMT+0800 (China Standard Time),435.300003,449.950005,434.549999,449.669998,27313300,64.238571,NFLX
Fri Aug 08 2014 00:00:00 GMT+0800 (China Standard Time),450.199997,450.970001,442.050011,445.849991,15495200,63.692856,NFLX
Mon Aug 11 2014 00:00:00 GMT+0800 (China Standard Time),449.220001,457.649994,448.709976,451.540001,13246800,64.505714,NFLX
Tue Aug 12 2014 00:00:00 GMT+0800 (China Standard Time),451.349983,453.000008,443.409988,446.410004,10845100,63.772858,NFLX
Wed Aug 13 2014 00:00:00 GMT+0800 (China Standard Time),448.600014,454.220009,446.82,451.530014,9058000,64.504288,NFLX
Thu Aug 14 2014 00:00:00 GMT+0800 (China Standard Time),452.209976,455,448.219978,450.870026,6676600,64.410004,NFLX
Fri Aug 15 2014 00:00:00 GMT+0800 (China Standard Time),451.490013,462,448.600014,459.089973,22036700,65.584282,NFLX
Mon Aug 18 2014 00:00:00 GMT+0800 (China Standard Time),462.059975,469.499985,461.250023,465.999985,13496000,66.571426,NFLX
Tue Aug 19 2014 00:00:00 GMT+0800 (China Standard Time),467.089996,470.500008,462.430023,468.149994,10897600,66.878571,NFLX
Wed Aug 20 2014 00:00:00 GMT+0800 (China Standard Time),467.000008,473.750015,464.539978,472.18998,12163900,67.455711,NFLX
Thu Aug 21 2014 00:00:00 GMT+0800 (China Standard Time),471.279999,476.150017,467.669983,472.050003,11746700,67.435715,NFLX
Fri Aug 22 2014 00:00:00 GMT+0800 (China Standard Time),470.940018,479.549988,470.050011,479.18998,13735400,68.455711,NFLX
Mon Aug 25 2014 00:00:00 GMT+0800 (China Standard Time),481.54998,485.300026,477.530022,480.929993,13484800,68.704285,NFLX
Tue Aug 26 2014 00:00:00 GMT+0800 (China Standard Time),478.499977,481.850014,474.54998,479.360023,10137400,68.480003,NFLX
Wed Aug 27 2014 00:00:00 GMT+0800 (China Standard Time),479.400024,480.249977,473.630013,474.699997,10394300,67.814285,NFLX
Thu Aug 28 2014 00:00:00 GMT+0800 (China Standard Time),472.650017,477.47998,470.809975,475.210022,7584500,67.887146,NFLX
Fri Aug 29 2014 00:00:00 GMT+0800 (China Standard Time),476.850006,480.500023,474.139984,477.639984,9838500,68.234283,NFLX
Tue Sep 02 2014 00:00:00 GMT+0800 (China Standard Time),478.499977,478.790024,474.589981,476.600014,8806700,68.085716,NFLX
Wed Sep 03 2014 00:00:00 GMT+0800 (China Standard Time),480.519997,487.599998,476.529999,477.389992,16219000,68.19857,NFLX
Thu Sep 04 2014 00:00:00 GMT+0800 (China Standard Time),479.109978,481.69001,472.130005,472.669991,11958800,67.524284,NFLX
Fri Sep 05 2014 00:00:00 GMT+0800 (China Standard Time),473.230003,477.349991,470.069984,475.679993,11953200,67.954285,NFLX
Mon Sep 08 2014 00:00:00 GMT+0800 (China Standard Time),474.400017,480.599998,474.200012,479.330009,7668500,68.475716,NFLX
Tue Sep 09 2014 00:00:00 GMT+0800 (China Standard Time),486.299995,489.290024,476.400009,479.010002,19737900,68.43,NFLX
Wed Sep 10 2014 00:00:00 GMT+0800 (China Standard Time),480.199989,484.75,477.040024,484.389992,9104900,69.19857,NFLX
Thu Sep 11 2014 00:00:00 GMT+0800 (China Standard Time),482.569977,484.359978,479.669991,481.56002,7865200,68.794289,NFLX
Fri Sep 12 2014 00:00:00 GMT+0800 (China Standard Time),483.650002,484.889977,476.120003,476.550026,13425300,68.078575,NFLX
Mon Sep 15 2014 00:00:00 GMT+0800 (China Standard Time),477.540009,477.540009,456.849976,457.750023,20617100,65.39286,NFLX
Tue Sep 16 2014 00:00:00 GMT+0800 (China Standard Time),448.400009,458.139992,445.599998,456.910004,26838700,65.272858,NFLX
Wed Sep 17 2014 00:00:00 GMT+0800 (China Standard Time),456.910004,458.869995,451.290009,454.529976,12133100,64.932854,NFLX
Thu Sep 18 2014 00:00:00 GMT+0800 (China Standard Time),457.470016,461.359985,453.320015,459.010025,10630200,65.572861,NFLX
Fri Sep 19 2014 00:00:00 GMT+0800 (China Standard Time),460.999977,461.330025,454.170021,457.520004,11960900,65.360001,NFLX
Mon Sep 22 2014 00:00:00 GMT+0800 (China Standard Time),456.269989,456.950005,438.880005,442.779987,16169300,63.254284,NFLX
Tue Sep 23 2014 00:00:00 GMT+0800 (China Standard Time),441.229992,448.009987,440.499989,443.900013,11471600,63.414288,NFLX
Wed Sep 24 2014 00:00:00 GMT+0800 (China Standard Time),444.459999,451.660004,442.540009,450.560005,9551500,64.365715,NFLX
Thu Sep 25 2014 00:00:00 GMT+0800 (China Standard Time),449.900017,452.350006,442.420006,443.48999,9839900,63.355713,NFLX
Fri Sep 26 2014 00:00:00 GMT+0800 (China Standard Time),445.000011,450.640007,443.889999,448.749977,10404800,64.10714,NFLX
Mon Sep 29 2014 00:00:00 GMT+0800 (China Standard Time),444.070004,450.539978,442.019997,449.559982,9516500,64.222855,NFLX
Tue Sep 30 2014 00:00:00 GMT+0800 (China Standard Time),452.300018,457.19001,449.799988,451.179993,12472600,64.454285,NFLX
Wed Oct 01 2014 00:00:00 GMT+0800 (China Standard Time),448.690002,449.999992,437.290009,438.800003,15416100,62.685715,NFLX
Thu Oct 02 2014 00:00:00 GMT+0800 (China Standard Time),438.900005,450.48999,437.880009,449.980019,18450600,64.28286,NFLX
Fri Oct 03 2014 00:00:00 GMT+0800 (China Standard Time),453.190025,460.600021,452.51001,459.540024,15290100,65.648575,NFLX
Mon Oct 06 2014 00:00:00 GMT+0800 (China Standard Time),462,467.209999,460.999977,463.47998,13709500,66.211426,NFLX
Tue Oct 07 2014 00:00:00 GMT+0800 (China Standard Time),461.100006,466.279991,456.000023,456.250015,13759200,65.178574,NFLX
Wed Oct 08 2014 00:00:00 GMT+0800 (China Standard Time),456.650024,467.600021,451.379997,466.859978,14332500,66.694283,NFLX
Thu Oct 09 2014 00:00:00 GMT+0800 (China Standard Time),466.630013,467.98999,459.559998,461.620018,14928200,65.945717,NFLX
Fri Oct 10 2014 00:00:00 GMT+0800 (China Standard Time),459.800003,464.840012,451.440025,452.079987,19110700,64.582855,NFLX
Mon Oct 13 2014 00:00:00 GMT+0800 (China Standard Time),451.250008,452.470009,433.000004,438.579998,20216700,62.654285,NFLX
Tue Oct 14 2014 00:00:00 GMT+0800 (China Standard Time),445.51001,451.989998,438.130001,449.120026,16747500,64.160004,NFLX
Wed Oct 15 2014 00:00:00 GMT+0800 (China Standard Time),444.470013,450.979988,430.179993,448.589973,59927700,64.084282,NFLX
Thu Oct 16 2014 00:00:00 GMT+0800 (China Standard Time),332.729992,366.17001,330.999992,361.700001,92304800,51.671429,NFLX
Fri Oct 17 2014 00:00:00 GMT+0800 (China Standard Time),359.809998,360.070004,341.499992,357.089989,79160900,51.012856,NFLX
Mon Oct 20 2014 00:00:00 GMT+0800 (China Standard Time),356.000004,369.189999,355.550007,359.219997,33529300,51.317142,NFLX
Tue Oct 21 2014 00:00:00 GMT+0800 (China Standard Time),362.259987,366.789997,355.439991,365.990005,19365500,52.284286,NFLX
Wed Oct 22 2014 00:00:00 GMT+0800 (China Standard Time),368.989994,381.980011,363.200008,374.64999,32150300,53.521427,NFLX
Thu Oct 23 2014 00:00:00 GMT+0800 (China Standard Time),380.520004,385.770004,378.249992,383.040009,19916400,54.720001,NFLX
Fri Oct 24 2014 00:00:00 GMT+0800 (China Standard Time),382.579998,386.999992,380.809998,385.02,14657300,55.002857,NFLX
Mon Oct 27 2014 00:00:00 GMT+0800 (China Standard Time),383.900002,384.499989,376.699997,379.400005,14944300,54.200001,NFLX
Tue Oct 28 2014 00:00:00 GMT+0800 (China Standard Time),379.75,386.870003,378.349995,386.220001,11736900,55.174286,NFLX
Wed Oct 29 2014 00:00:00 GMT+0800 (China Standard Time),386.220001,386.680012,377.770008,378.100002,12507600,54.014286,NFLX
Thu Oct 30 2014 00:00:00 GMT+0800 (China Standard Time),377.510002,382.339993,374.600002,379.01001,10593800,54.144287,NFLX
Fri Oct 31 2014 00:00:00 GMT+0800 (China Standard Time),384.400013,393.77,384.000004,392.770004,20470100,56.110001,NFLX
Mon Nov 03 2014 00:00:00 GMT+0800 (China Standard Time),393.229988,395.52,385.109989,388.410011,17581200,55.487144,NFLX
Tue Nov 04 2014 00:00:00 GMT+0800 (China Standard Time),386.919991,387.250011,378.770004,382.780003,11389700,54.682858,NFLX
Wed Nov 05 2014 00:00:00 GMT+0800 (China Standard Time),385.610001,387.840012,376.390003,380.380001,13645800,54.34,NFLX
Thu Nov 06 2014 00:00:00 GMT+0800 (China Standard Time),378,385.329994,377.349998,383.299988,9991800,54.757141,NFLX
Fri Nov 07 2014 00:00:00 GMT+0800 (China Standard Time),383.439991,385.249992,379.300003,384.160007,9303700,54.880001,NFLX
Mon Nov 10 2014 00:00:00 GMT+0800 (China Standard Time),383.000008,389.450008,378.999996,387.270012,9711100,55.324287,NFLX
Tue Nov 11 2014 00:00:00 GMT+0800 (China Standard Time),387.270012,394.099995,381.809994,382.550011,14838600,54.650002,NFLX
Wed Nov 12 2014 00:00:00 GMT+0800 (China Standard Time),381.130005,385.959995,377.040005,383.860001,10958500,54.837143,NFLX
Thu Nov 13 2014 00:00:00 GMT+0800 (China Standard Time),384.459988,385.049988,377.530003,379.409992,10490200,54.201427,NFLX
Fri Nov 14 2014 00:00:00 GMT+0800 (China Standard Time),379.380005,387.219997,378.57,386.039997,10988600,55.148571,NFLX
Mon Nov 17 2014 00:00:00 GMT+0800 (China Standard Time),385.380009,389.499996,380.749996,381.139992,9225300,54.44857,NFLX
Tue Nov 18 2014 00:00:00 GMT+0800 (China Standard Time),380.999989,384.899998,380.529991,381.030003,7921200,54.432858,NFLX
Wed Nov 19 2014 00:00:00 GMT+0800 (China Standard Time),383.209999,387.050007,362.659996,363.100006,24515400,51.871429,NFLX
Thu Nov 20 2014 00:00:00 GMT+0800 (China Standard Time),363.089993,373.259998,361.000011,368.139988,15425200,52.591427,NFLX
Fri Nov 21 2014 00:00:00 GMT+0800 (China Standard Time),372.480007,373.250011,359.500004,360.279995,17878000,51.468571,NFLX
Mon Nov 24 2014 00:00:00 GMT+0800 (China Standard Time),360.560001,363.459988,355.39999,356.470001,17864000,50.924286,NFLX
Tue Nov 25 2014 00:00:00 GMT+0800 (China Standard Time),351.019997,352.429989,343.999996,348.98999,28100800,49.855713,NFLX
Wed Nov 26 2014 00:00:00 GMT+0800 (China Standard Time),351.079998,353.689991,348.220013,351.16,10063200,50.165714,NFLX
Fri Nov 28 2014 00:00:00 GMT+0800 (China Standard Time),353.589989,354.000011,345.990002,346.589989,6702500,49.512856,NFLX
Mon Dec 01 2014 00:00:00 GMT+0800 (China Standard Time),344.999992,347.000011,337.640011,341.810013,11964400,48.830002,NFLX
Tue Dec 02 2014 00:00:00 GMT+0800 (China Standard Time),341.299988,353.339996,340.840004,352.310013,14271600,50.330002,NFLX
Wed Dec 03 2014 00:00:00 GMT+0800 (China Standard Time),351.549995,355.12001,344.269989,355.12001,13819400,50.73143,NFLX
Thu Dec 04 2014 00:00:00 GMT+0800 (China Standard Time),352.999989,357.950008,349.360012,350.599987,11853800,50.085712,NFLX
Fri Dec 05 2014 00:00:00 GMT+0800 (China Standard Time),351.03001,354.499996,348.129997,350.919994,9930200,50.131428,NFLX
Mon Dec 08 2014 00:00:00 GMT+0800 (China Standard Time),349.169994,349.879997,338.030006,339.48,13621300,48.497143,NFLX
Tue Dec 09 2014 00:00:00 GMT+0800 (China Standard Time),334.739998,345.360001,329.02,343.779991,17976700,49.111427,NFLX
Wed Dec 10 2014 00:00:00 GMT+0800 (China Standard Time),343.14999,344.73,333.66,334.319988,12644800,47.759998,NFLX
Thu Dec 11 2014 00:00:00 GMT+0800 (China Standard Time),336.089989,340.900005,333.590012,334.630009,11769100,47.804287,NFLX
Fri Dec 12 2014 00:00:00 GMT+0800 (China Standard Time),331.919987,338.259998,328.859997,334.479992,13521200,47.782856,NFLX
Mon Dec 15 2014 00:00:00 GMT+0800 (China Standard Time),336.389996,338.93,326.330006,327.040009,12019000,46.720001,NFLX
Tue Dec 16 2014 00:00:00 GMT+0800 (China Standard Time),324.990002,329.489998,315.999996,316.440006,16947700,45.205715,NFLX
Wed Dec 17 2014 00:00:00 GMT+0800 (China Standard Time),317.629993,335.069992,315.540012,333.650013,20192900,47.664288,NFLX
Thu Dec 18 2014 00:00:00 GMT+0800 (China Standard Time),338.800011,342.499989,330.629997,334.419991,15639400,47.774284,NFLX
Fri Dec 19 2014 00:00:00 GMT+0800 (China Standard Time),335.300011,341.040009,333.350006,340.119987,15047900,48.58857,NFLX
Mon Dec 22 2014 00:00:00 GMT+0800 (China Standard Time),339.800007,344.680012,334.240013,336.679989,7994000,48.097141,NFLX
Tue Dec 23 2014 00:00:00 GMT+0800 (China Standard Time),338.010006,338.999989,332.310009,336.429996,8291500,48.061428,NFLX
Wed Dec 24 2014 00:00:00 GMT+0800 (China Standard Time),336.509998,343.489998,335.990013,342.100006,5411000,48.871429,NFLX
Fri Dec 26 2014 00:00:00 GMT+0800 (China Standard Time),341.909988,346.390011,339.740005,340.049999,8847300,48.578571,NFLX
Mon Dec 29 2014 00:00:00 GMT+0800 (China Standard Time),335.790009,343.730003,333.570011,341.929989,8588300,48.847141,NFLX
Tue Dec 30 2014 00:00:00 GMT+0800 (China Standard Time),341.000008,343.979996,339.769993,343.229992,7011200,49.032856,NFLX
Wed Dec 31 2014 00:00:00 GMT+0800 (China Standard Time),343.229992,345.740009,341.510006,341.610008,8627500,48.80143,NFLX
Fri Jan 02 2015 00:00:00 GMT+0800 (China Standard Time),344.059998,352.32,341.12001,348.940002,13475000,49.848572,NFLX
Mon Jan 05 2015 00:00:00 GMT+0800 (China Standard Time),344.810001,344.810001,330.03001,331.179996,18165000,47.311428,NFLX
Tue Jan 06 2015 00:00:00 GMT+0800 (China Standard Time),331.429989,333.479996,319.630013,325.509987,16037700,46.501427,NFLX
Wed Jan 07 2015 00:00:00 GMT+0800 (China Standard Time),331.429989,331.950001,323.89999,327.200012,9849700,46.742859,NFLX
Thu Jan 08 2015 00:00:00 GMT+0800 (China Standard Time),329.839993,334.849987,325.35001,334.459991,9601900,47.779999,NFLX
Fri Jan 09 2015 00:00:00 GMT+0800 (China Standard Time),333.419994,336.140003,328.289997,329.289993,9578100,47.041428,NFLX
Mon Jan 12 2015 00:00:00 GMT+0800 (China Standard Time),329.630001,330.389992,316.850002,318.829994,12944400,45.547142,NFLX
Tue Jan 13 2015 00:00:00 GMT+0800 (China Standard Time),322.14999,329.340008,321.300011,323.790001,18721500,46.255714,NFLX
Wed Jan 14 2015 00:00:00 GMT+0800 (China Standard Time),329.500011,331.589993,319.760002,324.239998,19871600,46.32,NFLX
Thu Jan 15 2015 00:00:00 GMT+0800 (China Standard Time),325.829994,327.499992,320.909988,323.759987,11669000,46.251427,NFLX
Fri Jan 16 2015 00:00:00 GMT+0800 (China Standard Time),328.000004,337.75,324.669994,337.340004,19696600,48.191429,NFLX
Tue Jan 20 2015 00:00:00 GMT+0800 (China Standard Time),340.000011,350,334.000008,348.799999,40551000,49.828571,NFLX
Wed Jan 21 2015 00:00:00 GMT+0800 (China Standard Time),414.640011,414.680012,401.869999,409.279995,66902500,58.468571,NFLX
Thu Jan 22 2015 00:00:00 GMT+0800 (China Standard Time),410.000011,429.620007,404.799999,428.440006,33319300,61.205715,NFLX
Fri Jan 23 2015 00:00:00 GMT+0800 (China Standard Time),426.919998,439.200012,426.169994,437.459999,26784100,62.494286,NFLX
Mon Jan 26 2015 00:00:00 GMT+0800 (China Standard Time),438.000011,447.289997,433.699993,446.559994,21268800,63.794285,NFLX
Tue Jan 27 2015 00:00:00 GMT+0800 (China Standard Time),441.610001,457.379974,441.349995,454.170021,24612700,64.881432,NFLX
Wed Jan 28 2015 00:00:00 GMT+0800 (China Standard Time),453.190025,453.749985,441.57,442.460007,24532900,63.208572,NFLX
Thu Jan 29 2015 00:00:00 GMT+0800 (China Standard Time),442.429993,447.490002,437.5,443.800011,15127700,63.400002,NFLX
Fri Jan 30 2015 00:00:00 GMT+0800 (China Standard Time),441.930008,447.890011,438.590012,441.799992,13215300,63.114285,NFLX
Mon Feb 02 2015 00:00:00 GMT+0800 (China Standard Time),439.900002,443.999989,433.690006,441.069988,12990600,63.009998,NFLX
Tue Feb 03 2015 00:00:00 GMT+0800 (China Standard Time),443.239998,458.269981,439.109997,456.919991,16440200,65.274284,NFLX
Wed Feb 04 2015 00:00:00 GMT+0800 (China Standard Time),455.289993,456.220001,447.229996,448.709976,12450900,64.101425,NFLX
Thu Feb 05 2015 00:00:00 GMT+0800 (China Standard Time),451.789993,455.970009,445.66,448.909981,14248500,64.129997,NFLX
Fri Feb 06 2015 00:00:00 GMT+0800 (China Standard Time),449.75,451.000015,442.229988,444.359997,8898400,63.48,NFLX
Mon Feb 09 2015 00:00:00 GMT+0800 (China Standard Time),442.389992,446.499992,438.459995,443.070007,8173200,63.295715,NFLX
Tue Feb 10 2015 00:00:00 GMT+0800 (China Standard Time),444.219994,456.099998,441.710003,453.949989,15418900,64.849998,NFLX
Wed Feb 11 2015 00:00:00 GMT+0800 (China Standard Time),453.810013,462.989983,451.900009,454.889984,13953100,64.984283,NFLX
Thu Feb 12 2015 00:00:00 GMT+0800 (China Standard Time),455.409996,459.249977,451.160019,456.730026,8464400,65.247147,NFLX
Fri Feb 13 2015 00:00:00 GMT+0800 (China Standard Time),458.000015,466.409981,457.960014,466.100014,12968900,66.585716,NFLX
Tue Feb 17 2015 00:00:00 GMT+0800 (China Standard Time),465.610016,471.600006,461.609978,469.960022,11170600,67.137146,NFLX
Wed Feb 18 2015 00:00:00 GMT+0800 (China Standard Time),469.160004,476.489998,466.519997,475.060005,10316600,67.865715,NFLX
Thu Feb 19 2015 00:00:00 GMT+0800 (China Standard Time),474.999977,481.000008,473.020012,474.600021,10432100,67.800003,NFLX
Fri Feb 20 2015 00:00:00 GMT+0800 (China Standard Time),475.649979,478.61998,473.460022,478.199997,9422000,68.314285,NFLX
Mon Feb 23 2015 00:00:00 GMT+0800 (China Standard Time),478.100021,478.199997,470.000023,471.840012,9031400,67.405716,NFLX
Tue Feb 24 2015 00:00:00 GMT+0800 (China Standard Time),471.609993,476.589973,471.48999,474.879974,6075300,67.839996,NFLX
Wed Feb 25 2015 00:00:00 GMT+0800 (China Standard Time),474.650009,481.56002,474.650009,478.329987,6854400,68.332855,NFLX
Thu Feb 26 2015 00:00:00 GMT+0800 (China Standard Time),480.38002,486.5,479.010002,483.030014,10852800,69.004288,NFLX
Fri Feb 27 2015 00:00:00 GMT+0800 (China Standard Time),483.57,486.000015,474.730011,474.909988,11516400,67.844284,NFLX
Mon Mar 02 2015 00:00:00 GMT+0800 (China Standard Time),474.000008,480.249977,470.639984,480.249977,10187100,68.60714,NFLX
Tue Mar 03 2015 00:00:00 GMT+0800 (China Standard Time),478.409988,479.20002,472.549988,474.709984,7426300,67.815712,NFLX
Wed Mar 04 2015 00:00:00 GMT+0800 (China Standard Time),472.709991,475.479988,463.279976,469.770004,17453800,67.110001,NFLX
Thu Mar 05 2015 00:00:00 GMT+0800 (China Standard Time),472.000015,472.250008,464.939987,467.650009,11244800,66.807144,NFLX
Fri Mar 06 2015 00:00:00 GMT+0800 (China Standard Time),466.500023,468.479988,453.909988,454.11998,12888400,64.874283,NFLX
Mon Mar 09 2015 00:00:00 GMT+0800 (China Standard Time),454.929985,455.650002,439.799999,445.630013,18970700,63.66143,NFLX
Tue Mar 10 2015 00:00:00 GMT+0800 (China Standard Time),441.109989,443.460003,433.879997,435.059998,17947300,62.151428,NFLX
Wed Mar 11 2015 00:00:00 GMT+0800 (China Standard Time),435.680012,447.57999,435.680012,440.189995,16363200,62.884285,NFLX
Thu Mar 12 2015 00:00:00 GMT+0800 (China Standard Time),443.429989,452.079987,443.380001,448.320007,14654500,64.045715,NFLX
Fri Mar 13 2015 00:00:00 GMT+0800 (China Standard Time),447.349998,448.400009,436.569992,438.399994,10161200,62.628571,NFLX
Mon Mar 16 2015 00:00:00 GMT+0800 (China Standard Time),430.829994,430.829994,417.339993,421.970005,26796000,60.281429,NFLX
Tue Mar 17 2015 00:00:00 GMT+0800 (China Standard Time),417.989994,424.860004,415.689995,418.519993,18428200,59.78857,NFLX
Wed Mar 18 2015 00:00:00 GMT+0800 (China Standard Time),418.169998,424.550011,415.099995,423.119991,14634900,60.445713,NFLX
Thu Mar 19 2015 00:00:00 GMT+0800 (China Standard Time),423.219994,428.480007,421.790001,425.209999,11449900,60.744286,NFLX
Fri Mar 20 2015 00:00:00 GMT+0800 (China Standard Time),429.360001,432.499992,426.269997,428.300003,13641600,61.185715,NFLX
Mon Mar 23 2015 00:00:00 GMT+0800 (China Standard Time),426.229996,428.090012,422.310013,425.000008,7664300,60.714287,NFLX
Tue Mar 24 2015 00:00:00 GMT+0800 (China Standard Time),427.950008,441.690002,427.830006,438.279991,16888900,62.611427,NFLX
Wed Mar 25 2015 00:00:00 GMT+0800 (China Standard Time),438.789989,438.840004,421.709999,421.75,21652400,60.25,NFLX
Thu Mar 26 2015 00:00:00 GMT+0800 (China Standard Time),417.399994,423.130005,415.729996,418.259987,16039100,59.751427,NFLX
Fri Mar 27 2015 00:00:00 GMT+0800 (China Standard Time),415.310013,418.929989,410.009998,414.77,15852200,59.252857,NFLX
Mon Mar 30 2015 00:00:00 GMT+0800 (China Standard Time),418.009995,423.949997,415.549992,422.569992,13272700,60.367142,NFLX
Tue Mar 31 2015 00:00:00 GMT+0800 (China Standard Time),420.770004,422.939987,416.190006,416.689991,14248500,59.527142,NFLX
Wed Apr 01 2015 00:00:00 GMT+0800 (China Standard Time),417.499996,418.499992,410.920006,413.120003,14639800,59.017143,NFLX
Thu Apr 02 2015 00:00:00 GMT+0800 (China Standard Time),413.500011,417.250004,412.029991,414.079998,9864400,59.154285,NFLX
Mon Apr 06 2015 00:00:00 GMT+0800 (China Standard Time),411.37999,423.130005,409.250008,422.310013,10730300,60.330002,NFLX
Tue Apr 07 2015 00:00:00 GMT+0800 (China Standard Time),423.48,425.940002,420.300007,423.459999,9977100,60.494286,NFLX
Wed Apr 08 2015 00:00:00 GMT+0800 (China Standard Time),428.409992,441.750004,428.289989,441.349995,22327900,63.049999,NFLX
Thu Apr 09 2015 00:00:00 GMT+0800 (China Standard Time),441,441.950008,434.799992,439.499992,13455400,62.785713,NFLX
Fri Apr 10 2015 00:00:00 GMT+0800 (China Standard Time),450.779984,454.969986,447.630005,454.569977,22367100,64.938568,NFLX
Mon Apr 13 2015 00:00:00 GMT+0800 (China Standard Time),470.679985,484.999992,469.400009,474.680023,44436700,67.811432,NFLX
Tue Apr 14 2015 00:00:00 GMT+0800 (China Standard Time),481.999977,484.000023,471.949974,478.710022,28641900,68.387146,NFLX
Wed Apr 15 2015 00:00:00 GMT+0800 (China Standard Time),480.929993,480.929993,471.550018,475.460014,42528500,67.922859,NFLX
Thu Apr 16 2015 00:00:00 GMT+0800 (China Standard Time),532,568.75,530.000008,562.04998,104500900,80.292854,NFLX
Fri Apr 17 2015 00:00:00 GMT+0800 (China Standard Time),558.450005,575.000023,558.000008,571.550011,58306500,81.650002,NFLX
Mon Apr 20 2015 00:00:00 GMT+0800 (China Standard Time),572.499992,576.129982,562.670021,567.390022,30766400,81.055717,NFLX
Tue Apr 21 2015 00:00:00 GMT+0800 (China Standard Time),568.639984,570.389984,558.600021,560.44001,15925700,80.062859,NFLX
Wed Apr 22 2015 00:00:00 GMT+0800 (China Standard Time),561.47998,564.990021,556.81002,557.68,12089700,79.668571,NFLX
Thu Apr 23 2015 00:00:00 GMT+0800 (China Standard Time),557.590012,562.400002,552.68998,559.060005,12687500,79.865715,NFLX
Fri Apr 24 2015 00:00:00 GMT+0800 (China Standard Time),561.210014,565.659996,556.549988,558.400017,11045300,79.771431,NFLX
Mon Apr 27 2015 00:00:00 GMT+0800 (China Standard Time),562.04998,572.499992,561.610023,566.079979,15246700,80.868568,NFLX
Tue Apr 28 2015 00:00:00 GMT+0800 (China Standard Time),564.129974,568.950005,559.609978,563.05999,8826300,80.437141,NFLX
Wed Apr 29 2015 00:00:00 GMT+0800 (China Standard Time),560.489998,567.390022,557.51001,562.849998,9534700,80.407143,NFLX
Thu Apr 30 2015 00:00:00 GMT+0800 (China Standard Time),561.660011,565.850014,553.86998,556.5,10565100,79.5,NFLX
Fri May 01 2015 00:00:00 GMT+0800 (China Standard Time),558.98999,559.769981,552.26001,557.029999,8906100,79.575714,NFLX
Mon May 04 2015 00:00:00 GMT+0800 (China Standard Time),556.999985,558.000008,552.300011,554.900017,7967400,79.271431,NFLX
Tue May 05 2015 00:00:00 GMT+0800 (China Standard Time),568.669998,577.099991,565.299988,565.54998,27116600,80.792854,NFLX
Wed May 06 2015 00:00:00 GMT+0800 (China Standard Time),567.200005,568.500008,556.650017,560.539986,11504500,80.077141,NFLX
Thu May 07 2015 00:00:00 GMT+0800 (China Standard Time),560.800018,565.56002,556.20002,565.240013,10220700,80.748573,NFLX
Fri May 08 2015 00:00:00 GMT+0800 (China Standard Time),567.289993,575.069984,566.750008,574.600014,13828500,82.085716,NFLX
Mon May 11 2015 00:00:00 GMT+0800 (China Standard Time),576.270012,593.999977,575.300003,589.950005,23882600,84.278572,NFLX
Tue May 12 2015 00:00:00 GMT+0800 (China Standard Time),586.659996,586.659996,580.950012,583.640007,11907000,83.377144,NFLX
Wed May 13 2015 00:00:00 GMT+0800 (China Standard Time),583.830025,589.380005,578.840004,580.109993,11155900,82.872856,NFLX
Thu May 14 2015 00:00:00 GMT+0800 (China Standard Time),582.999992,587.470001,576.310013,586.850014,8898400,83.835716,NFLX
Fri May 15 2015 00:00:00 GMT+0800 (China Standard Time),604.550018,618.440002,600.290001,613.249977,37053100,87.60714,NFLX
Mon May 18 2015 00:00:00 GMT+0800 (China Standard Time),612.81002,619.740005,609.169991,617.870003,14812000,88.267143,NFLX
Tue May 19 2015 00:00:00 GMT+0800 (China Standard Time),622.220009,628.499992,614.669983,616.480011,19101600,88.068573,NFLX
Wed May 20 2015 00:00:00 GMT+0800 (China Standard Time),617.500008,623.760017,611.539978,621.530006,12756800,88.790001,NFLX
Thu May 21 2015 00:00:00 GMT+0800 (China Standard Time),623.57,626.999985,617.269989,623.019974,12767300,89.002853,NFLX
Fri May 22 2015 00:00:00 GMT+0800 (China Standard Time),624.250015,625.849998,620.849991,621.869987,7466200,88.83857,NFLX
Tue May 26 2015 00:00:00 GMT+0800 (China Standard Time),622.11998,623.430023,614.499992,615.950012,9646000,87.992859,NFLX
Wed May 27 2015 00:00:00 GMT+0800 (China Standard Time),617.000023,629.349998,615.500015,628.999977,10506300,89.85714,NFLX
Thu May 28 2015 00:00:00 GMT+0800 (China Standard Time),628.000008,628.98999,622.510002,626.549988,7821800,89.507141,NFLX
Fri May 29 2015 00:00:00 GMT+0800 (China Standard Time),626.309982,631.43998,622.68998,624.059998,12712000,89.151428,NFLX
Mon Jun 01 2015 00:00:00 GMT+0800 (China Standard Time),621.860001,623.850006,615.609978,623.019974,9926000,89.002853,NFLX
Tue Jun 02 2015 00:00:00 GMT+0800 (China Standard Time),620.97998,627.750015,618.840012,623.909981,7529200,89.129997,NFLX
Wed Jun 03 2015 00:00:00 GMT+0800 (China Standard Time),624.700012,628.129997,620.51001,621.659996,6223700,88.808571,NFLX
Thu Jun 04 2015 00:00:00 GMT+0800 (China Standard Time),618.649994,626.000015,616.29998,625.440002,10074400,89.348572,NFLX
Fri Jun 05 2015 00:00:00 GMT+0800 (China Standard Time),624.500008,633.780006,623.88002,633.219994,11624200,90.459999,NFLX
Mon Jun 08 2015 00:00:00 GMT+0800 (China Standard Time),635.000008,635.709984,622.969986,627.230003,11148900,89.604286,NFLX
Tue Jun 09 2015 00:00:00 GMT+0800 (China Standard Time),625.339973,649.000008,625.339973,647.149979,22024800,92.449997,NFLX
Wed Jun 10 2015 00:00:00 GMT+0800 (China Standard Time),653.769997,692.790009,652.580009,671.100006,57121400,95.871429,NFLX
Thu Jun 11 2015 00:00:00 GMT+0800 (China Standard Time),678.229996,678.43,658.610001,665.659988,26623100,95.094284,NFLX
Fri Jun 12 2015 00:00:00 GMT+0800 (China Standard Time),664.410027,667.400002,658.86998,660.93,10278800,94.418571,NFLX
Mon Jun 15 2015 00:00:00 GMT+0800 (China Standard Time),649.999977,655.140015,641.609985,654.019989,19054000,93.431427,NFLX
Tue Jun 16 2015 00:00:00 GMT+0800 (China Standard Time),659.700012,669.249977,655.840004,666.910004,16043300,95.272858,NFLX
Wed Jun 17 2015 00:00:00 GMT+0800 (China Standard Time),665.930008,665.930008,657.70002,659.900017,9905000,94.271431,NFLX
Thu Jun 18 2015 00:00:00 GMT+0800 (China Standard Time),662.559998,667.390015,660.579979,663.200012,8962800,94.742859,NFLX
Fri Jun 19 2015 00:00:00 GMT+0800 (China Standard Time),673.700012,674.93,656.749985,657.100006,19814900,93.871429,NFLX
Mon Jun 22 2015 00:00:00 GMT+0800 (China Standard Time),665.29998,676.849991,659.319977,674.899986,16732800,96.414284,NFLX
Tue Jun 23 2015 00:00:00 GMT+0800 (China Standard Time),674.350014,681.729996,670.25,681.19001,15626100,97.312859,NFLX
Wed Jun 24 2015 00:00:00 GMT+0800 (China Standard Time),700.099976,706.239983,674.779984,678.609978,77138600,96.944283,NFLX
Thu Jun 25 2015 00:00:00 GMT+0800 (China Standard Time),668.37001,672,654.210007,664.239983,41623400,94.891426,NFLX
Fri Jun 26 2015 00:00:00 GMT+0800 (China Standard Time),667.100021,667.199997,651.619987,651.619987,30314900,93.08857,NFLX
Mon Jun 29 2015 00:00:00 GMT+0800 (China Standard Time),640.540001,650.389999,637.819992,645.62001,24575600,92.23143,NFLX
Tue Jun 30 2015 00:00:00 GMT+0800 (China Standard Time),653.499977,660.48999,649.499992,656.940002,16880500,93.848572,NFLX
Wed Jul 01 2015 00:00:00 GMT+0800 (China Standard Time),663.640022,666.669998,652.530022,655.449982,14699300,93.635712,NFLX
Thu Jul 02 2015 00:00:00 GMT+0800 (China Standard Time),657.990013,659.389992,652.500008,658.31002,11053000,94.044289,NFLX
Mon Jul 06 2015 00:00:00 GMT+0800 (China Standard Time),654.309982,664.500015,653.379974,661.999985,11808300,94.571426,NFLX
Tue Jul 07 2015 00:00:00 GMT+0800 (China Standard Time),665.089989,667.989975,648.359993,658.640015,21573300,94.091431,NFLX
Wed Jul 08 2015 00:00:00 GMT+0800 (China Standard Time),654.299995,657.969986,645.990005,654.549988,12990600,93.507141,NFLX
Thu Jul 09 2015 00:00:00 GMT+0800 (China Standard Time),664.300011,670.919975,659.999992,670.089996,16076900,95.727142,NFLX
Fri Jul 10 2015 00:00:00 GMT+0800 (China Standard Time),682.660004,689.519974,678.300011,680.599983,21636300,97.228569,NFLX
Mon Jul 13 2015 00:00:00 GMT+0800 (China Standard Time),686.690002,716.159996,686.550026,707.610001,33205200,101.087143,NFLX
Tue Jul 14 2015 00:00:00 GMT+0800 (China Standard Time),708.900017,711.449982,697.569984,702.600006,19736500,100.371429,NFLX
Wed Jul 15 2015 00:00:00 GMT+0800 (China Standard Time),99.970001,100.75,97.050003,98.129997,30898600,98.129997,NFLX
Thu Jul 16 2015 00:00:00 GMT+0800 (China Standard Time),111.019997,116.489998,107.68,115.809998,63461000,115.809998,NFLX
Fri Jul 17 2015 00:00:00 GMT+0800 (China Standard Time),117.339996,117.879997,114.239998,114.769997,25136900,114.769997,NFLX
Mon Jul 20 2015 00:00:00 GMT+0800 (China Standard Time),114.699997,114.699997,110.139999,110.550003,22676900,110.550003,NFLX
Tue Jul 21 2015 00:00:00 GMT+0800 (China Standard Time),110.209999,113.709999,109.32,112.510002,14085400,112.510002,NFLX
Wed Jul 22 2015 00:00:00 GMT+0800 (China Standard Time),112.139999,113.879997,110.559998,111.5,10500500,111.5,NFLX
Thu Jul 23 2015 00:00:00 GMT+0800 (China Standard Time),110.910004,112.18,109.839996,110.099998,8306800,110.099998,NFLX
Fri Jul 24 2015 00:00:00 GMT+0800 (China Standard Time),111.550003,111.68,108.900002,109.339996,8125100,109.339996,NFLX
Mon Jul 27 2015 00:00:00 GMT+0800 (China Standard Time),107.790001,109.860001,106.25,106.43,11302600,106.43,NFLX
Tue Jul 28 2015 00:00:00 GMT+0800 (China Standard Time),107.290001,107.940002,103.879997,106.900002,11155900,106.900002,NFLX
Wed Jul 29 2015 00:00:00 GMT+0800 (China Standard Time),106.830002,107.75,105.400002,107.080002,6695600,107.080002,NFLX
Thu Jul 30 2015 00:00:00 GMT+0800 (China Standard Time),106.400002,111.900002,105.400002,111.559998,14229200,111.559998,NFLX
Fri Jul 31 2015 00:00:00 GMT+0800 (China Standard Time),111.949997,115,111.150002,114.309998,16349100,114.309998,NFLX
Mon Aug 03 2015 00:00:00 GMT+0800 (China Standard Time),114.599998,114.599998,111.779999,112.559998,10144800,112.559998,NFLX
Tue Aug 04 2015 00:00:00 GMT+0800 (China Standard Time),113.150002,122.790001,113,121.150002,29653300,121.150002,NFLX
Wed Aug 05 2015 00:00:00 GMT+0800 (China Standard Time),125.620003,129.289993,122.709999,123.709999,26946500,123.709999,NFLX
Thu Aug 06 2015 00:00:00 GMT+0800 (China Standard Time),126.290001,128.850006,122.040001,126.449997,24716700,126.449997,NFLX
Fri Aug 07 2015 00:00:00 GMT+0800 (China Standard Time),126.419998,126.599998,121.300003,123.519997,17360700,123.519997,NFLX
Mon Aug 10 2015 00:00:00 GMT+0800 (China Standard Time),126.089996,126.5,121.510002,123.029999,13424600,123.029999,NFLX
Tue Aug 11 2015 00:00:00 GMT+0800 (China Standard Time),120.010002,123.760002,120,122.739998,11596800,122.739998,NFLX
Wed Aug 12 2015 00:00:00 GMT+0800 (China Standard Time),121.470001,122.449997,118.660004,120.510002,13822500,120.510002,NFLX
Thu Aug 13 2015 00:00:00 GMT+0800 (China Standard Time),120.989998,125.730003,119.339996,123.730003,15284400,123.730003,NFLX
Fri Aug 14 2015 00:00:00 GMT+0800 (China Standard Time),124.959999,125,123,123.389999,8667700,123.389999,NFLX
Mon Aug 17 2015 00:00:00 GMT+0800 (China Standard Time),123.139999,125.699997,122.589996,125.360001,9233800,125.360001,NFLX
Tue Aug 18 2015 00:00:00 GMT+0800 (China Standard Time),125.260002,126.75,123.550003,124.050003,9382000,124.050003,NFLX
Wed Aug 19 2015 00:00:00 GMT+0800 (China Standard Time),123.5,123.699997,121.5,122.059998,9679900,122.059998,NFLX
Thu Aug 20 2015 00:00:00 GMT+0800 (China Standard Time),119.800003,121.449997,111.339996,112.489998,28045300,112.489998,NFLX
Fri Aug 21 2015 00:00:00 GMT+0800 (China Standard Time),106.199997,110,102.75,103.959999,33228300,103.959999,NFLX
Mon Aug 24 2015 00:00:00 GMT+0800 (China Standard Time),88.75,109.629997,85.5,96.879997,59951900,96.879997,NFLX
Tue Aug 25 2015 00:00:00 GMT+0800 (China Standard Time),107.75,107.879997,101.5,101.519997,37620700,101.519997,NFLX
Wed Aug 26 2015 00:00:00 GMT+0800 (China Standard Time),107.150002,110.279999,102.019997,110.129997,36164600,110.129997,NFLX
Thu Aug 27 2015 00:00:00 GMT+0800 (China Standard Time),114.940002,118.25,113.019997,117.660004,37056100,117.660004,NFLX
Fri Aug 28 2015 00:00:00 GMT+0800 (China Standard Time),116.349998,119.349998,115.879997,117.629997,20240200,117.629997,NFLX
Mon Aug 31 2015 00:00:00 GMT+0800 (China Standard Time),115.239998,117,113.760002,115.029999,17005600,115.029999,NFLX
Tue Sep 01 2015 00:00:00 GMT+0800 (China Standard Time),109.349998,111.239998,103.82,105.790001,35977100,105.790001,NFLX
Wed Sep 02 2015 00:00:00 GMT+0800 (China Standard Time),109.309998,109.5,100.300003,105.440002,39843300,105.440002,NFLX
Thu Sep 03 2015 00:00:00 GMT+0800 (China Standard Time),102.690002,104.169998,100.110001,101.059998,29546700,101.059998,NFLX
Fri Sep 04 2015 00:00:00 GMT+0800 (China Standard Time),98.050003,99.93,97.339996,98.790001,24212000,98.790001,NFLX
Tue Sep 08 2015 00:00:00 GMT+0800 (China Standard Time),102.080002,102.5,93.550003,94.949997,43479700,94.949997,NFLX
Wed Sep 09 2015 00:00:00 GMT+0800 (China Standard Time),96.510002,102.790001,95.519997,99.18,35524400,99.18,NFLX
Thu Sep 10 2015 00:00:00 GMT+0800 (China Standard Time),99.419998,100.849998,96.779999,99.480003,21031900,99.480003,NFLX
Fri Sep 11 2015 00:00:00 GMT+0800 (China Standard Time),98.57,100.849998,97.230003,97.510002,17373900,97.510002,NFLX
Mon Sep 14 2015 00:00:00 GMT+0800 (China Standard Time),96.839996,97.910004,94.330002,95.690002,15546000,95.690002,NFLX
Tue Sep 15 2015 00:00:00 GMT+0800 (China Standard Time),95.220001,99.650002,93.610001,99.160004,22591100,99.160004,NFLX
Wed Sep 16 2015 00:00:00 GMT+0800 (China Standard Time),99.699997,104.480003,99.330002,104.080002,28058200,104.080002,NFLX
Thu Sep 17 2015 00:00:00 GMT+0800 (China Standard Time),103.669998,107.5,101.830002,104.209999,25817700,104.209999,NFLX
Fri Sep 18 2015 00:00:00 GMT+0800 (China Standard Time),102,104.360001,100.709999,102.620003,21715000,102.620003,NFLX
Mon Sep 21 2015 00:00:00 GMT+0800 (China Standard Time),103.300003,103.769997,99.559998,100.300003,17900600,100.300003,NFLX
Tue Sep 22 2015 00:00:00 GMT+0800 (China Standard Time),98.290001,99.900002,97,98.470001,16717900,98.470001,NFLX
Wed Sep 23 2015 00:00:00 GMT+0800 (China Standard Time),98.599998,99.739998,97.660004,98.07,10264500,98.07,NFLX
Thu Sep 24 2015 00:00:00 GMT+0800 (China Standard Time),97.110001,104,96.779999,103.760002,21274500,103.760002,NFLX
Fri Sep 25 2015 00:00:00 GMT+0800 (China Standard Time),105.300003,105.449997,101.57,102.239998,19066600,102.239998,NFLX
Mon Sep 28 2015 00:00:00 GMT+0800 (China Standard Time),101.57,103.330002,97.839996,99.470001,17026600,99.470001,NFLX
Tue Sep 29 2015 00:00:00 GMT+0800 (China Standard Time),99.629997,100.629997,96.849998,98.349998,17405900,98.349998,NFLX
Wed Sep 30 2015 00:00:00 GMT+0800 (China Standard Time),99.910004,103.459999,99.050003,103.260002,17027600,103.260002,NFLX
Thu Oct 01 2015 00:00:00 GMT+0800 (China Standard Time),102.910004,106.110001,101.120003,105.980003,17426900,105.980003,NFLX
Fri Oct 02 2015 00:00:00 GMT+0800 (China Standard Time),103.010002,106.870003,101.449997,106.110001,21526700,106.110001,NFLX
Mon Oct 05 2015 00:00:00 GMT+0800 (China Standard Time),107.480003,112.279999,105.760002,111.25,21157900,111.25,NFLX
Tue Oct 06 2015 00:00:00 GMT+0800 (China Standard Time),110.330002,112.25,105.639999,108.330002,20629800,108.330002,NFLX
Wed Oct 07 2015 00:00:00 GMT+0800 (China Standard Time),108.839996,109.779999,106.75,108.099998,12329500,108.099998,NFLX
Thu Oct 08 2015 00:00:00 GMT+0800 (China Standard Time),107.940002,115.050003,102.599998,114.93,42831900,114.93,NFLX
Fri Oct 09 2015 00:00:00 GMT+0800 (China Standard Time),114.110001,115.830002,112.440002,113.330002,22455200,113.330002,NFLX
Mon Oct 12 2015 00:00:00 GMT+0800 (China Standard Time),114.449997,115.419998,112.360001,113.449997,12624500,113.449997,NFLX
Tue Oct 13 2015 00:00:00 GMT+0800 (China Standard Time),112.849998,113.720001,108.779999,109.730003,17512100,109.730003,NFLX
Wed Oct 14 2015 00:00:00 GMT+0800 (China Standard Time),111.5,111.629997,108.050003,110.230003,33231500,110.230003,NFLX
Thu Oct 15 2015 00:00:00 GMT+0800 (China Standard Time),103.769997,104.879997,99.099998,101.089996,48484300,101.089996,NFLX
Fri Oct 16 2015 00:00:00 GMT+0800 (China Standard Time),100.209999,101.650002,98.410004,98.989998,21340500,98.989998,NFLX
Mon Oct 19 2015 00:00:00 GMT+0800 (China Standard Time),98.07,103.620003,96.260002,101.690002,29964700,101.690002,NFLX
Tue Oct 20 2015 00:00:00 GMT+0800 (China Standard Time),101.059998,102.110001,97.580002,98.989998,17285300,98.989998,NFLX
Wed Oct 21 2015 00:00:00 GMT+0800 (China Standard Time),99.669998,100.339996,97.010002,97.959999,13728500,97.959999,NFLX
Thu Oct 22 2015 00:00:00 GMT+0800 (China Standard Time),98.07,99.93,96.860001,97.32,12786800,97.32,NFLX
Fri Oct 23 2015 00:00:00 GMT+0800 (China Standard Time),97.610001,101.559998,97.269997,100.040001,18019900,100.040001,NFLX
Mon Oct 26 2015 00:00:00 GMT+0800 (China Standard Time),100.050003,103.309998,99.379997,103.040001,12234800,103.040001,NFLX
Tue Oct 27 2015 00:00:00 GMT+0800 (China Standard Time),102.580002,104.720001,101.230003,103.07,12066400,103.07,NFLX
Wed Oct 28 2015 00:00:00 GMT+0800 (China Standard Time),102.900002,106.209999,102.059998,105.800003,13094000,105.800003,NFLX
Thu Oct 29 2015 00:00:00 GMT+0800 (China Standard Time),105,106.910004,104.75,105.120003,9841400,105.120003,NFLX
Fri Oct 30 2015 00:00:00 GMT+0800 (China Standard Time),105.120003,110.099998,104.900002,108.379997,15571500,108.379997,NFLX
Mon Nov 02 2015 00:00:00 GMT+0800 (China Standard Time),109.199997,109.370003,106.300003,107.639999,11784600,107.639999,NFLX
Tue Nov 03 2015 00:00:00 GMT+0800 (China Standard Time),107.360001,111.050003,107.239998,109.739998,12484100,109.739998,NFLX
Wed Nov 04 2015 00:00:00 GMT+0800 (China Standard Time),110.360001,114.279999,109.389999,114.050003,17505000,114.050003,NFLX
Thu Nov 05 2015 00:00:00 GMT+0800 (China Standard Time),113.75,115.68,111.720001,113.5,13814900,113.5,NFLX
Fri Nov 06 2015 00:00:00 GMT+0800 (China Standard Time),113.389999,114.800003,112.050003,114.059998,10936600,114.059998,NFLX
Mon Nov 09 2015 00:00:00 GMT+0800 (China Standard Time),113.360001,114,108.639999,109.860001,16154600,109.860001,NFLX
Tue Nov 10 2015 00:00:00 GMT+0800 (China Standard Time),108.860001,112.839996,108.010002,112.699997,11166400,112.699997,NFLX
Wed Nov 11 2015 00:00:00 GMT+0800 (China Standard Time),113.080002,114.610001,111.410004,112.860001,11039200,112.860001,NFLX
Thu Nov 12 2015 00:00:00 GMT+0800 (China Standard Time),112.519997,115.25,108.199997,108.919998,17568200,108.919998,NFLX
Fri Nov 13 2015 00:00:00 GMT+0800 (China Standard Time),108.339996,109.07,103.269997,103.650002,18819400,103.650002,NFLX
Mon Nov 16 2015 00:00:00 GMT+0800 (China Standard Time),102.970001,111.650002,101.860001,111.349998,19866200,111.349998,NFLX
Tue Nov 17 2015 00:00:00 GMT+0800 (China Standard Time),112.110001,118.790001,111.699997,117.099998,33016300,117.099998,NFLX
Wed Nov 18 2015 00:00:00 GMT+0800 (China Standard Time),117.940002,121,116.099998,120.629997,23353600,120.629997,NFLX
Thu Nov 19 2015 00:00:00 GMT+0800 (China Standard Time),120.25,123.129997,119.610001,120.220001,19253200,120.220001,NFLX
Fri Nov 20 2015 00:00:00 GMT+0800 (China Standard Time),120.849998,124.07,119.209999,123.839996,17977000,123.839996,NFLX
Mon Nov 23 2015 00:00:00 GMT+0800 (China Standard Time),124.300003,126.199997,121.660004,125.029999,15727000,125.029999,NFLX
Tue Nov 24 2015 00:00:00 GMT+0800 (China Standard Time),123.669998,124.660004,120.029999,123.309998,18335300,123.309998,NFLX
Wed Nov 25 2015 00:00:00 GMT+0800 (China Standard Time),124.230003,125.199997,122.360001,124.160004,10980700,124.160004,NFLX
Fri Nov 27 2015 00:00:00 GMT+0800 (China Standard Time),123.849998,126.389999,123.589996,125.440002,6645500,125.440002,NFLX
Mon Nov 30 2015 00:00:00 GMT+0800 (China Standard Time),126.029999,126.599998,122.889999,123.330002,13894000,123.330002,NFLX
Tue Dec 01 2015 00:00:00 GMT+0800 (China Standard Time),124.470001,125.57,122.419998,125.370003,12550800,125.370003,NFLX
Wed Dec 02 2015 00:00:00 GMT+0800 (China Standard Time),125.529999,131.350006,124.93,128.929993,24105700,128.929993,NFLX
Thu Dec 03 2015 00:00:00 GMT+0800 (China Standard Time),129.619995,132.199997,126.389999,126.809998,26647300,126.809998,NFLX
Fri Dec 04 2015 00:00:00 GMT+0800 (China Standard Time),127,130.990005,125.75,130.929993,20250400,130.929993,NFLX
Mon Dec 07 2015 00:00:00 GMT+0800 (China Standard Time),131.190002,133.270004,122.75,125.360001,23351600,125.360001,NFLX
Tue Dec 08 2015 00:00:00 GMT+0800 (China Standard Time),121.510002,128.240005,121.099998,126.980003,18591100,126.980003,NFLX
Wed Dec 09 2015 00:00:00 GMT+0800 (China Standard Time),127.699997,128.779999,122.330002,124.199997,17788800,124.199997,NFLX
Thu Dec 10 2015 00:00:00 GMT+0800 (China Standard Time),124.5,125.209999,121.620003,122.910004,13437500,122.910004,NFLX
Fri Dec 11 2015 00:00:00 GMT+0800 (China Standard Time),121.449997,123,118.599998,118.910004,16105300,118.910004,NFLX
Mon Dec 14 2015 00:00:00 GMT+0800 (China Standard Time),119.769997,120.900002,114.660004,120.669998,18679300,120.669998,NFLX
Tue Dec 15 2015 00:00:00 GMT+0800 (China Standard Time),121.93,123.300003,118.540001,118.599998,11760000,118.599998,NFLX
Wed Dec 16 2015 00:00:00 GMT+0800 (China Standard Time),119.800003,123,118.089996,122.639999,13181000,122.639999,NFLX
Thu Dec 17 2015 00:00:00 GMT+0800 (China Standard Time),123.970001,126.349998,122.419998,122.510002,17284900,122.510002,NFLX
Fri Dec 18 2015 00:00:00 GMT+0800 (China Standard Time),120.849998,122.190002,117.919998,118.019997,17948100,118.019997,NFLX
Mon Dec 21 2015 00:00:00 GMT+0800 (China Standard Time),119.510002,119.589996,115.660004,116.629997,11670000,116.629997,NFLX
Tue Dec 22 2015 00:00:00 GMT+0800 (China Standard Time),117.300003,117.43,114.860001,116.239998,9689000,116.239998,NFLX
Wed Dec 23 2015 00:00:00 GMT+0800 (China Standard Time),116.910004,118.559998,115.779999,118.160004,9324300,118.160004,NFLX
Thu Dec 24 2015 00:00:00 GMT+0800 (China Standard Time),118.220001,118.800003,117.300003,117.330002,3531300,117.330002,NFLX
Mon Dec 28 2015 00:00:00 GMT+0800 (China Standard Time),117.260002,117.349998,113.849998,117.110001,8424300,117.110001,NFLX
Tue Dec 29 2015 00:00:00 GMT+0800 (China Standard Time),118.190002,119.599998,116.919998,119.120003,8159200,119.120003,NFLX
Wed Dec 30 2015 00:00:00 GMT+0800 (China Standard Time),118.949997,119.019997,116.43,116.709999,8149700,116.709999,NFLX
Thu Dec 31 2015 00:00:00 GMT+0800 (China Standard Time),116.209999,117.459999,114.279999,114.379997,9245000,114.379997,NFLX
Mon Jan 04 2016 00:00:00 GMT+0800 (China Standard Time),109,110,105.209999,109.959999,20794800,109.959999,NFLX
Tue Jan 05 2016 00:00:00 GMT+0800 (China Standard Time),110.449997,110.580002,105.849998,107.660004,17664600,107.660004,NFLX
Wed Jan 06 2016 00:00:00 GMT+0800 (China Standard Time),105.290001,117.910004,104.959999,117.68,33045700,117.68,NFLX
Thu Jan 07 2016 00:00:00 GMT+0800 (China Standard Time),116.360001,122.18,112.290001,114.559998,33636700,114.559998,NFLX
Fri Jan 08 2016 00:00:00 GMT+0800 (China Standard Time),116.330002,117.720001,111.099998,111.389999,18067100,111.389999,NFLX
Mon Jan 11 2016 00:00:00 GMT+0800 (China Standard Time),112.129997,116.790001,111.199997,114.970001,21920400,114.970001,NFLX
Tue Jan 12 2016 00:00:00 GMT+0800 (China Standard Time),116.110001,117.779999,115.080002,116.580002,15133500,116.580002,NFLX
Wed Jan 13 2016 00:00:00 GMT+0800 (China Standard Time),114.43,114.480003,104.529999,106.559998,24921600,106.559998,NFLX
Thu Jan 14 2016 00:00:00 GMT+0800 (China Standard Time),105.650002,109.25,101.209999,107.059998,23664800,107.059998,NFLX
Fri Jan 15 2016 00:00:00 GMT+0800 (China Standard Time),102.43,105.5,101.720001,104.040001,19651300,104.040001,NFLX
Tue Jan 19 2016 00:00:00 GMT+0800 (China Standard Time),106.57,110.139999,105.550003,107.889999,35722800,107.889999,NFLX
Wed Jan 20 2016 00:00:00 GMT+0800 (China Standard Time),108.910004,109.989998,97.050003,107.739998,53009400,107.739998,NFLX
Thu Jan 21 2016 00:00:00 GMT+0800 (China Standard Time),108.32,108.510002,102.099998,102.349998,31027500,102.349998,NFLX
Fri Jan 22 2016 00:00:00 GMT+0800 (China Standard Time),104.720001,104.989998,99.220001,100.720001,26821800,100.720001,NFLX
Mon Jan 25 2016 00:00:00 GMT+0800 (China Standard Time),99.779999,102.68,99,99.120003,20321100,99.120003,NFLX
Tue Jan 26 2016 00:00:00 GMT+0800 (China Standard Time),99.739998,100.550003,94.849998,97.830002,22083900,97.830002,NFLX
Wed Jan 27 2016 00:00:00 GMT+0800 (China Standard Time),96.610001,97.849998,90.589996,91.150002,25556200,91.150002,NFLX
Thu Jan 28 2016 00:00:00 GMT+0800 (China Standard Time),93.839996,95.25,90.110001,94.410004,24562300,94.410004,NFLX
Fri Jan 29 2016 00:00:00 GMT+0800 (China Standard Time),92,94.389999,90.629997,91.839996,20463900,91.839996,NFLX
Mon Feb 01 2016 00:00:00 GMT+0800 (China Standard Time),91.790001,97.18,91.300003,94.089996,19684500,94.089996,NFLX
Tue Feb 02 2016 00:00:00 GMT+0800 (China Standard Time),95.540001,96.650002,90.730003,91.489998,21906500,91.489998,NFLX
Wed Feb 03 2016 00:00:00 GMT+0800 (China Standard Time),92.410004,92.690002,86.139999,90.739998,27466000,90.739998,NFLX
Thu Feb 04 2016 00:00:00 GMT+0800 (China Standard Time),89.5,91.25,86.540001,89.709999,19108600,89.709999,NFLX
Fri Feb 05 2016 00:00:00 GMT+0800 (China Standard Time),88.230003,88.949997,81.860001,82.790001,25929300,82.790001,NFLX
Mon Feb 08 2016 00:00:00 GMT+0800 (China Standard Time),80.57,84.699997,79.949997,83.32,25035600,83.32,NFLX
Tue Feb 09 2016 00:00:00 GMT+0800 (China Standard Time),81.75,88.400002,81.550003,86.129997,25892900,86.129997,NFLX
Wed Feb 10 2016 00:00:00 GMT+0800 (China Standard Time),89,92.209999,87.419998,88.449997,23146500,88.449997,NFLX
Thu Feb 11 2016 00:00:00 GMT+0800 (China Standard Time),87.419998,88.389999,82.910004,86.349998,21820300,86.349998,NFLX
Fri Feb 12 2016 00:00:00 GMT+0800 (China Standard Time),86.639999,89.720001,85.260002,87.400002,19067700,87.400002,NFLX
Tue Feb 16 2016 00:00:00 GMT+0800 (China Standard Time),89,90.139999,87.540001,89.050003,16356600,89.050003,NFLX
Wed Feb 17 2016 00:00:00 GMT+0800 (China Standard Time),90.129997,94.769997,89.639999,94.760002,18323800,94.760002,NFLX
Thu Feb 18 2016 00:00:00 GMT+0800 (China Standard Time),94.800003,94.900002,90.309998,90.489998,17695300,90.489998,NFLX
Fri Feb 19 2016 00:00:00 GMT+0800 (China Standard Time),89.980003,91.400002,88.029999,89.230003,14259200,89.230003,NFLX
Mon Feb 22 2016 00:00:00 GMT+0800 (China Standard Time),90.75,93.110001,88.300003,91.93,16321800,91.93,NFLX
Tue Feb 23 2016 00:00:00 GMT+0800 (China Standard Time),91.400002,92.489998,89.050003,89.120003,12744400,89.120003,NFLX
Wed Feb 24 2016 00:00:00 GMT+0800 (China Standard Time),88.5,91.760002,86.699997,91.610001,15972800,91.610001,NFLX
Thu Feb 25 2016 00:00:00 GMT+0800 (China Standard Time),91.080002,94.809998,90.209999,94.529999,17898800,94.529999,NFLX
Fri Feb 26 2016 00:00:00 GMT+0800 (China Standard Time),95.300003,97.480003,94.25,94.790001,16975200,94.790001,NFLX
Mon Feb 29 2016 00:00:00 GMT+0800 (China Standard Time),94.809998,97.199997,93.339996,93.410004,13663100,93.410004,NFLX
Tue Mar 01 2016 00:00:00 GMT+0800 (China Standard Time),94.580002,99.160004,93.610001,98.300003,17048800,98.300003,NFLX
Wed Mar 02 2016 00:00:00 GMT+0800 (China Standard Time),98.010002,99.480003,95.900002,97.610001,19102800,97.610001,NFLX
Thu Mar 03 2016 00:00:00 GMT+0800 (China Standard Time),97.830002,98.349998,95.389999,97.93,15320900,97.93,NFLX
Fri Mar 04 2016 00:00:00 GMT+0800 (China Standard Time),98.760002,102.220001,98.32,101.580002,23414600,101.580002,NFLX
Mon Mar 07 2016 00:00:00 GMT+0800 (China Standard Time),101,101.790001,95.25,95.489998,23855200,95.489998,NFLX
Tue Mar 08 2016 00:00:00 GMT+0800 (China Standard Time),95,98.279999,94.5,96.230003,14797000,96.230003,NFLX
Wed Mar 09 2016 00:00:00 GMT+0800 (China Standard Time),96.82,98.370003,95,98,12298700,98,NFLX
Thu Mar 10 2016 00:00:00 GMT+0800 (China Standard Time),98.18,99.739998,95.449997,97.360001,17002100,97.360001,NFLX
Fri Mar 11 2016 00:00:00 GMT+0800 (China Standard Time),99.510002,99.599998,96.050003,97.660004,15114300,97.660004,NFLX
Mon Mar 14 2016 00:00:00 GMT+0800 (China Standard Time),97.199997,99.419998,97.169998,98.129997,11251900,98.129997,NFLX
Tue Mar 15 2016 00:00:00 GMT+0800 (China Standard Time),97.870003,98.510002,96.43,97.860001,9691800,97.860001,NFLX
Wed Mar 16 2016 00:00:00 GMT+0800 (China Standard Time),97.529999,99.730003,97.5,99.349998,12630500,99.349998,NFLX
Thu Mar 17 2016 00:00:00 GMT+0800 (China Standard Time),99.050003,101.389999,99,99.720001,13825000,99.720001,NFLX
Fri Mar 18 2016 00:00:00 GMT+0800 (China Standard Time),100.5,102.410004,100.010002,101.120003,15453500,101.120003,NFLX
Mon Mar 21 2016 00:00:00 GMT+0800 (China Standard Time),101.150002,102.099998,99.5,101.059998,9578500,101.059998,NFLX
Tue Mar 22 2016 00:00:00 GMT+0800 (China Standard Time),100.480003,101.519997,99.199997,99.839996,9069900,99.839996,NFLX
Wed Mar 23 2016 00:00:00 GMT+0800 (China Standard Time),99.75,100.389999,98.809998,99.589996,8313500,99.589996,NFLX
Thu Mar 24 2016 00:00:00 GMT+0800 (China Standard Time),98.639999,98.849998,97.07,98.360001,10671100,98.360001,NFLX
Mon Mar 28 2016 00:00:00 GMT+0800 (China Standard Time),98.339996,101.440002,97.82,101.209999,12432200,101.209999,NFLX
Tue Mar 29 2016 00:00:00 GMT+0800 (China Standard Time),101.080002,104.330002,101,104.129997,16008900,104.129997,NFLX
Wed Mar 30 2016 00:00:00 GMT+0800 (China Standard Time),104.650002,104.910004,101.480003,102.190002,14705000,102.190002,NFLX
Thu Mar 31 2016 00:00:00 GMT+0800 (China Standard Time),102.43,103.529999,101.050003,102.230003,9747500,102.230003,NFLX
Fri Apr 01 2016 00:00:00 GMT+0800 (China Standard Time),102.93,105.790001,102.470001,105.699997,14182400,105.699997,NFLX
Mon Apr 04 2016 00:00:00 GMT+0800 (China Standard Time),105.900002,105.919998,103.199997,104.349998,10940400,104.349998,NFLX
Tue Apr 05 2016 00:00:00 GMT+0800 (China Standard Time),103.470001,105.75,103.25,104.940002,10060900,104.940002,NFLX
Wed Apr 06 2016 00:00:00 GMT+0800 (China Standard Time),105.300003,106.440002,104.25,104.830002,9605800,104.830002,NFLX
Thu Apr 07 2016 00:00:00 GMT+0800 (China Standard Time),104.309998,106.440002,103.599998,104.449997,10774900,104.449997,NFLX
Fri Apr 08 2016 00:00:00 GMT+0800 (China Standard Time),105.120003,105.330002,102.82,103.809998,7857600,103.809998,NFLX
Mon Apr 11 2016 00:00:00 GMT+0800 (China Standard Time),104.040001,104.980003,102.620003,102.68,7451300,102.68,NFLX
Tue Apr 12 2016 00:00:00 GMT+0800 (China Standard Time),103.150002,107.220001,102.209999,106.980003,12437000,106.980003,NFLX
Wed Apr 13 2016 00:00:00 GMT+0800 (China Standard Time),108,111.279999,107.879997,109.650002,16701700,109.650002,NFLX
Thu Apr 14 2016 00:00:00 GMT+0800 (China Standard Time),110.010002,111.639999,109.150002,110.419998,9553700,110.419998,NFLX
Fri Apr 15 2016 00:00:00 GMT+0800 (China Standard Time),110.639999,111.849998,109.779999,111.510002,11746100,111.510002,NFLX
Mon Apr 18 2016 00:00:00 GMT+0800 (China Standard Time),109.900002,110.699997,106.019997,108.400002,27001500,108.400002,NFLX
Tue Apr 19 2016 00:00:00 GMT+0800 (China Standard Time),99.489998,101.370003,94.199997,94.339996,55728800,94.339996,NFLX
Wed Apr 20 2016 00:00:00 GMT+0800 (China Standard Time),94.339996,96.980003,93.139999,96.769997,26613500,96.769997,NFLX
Thu Apr 21 2016 00:00:00 GMT+0800 (China Standard Time),97.309998,97.379997,94.779999,94.980003,19919400,94.980003,NFLX
Fri Apr 22 2016 00:00:00 GMT+0800 (China Standard Time),94.849998,96.690002,94.209999,95.900002,15806300,95.900002,NFLX
Mon Apr 25 2016 00:00:00 GMT+0800 (China Standard Time),95.699997,95.75,92.800003,93.559998,14985400,93.559998,NFLX
Tue Apr 26 2016 00:00:00 GMT+0800 (China Standard Time),93.5,93.550003,91.25,92.43,15330900,92.43,NFLX
Wed Apr 27 2016 00:00:00 GMT+0800 (China Standard Time),92.18,92.5,90.209999,91.040001,12218900,91.040001,NFLX
Thu Apr 28 2016 00:00:00 GMT+0800 (China Standard Time),91.5,92.669998,90.089996,90.279999,11474900,90.279999,NFLX
Fri Apr 29 2016 00:00:00 GMT+0800 (China Standard Time),90.5,90.559998,88.209999,90.029999,13968000,90.029999,NFLX
Mon May 02 2016 00:00:00 GMT+0800 (China Standard Time),90.410004,93.220001,89.889999,93.110001,12547000,93.110001,NFLX
Tue May 03 2016 00:00:00 GMT+0800 (China Standard Time),92.080002,93.25,91.300003,91.540001,10593900,91.540001,NFLX
Wed May 04 2016 00:00:00 GMT+0800 (China Standard Time),91,92.160004,90.349998,90.790001,7394700,90.790001,NFLX
Thu May 05 2016 00:00:00 GMT+0800 (China Standard Time),90.910004,92.080002,89.25,89.370003,10368500,89.370003,NFLX
Fri May 06 2016 00:00:00 GMT+0800 (China Standard Time),88.830002,90.879997,88.110001,90.839996,10427600,90.839996,NFLX
Mon May 09 2016 00:00:00 GMT+0800 (China Standard Time),90.730003,91.830002,89.900002,90.540001,9543700,90.540001,NFLX
Tue May 10 2016 00:00:00 GMT+0800 (China Standard Time),91.139999,93.25,91.089996,92.889999,11175900,92.889999,NFLX
Wed May 11 2016 00:00:00 GMT+0800 (China Standard Time),92.400002,92.589996,89.900002,90.019997,11692900,90.019997,NFLX
Thu May 12 2016 00:00:00 GMT+0800 (China Standard Time),90.32,90.410004,85.739998,87.739998,20408100,87.739998,NFLX
Fri May 13 2016 00:00:00 GMT+0800 (China Standard Time),87.389999,88.589996,86.260002,87.879997,11571400,87.879997,NFLX
Mon May 16 2016 00:00:00 GMT+0800 (China Standard Time),87.559998,90,86.150002,89.120003,11247800,89.120003,NFLX
Tue May 17 2016 00:00:00 GMT+0800 (China Standard Time),89,90.870003,88.169998,88.629997,11571300,88.629997,NFLX
Wed May 18 2016 00:00:00 GMT+0800 (China Standard Time),88.25,91.720001,88.25,90.5,13911800,90.5,NFLX
Thu May 19 2016 00:00:00 GMT+0800 (China Standard Time),90.160004,91.269997,88.300003,89.550003,11450300,89.550003,NFLX
Fri May 20 2016 00:00:00 GMT+0800 (China Standard Time),90.080002,93.279999,89.980003,92.489998,15063000,92.489998,NFLX
Mon May 23 2016 00:00:00 GMT+0800 (China Standard Time),92.980003,95.290001,92.849998,94.889999,13992300,94.889999,NFLX
Tue May 24 2016 00:00:00 GMT+0800 (China Standard Time),95.980003,99.139999,95.75,97.889999,21246000,97.889999,NFLX
Wed May 25 2016 00:00:00 GMT+0800 (China Standard Time),99,100.309998,98.300003,100.199997,15142900,100.199997,NFLX
Thu May 26 2016 00:00:00 GMT+0800 (China Standard Time),103.209999,104,101.379997,102.809998,17824700,102.809998,NFLX
Fri May 27 2016 00:00:00 GMT+0800 (China Standard Time),102.440002,103.5,101.440002,103.300003,9078300,103.300003,NFLX
Tue May 31 2016 00:00:00 GMT+0800 (China Standard Time),102.949997,103.449997,102.129997,102.57,8725700,102.57,NFLX
Wed Jun 01 2016 00:00:00 GMT+0800 (China Standard Time),101.5,101.919998,100.160004,101.510002,8393400,101.510002,NFLX
Thu Jun 02 2016 00:00:00 GMT+0800 (China Standard Time),101.389999,102.150002,100.769997,101.25,7992400,101.25,NFLX
Fri Jun 03 2016 00:00:00 GMT+0800 (China Standard Time),100.989998,101,98.529999,99.589996,9224000,99.589996,NFLX
Mon Jun 06 2016 00:00:00 GMT+0800 (China Standard Time),100.290001,101.07,99.720001,100.739998,6828100,100.739998,NFLX
Tue Jun 07 2016 00:00:00 GMT+0800 (China Standard Time),101.199997,101.629997,99.769997,99.889999,6474700,99.889999,NFLX
Wed Jun 08 2016 00:00:00 GMT+0800 (China Standard Time),100.019997,100.279999,97.599998,97.860001,9423900,97.860001,NFLX
Thu Jun 09 2016 00:00:00 GMT+0800 (China Standard Time),97.220001,98.43,96.660004,97.089996,8923800,97.089996,NFLX
Fri Jun 10 2016 00:00:00 GMT+0800 (China Standard Time),94.879997,95.349998,93.279999,93.75,12907900,93.75,NFLX
Mon Jun 13 2016 00:00:00 GMT+0800 (China Standard Time),95.019997,97.199997,93.620003,93.849998,13484300,93.849998,NFLX
Tue Jun 14 2016 00:00:00 GMT+0800 (China Standard Time),94.160004,95.800003,93.269997,94.120003,9480400,94.120003,NFLX
Wed Jun 15 2016 00:00:00 GMT+0800 (China Standard Time),94.610001,95.459999,93.5,94.290001,7675400,94.290001,NFLX
Thu Jun 16 2016 00:00:00 GMT+0800 (China Standard Time),94.18,95.559998,93.25,95.440002,7550800,95.440002,NFLX
Fri Jun 17 2016 00:00:00 GMT+0800 (China Standard Time),95.75,95.769997,94.199997,94.449997,8046800,94.449997,NFLX
Mon Jun 20 2016 00:00:00 GMT+0800 (China Standard Time),95.220001,95.879997,93.650002,93.800003,9026400,93.800003,NFLX
Tue Jun 21 2016 00:00:00 GMT+0800 (China Standard Time),93.870003,93.879997,90.769997,90.989998,15199700,90.989998,NFLX
Wed Jun 22 2016 00:00:00 GMT+0800 (China Standard Time),90.779999,91.980003,89.769997,90.010002,9454700,90.010002,NFLX
Thu Jun 23 2016 00:00:00 GMT+0800 (China Standard Time),90.620003,91.68,88.150002,91.660004,10819000,91.660004,NFLX
Fri Jun 24 2016 00:00:00 GMT+0800 (China Standard Time),87.529999,90.489998,87.209999,88.440002,11248600,88.440002,NFLX
Mon Jun 27 2016 00:00:00 GMT+0800 (China Standard Time),87.879997,88,84.809998,85.330002,13730500,85.330002,NFLX
Tue Jun 28 2016 00:00:00 GMT+0800 (China Standard Time),87.410004,88.879997,86.410004,87.970001,11545600,87.970001,NFLX
Wed Jun 29 2016 00:00:00 GMT+0800 (China Standard Time),89.669998,91.970001,88.699997,91.059998,11687100,91.059998,NFLX
Thu Jun 30 2016 00:00:00 GMT+0800 (China Standard Time),90.910004,91.720001,89.900002,91.480003,9099000,91.480003,NFLX
Fri Jul 01 2016 00:00:00 GMT+0800 (China Standard Time),95,97,94.800003,96.669998,16167200,96.669998,NFLX
Tue Jul 05 2016 00:00:00 GMT+0800 (China Standard Time),95.199997,101.269997,93.309998,97.910004,25879400,97.910004,NFLX
Wed Jul 06 2016 00:00:00 GMT+0800 (China Standard Time),95.029999,96,93.550003,94.599998,16301200,94.599998,NFLX
Thu Jul 07 2016 00:00:00 GMT+0800 (China Standard Time),94.699997,95.379997,93.18,95.099998,9913500,95.099998,NFLX
Fri Jul 08 2016 00:00:00 GMT+0800 (China Standard Time),96,97.410004,95.300003,97.059998,8335400,97.059998,NFLX
Mon Jul 11 2016 00:00:00 GMT+0800 (China Standard Time),96.190002,96.870003,94.300003,94.669998,13276200,94.669998,NFLX
Tue Jul 12 2016 00:00:00 GMT+0800 (China Standard Time),95.07,96.720001,94.089996,95.970001,11617400,95.970001,NFLX
Wed Jul 13 2016 00:00:00 GMT+0800 (China Standard Time),96.260002,96.720001,94.800003,96.43,8768900,96.43,NFLX
Thu Jul 14 2016 00:00:00 GMT+0800 (China Standard Time),97,98.269997,96.800003,98.019997,9885000,98.019997,NFLX
Fri Jul 15 2016 00:00:00 GMT+0800 (China Standard Time),98.519997,98.699997,97.410004,98.389999,9041900,98.389999,NFLX
Mon Jul 18 2016 00:00:00 GMT+0800 (China Standard Time),98.43,99.839996,97.239998,98.809998,28669700,98.809998,NFLX
Tue Jul 19 2016 00:00:00 GMT+0800 (China Standard Time),85.43,86.75,84.5,85.839996,55681200,85.839996,NFLX
Wed Jul 20 2016 00:00:00 GMT+0800 (China Standard Time),86.669998,88.489998,85.82,87.910004,23525100,87.910004,NFLX
Thu Jul 21 2016 00:00:00 GMT+0800 (China Standard Time),88.300003,88.379997,85.209999,85.989998,16084000,85.989998,NFLX
Fri Jul 22 2016 00:00:00 GMT+0800 (China Standard Time),86.480003,86.5,85.110001,85.889999,11363900,85.889999,NFLX
Mon Jul 25 2016 00:00:00 GMT+0800 (China Standard Time),85.730003,87.870003,85.010002,87.660004,14135000,87.660004,NFLX
Tue Jul 26 2016 00:00:00 GMT+0800 (China Standard Time),91.029999,93.099998,90.900002,91.410004,19577600,91.410004,NFLX
Wed Jul 27 2016 00:00:00 GMT+0800 (China Standard Time),91.5,92.059998,90.099998,92.040001,8727500,92.040001,NFLX
Thu Jul 28 2016 00:00:00 GMT+0800 (China Standard Time),91.919998,92.209999,90.68,91.650002,6227700,91.650002,NFLX
Fri Jul 29 2016 00:00:00 GMT+0800 (China Standard Time),91.190002,91.75,90.589996,91.25,6960200,91.25,NFLX
Mon Aug 01 2016 00:00:00 GMT+0800 (China Standard Time),91.230003,94.669998,90.5,94.370003,10666900,94.370003,NFLX
Tue Aug 02 2016 00:00:00 GMT+0800 (China Standard Time),94,94.080002,92.18,93.559998,9836200,93.559998,NFLX
Wed Aug 03 2016 00:00:00 GMT+0800 (China Standard Time),93.279999,94.669998,92.550003,93.099998,7030900,93.099998,NFLX
Thu Aug 04 2016 00:00:00 GMT+0800 (China Standard Time),93.199997,93.730003,91.82,93.440002,6043400,93.440002,NFLX
Fri Aug 05 2016 00:00:00 GMT+0800 (China Standard Time),93.769997,97.739998,93.559998,97.029999,18364800,97.029999,NFLX
Mon Aug 08 2016 00:00:00 GMT+0800 (China Standard Time),95.910004,95.93,94,95.110001,10135400,95.110001,NFLX
Tue Aug 09 2016 00:00:00 GMT+0800 (China Standard Time),95.120003,95.809998,93.480003,93.989998,9175400,93.989998,NFLX
Wed Aug 10 2016 00:00:00 GMT+0800 (China Standard Time),94.400002,94.75,92.949997,93.93,6511100,93.93,NFLX
Thu Aug 11 2016 00:00:00 GMT+0800 (China Standard Time),94.599998,96.330002,94.370003,95.889999,8547700,95.889999,NFLX
Fri Aug 12 2016 00:00:00 GMT+0800 (China Standard Time),95.529999,96.830002,95.080002,96.589996,6592900,96.589996,NFLX
Mon Aug 15 2016 00:00:00 GMT+0800 (China Standard Time),96.830002,96.910004,95.239998,95.309998,7304600,95.309998,NFLX
Tue Aug 16 2016 00:00:00 GMT+0800 (China Standard Time),95.190002,95.610001,94.400002,95.120003,6311300,95.120003,NFLX
Wed Aug 17 2016 00:00:00 GMT+0800 (China Standard Time),94.940002,96.93,94.849998,96.370003,8315600,96.370003,NFLX
Thu Aug 18 2016 00:00:00 GMT+0800 (China Standard Time),95.980003,97.220001,95.169998,96.160004,7252600,96.160004,NFLX
Fri Aug 19 2016 00:00:00 GMT+0800 (China Standard Time),96.050003,96.779999,95.510002,95.870003,6942900,95.870003,NFLX
Mon Aug 22 2016 00:00:00 GMT+0800 (China Standard Time),95.669998,96.129997,94.949997,95.260002,5830500,95.260002,NFLX
Tue Aug 23 2016 00:00:00 GMT+0800 (China Standard Time),95.68,96.589996,95.480003,95.940002,5239100,95.940002,NFLX
Wed Aug 24 2016 00:00:00 GMT+0800 (China Standard Time),96.129997,96.360001,94.910004,95.18,6276500,95.18,NFLX
Thu Aug 25 2016 00:00:00 GMT+0800 (China Standard Time),96.379997,98.25,96.040001,97.32,10823100,97.32,NFLX
Fri Aug 26 2016 00:00:00 GMT+0800 (China Standard Time),97.330002,97.949997,96.57,97.580002,6617600,97.580002,NFLX
Mon Aug 29 2016 00:00:00 GMT+0800 (China Standard Time),96.970001,98.449997,96.57,97.300003,8008400,97.300003,NFLX
Tue Aug 30 2016 00:00:00 GMT+0800 (China Standard Time),97.839996,98.849998,97.139999,97.449997,6093500,97.449997,NFLX
Wed Aug 31 2016 00:00:00 GMT+0800 (China Standard Time),97.480003,97.879997,96.760002,97.449997,4690600,97.449997,NFLX
Thu Sep 01 2016 00:00:00 GMT+0800 (China Standard Time),97.809998,97.980003,96.919998,97.379997,4148600,97.379997,NFLX
Fri Sep 02 2016 00:00:00 GMT+0800 (China Standard Time),97.900002,98.18,97.010002,97.379997,4247200,97.379997,NFLX
Tue Sep 06 2016 00:00:00 GMT+0800 (China Standard Time),97.760002,100.32,97.650002,100.089996,9036100,100.089996,NFLX
Wed Sep 07 2016 00:00:00 GMT+0800 (China Standard Time),100.110001,100.190002,98.419998,99.150002,6468500,99.150002,NFLX
Thu Sep 08 2016 00:00:00 GMT+0800 (China Standard Time),99.230003,100.050003,98.82,99.660004,5201200,99.660004,NFLX
Fri Sep 09 2016 00:00:00 GMT+0800 (China Standard Time),99.059998,99.389999,96.5,96.5,7373300,96.5,NFLX
Mon Sep 12 2016 00:00:00 GMT+0800 (China Standard Time),95.910004,99.290001,95.709999,99.050003,7718400,99.050003,NFLX
Tue Sep 13 2016 00:00:00 GMT+0800 (China Standard Time),97.169998,98,95.330002,96.089996,11788100,96.089996,NFLX
Wed Sep 14 2016 00:00:00 GMT+0800 (China Standard Time),97.349998,98.349998,96.959999,97.010002,8481000,97.010002,NFLX
Thu Sep 15 2016 00:00:00 GMT+0800 (China Standard Time),97.230003,97.970001,96.529999,97.339996,5293500,97.339996,NFLX
Fri Sep 16 2016 00:00:00 GMT+0800 (China Standard Time),97.099998,99.489998,97.040001,99.480003,9445100,99.480003,NFLX
Mon Sep 19 2016 00:00:00 GMT+0800 (China Standard Time),99.900002,100.349998,97.82,98.059998,8616200,98.059998,NFLX
Tue Sep 20 2016 00:00:00 GMT+0800 (China Standard Time),98.779999,99.160004,97.660004,98.25,4736800,98.25,NFLX
Wed Sep 21 2016 00:00:00 GMT+0800 (China Standard Time),96.900002,97.099998,93.260002,94.879997,20042200,94.879997,NFLX
Thu Sep 22 2016 00:00:00 GMT+0800 (China Standard Time),95.540001,95.879997,94.230003,95.830002,11215000,95.830002,NFLX
Fri Sep 23 2016 00:00:00 GMT+0800 (China Standard Time),95.75,96.970001,95.43,95.940002,6179500,95.940002,NFLX
Mon Sep 26 2016 00:00:00 GMT+0800 (China Standard Time),95.379997,95.379997,94.040001,94.559998,6739200,94.559998,NFLX
Tue Sep 27 2016 00:00:00 GMT+0800 (China Standard Time),95.040001,97.639999,95,97.07,9680100,97.07,NFLX
Wed Sep 28 2016 00:00:00 GMT+0800 (China Standard Time),97.099998,97.589996,96.019997,97.480003,7235100,97.480003,NFLX
Thu Sep 29 2016 00:00:00 GMT+0800 (China Standard Time),97.309998,98.309998,96.599998,96.669998,6217600,96.669998,NFLX
Fri Sep 30 2016 00:00:00 GMT+0800 (China Standard Time),96.900002,99.529999,96.790001,98.550003,9807900,98.550003,NFLX
Mon Oct 03 2016 00:00:00 GMT+0800 (China Standard Time),98,103.389999,98,102.629997,15344500,102.629997,NFLX
Tue Oct 04 2016 00:00:00 GMT+0800 (China Standard Time),103.190002,104.440002,101.860001,102.339996,12143100,102.339996,NFLX
Wed Oct 05 2016 00:00:00 GMT+0800 (China Standard Time),103.5,106.970001,103.43,106.279999,12942900,106.279999,NFLX
Thu Oct 06 2016 00:00:00 GMT+0800 (China Standard Time),104.970001,105.470001,103.879997,105.07,6587700,105.07,NFLX
Fri Oct 07 2016 00:00:00 GMT+0800 (China Standard Time),103.980003,106.5,103.550003,104.82,8659500,104.82,NFLX
Mon Oct 10 2016 00:00:00 GMT+0800 (China Standard Time),103.18,104.529999,102.760002,103.330002,6699700,103.330002,NFLX
Tue Oct 11 2016 00:00:00 GMT+0800 (China Standard Time),102.309998,102.900002,99.860001,100.589996,9032900,100.589996,NFLX
Wed Oct 12 2016 00:00:00 GMT+0800 (China Standard Time),100.879997,102.470001,99.220001,99.5,7426500,99.5,NFLX
Thu Oct 13 2016 00:00:00 GMT+0800 (China Standard Time),98.010002,100.5,97.629997,100.230003,8319300,100.230003,NFLX
Fri Oct 14 2016 00:00:00 GMT+0800 (China Standard Time),101.589996,102.099998,100.349998,101.470001,9531100,101.470001,NFLX
Mon Oct 17 2016 00:00:00 GMT+0800 (China Standard Time),100.5,100.730003,98.379997,99.800003,26589500,99.800003,NFLX
Tue Oct 18 2016 00:00:00 GMT+0800 (China Standard Time),116.629997,119.82,116.5,118.790001,42168200,118.790001,NFLX
Wed Oct 19 2016 00:00:00 GMT+0800 (China Standard Time),118.25,122.449997,118,121.870003,21981700,121.870003,NFLX
Thu Oct 20 2016 00:00:00 GMT+0800 (China Standard Time),121.970001,123.75,121.059998,123.349998,14492800,123.349998,NFLX
Fri Oct 21 2016 00:00:00 GMT+0800 (China Standard Time),122.5,127.849998,122.309998,127.5,18832400,127.5,NFLX
Mon Oct 24 2016 00:00:00 GMT+0800 (China Standard Time),127.419998,129.289993,126.150002,127.330002,15980700,127.330002,NFLX
Tue Oct 25 2016 00:00:00 GMT+0800 (China Standard Time),126.519997,128.059998,125.75,126.510002,8253900,126.510002,NFLX
Wed Oct 26 2016 00:00:00 GMT+0800 (China Standard Time),126.290001,128.720001,125.75,126.970001,8497700,126.970001,NFLX
Thu Oct 27 2016 00:00:00 GMT+0800 (China Standard Time),127.43,128.179993,125.93,126.470001,6888200,126.470001,NFLX
Fri Oct 28 2016 00:00:00 GMT+0800 (China Standard Time),126.080002,128.929993,126.010002,126.57,7050500,126.57,NFLX
Mon Oct 31 2016 00:00:00 GMT+0800 (China Standard Time),126.849998,126.900002,124.400002,124.870003,6502400,124.870003,NFLX
Tue Nov 01 2016 00:00:00 GMT+0800 (China Standard Time),124.980003,125.830002,121.800003,123.300003,6961900,123.300003,NFLX
Wed Nov 02 2016 00:00:00 GMT+0800 (China Standard Time),122.830002,124.07,121.830002,122.339996,4765000,122.339996,NFLX
Thu Nov 03 2016 00:00:00 GMT+0800 (China Standard Time),122.309998,123.720001,121.839996,122.139999,5038700,122.139999,NFLX
Fri Nov 04 2016 00:00:00 GMT+0800 (China Standard Time),122,123.43,121.620003,122.029999,4821600,122.029999,NFLX
Mon Nov 07 2016 00:00:00 GMT+0800 (China Standard Time),124.260002,125.75,123.370003,124.580002,5798800,124.580002,NFLX
Tue Nov 08 2016 00:00:00 GMT+0800 (China Standard Time),124.120003,125.809998,123.220001,124.339996,4667300,124.339996,NFLX
Wed Nov 09 2016 00:00:00 GMT+0800 (China Standard Time),121.839996,123.650002,120.860001,122.190002,7704300,122.190002,NFLX
Thu Nov 10 2016 00:00:00 GMT+0800 (China Standard Time),122.760002,122.970001,113.699997,115.419998,19712100,115.419998,NFLX
Fri Nov 11 2016 00:00:00 GMT+0800 (China Standard Time),114.900002,116.629997,113.110001,114.779999,11070900,114.779999,NFLX
