Thu Jan 02 2014 00:00:00 GMT+0800 (China Standard Time),16.030001,16.139999,15.8,16,180700,15.806061,OSIR
Fri Jan 03 2014 00:00:00 GMT+0800 (China Standard Time),16.08,16.24,15.88,16.16,137400,15.964121,OSIR
Mon Jan 06 2014 00:00:00 GMT+0800 (China Standard Time),16.219999,16.379999,15.97,16.24,210900,16.043151,OSIR
Tue Jan 07 2014 00:00:00 GMT+0800 (China Standard Time),16.280001,16.959999,16.209999,16.92,193200,16.714909,OSIR
Wed Jan 08 2014 00:00:00 GMT+0800 (China Standard Time),16.92,18.09,16.719999,17.700001,357200,17.485456,OSIR
Thu Jan 09 2014 00:00:00 GMT+0800 (China Standard Time),18.07,18.35,17.01,17.190001,316700,16.981637,OSIR
Fri Jan 10 2014 00:00:00 GMT+0800 (China Standard Time),17.110001,17.440001,16.889999,17.33,259300,17.11994,OSIR
Mon Jan 13 2014 00:00:00 GMT+0800 (China Standard Time),17.379999,17.92,16.75,17.129999,227300,16.922363,OSIR
Tue Jan 14 2014 00:00:00 GMT+0800 (China Standard Time),17.16,17.370001,16.799999,17.190001,174700,16.981637,OSIR
Wed Jan 15 2014 00:00:00 GMT+0800 (China Standard Time),17.18,17.18,16.440001,16.5,177500,16.3,OSIR
Thu Jan 16 2014 00:00:00 GMT+0800 (China Standard Time),16.450001,16.620001,16.110001,16.52,182500,16.319758,OSIR
Fri Jan 17 2014 00:00:00 GMT+0800 (China Standard Time),16.549999,17.18,16.549999,17.120001,121500,16.912486,OSIR
Tue Jan 21 2014 00:00:00 GMT+0800 (China Standard Time),17.32,18.41,16.889999,17.959999,294200,17.742302,OSIR
Wed Jan 22 2014 00:00:00 GMT+0800 (China Standard Time),17.950001,18.379999,17.209999,17.389999,229000,17.179212,OSIR
Thu Jan 23 2014 00:00:00 GMT+0800 (China Standard Time),17.190001,17.34,16.34,16.92,218700,16.714909,OSIR
Fri Jan 24 2014 00:00:00 GMT+0800 (China Standard Time),16.77,17.18,16.5,16.84,162600,16.635879,OSIR
Mon Jan 27 2014 00:00:00 GMT+0800 (China Standard Time),16.940001,16.940001,15.35,16.18,262200,15.983879,OSIR
Tue Jan 28 2014 00:00:00 GMT+0800 (China Standard Time),16.200001,16.809999,16.200001,16.540001,121900,16.339516,OSIR
Wed Jan 29 2014 00:00:00 GMT+0800 (China Standard Time),16.34,16.48,15.68,15.7,139800,15.509697,OSIR
Thu Jan 30 2014 00:00:00 GMT+0800 (China Standard Time),15.95,16.16,15.64,15.73,154600,15.539333,OSIR
Fri Jan 31 2014 00:00:00 GMT+0800 (China Standard Time),15.42,15.95,15.12,15.61,168500,15.420788,OSIR
Mon Feb 03 2014 00:00:00 GMT+0800 (China Standard Time),15.58,15.99,14.79,15.05,170700,14.867576,OSIR
Tue Feb 04 2014 00:00:00 GMT+0800 (China Standard Time),15.13,15.66,15.1,15.51,114000,15.322,OSIR
Wed Feb 05 2014 00:00:00 GMT+0800 (China Standard Time),15.39,15.39,14.61,14.92,112800,14.739152,OSIR
Thu Feb 06 2014 00:00:00 GMT+0800 (China Standard Time),14.93,15.3,14.75,14.93,116200,14.749031,OSIR
Fri Feb 07 2014 00:00:00 GMT+0800 (China Standard Time),15,15.9,14.93,15.5,142000,15.312121,OSIR
Mon Feb 10 2014 00:00:00 GMT+0800 (China Standard Time),15.55,15.96,15.35,15.85,111000,15.657879,OSIR
Tue Feb 11 2014 00:00:00 GMT+0800 (China Standard Time),15.85,16.74,15.85,16,135700,15.806061,OSIR
Wed Feb 12 2014 00:00:00 GMT+0800 (China Standard Time),16,16.700001,16,16.26,133600,16.06291,OSIR
Thu Feb 13 2014 00:00:00 GMT+0800 (China Standard Time),16.040001,16.66,15.92,16.48,116800,16.280242,OSIR
Fri Feb 14 2014 00:00:00 GMT+0800 (China Standard Time),16.379999,16.49,16.040001,16.24,133500,16.043151,OSIR
Tue Feb 18 2014 00:00:00 GMT+0800 (China Standard Time),16.41,17.059999,16.26,16.790001,227900,16.586486,OSIR
Wed Feb 19 2014 00:00:00 GMT+0800 (China Standard Time),16.74,17.08,16.370001,16.67,157200,16.46794,OSIR
Thu Feb 20 2014 00:00:00 GMT+0800 (China Standard Time),16.68,17.26,16.389999,16.83,145100,16.626,OSIR
Fri Feb 21 2014 00:00:00 GMT+0800 (China Standard Time),16.969999,17.040001,16.459999,16.809999,152100,16.606242,OSIR
Mon Feb 24 2014 00:00:00 GMT+0800 (China Standard Time),16.889999,17.6,16.76,17.34,209700,17.129819,OSIR
Tue Feb 25 2014 00:00:00 GMT+0800 (China Standard Time),17.25,17.49,16.83,16.940001,276700,16.734667,OSIR
Wed Feb 26 2014 00:00:00 GMT+0800 (China Standard Time),16.93,17.200001,16.809999,16.940001,210100,16.734667,OSIR
Thu Feb 27 2014 00:00:00 GMT+0800 (China Standard Time),16.879999,17,15.77,16.18,426800,15.983879,OSIR
Fri Feb 28 2014 00:00:00 GMT+0800 (China Standard Time),16.17,16.23,14.81,15.27,320600,15.08491,OSIR
Mon Mar 03 2014 00:00:00 GMT+0800 (China Standard Time),15.21,15.5,14.75,15.25,354300,15.065152,OSIR
Tue Mar 04 2014 00:00:00 GMT+0800 (China Standard Time),15.68,15.9,15.3,15.48,291000,15.292363,OSIR
Wed Mar 05 2014 00:00:00 GMT+0800 (China Standard Time),16.620001,17.5,15.92,16.309999,1225100,16.112303,OSIR
Thu Mar 06 2014 00:00:00 GMT+0800 (China Standard Time),16.4,16.4,15.23,15.32,721400,15.134303,OSIR
Fri Mar 07 2014 00:00:00 GMT+0800 (China Standard Time),15.54,15.54,14.52,14.93,494500,14.749031,OSIR
Mon Mar 10 2014 00:00:00 GMT+0800 (China Standard Time),14.83,14.86,14.11,14.7,424100,14.521818,OSIR
Tue Mar 11 2014 00:00:00 GMT+0800 (China Standard Time),15.02,15.22,14.14,14.19,338800,14.018,OSIR
Wed Mar 12 2014 00:00:00 GMT+0800 (China Standard Time),14.07,14.57,13.75,14.28,255200,14.106909,OSIR
Thu Mar 13 2014 00:00:00 GMT+0800 (China Standard Time),14.15,14.58,13.94,14.21,485200,14.037758,OSIR
Fri Mar 14 2014 00:00:00 GMT+0800 (China Standard Time),14.08,14.21,13.75,13.78,245000,13.61297,OSIR
Mon Mar 17 2014 00:00:00 GMT+0800 (China Standard Time),13.95,14.24,13.71,13.81,170000,13.642607,OSIR
Tue Mar 18 2014 00:00:00 GMT+0800 (China Standard Time),13.82,14.31,13.78,14.28,198200,14.106909,OSIR
Wed Mar 19 2014 00:00:00 GMT+0800 (China Standard Time),14.3,14.5,13.72,13.87,158000,13.701879,OSIR
Thu Mar 20 2014 00:00:00 GMT+0800 (China Standard Time),13.81,14.2,13.55,13.86,186100,13.692,OSIR
Fri Mar 21 2014 00:00:00 GMT+0800 (China Standard Time),13.96,14,13.11,13.49,273800,13.326485,OSIR
Mon Mar 24 2014 00:00:00 GMT+0800 (China Standard Time),13.56,13.85,12.81,13.07,295100,12.911576,OSIR
Tue Mar 25 2014 00:00:00 GMT+0800 (China Standard Time),13.16,13.72,13.05,13.56,209000,13.395637,OSIR
Wed Mar 26 2014 00:00:00 GMT+0800 (China Standard Time),13.71,14.05,13.17,13.24,190400,13.079515,OSIR
Thu Mar 27 2014 00:00:00 GMT+0800 (China Standard Time),13.27,13.47,12.81,13.3,173500,13.138788,OSIR
Fri Mar 28 2014 00:00:00 GMT+0800 (China Standard Time),13.29,13.49,12.77,12.94,176100,12.783151,OSIR
Mon Mar 31 2014 00:00:00 GMT+0800 (China Standard Time),13.1,13.48,12.91,13.13,197800,12.970849,OSIR
Tue Apr 01 2014 00:00:00 GMT+0800 (China Standard Time),13.2,13.91,12.95,13.8,159600,13.632728,OSIR
Wed Apr 02 2014 00:00:00 GMT+0800 (China Standard Time),13.87,13.91,13.09,13.27,174100,13.109152,OSIR
Thu Apr 03 2014 00:00:00 GMT+0800 (China Standard Time),13.22,13.49,12.93,13.28,181700,13.11903,OSIR
Fri Apr 04 2014 00:00:00 GMT+0800 (China Standard Time),13.39,13.83,12.96,13.69,371800,13.52406,OSIR
Mon Apr 07 2014 00:00:00 GMT+0800 (China Standard Time),13.58,14.48,13.16,14.34,381200,14.166182,OSIR
Tue Apr 08 2014 00:00:00 GMT+0800 (China Standard Time),14.3,14.85,14,14.36,331800,14.185939,OSIR
Wed Apr 09 2014 00:00:00 GMT+0800 (China Standard Time),14.48,14.68,13.84,14.29,313300,14.116788,OSIR
Thu Apr 10 2014 00:00:00 GMT+0800 (China Standard Time),14.26,14.29,13.4,13.48,345400,13.316606,OSIR
Fri Apr 11 2014 00:00:00 GMT+0800 (China Standard Time),13.29,13.78,12.57,12.6,362000,12.447273,OSIR
Mon Apr 14 2014 00:00:00 GMT+0800 (China Standard Time),12.78,13.28,12.4,12.69,222400,12.536182,OSIR
Tue Apr 15 2014 00:00:00 GMT+0800 (China Standard Time),12.7,12.93,12.22,12.69,363000,12.536182,OSIR
Wed Apr 16 2014 00:00:00 GMT+0800 (China Standard Time),12.85,12.97,12.47,12.8,337900,12.644849,OSIR
Thu Apr 17 2014 00:00:00 GMT+0800 (China Standard Time),12.75,13.03,12.33,12.39,272400,12.239819,OSIR
Mon Apr 21 2014 00:00:00 GMT+0800 (China Standard Time),12.47,12.53,11.8,12.4,296800,12.249697,OSIR
Tue Apr 22 2014 00:00:00 GMT+0800 (China Standard Time),12.49,13.38,12.43,13.15,229400,12.990606,OSIR
Wed Apr 23 2014 00:00:00 GMT+0800 (China Standard Time),13.13,13.18,12.8,12.99,139700,12.832545,OSIR
Thu Apr 24 2014 00:00:00 GMT+0800 (China Standard Time),13.16,13.35,12.69,13.18,167300,13.020243,OSIR
Fri Apr 25 2014 00:00:00 GMT+0800 (China Standard Time),13.04,13.24,12.81,13,355500,12.842424,OSIR
Mon Apr 28 2014 00:00:00 GMT+0800 (China Standard Time),13.18,13.6,12.9,13.44,186700,13.277091,OSIR
Tue Apr 29 2014 00:00:00 GMT+0800 (China Standard Time),13.53,14.38,13.24,14.07,251100,13.899454,OSIR
Wed Apr 30 2014 00:00:00 GMT+0800 (China Standard Time),14,14.44,13.62,14.23,164100,14.057515,OSIR
Thu May 01 2014 00:00:00 GMT+0800 (China Standard Time),14.24,14.66,13.71,14.4,174000,14.225454,OSIR
Fri May 02 2014 00:00:00 GMT+0800 (China Standard Time),14.4,14.62,13.9,14.42,220800,14.245212,OSIR
Mon May 05 2014 00:00:00 GMT+0800 (China Standard Time),14.24,14.4,13.86,14.18,125800,14.008122,OSIR
Tue May 06 2014 00:00:00 GMT+0800 (China Standard Time),14.16,14.4,13.93,14,128300,13.830303,OSIR
Wed May 07 2014 00:00:00 GMT+0800 (China Standard Time),14.16,14.23,13.65,14.19,120800,14.018,OSIR
Thu May 08 2014 00:00:00 GMT+0800 (China Standard Time),14.19,14.49,13.95,13.98,162000,13.810545,OSIR
Fri May 09 2014 00:00:00 GMT+0800 (China Standard Time),13.89,15.76,13.75,15.71,416900,15.519576,OSIR
Mon May 12 2014 00:00:00 GMT+0800 (China Standard Time),15.6,15.67,14.36,14.75,292800,14.571212,OSIR
Tue May 13 2014 00:00:00 GMT+0800 (China Standard Time),14.83,15.6,14.61,15,447500,14.818182,OSIR
Wed May 14 2014 00:00:00 GMT+0800 (China Standard Time),15.02,16.74,14.62,16.370001,1123400,16.171577,OSIR
Thu May 15 2014 00:00:00 GMT+0800 (China Standard Time),16.299999,16.9,15.46,16.34,269500,16.14194,OSIR
Fri May 16 2014 00:00:00 GMT+0800 (China Standard Time),16.299999,16.639999,15.51,15.76,173800,15.56897,OSIR
Mon May 19 2014 00:00:00 GMT+0800 (China Standard Time),15.75,16.23,15.56,15.95,135500,15.756667,OSIR
Tue May 20 2014 00:00:00 GMT+0800 (China Standard Time),15.96,15.96,15.2,15.31,201300,15.124425,OSIR
Wed May 21 2014 00:00:00 GMT+0800 (China Standard Time),15.48,15.83,15.25,15.58,169200,15.391152,OSIR
Thu May 22 2014 00:00:00 GMT+0800 (China Standard Time),15.67,16.030001,15.47,15.7,121900,15.509697,OSIR
Fri May 23 2014 00:00:00 GMT+0800 (China Standard Time),15.76,16.200001,15.44,16.110001,157200,15.914728,OSIR
Tue May 27 2014 00:00:00 GMT+0800 (China Standard Time),16.110001,16.389999,15.99,16.110001,153100,15.914728,OSIR
Wed May 28 2014 00:00:00 GMT+0800 (China Standard Time),16.01,16.01,15.35,15.72,106800,15.529455,OSIR
Thu May 29 2014 00:00:00 GMT+0800 (China Standard Time),15.75,16,15.58,15.74,76700,15.549212,OSIR
Fri May 30 2014 00:00:00 GMT+0800 (China Standard Time),15.76,16,15.01,15.39,160500,15.203455,OSIR
Mon Jun 02 2014 00:00:00 GMT+0800 (China Standard Time),15.47,15.59,14.66,14.89,137800,14.709516,OSIR
Tue Jun 03 2014 00:00:00 GMT+0800 (China Standard Time),14.85,14.92,14.45,14.52,172400,14.344001,OSIR
Wed Jun 04 2014 00:00:00 GMT+0800 (China Standard Time),14.44,14.58,13.8,13.99,520900,13.820424,OSIR
Thu Jun 05 2014 00:00:00 GMT+0800 (China Standard Time),14.08,15,13.8,14.93,185100,14.749031,OSIR
Fri Jun 06 2014 00:00:00 GMT+0800 (China Standard Time),15.05,15.58,14.87,15.34,154700,15.154061,OSIR
Mon Jun 09 2014 00:00:00 GMT+0800 (China Standard Time),15.38,16,15.31,15.61,153900,15.420788,OSIR
Tue Jun 10 2014 00:00:00 GMT+0800 (China Standard Time),15.63,15.91,15.45,15.61,55200,15.420788,OSIR
Wed Jun 11 2014 00:00:00 GMT+0800 (China Standard Time),15.64,16.209999,15.55,15.9,120200,15.707273,OSIR
Thu Jun 12 2014 00:00:00 GMT+0800 (China Standard Time),15.98,15.98,15.5,15.6,141200,15.41091,OSIR
Fri Jun 13 2014 00:00:00 GMT+0800 (China Standard Time),15.67,15.78,15.21,15.55,57400,15.361516,OSIR
Mon Jun 16 2014 00:00:00 GMT+0800 (China Standard Time),15.58,16.120001,15.47,16.059999,68000,15.865333,OSIR
Tue Jun 17 2014 00:00:00 GMT+0800 (China Standard Time),15.99,16.32,15.66,15.72,91300,15.529455,OSIR
Wed Jun 18 2014 00:00:00 GMT+0800 (China Standard Time),15.75,15.98,15.56,15.85,109000,15.657879,OSIR
Thu Jun 19 2014 00:00:00 GMT+0800 (China Standard Time),16,16,15.44,15.74,105100,15.549212,OSIR
Fri Jun 20 2014 00:00:00 GMT+0800 (China Standard Time),15.82,15.84,15.53,15.82,151400,15.628242,OSIR
Mon Jun 23 2014 00:00:00 GMT+0800 (China Standard Time),15.88,15.98,15.53,15.91,89600,15.717152,OSIR
Tue Jun 24 2014 00:00:00 GMT+0800 (China Standard Time),15.92,16.059999,15.45,15.56,124600,15.371395,OSIR
Wed Jun 25 2014 00:00:00 GMT+0800 (China Standard Time),15.45,15.99,15.45,15.89,80300,15.697394,OSIR
Thu Jun 26 2014 00:00:00 GMT+0800 (China Standard Time),15.97,15.97,15.52,15.72,62200,15.529455,OSIR
Fri Jun 27 2014 00:00:00 GMT+0800 (China Standard Time),15.68,15.84,15.52,15.8,299100,15.608485,OSIR
Mon Jun 30 2014 00:00:00 GMT+0800 (China Standard Time),15.77,15.84,15.54,15.62,56500,15.430667,OSIR
Tue Jul 01 2014 00:00:00 GMT+0800 (China Standard Time),15.73,16.200001,15.63,16.059999,181600,15.865333,OSIR
Wed Jul 02 2014 00:00:00 GMT+0800 (China Standard Time),16.120001,17.32,16.1,16.690001,266400,16.487698,OSIR
Thu Jul 03 2014 00:00:00 GMT+0800 (China Standard Time),16.799999,17.07,16.75,17.02,72200,16.813698,OSIR
Mon Jul 07 2014 00:00:00 GMT+0800 (China Standard Time),17.02,17.02,15.87,16.5,275700,16.3,OSIR
Tue Jul 08 2014 00:00:00 GMT+0800 (China Standard Time),16.379999,16.379999,15.55,15.72,133200,15.529455,OSIR
Wed Jul 09 2014 00:00:00 GMT+0800 (China Standard Time),15.72,15.72,14.88,15.59,151600,15.401031,OSIR
Thu Jul 10 2014 00:00:00 GMT+0800 (China Standard Time),15.32,15.57,14.77,15.29,310700,15.104667,OSIR
Fri Jul 11 2014 00:00:00 GMT+0800 (China Standard Time),15.29,15.48,14.71,14.89,359900,14.709516,OSIR
Mon Jul 14 2014 00:00:00 GMT+0800 (China Standard Time),14.98,15.09,14.37,14.48,261200,14.304485,OSIR
Tue Jul 15 2014 00:00:00 GMT+0800 (China Standard Time),14.68,14.68,13.83,14.09,334900,13.919212,OSIR
Wed Jul 16 2014 00:00:00 GMT+0800 (China Standard Time),14.12,14.38,13.95,14.14,159900,13.968607,OSIR
Thu Jul 17 2014 00:00:00 GMT+0800 (China Standard Time),14.01,14.3,13.53,13.66,221300,13.494424,OSIR
Fri Jul 18 2014 00:00:00 GMT+0800 (China Standard Time),13.62,14.51,13.6,14.26,160500,14.087152,OSIR
Mon Jul 21 2014 00:00:00 GMT+0800 (China Standard Time),14.25,14.66,14.09,14.52,232000,14.344001,OSIR
Tue Jul 22 2014 00:00:00 GMT+0800 (China Standard Time),14.56,14.7,14.4,14.51,138700,14.334122,OSIR
Wed Jul 23 2014 00:00:00 GMT+0800 (China Standard Time),14.55,14.87,14.51,14.61,77000,14.432909,OSIR
Thu Jul 24 2014 00:00:00 GMT+0800 (China Standard Time),14.67,14.7,14.5,14.52,198700,14.344001,OSIR
Fri Jul 25 2014 00:00:00 GMT+0800 (China Standard Time),14.4,14.78,14.34,14.72,132400,14.541576,OSIR
Mon Jul 28 2014 00:00:00 GMT+0800 (China Standard Time),14.69,14.69,14.39,14.5,113000,14.324243,OSIR
Tue Jul 29 2014 00:00:00 GMT+0800 (China Standard Time),14.52,15.26,14.5,14.94,125700,14.758909,OSIR
Wed Jul 30 2014 00:00:00 GMT+0800 (China Standard Time),15.13,15.38,14.5,14.58,162100,14.403273,OSIR
Thu Jul 31 2014 00:00:00 GMT+0800 (China Standard Time),14.5,14.92,14.25,14.8,255900,14.620606,OSIR
Fri Aug 01 2014 00:00:00 GMT+0800 (China Standard Time),14.72,15,14.5,14.59,161700,14.413152,OSIR
Mon Aug 04 2014 00:00:00 GMT+0800 (China Standard Time),14.63,15.2,14.61,15.18,101500,14.996,OSIR
Tue Aug 05 2014 00:00:00 GMT+0800 (China Standard Time),15.1,15.23,14.72,15.03,112500,14.847818,OSIR
Wed Aug 06 2014 00:00:00 GMT+0800 (China Standard Time),14.9,15.36,14.84,15.3,114100,15.114546,OSIR
Thu Aug 07 2014 00:00:00 GMT+0800 (China Standard Time),15.37,15.78,14.55,14.66,183600,14.482303,OSIR
Fri Aug 08 2014 00:00:00 GMT+0800 (China Standard Time),14.71,15.03,14.62,14.84,92900,14.660122,OSIR
Mon Aug 11 2014 00:00:00 GMT+0800 (China Standard Time),14.94,15.55,14.91,15.43,577600,15.24297,OSIR
Tue Aug 12 2014 00:00:00 GMT+0800 (China Standard Time),15.45,15.58,14.55,14.81,113000,14.630485,OSIR
Wed Aug 13 2014 00:00:00 GMT+0800 (China Standard Time),14.79,15.22,14.72,15.03,90700,14.847818,OSIR
Thu Aug 14 2014 00:00:00 GMT+0800 (China Standard Time),15,15.07,14.54,14.68,109000,14.502061,OSIR
Fri Aug 15 2014 00:00:00 GMT+0800 (China Standard Time),14.82,14.94,14.19,14.49,151300,14.314364,OSIR
Mon Aug 18 2014 00:00:00 GMT+0800 (China Standard Time),14.65,14.84,14.53,14.8,132000,14.620606,OSIR
Tue Aug 19 2014 00:00:00 GMT+0800 (China Standard Time),14.8,14.8,14.3,14.41,79600,14.235333,OSIR
Wed Aug 20 2014 00:00:00 GMT+0800 (China Standard Time),14.35,14.38,14.18,14.3,48000,14.126667,OSIR
Thu Aug 21 2014 00:00:00 GMT+0800 (China Standard Time),14.28,14.3,13.96,14.14,103600,13.968607,OSIR
Fri Aug 22 2014 00:00:00 GMT+0800 (China Standard Time),14.08,14.19,13.9,14.15,62200,13.978485,OSIR
Mon Aug 25 2014 00:00:00 GMT+0800 (China Standard Time),14.29,14.41,13.92,14.04,75600,13.869818,OSIR
Tue Aug 26 2014 00:00:00 GMT+0800 (China Standard Time),13.98,14.36,13.9,14.25,84700,14.077273,OSIR
Wed Aug 27 2014 00:00:00 GMT+0800 (China Standard Time),14.33,14.33,14.09,14.12,67700,13.948849,OSIR
Thu Aug 28 2014 00:00:00 GMT+0800 (China Standard Time),14,14.2,13.94,14.15,76000,13.978485,OSIR
Fri Aug 29 2014 00:00:00 GMT+0800 (China Standard Time),14.13,14.38,14.07,14.29,147100,14.116788,OSIR
Tue Sep 02 2014 00:00:00 GMT+0800 (China Standard Time),14.26,14.28,14.12,14.23,68900,14.057515,OSIR
Wed Sep 03 2014 00:00:00 GMT+0800 (China Standard Time),14.25,14.25,13.95,14.07,102700,13.899454,OSIR
Thu Sep 04 2014 00:00:00 GMT+0800 (China Standard Time),14.06,14.22,13.25,13.43,170000,13.267213,OSIR
Fri Sep 05 2014 00:00:00 GMT+0800 (China Standard Time),13.45,13.54,12.96,13,272100,12.842424,OSIR
Mon Sep 08 2014 00:00:00 GMT+0800 (China Standard Time),12.96,13.2,12.94,13.15,143300,12.990606,OSIR
Tue Sep 09 2014 00:00:00 GMT+0800 (China Standard Time),13.15,13.23,12.99,13.02,55100,12.862182,OSIR
Wed Sep 10 2014 00:00:00 GMT+0800 (China Standard Time),12.99,13.32,12.94,13.19,89600,13.030121,OSIR
Thu Sep 11 2014 00:00:00 GMT+0800 (China Standard Time),13.11,13.5,12.91,13.34,91600,13.178303,OSIR
Fri Sep 12 2014 00:00:00 GMT+0800 (China Standard Time),13.34,13.34,12.86,12.97,87700,12.812788,OSIR
Mon Sep 15 2014 00:00:00 GMT+0800 (China Standard Time),12.91,12.91,12.5,12.73,163500,12.575697,OSIR
Tue Sep 16 2014 00:00:00 GMT+0800 (China Standard Time),12.69,13.04,12.69,12.99,147300,12.832545,OSIR
Wed Sep 17 2014 00:00:00 GMT+0800 (China Standard Time),13.1,13.44,13.02,13.29,200000,13.128909,OSIR
Thu Sep 18 2014 00:00:00 GMT+0800 (China Standard Time),13.26,13.41,13.09,13.15,180100,12.990606,OSIR
Fri Sep 19 2014 00:00:00 GMT+0800 (China Standard Time),13.2,13.51,13.04,13.46,502900,13.296849,OSIR
Mon Sep 22 2014 00:00:00 GMT+0800 (China Standard Time),13.42,13.54,13.24,13.35,86300,13.188182,OSIR
Tue Sep 23 2014 00:00:00 GMT+0800 (China Standard Time),13.29,13.45,12.92,12.95,160400,12.79303,OSIR
Wed Sep 24 2014 00:00:00 GMT+0800 (China Standard Time),13.07,13.11,12.85,13.01,96000,12.852303,OSIR
Thu Sep 25 2014 00:00:00 GMT+0800 (China Standard Time),13.01,13.09,12.53,12.72,134000,12.565819,OSIR
Fri Sep 26 2014 00:00:00 GMT+0800 (China Standard Time),12.8,12.8,12.57,12.73,86500,12.575697,OSIR
Mon Sep 29 2014 00:00:00 GMT+0800 (China Standard Time),12.52,12.8,12.51,12.68,83100,12.526303,OSIR
Tue Sep 30 2014 00:00:00 GMT+0800 (China Standard Time),12.63,13.39,12.43,12.59,154900,12.437394,OSIR
Wed Oct 01 2014 00:00:00 GMT+0800 (China Standard Time),12.65,12.65,12.25,12.35,95000,12.200304,OSIR
Thu Oct 02 2014 00:00:00 GMT+0800 (China Standard Time),12.34,12.76,12.29,12.74,74700,12.585576,OSIR
Fri Oct 03 2014 00:00:00 GMT+0800 (China Standard Time),12.91,13.09,12.7,12.85,87000,12.694243,OSIR
Mon Oct 06 2014 00:00:00 GMT+0800 (China Standard Time),12.96,12.96,12.32,12.4,70100,12.249697,OSIR
Tue Oct 07 2014 00:00:00 GMT+0800 (China Standard Time),12.26,12.36,12.1,12.14,83300,11.992849,OSIR
Wed Oct 08 2014 00:00:00 GMT+0800 (China Standard Time),12,12.72,11.87,12.68,140800,12.526303,OSIR
Thu Oct 09 2014 00:00:00 GMT+0800 (China Standard Time),12.72,12.72,11.98,12.09,86900,11.943455,OSIR
Fri Oct 10 2014 00:00:00 GMT+0800 (China Standard Time),12,12.51,12,12.05,70000,11.90394,OSIR
Mon Oct 13 2014 00:00:00 GMT+0800 (China Standard Time),12.12,12.73,12.06,12.19,72400,12.042242,OSIR
Tue Oct 14 2014 00:00:00 GMT+0800 (China Standard Time),12.3,12.73,12.08,12.48,120200,12.328727,OSIR
Wed Oct 15 2014 00:00:00 GMT+0800 (China Standard Time),12.28,12.75,12.1,12.67,134900,12.516424,OSIR
Thu Oct 16 2014 00:00:00 GMT+0800 (China Standard Time),12.3,13.34,12.29,13.19,170300,13.030121,OSIR
Fri Oct 17 2014 00:00:00 GMT+0800 (China Standard Time),14.08,14.08,12.51,12.7,152300,12.546061,OSIR
Mon Oct 20 2014 00:00:00 GMT+0800 (China Standard Time),12.66,13.05,12.6,12.92,75600,12.763394,OSIR
Tue Oct 21 2014 00:00:00 GMT+0800 (China Standard Time),12.97,13.08,12.76,13.01,38500,12.852303,OSIR
Wed Oct 22 2014 00:00:00 GMT+0800 (China Standard Time),13.01,13.15,12.74,12.86,90800,12.704121,OSIR
Thu Oct 23 2014 00:00:00 GMT+0800 (China Standard Time),13,13.34,13,13.29,87300,13.128909,OSIR
Fri Oct 24 2014 00:00:00 GMT+0800 (China Standard Time),13.3,13.69,13.3,13.54,68200,13.375879,OSIR
Mon Oct 27 2014 00:00:00 GMT+0800 (China Standard Time),13.56,13.7,13.38,13.46,64500,13.296849,OSIR
Tue Oct 28 2014 00:00:00 GMT+0800 (China Standard Time),13.56,14.05,13.31,13.95,112100,13.780909,OSIR
Wed Oct 29 2014 00:00:00 GMT+0800 (China Standard Time),14,14.02,13.65,13.7,92900,13.533939,OSIR
Thu Oct 30 2014 00:00:00 GMT+0800 (China Standard Time),13.67,14.1,13.62,14.02,65400,13.850061,OSIR
Fri Oct 31 2014 00:00:00 GMT+0800 (China Standard Time),14.42,14.42,13.29,13.63,287900,13.464788,OSIR
Mon Nov 03 2014 00:00:00 GMT+0800 (China Standard Time),13.6,13.89,13.53,13.64,82600,13.474667,OSIR
Tue Nov 04 2014 00:00:00 GMT+0800 (China Standard Time),13.55,13.81,13.39,13.66,72700,13.494424,OSIR
Wed Nov 05 2014 00:00:00 GMT+0800 (China Standard Time),13.75,13.78,13.2,13.37,98700,13.207939,OSIR
Thu Nov 06 2014 00:00:00 GMT+0800 (China Standard Time),13.37,13.89,13.21,13.84,118000,13.672243,OSIR
Fri Nov 07 2014 00:00:00 GMT+0800 (China Standard Time),14,14.74,13.41,13.5,279300,13.336364,OSIR
Mon Nov 10 2014 00:00:00 GMT+0800 (China Standard Time),13.58,13.74,13.35,13.48,245700,13.316606,OSIR
Tue Nov 11 2014 00:00:00 GMT+0800 (China Standard Time),13.51,13.56,13.26,13.49,117200,13.326485,OSIR
Wed Nov 12 2014 00:00:00 GMT+0800 (China Standard Time),13.37,13.6,13.27,13.5,102600,13.336364,OSIR
Thu Nov 13 2014 00:00:00 GMT+0800 (China Standard Time),13.48,13.63,13.25,13.3,55600,13.138788,OSIR
Fri Nov 14 2014 00:00:00 GMT+0800 (China Standard Time),13.27,13.27,12.92,13.05,100500,12.891819,OSIR
Mon Nov 17 2014 00:00:00 GMT+0800 (China Standard Time),13.08,13.5,13.08,13.3,77500,13.138788,OSIR
Tue Nov 18 2014 00:00:00 GMT+0800 (China Standard Time),13.32,13.43,13.15,13.29,48300,13.128909,OSIR
Wed Nov 19 2014 00:00:00 GMT+0800 (China Standard Time),13.31,13.31,12.95,13.13,62300,12.970849,OSIR
Thu Nov 20 2014 00:00:00 GMT+0800 (China Standard Time),12.98,13.19,12.96,13.06,63300,12.901698,OSIR
Fri Nov 21 2014 00:00:00 GMT+0800 (China Standard Time),13.29,13.29,13,13.12,65600,12.96097,OSIR
Mon Nov 24 2014 00:00:00 GMT+0800 (China Standard Time),13.21,13.55,13.14,13.51,89100,13.346243,OSIR
Tue Nov 25 2014 00:00:00 GMT+0800 (China Standard Time),13.57,13.57,13.35,13.49,53900,13.326485,OSIR
Wed Nov 26 2014 00:00:00 GMT+0800 (China Standard Time),13.5,13.55,13.3,13.5,48000,13.336364,OSIR
Fri Nov 28 2014 00:00:00 GMT+0800 (China Standard Time),13.49,13.68,13.12,13.15,48100,12.990606,OSIR
Mon Dec 01 2014 00:00:00 GMT+0800 (China Standard Time),13.11,13.43,12.8,12.94,95000,12.783151,OSIR
Tue Dec 02 2014 00:00:00 GMT+0800 (China Standard Time),13.05,13.45,12.81,13.27,151600,13.109152,OSIR
Wed Dec 03 2014 00:00:00 GMT+0800 (China Standard Time),13.35,13.66,13.11,13.3,65000,13.138788,OSIR
Thu Dec 04 2014 00:00:00 GMT+0800 (China Standard Time),13.24,13.24,12.78,12.79,72600,12.63497,OSIR
Fri Dec 05 2014 00:00:00 GMT+0800 (China Standard Time),12.9,13.37,12.82,13.16,80400,13.000485,OSIR
Mon Dec 08 2014 00:00:00 GMT+0800 (China Standard Time),13.2,13.5,13.16,13.33,79500,13.168424,OSIR
Tue Dec 09 2014 00:00:00 GMT+0800 (China Standard Time),13.13,13.6,13.05,13.6,65200,13.435152,OSIR
Wed Dec 10 2014 00:00:00 GMT+0800 (China Standard Time),13.49,13.58,13.02,13.02,100700,12.862182,OSIR
Thu Dec 11 2014 00:00:00 GMT+0800 (China Standard Time),13.16,13.46,12.91,12.96,66800,12.802909,OSIR
Fri Dec 12 2014 00:00:00 GMT+0800 (China Standard Time),12.8,13.19,12.8,12.92,61600,12.763394,OSIR
Mon Dec 15 2014 00:00:00 GMT+0800 (China Standard Time),13.06,13.3,12.65,12.97,101700,12.812788,OSIR
Tue Dec 16 2014 00:00:00 GMT+0800 (China Standard Time),12.88,13.42,12.86,13.13,86000,12.970849,OSIR
Wed Dec 17 2014 00:00:00 GMT+0800 (China Standard Time),13.11,13.87,13.07,13.83,96200,13.662364,OSIR
Thu Dec 18 2014 00:00:00 GMT+0800 (China Standard Time),13.93,14.77,13.7,14.48,171900,14.304485,OSIR
Fri Dec 19 2014 00:00:00 GMT+0800 (China Standard Time),14.57,14.98,14.1,14.33,339600,14.156303,OSIR
Mon Dec 22 2014 00:00:00 GMT+0800 (China Standard Time),14.3,14.52,13.75,14.45,101600,14.274848,OSIR
Tue Dec 23 2014 00:00:00 GMT+0800 (China Standard Time),15.22,15.45,14.22,14.74,222400,14.561333,OSIR
Wed Dec 24 2014 00:00:00 GMT+0800 (China Standard Time),14.74,15.04,14.72,14.87,47700,14.689758,OSIR
Fri Dec 26 2014 00:00:00 GMT+0800 (China Standard Time),14.93,15.5,14.9,14.94,115900,14.758909,OSIR
Mon Dec 29 2014 00:00:00 GMT+0800 (China Standard Time),14.91,15.29,14.72,15.08,70000,14.897212,OSIR
Tue Dec 30 2014 00:00:00 GMT+0800 (China Standard Time),15.3,15.95,15.15,15.44,199200,15.252848,OSIR
Wed Dec 31 2014 00:00:00 GMT+0800 (China Standard Time),15.59,16.540001,15.59,15.99,285500,15.796182,OSIR
Fri Jan 02 2015 00:00:00 GMT+0800 (China Standard Time),16.17,16.77,16.08,16.360001,147700,16.161698,OSIR
Mon Jan 05 2015 00:00:00 GMT+0800 (China Standard Time),16.41,16.879999,16.15,16.33,226100,16.132061,OSIR
Tue Jan 06 2015 00:00:00 GMT+0800 (China Standard Time),16.219999,16.6,15.61,16.040001,141000,15.845577,OSIR
Wed Jan 07 2015 00:00:00 GMT+0800 (China Standard Time),16.24,16.450001,16,16.4,82500,16.201212,OSIR
Thu Jan 08 2015 00:00:00 GMT+0800 (China Standard Time),16.59,16.93,16.440001,16.709999,145400,16.507454,OSIR
Fri Jan 09 2015 00:00:00 GMT+0800 (China Standard Time),16.639999,16.75,16.34,16.51,82600,16.309879,OSIR
Mon Jan 12 2015 00:00:00 GMT+0800 (China Standard Time),16.629999,16.870001,16.200001,16.690001,123000,16.487698,OSIR
Tue Jan 13 2015 00:00:00 GMT+0800 (China Standard Time),16.870001,16.99,16.360001,16.629999,108700,16.428424,OSIR
Wed Jan 14 2015 00:00:00 GMT+0800 (China Standard Time),16.299999,17.059999,16.299999,16.809999,443700,16.606242,OSIR
Thu Jan 15 2015 00:00:00 GMT+0800 (China Standard Time),16.9,17,16.16,16.219999,178100,16.023393,OSIR
Fri Jan 16 2015 00:00:00 GMT+0800 (China Standard Time),16.23,16.74,16.23,16.690001,90100,16.487698,OSIR
Tue Jan 20 2015 00:00:00 GMT+0800 (China Standard Time),16.75,17.02,16.16,16.889999,152900,16.685272,OSIR
Wed Jan 21 2015 00:00:00 GMT+0800 (China Standard Time),16.889999,17.02,16.52,16.620001,67300,16.418546,OSIR
Thu Jan 22 2015 00:00:00 GMT+0800 (China Standard Time),16.690001,16.969999,16.200001,16.9,82000,16.695151,OSIR
Fri Jan 23 2015 00:00:00 GMT+0800 (China Standard Time),16.9,16.969999,16.719999,16.889999,56600,16.685272,OSIR
Mon Jan 26 2015 00:00:00 GMT+0800 (China Standard Time),16.540001,17.07,16.190001,16.9,111700,16.695151,OSIR
Tue Jan 27 2015 00:00:00 GMT+0800 (China Standard Time),16.610001,17.049999,16.610001,16.879999,53200,16.675393,OSIR
Wed Jan 28 2015 00:00:00 GMT+0800 (China Standard Time),16.950001,17.01,16.43,16.51,85000,16.309879,OSIR
Thu Jan 29 2015 00:00:00 GMT+0800 (China Standard Time),16.42,16.84,16.35,16.82,62600,16.616121,OSIR
Fri Jan 30 2015 00:00:00 GMT+0800 (China Standard Time),16.75,16.889999,16.120001,16.129999,145500,15.934484,OSIR
Mon Feb 02 2015 00:00:00 GMT+0800 (China Standard Time),16.200001,16.24,15.34,15.56,176400,15.371395,OSIR
Tue Feb 03 2015 00:00:00 GMT+0800 (China Standard Time),15.74,15.94,15.09,15.58,91000,15.391152,OSIR
Wed Feb 04 2015 00:00:00 GMT+0800 (China Standard Time),15.51,15.51,15.1,15.27,98900,15.08491,OSIR
Thu Feb 05 2015 00:00:00 GMT+0800 (China Standard Time),15.42,16.02,15.29,15.81,120000,15.618364,OSIR
Fri Feb 06 2015 00:00:00 GMT+0800 (China Standard Time),15.77,16.24,15.16,15.27,106500,15.08491,OSIR
Mon Feb 09 2015 00:00:00 GMT+0800 (China Standard Time),15.1,15.44,14.88,15.04,70100,14.857697,OSIR
Tue Feb 10 2015 00:00:00 GMT+0800 (China Standard Time),15.11,15.19,14.82,14.97,79300,14.788546,OSIR
Wed Feb 11 2015 00:00:00 GMT+0800 (China Standard Time),15,15.15,14.82,14.87,88100,14.689758,OSIR
Thu Feb 12 2015 00:00:00 GMT+0800 (China Standard Time),15.02,15.73,15,15.67,102800,15.480061,OSIR
Fri Feb 13 2015 00:00:00 GMT+0800 (China Standard Time),15.72,16.08,15.47,15.95,73200,15.756667,OSIR
Tue Feb 17 2015 00:00:00 GMT+0800 (China Standard Time),16.01,16.18,15.77,16.15,89800,15.954242,OSIR
Wed Feb 18 2015 00:00:00 GMT+0800 (China Standard Time),16.07,16.440001,15.92,16.379999,66800,16.181454,OSIR
Thu Feb 19 2015 00:00:00 GMT+0800 (China Standard Time),16.4,16.51,16.07,16.42,50800,16.22097,OSIR
Fri Feb 20 2015 00:00:00 GMT+0800 (China Standard Time),16.35,16.690001,16.26,16.52,51900,16.319758,OSIR
Mon Feb 23 2015 00:00:00 GMT+0800 (China Standard Time),16.59,16.9,16.450001,16.690001,50000,16.487698,OSIR
Tue Feb 24 2015 00:00:00 GMT+0800 (China Standard Time),16.780001,16.84,16.43,16.83,76900,16.626,OSIR
Wed Feb 25 2015 00:00:00 GMT+0800 (China Standard Time),16.83,17.690001,16.67,17.48,187500,17.268121,OSIR
Thu Feb 26 2015 00:00:00 GMT+0800 (China Standard Time),17.32,17.43,16.969999,17.34,156400,17.129819,OSIR
Fri Feb 27 2015 00:00:00 GMT+0800 (China Standard Time),17.309999,17.389999,17.18,17.27,78400,17.060667,OSIR
Mon Mar 02 2015 00:00:00 GMT+0800 (China Standard Time),17.280001,17.6,17.219999,17.379999,85200,17.169333,OSIR
Tue Mar 03 2015 00:00:00 GMT+0800 (China Standard Time),17.5,17.549999,17.17,17.52,177200,17.307637,OSIR
Wed Mar 04 2015 00:00:00 GMT+0800 (China Standard Time),17.52,17.879999,17.5,17.799999,148500,17.584242,OSIR
Thu Mar 05 2015 00:00:00 GMT+0800 (China Standard Time),17.549999,17.809999,15.95,16.940001,503600,16.734667,OSIR
Fri Mar 06 2015 00:00:00 GMT+0800 (China Standard Time),17.01,18.66,16.969999,18.4,496500,18.17697,OSIR
Mon Mar 09 2015 00:00:00 GMT+0800 (China Standard Time),17.450001,18.549999,17.41,17.67,287800,17.455818,OSIR
Tue Mar 10 2015 00:00:00 GMT+0800 (China Standard Time),17.32,17.74,17.040001,17.18,167200,16.971758,OSIR
Wed Mar 11 2015 00:00:00 GMT+0800 (China Standard Time),17.27,17.5,17.02,17.209999,201700,17.001393,OSIR
Thu Mar 12 2015 00:00:00 GMT+0800 (China Standard Time),17.309999,17.389999,17.07,17.26,151800,17.050788,OSIR
Fri Mar 13 2015 00:00:00 GMT+0800 (China Standard Time),17.09,17.540001,17.02,17.33,84000,17.11994,OSIR
Mon Mar 16 2015 00:00:00 GMT+0800 (China Standard Time),17.469999,17.620001,17.200001,17.48,100500,17.268121,OSIR
Tue Mar 17 2015 00:00:00 GMT+0800 (China Standard Time),17.5,17.879999,17.440001,17.85,129700,17.633637,OSIR
Wed Mar 18 2015 00:00:00 GMT+0800 (China Standard Time),17.860001,18.26,17.629999,18.200001,154000,17.979395,OSIR
Thu Mar 19 2015 00:00:00 GMT+0800 (China Standard Time),18.280001,18.860001,18.15,18.48,240000,18.256,OSIR
Fri Mar 20 2015 00:00:00 GMT+0800 (China Standard Time),18.67,18.73,17.57,17.59,282000,17.376788,OSIR
Mon Mar 23 2015 00:00:00 GMT+0800 (China Standard Time),17.74,17.889999,17.18,17.870001,177800,17.653395,OSIR
Tue Mar 24 2015 00:00:00 GMT+0800 (China Standard Time),17.790001,18.41,17.68,17.98,145900,17.76206,OSIR
Wed Mar 25 2015 00:00:00 GMT+0800 (China Standard Time),18.07,18.299999,17.26,17.290001,155500,17.080425,OSIR
Thu Mar 26 2015 00:00:00 GMT+0800 (China Standard Time),17.299999,17.639999,17.139999,17.440001,139100,17.228607,OSIR
Fri Mar 27 2015 00:00:00 GMT+0800 (China Standard Time),17.51,17.879999,17.49,17.690001,84700,17.475576,OSIR
Mon Mar 30 2015 00:00:00 GMT+0800 (China Standard Time),17.860001,17.9,17.57,17.65,75400,17.43606,OSIR
Tue Mar 31 2015 00:00:00 GMT+0800 (China Standard Time),17.559999,17.77,17.51,17.58,159700,17.366909,OSIR
Wed Apr 01 2015 00:00:00 GMT+0800 (China Standard Time),17.530001,17.540001,16.940001,17.309999,154100,17.100181,OSIR
Thu Apr 02 2015 00:00:00 GMT+0800 (China Standard Time),17.379999,17.41,16.98,17.139999,126000,16.932242,OSIR
Mon Apr 06 2015 00:00:00 GMT+0800 (China Standard Time),17.040001,17.18,16.559999,16.68,172200,16.477819,OSIR
Tue Apr 07 2015 00:00:00 GMT+0800 (China Standard Time),16.6,17,16.6,16.780001,191200,16.576607,OSIR
Wed Apr 08 2015 00:00:00 GMT+0800 (China Standard Time),16.639999,17.16,16.6,17,222400,16.79394,OSIR
Thu Apr 09 2015 00:00:00 GMT+0800 (China Standard Time),16.92,17.15,16.59,16.719999,102400,16.517333,OSIR
Fri Apr 10 2015 00:00:00 GMT+0800 (China Standard Time),16.860001,17.620001,16.549999,17.559999,183200,17.347151,OSIR
Mon Apr 13 2015 00:00:00 GMT+0800 (China Standard Time),17.5,17.67,17.370001,17.469999,167500,17.258242,OSIR
Tue Apr 14 2015 00:00:00 GMT+0800 (China Standard Time),17.440001,17.5,16.99,17.02,138500,16.813698,OSIR
Wed Apr 15 2015 00:00:00 GMT+0800 (China Standard Time),17.040001,17.219999,16.969999,16.98,110600,16.774182,OSIR
Thu Apr 16 2015 00:00:00 GMT+0800 (China Standard Time),16.92,17.01,16.620001,16.74,91200,16.537091,OSIR
Fri Apr 17 2015 00:00:00 GMT+0800 (China Standard Time),16.58,16.719999,16.280001,16.370001,150800,16.171577,OSIR
Mon Apr 20 2015 00:00:00 GMT+0800 (China Standard Time),16.49,16.91,16,16.35,188100,16.151819,OSIR
Tue Apr 21 2015 00:00:00 GMT+0800 (China Standard Time),16.549999,17.219999,16.4,16.450001,108600,16.250607,OSIR
Wed Apr 22 2015 00:00:00 GMT+0800 (China Standard Time),16.4,16.59,16.15,16.35,103500,16.151819,OSIR
Thu Apr 23 2015 00:00:00 GMT+0800 (China Standard Time),16.280001,16.790001,16.18,16.59,103000,16.388909,OSIR
Fri Apr 24 2015 00:00:00 GMT+0800 (China Standard Time),16.59,16.700001,16.27,16.33,47600,16.132061,OSIR
Mon Apr 27 2015 00:00:00 GMT+0800 (China Standard Time),16.440001,16.49,15.75,15.94,157000,15.746788,OSIR
Tue Apr 28 2015 00:00:00 GMT+0800 (China Standard Time),15.97,16.34,15.56,15.99,116600,15.796182,OSIR
Wed Apr 29 2015 00:00:00 GMT+0800 (China Standard Time),15.89,16.15,15.61,15.64,115400,15.450425,OSIR
Thu Apr 30 2015 00:00:00 GMT+0800 (China Standard Time),15.52,15.72,15,15.17,206100,14.986121,OSIR
Fri May 01 2015 00:00:00 GMT+0800 (China Standard Time),15.22,15.64,15.15,15.41,81300,15.223212,OSIR
Mon May 04 2015 00:00:00 GMT+0800 (China Standard Time),15.38,15.93,15.34,15.36,67000,15.173818,OSIR
Tue May 05 2015 00:00:00 GMT+0800 (China Standard Time),15.25,15.3,15.02,15.13,200800,14.946606,OSIR
Wed May 06 2015 00:00:00 GMT+0800 (China Standard Time),15.32,15.71,15.31,15.46,144000,15.272606,OSIR
Thu May 07 2015 00:00:00 GMT+0800 (China Standard Time),15.4,15.72,15.33,15.39,105300,15.203455,OSIR
Fri May 08 2015 00:00:00 GMT+0800 (China Standard Time),15.92,16.639999,15.77,16.4,178900,16.201212,OSIR
Mon May 11 2015 00:00:00 GMT+0800 (China Standard Time),16.42,17.33,15.78,17.219999,693500,17.011272,OSIR
Tue May 12 2015 00:00:00 GMT+0800 (China Standard Time),17.32,17.77,17,17.52,355700,17.307637,OSIR
Wed May 13 2015 00:00:00 GMT+0800 (China Standard Time),17.42,17.780001,17.370001,17.77,201200,17.554607,OSIR
Thu May 14 2015 00:00:00 GMT+0800 (China Standard Time),17.85,17.85,17.08,17.469999,140000,17.258242,OSIR
Fri May 15 2015 00:00:00 GMT+0800 (China Standard Time),17.51,17.51,17.1,17.290001,156400,17.080425,OSIR
Mon May 18 2015 00:00:00 GMT+0800 (China Standard Time),17.299999,17.84,17.209999,17.780001,147800,17.564486,OSIR
Tue May 19 2015 00:00:00 GMT+0800 (China Standard Time),17.77,18.440001,17.6,18.23,232900,18.00903,OSIR
Wed May 20 2015 00:00:00 GMT+0800 (China Standard Time),18.219999,19.75,18.030001,18.5,146400,18.275758,OSIR
Thu May 21 2015 00:00:00 GMT+0800 (China Standard Time),18.309999,18.5,18.040001,18.360001,169800,18.137455,OSIR
Fri May 22 2015 00:00:00 GMT+0800 (China Standard Time),18.389999,18.4,17.52,18.200001,194400,17.979395,OSIR
Tue May 26 2015 00:00:00 GMT+0800 (China Standard Time),18.200001,18.309999,17.799999,18.15,109400,17.93,OSIR
Wed May 27 2015 00:00:00 GMT+0800 (China Standard Time),18.290001,18.719999,18.15,18.690001,132200,18.463455,OSIR
Thu May 28 2015 00:00:00 GMT+0800 (China Standard Time),18.709999,18.85,18.530001,18.68,79000,18.453576,OSIR
Fri May 29 2015 00:00:00 GMT+0800 (China Standard Time),18.6,18.93,18.43,18.6,162600,18.374546,OSIR
Mon Jun 01 2015 00:00:00 GMT+0800 (China Standard Time),18.75,18.75,18.41,18.51,111300,18.285637,OSIR
Tue Jun 02 2015 00:00:00 GMT+0800 (China Standard Time),18.370001,18.84,18.200001,18.66,94800,18.433818,OSIR
Wed Jun 03 2015 00:00:00 GMT+0800 (China Standard Time),18.75,19.290001,18.620001,19.01,137200,18.779576,OSIR
Thu Jun 04 2015 00:00:00 GMT+0800 (China Standard Time),18.84,19,18.49,18.790001,113500,18.562244,OSIR
Fri Jun 05 2015 00:00:00 GMT+0800 (China Standard Time),18.93,19.200001,18.65,18.889999,146300,18.66103,OSIR
Mon Jun 08 2015 00:00:00 GMT+0800 (China Standard Time),18.75,19.08,18.35,18.530001,143100,18.305395,OSIR
Tue Jun 09 2015 00:00:00 GMT+0800 (China Standard Time),18.700001,18.700001,17.709999,18.41,211600,18.186849,OSIR
Wed Jun 10 2015 00:00:00 GMT+0800 (China Standard Time),18.360001,18.620001,18.15,18.35,198800,18.127576,OSIR
Thu Jun 11 2015 00:00:00 GMT+0800 (China Standard Time),18.48,18.76,18.299999,18.68,84400,18.453576,OSIR
Fri Jun 12 2015 00:00:00 GMT+0800 (China Standard Time),18.68,18.85,18.34,18.65,73100,18.423939,OSIR
Mon Jun 15 2015 00:00:00 GMT+0800 (China Standard Time),18.629999,19.1,18.26,18.959999,132400,18.730181,OSIR
Tue Jun 16 2015 00:00:00 GMT+0800 (China Standard Time),18.99,18.99,18.74,18.75,59000,18.522727,OSIR
Wed Jun 17 2015 00:00:00 GMT+0800 (China Standard Time),18.870001,19.75,18.780001,19.440001,132600,19.204364,OSIR
Thu Jun 18 2015 00:00:00 GMT+0800 (China Standard Time),19.57,20.700001,19.469999,20.4,260900,20.152727,OSIR
Fri Jun 19 2015 00:00:00 GMT+0800 (China Standard Time),20.48,20.57,19.950001,19.98,257900,19.737818,OSIR
Mon Jun 22 2015 00:00:00 GMT+0800 (China Standard Time),20.1,20.290001,19.809999,20.030001,153900,19.787213,OSIR
Tue Jun 23 2015 00:00:00 GMT+0800 (China Standard Time),19.99,20.18,19.549999,19.99,119500,19.747697,OSIR
Wed Jun 24 2015 00:00:00 GMT+0800 (China Standard Time),19.99,19.99,19.52,19.540001,118100,19.303153,OSIR
Thu Jun 25 2015 00:00:00 GMT+0800 (China Standard Time),19.639999,19.66,19.42,19.49,72500,19.253758,OSIR
Fri Jun 26 2015 00:00:00 GMT+0800 (China Standard Time),19.6,19.799999,19.18,19.379999,212700,19.14509,OSIR
Mon Jun 29 2015 00:00:00 GMT+0800 (China Standard Time),19.290001,19.690001,18.74,18.780001,197400,18.552365,OSIR
Tue Jun 30 2015 00:00:00 GMT+0800 (China Standard Time),19.23,19.700001,19.049999,19.459999,236000,19.224121,OSIR
Wed Jul 01 2015 00:00:00 GMT+0800 (China Standard Time),19.719999,20.07,19.15,19.559999,152200,19.322909,OSIR
Thu Jul 02 2015 00:00:00 GMT+0800 (China Standard Time),19.530001,19.719999,19.200001,19.27,145100,19.036425,OSIR
Mon Jul 06 2015 00:00:00 GMT+0800 (China Standard Time),19.030001,19.950001,19,19.52,93100,19.283395,OSIR
Tue Jul 07 2015 00:00:00 GMT+0800 (China Standard Time),19.52,19.629999,19,19.15,133200,18.917879,OSIR
Wed Jul 08 2015 00:00:00 GMT+0800 (China Standard Time),18.91,19.110001,18.719999,18.75,175400,18.522727,OSIR
Thu Jul 09 2015 00:00:00 GMT+0800 (China Standard Time),19.049999,19.07,18.52,18.66,89400,18.433818,OSIR
Fri Jul 10 2015 00:00:00 GMT+0800 (China Standard Time),19.030001,19.370001,18.83,19.309999,153400,19.075939,OSIR
Mon Jul 13 2015 00:00:00 GMT+0800 (China Standard Time),19.549999,20.4,19.370001,20.34,189500,20.093455,OSIR
Tue Jul 14 2015 00:00:00 GMT+0800 (China Standard Time),20.57,21.440001,20.51,20.940001,156600,20.686183,OSIR
Wed Jul 15 2015 00:00:00 GMT+0800 (China Standard Time),21.030001,21.030001,19.959999,20.030001,156700,19.787213,OSIR
Thu Jul 16 2015 00:00:00 GMT+0800 (China Standard Time),20.25,22.799999,20.25,22.639999,445800,22.365575,OSIR
Fri Jul 17 2015 00:00:00 GMT+0800 (China Standard Time),22.74,23.67,21.950001,22.32,383500,22.049455,OSIR
Mon Jul 20 2015 00:00:00 GMT+0800 (China Standard Time),22.540001,23.23,21.91,22.540001,208200,22.266789,OSIR
Tue Jul 21 2015 00:00:00 GMT+0800 (China Standard Time),22.5,22.57,21.559999,21.91,150000,21.644424,OSIR
Wed Jul 22 2015 00:00:00 GMT+0800 (China Standard Time),21.690001,22.690001,21.620001,22.610001,106400,22.33594,OSIR
Thu Jul 23 2015 00:00:00 GMT+0800 (China Standard Time),22.719999,22.98,21.91,21.99,107300,21.723455,OSIR
Fri Jul 24 2015 00:00:00 GMT+0800 (China Standard Time),21.870001,22.639999,21.5,21.719999,136500,21.456727,OSIR
Mon Jul 27 2015 00:00:00 GMT+0800 (China Standard Time),21.82,21.82,21.07,21.719999,86500,21.456727,OSIR
Tue Jul 28 2015 00:00:00 GMT+0800 (China Standard Time),21.91,21.91,21.23,21.5,124300,21.239394,OSIR
Wed Jul 29 2015 00:00:00 GMT+0800 (China Standard Time),21.4,21.5,20.879999,20.9,289300,20.646667,OSIR
Thu Jul 30 2015 00:00:00 GMT+0800 (China Standard Time),20.76,21.35,20.6,21.049999,144300,20.794848,OSIR
Fri Jul 31 2015 00:00:00 GMT+0800 (China Standard Time),21.15,21.690001,21.049999,21.33,120600,21.071455,OSIR
Mon Aug 03 2015 00:00:00 GMT+0800 (China Standard Time),21.42,22.07,21.059999,21.290001,180200,21.031941,OSIR
Tue Aug 04 2015 00:00:00 GMT+0800 (China Standard Time),21.389999,21.450001,20.200001,20.85,294300,20.597273,OSIR
Wed Aug 05 2015 00:00:00 GMT+0800 (China Standard Time),19.860001,20.67,18.700001,18.83,779300,18.601758,OSIR
Thu Aug 06 2015 00:00:00 GMT+0800 (China Standard Time),18.82,19.370001,18.209999,18.299999,311300,18.078181,OSIR
Fri Aug 07 2015 00:00:00 GMT+0800 (China Standard Time),18.299999,18.700001,17.66,18.219999,294500,17.999151,OSIR
Mon Aug 10 2015 00:00:00 GMT+0800 (China Standard Time),18.18,18.65,17.93,18.23,292400,18.00903,OSIR
Tue Aug 11 2015 00:00:00 GMT+0800 (China Standard Time),18.129999,18.530001,17.77,18.4,300600,18.17697,OSIR
Wed Aug 12 2015 00:00:00 GMT+0800 (China Standard Time),18.02,18.790001,18,18.469999,200000,18.246121,OSIR
Thu Aug 13 2015 00:00:00 GMT+0800 (China Standard Time),18.549999,18.790001,17.84,17.879999,102700,17.663272,OSIR
Fri Aug 14 2015 00:00:00 GMT+0800 (China Standard Time),17.799999,17.9,16.9,17.26,366200,17.050788,OSIR
Mon Aug 17 2015 00:00:00 GMT+0800 (China Standard Time),17.139999,17.68,16.91,17.469999,170100,17.258242,OSIR
Tue Aug 18 2015 00:00:00 GMT+0800 (China Standard Time),17.309999,17.940001,17.219999,17.389999,159200,17.179212,OSIR
Wed Aug 19 2015 00:00:00 GMT+0800 (China Standard Time),17.24,17.82,17.049999,17.6,123600,17.386667,OSIR
Thu Aug 20 2015 00:00:00 GMT+0800 (China Standard Time),17.41,17.9,17.309999,17.440001,213300,17.228607,OSIR
Fri Aug 21 2015 00:00:00 GMT+0800 (China Standard Time),17.02,18.48,17.02,17.610001,294500,17.396546,OSIR
Mon Aug 24 2015 00:00:00 GMT+0800 (China Standard Time),16.870001,17.27,16.299999,17.02,293000,16.813698,OSIR
Tue Aug 25 2015 00:00:00 GMT+0800 (China Standard Time),17.639999,17.969999,17.049999,17.35,162600,17.139698,OSIR
Wed Aug 26 2015 00:00:00 GMT+0800 (China Standard Time),17.77,18.059999,17.040001,18.01,207400,17.791697,OSIR
Thu Aug 27 2015 00:00:00 GMT+0800 (China Standard Time),18.129999,18.309999,17.65,18.139999,213900,17.920121,OSIR
Fri Aug 28 2015 00:00:00 GMT+0800 (China Standard Time),18.27,18.82,17.73,18.73,185900,18.502969,OSIR
Mon Aug 31 2015 00:00:00 GMT+0800 (China Standard Time),18.68,19.049999,17.969999,18,249200,17.781818,OSIR
Tue Sep 01 2015 00:00:00 GMT+0800 (China Standard Time),17.75,18.02,17.459999,17.629999,183400,17.416302,OSIR
Wed Sep 02 2015 00:00:00 GMT+0800 (China Standard Time),17.950001,18.450001,17.73,18.450001,155800,18.226365,OSIR
Thu Sep 03 2015 00:00:00 GMT+0800 (China Standard Time),18.450001,18.530001,18.15,18.17,148100,17.949758,OSIR
Fri Sep 04 2015 00:00:00 GMT+0800 (China Standard Time),17.940001,18.52,17.940001,18.459999,116400,18.236242,OSIR
Tue Sep 08 2015 00:00:00 GMT+0800 (China Standard Time),18.85,19.07,18.280001,19.059999,120200,18.828969,OSIR
Wed Sep 09 2015 00:00:00 GMT+0800 (China Standard Time),19.27,19.27,18.6,18.639999,107800,18.41406,OSIR
Thu Sep 10 2015 00:00:00 GMT+0800 (China Standard Time),18.629999,19.030001,18.530001,18.799999,118900,18.572121,OSIR
Fri Sep 11 2015 00:00:00 GMT+0800 (China Standard Time),18.6,19.74,18.59,19.32,172800,19.085818,OSIR
Mon Sep 14 2015 00:00:00 GMT+0800 (China Standard Time),19.42,19.42,19.040001,19.360001,79100,19.125334,OSIR
Tue Sep 15 2015 00:00:00 GMT+0800 (China Standard Time),19.309999,19.700001,19.16,19.540001,58900,19.303153,OSIR
Wed Sep 16 2015 00:00:00 GMT+0800 (China Standard Time),19.639999,19.690001,19.030001,19.35,106600,19.115455,OSIR
Thu Sep 17 2015 00:00:00 GMT+0800 (China Standard Time),19.35,20.299999,19.209999,20.129999,156100,19.885999,OSIR
Fri Sep 18 2015 00:00:00 GMT+0800 (China Standard Time),19.870001,20.42,19.469999,19.690001,330500,19.451334,OSIR
Mon Sep 21 2015 00:00:00 GMT+0800 (China Standard Time),20.049999,20.049999,18.110001,19.200001,277100,18.967274,OSIR
Tue Sep 22 2015 00:00:00 GMT+0800 (China Standard Time),19.049999,19.58,18.57,18.940001,160100,18.710425,OSIR
Wed Sep 23 2015 00:00:00 GMT+0800 (China Standard Time),19,19.690001,18.76,19.32,81000,19.085818,OSIR
Thu Sep 24 2015 00:00:00 GMT+0800 (China Standard Time),19.24,19.26,18.59,19.09,128900,18.858606,OSIR
Fri Sep 25 2015 00:00:00 GMT+0800 (China Standard Time),19.35,19.440001,17.799999,18.040001,222300,17.821334,OSIR
Mon Sep 28 2015 00:00:00 GMT+0800 (China Standard Time),17.91,17.91,17.08,17.43,223100,17.218728,OSIR
Tue Sep 29 2015 00:00:00 GMT+0800 (China Standard Time),17.4,18.58,17.299999,17.799999,208600,17.584242,OSIR
Wed Sep 30 2015 00:00:00 GMT+0800 (China Standard Time),18.02,18.6,17.879999,18.469999,151900,18.246121,OSIR
Thu Oct 01 2015 00:00:00 GMT+0800 (China Standard Time),18.129999,18.190001,17,18.01,343600,17.791697,OSIR
Fri Oct 02 2015 00:00:00 GMT+0800 (China Standard Time),17.700001,18.18,17.450001,17.84,123200,17.623758,OSIR
Mon Oct 05 2015 00:00:00 GMT+0800 (China Standard Time),18.08,18.23,17.07,17.58,125900,17.366909,OSIR
Tue Oct 06 2015 00:00:00 GMT+0800 (China Standard Time),17.33,17.540001,16.030001,16.559999,367300,16.359272,OSIR
Wed Oct 07 2015 00:00:00 GMT+0800 (China Standard Time),16.719999,17.34,16.040001,17.02,216600,16.813698,OSIR
Thu Oct 08 2015 00:00:00 GMT+0800 (China Standard Time),17.040001,17.040001,16.280001,16.66,92100,16.458061,OSIR
Fri Oct 09 2015 00:00:00 GMT+0800 (China Standard Time),16.66,17.139999,16.549999,16.969999,78800,16.764303,OSIR
Mon Oct 12 2015 00:00:00 GMT+0800 (China Standard Time),16.969999,17.1,16.610001,16.950001,43800,16.744546,OSIR
Tue Oct 13 2015 00:00:00 GMT+0800 (China Standard Time),16.75,17.27,16.48,16.5,134900,16.3,OSIR
Wed Oct 14 2015 00:00:00 GMT+0800 (China Standard Time),16.440001,16.629999,16.15,16.18,122500,16.18,OSIR
Thu Oct 15 2015 00:00:00 GMT+0800 (China Standard Time),16.129999,16.59,16.129999,16.5,140000,16.5,OSIR
Fri Oct 16 2015 00:00:00 GMT+0800 (China Standard Time),16.57,16.91,16.1,16.52,234700,16.52,OSIR
Mon Oct 19 2015 00:00:00 GMT+0800 (China Standard Time),16.32,17.120001,16.08,16.73,196300,16.73,OSIR
Tue Oct 20 2015 00:00:00 GMT+0800 (China Standard Time),16.76,16.950001,16.290001,16.48,120000,16.48,OSIR
Wed Oct 21 2015 00:00:00 GMT+0800 (China Standard Time),16.639999,17.110001,16.1,16.99,270300,16.99,OSIR
Thu Oct 22 2015 00:00:00 GMT+0800 (China Standard Time),17.059999,17.32,16.51,16.959999,140400,16.959999,OSIR
Fri Oct 23 2015 00:00:00 GMT+0800 (China Standard Time),17.17,17.57,17.059999,17.25,160000,17.25,OSIR
Mon Oct 26 2015 00:00:00 GMT+0800 (China Standard Time),17.280001,17.709999,17.139999,17.23,300400,17.23,OSIR
Tue Oct 27 2015 00:00:00 GMT+0800 (China Standard Time),17.129999,17.549999,16.92,17.51,155100,17.51,OSIR
Wed Oct 28 2015 00:00:00 GMT+0800 (China Standard Time),17.5,18.299999,17.190001,18.290001,96000,18.290001,OSIR
Thu Oct 29 2015 00:00:00 GMT+0800 (China Standard Time),18.309999,18.5,16.200001,16.43,620300,16.43,OSIR
Fri Oct 30 2015 00:00:00 GMT+0800 (China Standard Time),16.49,17.08,16.219999,17.030001,254900,17.030001,OSIR
Mon Nov 02 2015 00:00:00 GMT+0800 (China Standard Time),17.129999,18.129999,16.57,18.08,146800,18.08,OSIR
Tue Nov 03 2015 00:00:00 GMT+0800 (China Standard Time),17.99,18.219999,17.559999,17.780001,121200,17.780001,OSIR
Wed Nov 04 2015 00:00:00 GMT+0800 (China Standard Time),17.91,18.35,17.33,18.34,131100,18.34,OSIR
Thu Nov 05 2015 00:00:00 GMT+0800 (China Standard Time),18.25,18.450001,18.200001,18.25,182300,18.25,OSIR
Fri Nov 06 2015 00:00:00 GMT+0800 (China Standard Time),16.5,17.49,14.52,14.54,928000,14.54,OSIR
Mon Nov 09 2015 00:00:00 GMT+0800 (China Standard Time),14.81,15.22,14.52,14.68,473400,14.68,OSIR
Tue Nov 10 2015 00:00:00 GMT+0800 (China Standard Time),14.2,14.48,13.21,14.34,455900,14.34,OSIR
Wed Nov 11 2015 00:00:00 GMT+0800 (China Standard Time),14.34,14.93,14.13,14.63,247100,14.63,OSIR
Thu Nov 12 2015 00:00:00 GMT+0800 (China Standard Time),14.6,14.88,14.43,14.65,189800,14.65,OSIR
Fri Nov 13 2015 00:00:00 GMT+0800 (China Standard Time),14.54,14.82,14.23,14.31,108500,14.31,OSIR
Mon Nov 16 2015 00:00:00 GMT+0800 (China Standard Time),14.27,14.37,13.67,13.98,253700,13.98,OSIR
Tue Nov 17 2015 00:00:00 GMT+0800 (China Standard Time),9.86,11.75,9.8,10.97,2047600,10.97,OSIR
Wed Nov 18 2015 00:00:00 GMT+0800 (China Standard Time),10.97,11.07,10.25,10.54,722700,10.54,OSIR
Thu Nov 19 2015 00:00:00 GMT+0800 (China Standard Time),10.68,10.74,10.38,10.57,272300,10.57,OSIR
Fri Nov 20 2015 00:00:00 GMT+0800 (China Standard Time),10.66,11.26,10.6,10.73,366300,10.73,OSIR
Mon Nov 23 2015 00:00:00 GMT+0800 (China Standard Time),10.77,10.9,10.17,10.2,317100,10.2,OSIR
Tue Nov 24 2015 00:00:00 GMT+0800 (China Standard Time),10.22,10.57,10.19,10.46,406300,10.46,OSIR
Wed Nov 25 2015 00:00:00 GMT+0800 (China Standard Time),10.37,10.57,10.24,10.28,160100,10.28,OSIR
Fri Nov 27 2015 00:00:00 GMT+0800 (China Standard Time),10.25,10.48,10.18,10.38,81000,10.38,OSIR
Mon Nov 30 2015 00:00:00 GMT+0800 (China Standard Time),10.53,10.53,10.03,10.26,259000,10.26,OSIR
Tue Dec 01 2015 00:00:00 GMT+0800 (China Standard Time),10.4,10.62,9.98,10.52,298500,10.52,OSIR
Wed Dec 02 2015 00:00:00 GMT+0800 (China Standard Time),10.45,10.69,10.29,10.41,231800,10.41,OSIR
Thu Dec 03 2015 00:00:00 GMT+0800 (China Standard Time),10.34,10.46,9.94,10.01,141600,10.01,OSIR
Fri Dec 04 2015 00:00:00 GMT+0800 (China Standard Time),10,10.32,9.98,10.26,117400,10.26,OSIR
Mon Dec 07 2015 00:00:00 GMT+0800 (China Standard Time),10.31,10.35,10,10.13,179900,10.13,OSIR
Tue Dec 08 2015 00:00:00 GMT+0800 (China Standard Time),10.09,10.3,10,10.11,158800,10.11,OSIR
Wed Dec 09 2015 00:00:00 GMT+0800 (China Standard Time),10.1,10.26,9.94,10.03,130600,10.03,OSIR
Thu Dec 10 2015 00:00:00 GMT+0800 (China Standard Time),10.03,10.15,9.93,10.11,134400,10.11,OSIR
Fri Dec 11 2015 00:00:00 GMT+0800 (China Standard Time),9.98,10.11,9.81,9.87,124000,9.87,OSIR
Mon Dec 14 2015 00:00:00 GMT+0800 (China Standard Time),9.86,9.99,9.76,9.93,110300,9.93,OSIR
Tue Dec 15 2015 00:00:00 GMT+0800 (China Standard Time),10.02,10.23,9.95,10.02,114600,10.02,OSIR
Wed Dec 16 2015 00:00:00 GMT+0800 (China Standard Time),10.04,10.22,9.9,10.1,134000,10.1,OSIR
Thu Dec 17 2015 00:00:00 GMT+0800 (China Standard Time),10.16,10.98,10.02,10.9,187700,10.9,OSIR
Fri Dec 18 2015 00:00:00 GMT+0800 (China Standard Time),10,10.69,9.81,10.21,1421700,10.21,OSIR
Mon Dec 21 2015 00:00:00 GMT+0800 (China Standard Time),10.32,10.84,10.23,10.83,224200,10.83,OSIR
Tue Dec 22 2015 00:00:00 GMT+0800 (China Standard Time),10.83,10.84,10.44,10.48,109900,10.48,OSIR
Wed Dec 23 2015 00:00:00 GMT+0800 (China Standard Time),10.51,10.6,10.26,10.44,107100,10.44,OSIR
Thu Dec 24 2015 00:00:00 GMT+0800 (China Standard Time),10.47,10.78,10.38,10.42,82600,10.42,OSIR
Mon Dec 28 2015 00:00:00 GMT+0800 (China Standard Time),10.34,10.75,10.32,10.39,208000,10.39,OSIR
Tue Dec 29 2015 00:00:00 GMT+0800 (China Standard Time),10.48,10.57,10.39,10.5,112400,10.5,OSIR
Wed Dec 30 2015 00:00:00 GMT+0800 (China Standard Time),10.51,10.54,10.32,10.42,131900,10.42,OSIR
Thu Dec 31 2015 00:00:00 GMT+0800 (China Standard Time),10.35,10.48,10.3,10.38,144400,10.38,OSIR
Mon Jan 04 2016 00:00:00 GMT+0800 (China Standard Time),10.25,10.41,9.97,10.03,306100,10.03,OSIR
Tue Jan 05 2016 00:00:00 GMT+0800 (China Standard Time),10.26,10.67,10.26,10.42,304100,10.42,OSIR
Wed Jan 06 2016 00:00:00 GMT+0800 (China Standard Time),10.31,10.43,9.82,10.16,319100,10.16,OSIR
Thu Jan 07 2016 00:00:00 GMT+0800 (China Standard Time),10.01,10.52,9.91,10.4,379000,10.4,OSIR
Fri Jan 08 2016 00:00:00 GMT+0800 (China Standard Time),10.48,10.58,9.67,9.73,262900,9.73,OSIR
Mon Jan 11 2016 00:00:00 GMT+0800 (China Standard Time),9.82,9.82,8.93,9.12,214700,9.12,OSIR
Tue Jan 12 2016 00:00:00 GMT+0800 (China Standard Time),9.26,9.66,8.96,9.23,163900,9.23,OSIR
Wed Jan 13 2016 00:00:00 GMT+0800 (China Standard Time),9.27,9.4,8.64,8.7,127800,8.7,OSIR
Thu Jan 14 2016 00:00:00 GMT+0800 (China Standard Time),8.66,8.94,8.39,8.78,343000,8.78,OSIR
Fri Jan 15 2016 00:00:00 GMT+0800 (China Standard Time),8.58,8.59,7.03,7.28,1403100,7.28,OSIR
Tue Jan 19 2016 00:00:00 GMT+0800 (China Standard Time),7.3,7.69,6.93,7.01,531400,7.01,OSIR
Wed Jan 20 2016 00:00:00 GMT+0800 (China Standard Time),6.93,7.44,6.67,7.27,262500,7.27,OSIR
Thu Jan 21 2016 00:00:00 GMT+0800 (China Standard Time),7.31,7.31,6.93,7.02,360000,7.02,OSIR
Fri Jan 22 2016 00:00:00 GMT+0800 (China Standard Time),7.03,7.59,7,7.49,238700,7.49,OSIR
Mon Jan 25 2016 00:00:00 GMT+0800 (China Standard Time),7.47,7.75,7.37,7.39,121600,7.39,OSIR
Tue Jan 26 2016 00:00:00 GMT+0800 (China Standard Time),7.44,7.71,7.07,7.58,168200,7.58,OSIR
Wed Jan 27 2016 00:00:00 GMT+0800 (China Standard Time),7.58,7.61,7.15,7.23,98500,7.23,OSIR
Thu Jan 28 2016 00:00:00 GMT+0800 (China Standard Time),7.28,7.36,7,7.15,83600,7.15,OSIR
Fri Jan 29 2016 00:00:00 GMT+0800 (China Standard Time),7.15,7.53,6.98,7.16,183400,7.16,OSIR
Mon Feb 01 2016 00:00:00 GMT+0800 (China Standard Time),7.13,7.86,6.91,7.29,147900,7.29,OSIR
Tue Feb 02 2016 00:00:00 GMT+0800 (China Standard Time),7.26,7.39,6.96,7.02,127800,7.02,OSIR
Wed Feb 03 2016 00:00:00 GMT+0800 (China Standard Time),7.05,7.06,6.74,6.99,114100,6.99,OSIR
Thu Feb 04 2016 00:00:00 GMT+0800 (China Standard Time),6.5,6.57,5.87,6.06,386700,6.06,OSIR
Fri Feb 05 2016 00:00:00 GMT+0800 (China Standard Time),6.07,6.43,6.04,6.39,146200,6.39,OSIR
Mon Feb 08 2016 00:00:00 GMT+0800 (China Standard Time),6.3,6.31,6,6.23,120400,6.23,OSIR
Tue Feb 09 2016 00:00:00 GMT+0800 (China Standard Time),6.2,6.45,6.13,6.4,112000,6.4,OSIR
Wed Feb 10 2016 00:00:00 GMT+0800 (China Standard Time),6.49,6.99,6.49,6.54,107000,6.54,OSIR
Thu Feb 11 2016 00:00:00 GMT+0800 (China Standard Time),6.41,6.71,6.26,6.68,170700,6.68,OSIR
Fri Feb 12 2016 00:00:00 GMT+0800 (China Standard Time),6.72,6.77,6.32,6.66,105900,6.66,OSIR
Tue Feb 16 2016 00:00:00 GMT+0800 (China Standard Time),6.76,7.13,6.76,6.89,143200,6.89,OSIR
Wed Feb 17 2016 00:00:00 GMT+0800 (China Standard Time),7,7.65,7,7.58,328300,7.58,OSIR
Thu Feb 18 2016 00:00:00 GMT+0800 (China Standard Time),7.6,7.61,7.1,7.25,137600,7.25,OSIR
Fri Feb 19 2016 00:00:00 GMT+0800 (China Standard Time),7.25,7.32,6.99,7.19,162200,7.19,OSIR
Mon Feb 22 2016 00:00:00 GMT+0800 (China Standard Time),7.24,7.43,7.17,7.38,91200,7.38,OSIR
Tue Feb 23 2016 00:00:00 GMT+0800 (China Standard Time),7.34,7.51,7.23,7.37,128600,7.37,OSIR
Wed Feb 24 2016 00:00:00 GMT+0800 (China Standard Time),7.34,7.4,6.94,7.19,66300,7.19,OSIR
Thu Feb 25 2016 00:00:00 GMT+0800 (China Standard Time),7.19,7.2,6.98,7.18,79700,7.18,OSIR
Fri Feb 26 2016 00:00:00 GMT+0800 (China Standard Time),7.18,7.39,6.79,7.24,171500,7.24,OSIR
Mon Feb 29 2016 00:00:00 GMT+0800 (China Standard Time),7.23,7.32,7.11,7.14,69900,7.14,OSIR
Tue Mar 01 2016 00:00:00 GMT+0800 (China Standard Time),7.17,7.37,6.91,7.34,96000,7.34,OSIR
Wed Mar 02 2016 00:00:00 GMT+0800 (China Standard Time),7.3,7.68,7.14,7.54,102200,7.54,OSIR
Thu Mar 03 2016 00:00:00 GMT+0800 (China Standard Time),7.41,7.72,7.25,7.39,96500,7.39,OSIR
Fri Mar 04 2016 00:00:00 GMT+0800 (China Standard Time),7.5,7.75,7.06,7.28,183600,7.28,OSIR
Mon Mar 07 2016 00:00:00 GMT+0800 (China Standard Time),7.22,7.48,7.21,7.3,172200,7.3,OSIR
Tue Mar 08 2016 00:00:00 GMT+0800 (China Standard Time),7.29,7.87,6.42,6.46,680400,6.46,OSIR
Wed Mar 09 2016 00:00:00 GMT+0800 (China Standard Time),6.5,6.5,5.25,5.75,2596900,5.75,OSIR
Thu Mar 10 2016 00:00:00 GMT+0800 (China Standard Time),5.77,6.05,5.14,5.49,794800,5.49,OSIR
Fri Mar 11 2016 00:00:00 GMT+0800 (China Standard Time),5.54,5.66,5.34,5.41,325400,5.41,OSIR
Mon Mar 14 2016 00:00:00 GMT+0800 (China Standard Time),5.48,5.62,5.34,5.36,370300,5.36,OSIR
Tue Mar 15 2016 00:00:00 GMT+0800 (China Standard Time),5.34,5.39,5.06,5.13,252300,5.13,OSIR
Wed Mar 16 2016 00:00:00 GMT+0800 (China Standard Time),3.65,4.96,3.55,4.86,760800,4.86,OSIR
Thu Mar 17 2016 00:00:00 GMT+0800 (China Standard Time),4.8,5.14,4.72,4.99,192600,4.99,OSIR
Fri Mar 18 2016 00:00:00 GMT+0800 (China Standard Time),5,5.26,4.92,5.2,279500,5.2,OSIR
Mon Mar 21 2016 00:00:00 GMT+0800 (China Standard Time),5.4,5.78,5.34,5.5,233000,5.5,OSIR
Tue Mar 22 2016 00:00:00 GMT+0800 (China Standard Time),5.57,5.87,5.56,5.71,181200,5.71,OSIR
Wed Mar 23 2016 00:00:00 GMT+0800 (China Standard Time),5.78,5.78,4.97,5.01,332000,5.01,OSIR
Thu Mar 24 2016 00:00:00 GMT+0800 (China Standard Time),4.95,5.2,4.46,5.04,367100,5.04,OSIR
Mon Mar 28 2016 00:00:00 GMT+0800 (China Standard Time),5.05,5.1,4.86,5.02,134700,5.02,OSIR
Tue Mar 29 2016 00:00:00 GMT+0800 (China Standard Time),5.01,5.34,5,5.31,124800,5.31,OSIR
Wed Mar 30 2016 00:00:00 GMT+0800 (China Standard Time),5.48,5.6,5.25,5.4,178800,5.4,OSIR
Thu Mar 31 2016 00:00:00 GMT+0800 (China Standard Time),5.37,5.83,5.36,5.71,163700,5.71,OSIR
Fri Apr 01 2016 00:00:00 GMT+0800 (China Standard Time),5.67,5.78,5.38,5.46,124600,5.46,OSIR
Mon Apr 04 2016 00:00:00 GMT+0800 (China Standard Time),5.46,5.59,5.36,5.39,137600,5.39,OSIR
Tue Apr 05 2016 00:00:00 GMT+0800 (China Standard Time),5.4,5.52,5.26,5.36,140300,5.36,OSIR
Wed Apr 06 2016 00:00:00 GMT+0800 (China Standard Time),5.34,5.52,5.32,5.52,160800,5.52,OSIR
Thu Apr 07 2016 00:00:00 GMT+0800 (China Standard Time),5.48,5.64,5.4,5.58,120000,5.58,OSIR
Fri Apr 08 2016 00:00:00 GMT+0800 (China Standard Time),5.65,5.8,5.32,5.69,221300,5.69,OSIR
Mon Apr 11 2016 00:00:00 GMT+0800 (China Standard Time),5.69,5.82,5.6,5.75,157900,5.75,OSIR
Tue Apr 12 2016 00:00:00 GMT+0800 (China Standard Time),5.78,6.08,5.74,6.01,157200,6.01,OSIR
Wed Apr 13 2016 00:00:00 GMT+0800 (China Standard Time),6.08,6.79,6.04,6.56,293400,6.56,OSIR
Thu Apr 14 2016 00:00:00 GMT+0800 (China Standard Time),6.95,6.95,6.5,6.57,149200,6.57,OSIR
Fri Apr 15 2016 00:00:00 GMT+0800 (China Standard Time),6.5,6.77,6.28,6.4,263500,6.4,OSIR
Mon Apr 18 2016 00:00:00 GMT+0800 (China Standard Time),6.33,6.42,6.18,6.37,116400,6.37,OSIR
Tue Apr 19 2016 00:00:00 GMT+0800 (China Standard Time),6.42,6.43,6.01,6.11,94700,6.11,OSIR
Wed Apr 20 2016 00:00:00 GMT+0800 (China Standard Time),6.16,6.29,6.01,6.07,89300,6.07,OSIR
Thu Apr 21 2016 00:00:00 GMT+0800 (China Standard Time),6.05,6.24,6.02,6.09,149600,6.09,OSIR
Fri Apr 22 2016 00:00:00 GMT+0800 (China Standard Time),6.1,6.24,6.05,6.16,82500,6.16,OSIR
Mon Apr 25 2016 00:00:00 GMT+0800 (China Standard Time),6.17,6.23,6.03,6.14,118500,6.14,OSIR
Tue Apr 26 2016 00:00:00 GMT+0800 (China Standard Time),6.13,6.18,5.95,6.09,75800,6.09,OSIR
Wed Apr 27 2016 00:00:00 GMT+0800 (China Standard Time),6.06,6.06,5.68,5.93,169700,5.93,OSIR
Thu Apr 28 2016 00:00:00 GMT+0800 (China Standard Time),5.93,6.04,5.72,5.87,146400,5.87,OSIR
Fri Apr 29 2016 00:00:00 GMT+0800 (China Standard Time),5.84,6,5.56,5.61,68800,5.61,OSIR
Mon May 02 2016 00:00:00 GMT+0800 (China Standard Time),5.67,6.14,5.47,5.75,194800,5.75,OSIR
Tue May 03 2016 00:00:00 GMT+0800 (China Standard Time),5.68,5.93,5.29,5.33,142800,5.33,OSIR
Wed May 04 2016 00:00:00 GMT+0800 (China Standard Time),5.31,5.45,5,5.01,184000,5.01,OSIR
Thu May 05 2016 00:00:00 GMT+0800 (China Standard Time),5.05,5.06,4.65,4.75,205000,4.75,OSIR
Fri May 06 2016 00:00:00 GMT+0800 (China Standard Time),4.71,5.17,4.71,4.97,135500,4.97,OSIR
Mon May 09 2016 00:00:00 GMT+0800 (China Standard Time),4.95,5.33,4.91,5.21,97400,5.21,OSIR
Tue May 10 2016 00:00:00 GMT+0800 (China Standard Time),5.27,5.37,4.97,5.18,104800,5.18,OSIR
Wed May 11 2016 00:00:00 GMT+0800 (China Standard Time),5.24,5.47,4.88,4.95,93000,4.95,OSIR
Thu May 12 2016 00:00:00 GMT+0800 (China Standard Time),4.97,5.03,4.68,4.84,177700,4.84,OSIR
Fri May 13 2016 00:00:00 GMT+0800 (China Standard Time),4.82,5.07,4.75,4.91,135700,4.91,OSIR
Mon May 16 2016 00:00:00 GMT+0800 (China Standard Time),4.93,5.23,4.9,5.06,132900,5.06,OSIR
Tue May 17 2016 00:00:00 GMT+0800 (China Standard Time),5.05,5.23,4.99,5.05,171200,5.05,OSIR
Wed May 18 2016 00:00:00 GMT+0800 (China Standard Time),5.02,5.19,5,5.1,93800,5.1,OSIR
Thu May 19 2016 00:00:00 GMT+0800 (China Standard Time),5.07,5.31,4.8,4.89,213300,4.89,OSIR
Fri May 20 2016 00:00:00 GMT+0800 (China Standard Time),4.91,5.25,4.87,5.07,127300,5.07,OSIR
Mon May 23 2016 00:00:00 GMT+0800 (China Standard Time),5.07,5.28,5.05,5.18,126000,5.18,OSIR
Tue May 24 2016 00:00:00 GMT+0800 (China Standard Time),5.16,5.49,5.16,5.45,108300,5.45,OSIR
Wed May 25 2016 00:00:00 GMT+0800 (China Standard Time),5.5,5.72,5.46,5.59,129800,5.59,OSIR
Thu May 26 2016 00:00:00 GMT+0800 (China Standard Time),5.58,5.7,5.48,5.59,107700,5.59,OSIR
Fri May 27 2016 00:00:00 GMT+0800 (China Standard Time),5.63,5.75,5.49,5.67,74100,5.67,OSIR
Tue May 31 2016 00:00:00 GMT+0800 (China Standard Time),4.75,5.22,4.75,5.01,443000,5.01,OSIR
Wed Jun 01 2016 00:00:00 GMT+0800 (China Standard Time),5.02,5.16,4.9,5.13,160700,5.13,OSIR
Thu Jun 02 2016 00:00:00 GMT+0800 (China Standard Time),5.12,5.31,5.01,5.18,85400,5.18,OSIR
Fri Jun 03 2016 00:00:00 GMT+0800 (China Standard Time),5.19,5.33,5.02,5.06,87000,5.06,OSIR
Mon Jun 06 2016 00:00:00 GMT+0800 (China Standard Time),5.1,5.18,5.01,5.05,117500,5.05,OSIR
Tue Jun 07 2016 00:00:00 GMT+0800 (China Standard Time),5.05,5.35,5,5.01,83200,5.01,OSIR
Wed Jun 08 2016 00:00:00 GMT+0800 (China Standard Time),5,5.09,5,5.05,103600,5.05,OSIR
Thu Jun 09 2016 00:00:00 GMT+0800 (China Standard Time),5.01,5.08,5,5,116300,5,OSIR
Fri Jun 10 2016 00:00:00 GMT+0800 (China Standard Time),5,5.04,4.92,4.93,124400,4.93,OSIR
Mon Jun 13 2016 00:00:00 GMT+0800 (China Standard Time),4.85,5.08,4.81,4.89,167600,4.89,OSIR
Tue Jun 14 2016 00:00:00 GMT+0800 (China Standard Time),4.88,4.91,4.58,4.73,159700,4.73,OSIR
Wed Jun 15 2016 00:00:00 GMT+0800 (China Standard Time),4.74,4.78,4.55,4.72,98000,4.72,OSIR
Thu Jun 16 2016 00:00:00 GMT+0800 (China Standard Time),4.6,4.86,4.56,4.83,78600,4.83,OSIR
Fri Jun 17 2016 00:00:00 GMT+0800 (China Standard Time),4.85,5.01,4.75,4.89,308600,4.89,OSIR
Mon Jun 20 2016 00:00:00 GMT+0800 (China Standard Time),4.94,5.29,4.86,5.15,133200,5.15,OSIR
Tue Jun 21 2016 00:00:00 GMT+0800 (China Standard Time),5.17,5.27,5.04,5.17,67600,5.17,OSIR
Wed Jun 22 2016 00:00:00 GMT+0800 (China Standard Time),5.16,5.4,5.07,5.2,61800,5.2,OSIR
Thu Jun 23 2016 00:00:00 GMT+0800 (China Standard Time),5.27,5.51,5.24,5.5,98100,5.5,OSIR
Fri Jun 24 2016 00:00:00 GMT+0800 (China Standard Time),5.18,5.44,5.12,5.18,385500,5.18,OSIR
Mon Jun 27 2016 00:00:00 GMT+0800 (China Standard Time),5.09,5.53,5.02,5.15,105500,5.15,OSIR
Tue Jun 28 2016 00:00:00 GMT+0800 (China Standard Time),5.21,5.45,5.2,5.3,114000,5.3,OSIR
Wed Jun 29 2016 00:00:00 GMT+0800 (China Standard Time),5.34,5.34,5.06,5.12,111300,5.12,OSIR
Thu Jun 30 2016 00:00:00 GMT+0800 (China Standard Time),5.11,5.16,5.02,5.09,75600,5.09,OSIR
Fri Jul 01 2016 00:00:00 GMT+0800 (China Standard Time),5.08,5.18,5.02,5.05,65300,5.05,OSIR
Tue Jul 05 2016 00:00:00 GMT+0800 (China Standard Time),5.02,5.02,4.9,4.92,54000,4.92,OSIR
Wed Jul 06 2016 00:00:00 GMT+0800 (China Standard Time),4.9,5.04,4.86,4.94,38800,4.94,OSIR
Thu Jul 07 2016 00:00:00 GMT+0800 (China Standard Time),4.94,4.95,4.8,4.86,61700,4.86,OSIR
Fri Jul 08 2016 00:00:00 GMT+0800 (China Standard Time),4.89,5.04,4.86,5.03,50800,5.03,OSIR
Mon Jul 11 2016 00:00:00 GMT+0800 (China Standard Time),5.05,5.15,5.04,5.05,61100,5.05,OSIR
Tue Jul 12 2016 00:00:00 GMT+0800 (China Standard Time),5.06,5.2,4.98,5.07,89500,5.07,OSIR
Wed Jul 13 2016 00:00:00 GMT+0800 (China Standard Time),5.12,5.17,4.9,4.94,45400,4.94,OSIR
Thu Jul 14 2016 00:00:00 GMT+0800 (China Standard Time),5,5.01,4.85,4.95,43500,4.95,OSIR
Fri Jul 15 2016 00:00:00 GMT+0800 (China Standard Time),5.01,5.15,4.95,5.1,57800,5.1,OSIR
Mon Jul 18 2016 00:00:00 GMT+0800 (China Standard Time),5.08,5.22,5.08,5.2,45300,5.2,OSIR
Tue Jul 19 2016 00:00:00 GMT+0800 (China Standard Time),5.19,5.24,5.15,5.17,38100,5.17,OSIR
Wed Jul 20 2016 00:00:00 GMT+0800 (China Standard Time),5.21,5.42,5.16,5.22,61700,5.22,OSIR
Thu Jul 21 2016 00:00:00 GMT+0800 (China Standard Time),5.24,5.46,5.16,5.21,44400,5.21,OSIR
Fri Jul 22 2016 00:00:00 GMT+0800 (China Standard Time),5.18,5.25,5.08,5.13,26200,5.13,OSIR
Mon Jul 25 2016 00:00:00 GMT+0800 (China Standard Time),5.1,5.1,5,5.01,38200,5.01,OSIR
Tue Jul 26 2016 00:00:00 GMT+0800 (China Standard Time),4.99,5.1,4.9,4.98,31300,4.98,OSIR
Wed Jul 27 2016 00:00:00 GMT+0800 (China Standard Time),5.02,5.05,4.94,5.02,39200,5.02,OSIR
Thu Jul 28 2016 00:00:00 GMT+0800 (China Standard Time),5,5,4.84,4.96,42600,4.96,OSIR
Fri Jul 29 2016 00:00:00 GMT+0800 (China Standard Time),4.92,5.08,4.87,5,40700,5,OSIR
Mon Aug 01 2016 00:00:00 GMT+0800 (China Standard Time),5,5.08,4.98,5.05,31700,5.05,OSIR
Tue Aug 02 2016 00:00:00 GMT+0800 (China Standard Time),4.89,5.17,4.89,5.13,48400,5.13,OSIR
Wed Aug 03 2016 00:00:00 GMT+0800 (China Standard Time),5.1,5.31,5.1,5.29,49300,5.29,OSIR
Thu Aug 04 2016 00:00:00 GMT+0800 (China Standard Time),5.29,5.39,5.22,5.32,34100,5.32,OSIR
Fri Aug 05 2016 00:00:00 GMT+0800 (China Standard Time),5.7,5.82,5.48,5.53,128800,5.53,OSIR
Mon Aug 08 2016 00:00:00 GMT+0800 (China Standard Time),5.52,5.63,5.44,5.59,42000,5.59,OSIR
Tue Aug 09 2016 00:00:00 GMT+0800 (China Standard Time),5.51,5.58,5.43,5.48,52800,5.48,OSIR
Wed Aug 10 2016 00:00:00 GMT+0800 (China Standard Time),5.45,5.45,5,5.07,103800,5.07,OSIR
Thu Aug 11 2016 00:00:00 GMT+0800 (China Standard Time),5.06,5.35,5.05,5.29,59200,5.29,OSIR
Fri Aug 12 2016 00:00:00 GMT+0800 (China Standard Time),5.26,5.67,5.26,5.47,88900,5.47,OSIR
Mon Aug 15 2016 00:00:00 GMT+0800 (China Standard Time),5.41,5.58,5.02,5.4,37900,5.4,OSIR
Tue Aug 16 2016 00:00:00 GMT+0800 (China Standard Time),5.33,5.43,5.27,5.3,26500,5.3,OSIR
Wed Aug 17 2016 00:00:00 GMT+0800 (China Standard Time),5.31,5.41,5.1,5.28,33700,5.28,OSIR
Thu Aug 18 2016 00:00:00 GMT+0800 (China Standard Time),5.33,5.36,5.16,5.24,27700,5.24,OSIR
Fri Aug 19 2016 00:00:00 GMT+0800 (China Standard Time),5.22,5.24,5.08,5.18,57500,5.18,OSIR
Mon Aug 22 2016 00:00:00 GMT+0800 (China Standard Time),5.2,5.24,5.09,5.2,18600,5.2,OSIR
Tue Aug 23 2016 00:00:00 GMT+0800 (China Standard Time),5.2,5.28,5.05,5.12,28400,5.12,OSIR
Wed Aug 24 2016 00:00:00 GMT+0800 (China Standard Time),5.12,5.26,4.95,4.97,82000,4.97,OSIR
Thu Aug 25 2016 00:00:00 GMT+0800 (China Standard Time),4.97,5.11,4.95,5.05,52100,5.05,OSIR
Fri Aug 26 2016 00:00:00 GMT+0800 (China Standard Time),5.02,5.2,4.96,4.99,46400,4.99,OSIR
Mon Aug 29 2016 00:00:00 GMT+0800 (China Standard Time),4.99,4.99,4.84,4.92,35300,4.92,OSIR
Tue Aug 30 2016 00:00:00 GMT+0800 (China Standard Time),4.89,5.07,4.88,5.01,42800,5.01,OSIR
Wed Aug 31 2016 00:00:00 GMT+0800 (China Standard Time),5.04,5.07,4.9,5.01,71300,5.01,OSIR
Thu Sep 01 2016 00:00:00 GMT+0800 (China Standard Time),5.01,5.18,4.97,5.14,41100,5.14,OSIR
Fri Sep 02 2016 00:00:00 GMT+0800 (China Standard Time),5.2,5.27,5.11,5.25,49900,5.25,OSIR
Tue Sep 06 2016 00:00:00 GMT+0800 (China Standard Time),5.28,5.6,5.24,5.55,90300,5.55,OSIR
Wed Sep 07 2016 00:00:00 GMT+0800 (China Standard Time),5.56,5.76,5.56,5.69,65900,5.69,OSIR
Thu Sep 08 2016 00:00:00 GMT+0800 (China Standard Time),5.72,5.95,5.6,5.93,65400,5.93,OSIR
Fri Sep 09 2016 00:00:00 GMT+0800 (China Standard Time),5.75,5.79,5.28,5.3,80000,5.3,OSIR
Mon Sep 12 2016 00:00:00 GMT+0800 (China Standard Time),5.27,5.46,5.16,5.27,40100,5.27,OSIR
Tue Sep 13 2016 00:00:00 GMT+0800 (China Standard Time),5.18,5.21,4.97,5.01,53500,5.01,OSIR
Wed Sep 14 2016 00:00:00 GMT+0800 (China Standard Time),5.05,5.12,5.02,5.05,32600,5.05,OSIR
Thu Sep 15 2016 00:00:00 GMT+0800 (China Standard Time),5.02,5.22,5.02,5.12,87900,5.12,OSIR
Fri Sep 16 2016 00:00:00 GMT+0800 (China Standard Time),5.14,5.14,5,5.08,83200,5.08,OSIR
Mon Sep 19 2016 00:00:00 GMT+0800 (China Standard Time),5,5.13,5,5.04,24300,5.04,OSIR
Tue Sep 20 2016 00:00:00 GMT+0800 (China Standard Time),5.06,5.16,4.94,4.97,82700,4.97,OSIR
Wed Sep 21 2016 00:00:00 GMT+0800 (China Standard Time),4.99,5.03,4.67,4.89,98800,4.89,OSIR
Thu Sep 22 2016 00:00:00 GMT+0800 (China Standard Time),4.9,4.97,4.81,4.89,75500,4.89,OSIR
Fri Sep 23 2016 00:00:00 GMT+0800 (China Standard Time),4.8,4.86,4.75,4.78,55100,4.78,OSIR
Mon Sep 26 2016 00:00:00 GMT+0800 (China Standard Time),4.75,4.78,4.63,4.69,47000,4.69,OSIR
Tue Sep 27 2016 00:00:00 GMT+0800 (China Standard Time),4.68,4.84,4.57,4.72,75500,4.72,OSIR
Wed Sep 28 2016 00:00:00 GMT+0800 (China Standard Time),4.74,4.85,4.65,4.83,42200,4.83,OSIR
Thu Sep 29 2016 00:00:00 GMT+0800 (China Standard Time),4.78,4.78,4.63,4.7,35100,4.7,OSIR
Fri Sep 30 2016 00:00:00 GMT+0800 (China Standard Time),4.78,5.02,4.65,4.96,108900,4.96,OSIR
Mon Oct 03 2016 00:00:00 GMT+0800 (China Standard Time),4.99,5.01,4.85,4.92,25600,4.92,OSIR
Tue Oct 04 2016 00:00:00 GMT+0800 (China Standard Time),4.94,4.96,4.8,4.82,52900,4.82,OSIR
Wed Oct 05 2016 00:00:00 GMT+0800 (China Standard Time),4.82,4.92,4.73,4.78,46700,4.78,OSIR
Thu Oct 06 2016 00:00:00 GMT+0800 (China Standard Time),4.83,4.9,4.69,4.72,68000,4.72,OSIR
Fri Oct 07 2016 00:00:00 GMT+0800 (China Standard Time),4.72,4.8,4.65,4.75,32800,4.75,OSIR
Mon Oct 10 2016 00:00:00 GMT+0800 (China Standard Time),4.77,4.94,4.73,4.78,43400,4.78,OSIR
Tue Oct 11 2016 00:00:00 GMT+0800 (China Standard Time),4.75,4.83,4.58,4.59,46500,4.59,OSIR
Wed Oct 12 2016 00:00:00 GMT+0800 (China Standard Time),4.61,4.7,4.51,4.61,35500,4.61,OSIR
Thu Oct 13 2016 00:00:00 GMT+0800 (China Standard Time),4.57,4.61,4.38,4.5,78700,4.5,OSIR
Fri Oct 14 2016 00:00:00 GMT+0800 (China Standard Time),4.5,4.52,4.29,4.34,81500,4.34,OSIR
Mon Oct 17 2016 00:00:00 GMT+0800 (China Standard Time),4.31,4.36,4.11,4.34,86600,4.34,OSIR
Tue Oct 18 2016 00:00:00 GMT+0800 (China Standard Time),4.34,4.46,4.26,4.31,57800,4.31,OSIR
Wed Oct 19 2016 00:00:00 GMT+0800 (China Standard Time),4.3,4.38,4.23,4.29,29300,4.29,OSIR
Thu Oct 20 2016 00:00:00 GMT+0800 (China Standard Time),4.3,4.34,4.17,4.2,111700,4.2,OSIR
Fri Oct 21 2016 00:00:00 GMT+0800 (China Standard Time),4.2,4.35,4.12,4.21,63300,4.21,OSIR
Mon Oct 24 2016 00:00:00 GMT+0800 (China Standard Time),4.18,4.22,4.14,4.17,52500,4.17,OSIR
Tue Oct 25 2016 00:00:00 GMT+0800 (China Standard Time),4.17,4.19,4.05,4.13,47000,4.13,OSIR
Wed Oct 26 2016 00:00:00 GMT+0800 (China Standard Time),4.08,4.15,4.03,4.04,26800,4.04,OSIR
Thu Oct 27 2016 00:00:00 GMT+0800 (China Standard Time),4.05,4.2,4,4.16,125400,4.16,OSIR
Fri Oct 28 2016 00:00:00 GMT+0800 (China Standard Time),4.15,4.19,4.01,4.06,68400,4.06,OSIR
Mon Oct 31 2016 00:00:00 GMT+0800 (China Standard Time),4.02,4.05,4,4.01,72300,4.01,OSIR
Tue Nov 01 2016 00:00:00 GMT+0800 (China Standard Time),4.06,4.4,4,4.19,98100,4.19,OSIR
Wed Nov 02 2016 00:00:00 GMT+0800 (China Standard Time),4.2,4.41,4.19,4.2,62900,4.2,OSIR
Thu Nov 03 2016 00:00:00 GMT+0800 (China Standard Time),4.27,4.27,4,4.05,85100,4.05,OSIR
Fri Nov 04 2016 00:00:00 GMT+0800 (China Standard Time),4.11,4.25,4,4.1,73900,4.1,OSIR
Mon Nov 07 2016 00:00:00 GMT+0800 (China Standard Time),4.25,4.33,4.12,4.19,66600,4.19,OSIR
Tue Nov 08 2016 00:00:00 GMT+0800 (China Standard Time),4.43,5.47,4.43,5.18,1283400,5.18,OSIR
Wed Nov 09 2016 00:00:00 GMT+0800 (China Standard Time),4.84,5.43,4.84,5.4,567100,5.4,OSIR
Thu Nov 10 2016 00:00:00 GMT+0800 (China Standard Time),5.47,6.88,5.38,6.64,906000,6.64,OSIR
Fri Nov 11 2016 00:00:00 GMT+0800 (China Standard Time),6.5,7.39,6.31,6.89,746900,6.89,OSIR
