Thu Jan 02 2014 00:00:00 GMT+0800 (China Standard Time),57.779999,58.139999,56.75,57.360001,168100,55.027523,POOL
Fri Jan 03 2014 00:00:00 GMT+0800 (China Standard Time),57.360001,57.77,56.959999,57.34,118900,55.008336,POOL
Mon Jan 06 2014 00:00:00 GMT+0800 (China Standard Time),57.299999,57.77,56.439999,56.57,157800,54.269646,POOL
Tue Jan 07 2014 00:00:00 GMT+0800 (China Standard Time),56.689999,56.98,56.279999,56.860001,128900,54.547855,POOL
Wed Jan 08 2014 00:00:00 GMT+0800 (China Standard Time),56.75,56.860001,56.049999,56.700001,214200,54.394361,POOL
Thu Jan 09 2014 00:00:00 GMT+0800 (China Standard Time),56.959999,56.959999,55.990002,56.349998,122400,54.058591,POOL
Fri Jan 10 2014 00:00:00 GMT+0800 (China Standard Time),56.43,56.950001,55.810001,56.57,233400,54.269646,POOL
Mon Jan 13 2014 00:00:00 GMT+0800 (China Standard Time),56.259998,56.610001,55.459999,55.799999,199300,53.530957,POOL
Tue Jan 14 2014 00:00:00 GMT+0800 (China Standard Time),56.09,56.09,55.299999,55.950001,129200,53.674859,POOL
Wed Jan 15 2014 00:00:00 GMT+0800 (China Standard Time),56.029999,56.130001,55.720001,55.860001,150900,53.588519,POOL
Thu Jan 16 2014 00:00:00 GMT+0800 (China Standard Time),55.68,56.669998,55.52,56.529999,200500,54.231272,POOL
Fri Jan 17 2014 00:00:00 GMT+0800 (China Standard Time),56.5,56.709999,56.18,56.630001,191800,54.327208,POOL
Tue Jan 21 2014 00:00:00 GMT+0800 (China Standard Time),57.130001,57.27,56.639999,56.830002,161300,54.519076,POOL
Wed Jan 22 2014 00:00:00 GMT+0800 (China Standard Time),57.130001,57.130001,56.52,57.040001,107200,54.720536,POOL
Thu Jan 23 2014 00:00:00 GMT+0800 (China Standard Time),56.93,57.110001,56.349998,56.799999,191900,54.490293,POOL
Fri Jan 24 2014 00:00:00 GMT+0800 (China Standard Time),56.32,56.950001,55.18,55.32,253600,53.070476,POOL
Mon Jan 27 2014 00:00:00 GMT+0800 (China Standard Time),55.639999,55.939999,54.59,54.689999,152300,52.466093,POOL
Tue Jan 28 2014 00:00:00 GMT+0800 (China Standard Time),54.630001,55.380001,54.330002,55.310001,289600,53.060884,POOL
Wed Jan 29 2014 00:00:00 GMT+0800 (China Standard Time),54.759998,55.299999,53.990002,54.389999,154700,52.178293,POOL
Thu Jan 30 2014 00:00:00 GMT+0800 (China Standard Time),54.970001,55,54.279999,54.369999,207400,52.159106,POOL
Fri Jan 31 2014 00:00:00 GMT+0800 (China Standard Time),53.330002,55.16,53.330002,54.18,343500,51.976834,POOL
Mon Feb 03 2014 00:00:00 GMT+0800 (China Standard Time),54.130001,54.150002,51.990002,52.68,347200,50.537829,POOL
Tue Feb 04 2014 00:00:00 GMT+0800 (China Standard Time),52.75,53.630001,52.27,53.259998,241600,51.094242,POOL
Wed Feb 05 2014 00:00:00 GMT+0800 (China Standard Time),52.919998,53.57,52.66,53.220001,167400,51.055872,POOL
Thu Feb 06 2014 00:00:00 GMT+0800 (China Standard Time),53.259998,54.110001,53.259998,53.799999,163400,51.612285,POOL
Fri Feb 07 2014 00:00:00 GMT+0800 (China Standard Time),53.810001,54.369999,53.810001,54.279999,171300,52.072766,POOL
Mon Feb 10 2014 00:00:00 GMT+0800 (China Standard Time),54.369999,54.459999,54.09,54.209999,188500,52.005612,POOL
Tue Feb 11 2014 00:00:00 GMT+0800 (China Standard Time),54.330002,54.869999,53.959999,54.580002,126000,52.360569,POOL
Wed Feb 12 2014 00:00:00 GMT+0800 (China Standard Time),54.52,55.189999,54.240002,54.369999,193500,52.159106,POOL
Thu Feb 13 2014 00:00:00 GMT+0800 (China Standard Time),54.119999,55.049999,53.950001,54.93,276400,52.696336,POOL
Fri Feb 14 2014 00:00:00 GMT+0800 (China Standard Time),55.099998,58.41,54.799999,58.209999,380600,55.842957,POOL
Tue Feb 18 2014 00:00:00 GMT+0800 (China Standard Time),57.740002,58.740002,57.740002,58,215900,55.641497,POOL
Wed Feb 19 2014 00:00:00 GMT+0800 (China Standard Time),57.66,58.709999,57.610001,57.82,175000,55.468817,POOL
Thu Feb 20 2014 00:00:00 GMT+0800 (China Standard Time),57.709999,58.5,57.709999,58.119999,120500,55.756617,POOL
Fri Feb 21 2014 00:00:00 GMT+0800 (China Standard Time),58.470001,59.029999,58.189999,58.880001,183300,56.485714,POOL
Mon Feb 24 2014 00:00:00 GMT+0800 (China Standard Time),58.880001,59.900002,58.880001,59.150002,120000,56.744735,POOL
Tue Feb 25 2014 00:00:00 GMT+0800 (China Standard Time),58.98,59.189999,58.52,58.68,84600,56.293846,POOL
Wed Feb 26 2014 00:00:00 GMT+0800 (China Standard Time),58.84,58.970001,58.200001,58.32,188600,55.948485,POOL
Thu Feb 27 2014 00:00:00 GMT+0800 (China Standard Time),58.049999,58.32,57.68,58.259998,121000,55.890923,POOL
Fri Feb 28 2014 00:00:00 GMT+0800 (China Standard Time),58.330002,58.799999,57.970001,58.459999,153800,56.082791,POOL
Mon Mar 03 2014 00:00:00 GMT+0800 (China Standard Time),58.049999,58.630001,57.279999,58.220001,96500,55.852553,POOL
Tue Mar 04 2014 00:00:00 GMT+0800 (China Standard Time),58.919998,60.509998,58.669998,60.150002,261300,57.704072,POOL
Wed Mar 05 2014 00:00:00 GMT+0800 (China Standard Time),60,60,59.48,59.779999,109600,57.349115,POOL
Thu Mar 06 2014 00:00:00 GMT+0800 (China Standard Time),59.639999,60,59.240002,59.400002,109000,56.984569,POOL
Fri Mar 07 2014 00:00:00 GMT+0800 (China Standard Time),59.860001,60.07,59.049999,59.91,82500,57.473829,POOL
Mon Mar 10 2014 00:00:00 GMT+0800 (China Standard Time),59.619999,60.130001,59.34,60.029999,91800,57.588949,POOL
Tue Mar 11 2014 00:00:00 GMT+0800 (China Standard Time),59.880001,59.919998,59.060001,59.369999,130500,57.136626,POOL
Wed Mar 12 2014 00:00:00 GMT+0800 (China Standard Time),58.98,59.380001,58.73,59.360001,85100,57.127004,POOL
Thu Mar 13 2014 00:00:00 GMT+0800 (China Standard Time),59.669998,60.009998,58.599998,58.98,131900,56.761298,POOL
Fri Mar 14 2014 00:00:00 GMT+0800 (China Standard Time),58.810001,59.41,58.650002,58.84,91000,56.626565,POOL
Mon Mar 17 2014 00:00:00 GMT+0800 (China Standard Time),59.099998,59.700001,58.740002,59.169998,173900,56.944149,POOL
Tue Mar 18 2014 00:00:00 GMT+0800 (China Standard Time),59.169998,60.029999,58.73,60.029999,168200,57.771799,POOL
Wed Mar 19 2014 00:00:00 GMT+0800 (China Standard Time),59.799999,62.84,59.799999,61.669998,452900,59.350105,POOL
Thu Mar 20 2014 00:00:00 GMT+0800 (China Standard Time),61.669998,62.580002,60.32,61.740002,214000,59.417475,POOL
Fri Mar 21 2014 00:00:00 GMT+0800 (China Standard Time),62.09,62.490002,61.240002,61.540001,585700,59.224998,POOL
Mon Mar 24 2014 00:00:00 GMT+0800 (China Standard Time),61.459999,61.740002,60.34,61.200001,228600,58.897788,POOL
Tue Mar 25 2014 00:00:00 GMT+0800 (China Standard Time),61.34,61.459999,60.560001,60.939999,175600,58.647566,POOL
Wed Mar 26 2014 00:00:00 GMT+0800 (China Standard Time),61.490002,61.5,60.23,60.630001,178700,58.34923,POOL
Thu Mar 27 2014 00:00:00 GMT+0800 (China Standard Time),60.650002,61.189999,60.130001,60.279999,256200,58.012394,POOL
Fri Mar 28 2014 00:00:00 GMT+0800 (China Standard Time),60.209999,61.200001,59.939999,60.240002,148000,57.973902,POOL
Mon Mar 31 2014 00:00:00 GMT+0800 (China Standard Time),60.689999,61.450001,60.259998,61.32,165900,59.013272,POOL
Tue Apr 01 2014 00:00:00 GMT+0800 (China Standard Time),61.439999,62.48,61.240002,62.419998,190200,60.071891,POOL
Wed Apr 02 2014 00:00:00 GMT+0800 (China Standard Time),62.349998,62.450001,61.77,62.139999,141800,59.802425,POOL
Thu Apr 03 2014 00:00:00 GMT+0800 (China Standard Time),62.150002,62.66,61.529999,62.119999,110500,59.783177,POOL
Fri Apr 04 2014 00:00:00 GMT+0800 (China Standard Time),62.599998,62.599998,60.369999,61.540001,267400,59.224998,POOL
Mon Apr 07 2014 00:00:00 GMT+0800 (China Standard Time),61.209999,61.84,60.619999,61.119999,351900,58.820795,POOL
Tue Apr 08 2014 00:00:00 GMT+0800 (China Standard Time),61.25,61.830002,60.799999,61.220001,156600,58.917036,POOL
Wed Apr 09 2014 00:00:00 GMT+0800 (China Standard Time),61.349998,61.360001,60.419998,60.91,177000,58.618696,POOL
Thu Apr 10 2014 00:00:00 GMT+0800 (China Standard Time),60.68,61,56.779999,57.689999,637200,55.519824,POOL
Fri Apr 11 2014 00:00:00 GMT+0800 (China Standard Time),57.099998,58.130001,56.689999,56.939999,332300,54.798038,POOL
Mon Apr 14 2014 00:00:00 GMT+0800 (China Standard Time),57.650002,58.07,56.759998,57.400002,180800,55.240736,POOL
Tue Apr 15 2014 00:00:00 GMT+0800 (China Standard Time),57.509998,57.98,56.43,57.799999,145500,55.625687,POOL
Wed Apr 16 2014 00:00:00 GMT+0800 (China Standard Time),58.32,58.529999,57.59,58.290001,228500,56.097256,POOL
Thu Apr 17 2014 00:00:00 GMT+0800 (China Standard Time),58.799999,58.799999,56.549999,57.66,264400,55.490954,POOL
Mon Apr 21 2014 00:00:00 GMT+0800 (China Standard Time),57.68,57.75,56.939999,57.650002,157200,55.481332,POOL
Tue Apr 22 2014 00:00:00 GMT+0800 (China Standard Time),57.650002,58.630001,56.950001,58.34,239900,56.145374,POOL
Wed Apr 23 2014 00:00:00 GMT+0800 (China Standard Time),58.299999,58.650002,57.560001,57.990002,283300,55.808542,POOL
Thu Apr 24 2014 00:00:00 GMT+0800 (China Standard Time),58.330002,58.5,57.389999,58.25,243300,56.05876,POOL
Fri Apr 25 2014 00:00:00 GMT+0800 (China Standard Time),58.169998,58.259998,57.32,57.830002,282900,55.654561,POOL
Mon Apr 28 2014 00:00:00 GMT+0800 (China Standard Time),57.900002,58.68,56.73,57.990002,326700,55.808542,POOL
Tue Apr 29 2014 00:00:00 GMT+0800 (China Standard Time),58.299999,58.529999,57.860001,58.07,161200,55.88553,POOL
Wed Apr 30 2014 00:00:00 GMT+0800 (China Standard Time),58.009998,59.07,57.419998,59.02,250100,56.799794,POOL
Thu May 01 2014 00:00:00 GMT+0800 (China Standard Time),58.93,59.43,57.68,58.220001,241700,56.029889,POOL
Fri May 02 2014 00:00:00 GMT+0800 (China Standard Time),58.470001,59.25,57.990002,58.310001,240000,56.116504,POOL
Mon May 05 2014 00:00:00 GMT+0800 (China Standard Time),58.029999,58.490002,57.439999,58.41,180200,56.212741,POOL
Tue May 06 2014 00:00:00 GMT+0800 (China Standard Time),57.880001,58.439999,57.150002,57.57,414000,55.404339,POOL
Wed May 07 2014 00:00:00 GMT+0800 (China Standard Time),57.52,58.52,57.16,58.41,213300,56.212741,POOL
Thu May 08 2014 00:00:00 GMT+0800 (China Standard Time),58.5,59.310001,57.099998,57.220001,267100,55.067507,POOL
Fri May 09 2014 00:00:00 GMT+0800 (China Standard Time),57.240002,58.59,56.5,58.549999,278900,56.347473,POOL
Mon May 12 2014 00:00:00 GMT+0800 (China Standard Time),58.540001,60.080002,58.099998,59.639999,230700,57.39647,POOL
Tue May 13 2014 00:00:00 GMT+0800 (China Standard Time),59.540001,59.959999,58.52,58.560001,270200,56.357099,POOL
Wed May 14 2014 00:00:00 GMT+0800 (China Standard Time),58.27,58.27,57.189999,57.630001,344200,55.462084,POOL
Thu May 15 2014 00:00:00 GMT+0800 (China Standard Time),57.599998,58.240002,57.470001,58.009998,299300,55.827786,POOL
Fri May 16 2014 00:00:00 GMT+0800 (China Standard Time),58,58.650002,57.610001,58.599998,215800,56.395592,POOL
Mon May 19 2014 00:00:00 GMT+0800 (China Standard Time),58.09,58.639999,57.970001,58.18,139700,56.202395,POOL
Tue May 20 2014 00:00:00 GMT+0800 (China Standard Time),58,58,56.75,57.189999,287800,55.246044,POOL
Wed May 21 2014 00:00:00 GMT+0800 (China Standard Time),57.490002,57.970001,57.029999,57.560001,430100,55.60347,POOL
Thu May 22 2014 00:00:00 GMT+0800 (China Standard Time),57.580002,58.23,57.389999,57.939999,360300,55.970551,POOL
Fri May 23 2014 00:00:00 GMT+0800 (China Standard Time),58.09,58.48,57.549999,58.450001,314400,56.463218,POOL
Tue May 27 2014 00:00:00 GMT+0800 (China Standard Time),58.919998,59.490002,58.490002,59.040001,148600,57.033163,POOL
Wed May 28 2014 00:00:00 GMT+0800 (China Standard Time),58.959999,59.139999,57.93,57.950001,175300,55.980213,POOL
Thu May 29 2014 00:00:00 GMT+0800 (China Standard Time),58.209999,58.27,57.220001,57.639999,283300,55.680749,POOL
Fri May 30 2014 00:00:00 GMT+0800 (China Standard Time),57.84,58.259998,57.48,57.73,352400,55.76769,POOL
Mon Jun 02 2014 00:00:00 GMT+0800 (China Standard Time),57.75,58.369999,56.869999,57.23,242800,55.284686,POOL
Tue Jun 03 2014 00:00:00 GMT+0800 (China Standard Time),56.689999,57.290001,56.48,57.220001,292400,55.275027,POOL
Wed Jun 04 2014 00:00:00 GMT+0800 (China Standard Time),57.099998,57.849998,56.970001,57.540001,154800,55.58415,POOL
Thu Jun 05 2014 00:00:00 GMT+0800 (China Standard Time),57.720001,58.360001,57.259998,58.360001,204800,56.376277,POOL
Fri Jun 06 2014 00:00:00 GMT+0800 (China Standard Time),58.759998,59.419998,58.669998,58.73,193900,56.733699,POOL
Mon Jun 09 2014 00:00:00 GMT+0800 (China Standard Time),58.669998,59.490002,58.669998,59.169998,92900,57.158741,POOL
Tue Jun 10 2014 00:00:00 GMT+0800 (China Standard Time),59.049999,59.130001,58.709999,58.84,133900,56.83996,POOL
Wed Jun 11 2014 00:00:00 GMT+0800 (China Standard Time),58.57,58.91,57.810001,58.400002,145300,56.414918,POOL
Thu Jun 12 2014 00:00:00 GMT+0800 (China Standard Time),58.169998,58.189999,57.560001,58.119999,152400,56.144433,POOL
Fri Jun 13 2014 00:00:00 GMT+0800 (China Standard Time),58.27,58.82,57.630001,57.709999,183500,55.748369,POOL
Mon Jun 16 2014 00:00:00 GMT+0800 (China Standard Time),57.490002,57.66,57.07,57.32,212900,55.371627,POOL
Tue Jun 17 2014 00:00:00 GMT+0800 (China Standard Time),57.32,58.029999,57.119999,57.860001,208900,55.893272,POOL
Wed Jun 18 2014 00:00:00 GMT+0800 (China Standard Time),58.040001,58.139999,57.599998,57.919998,175700,55.95123,POOL
Thu Jun 19 2014 00:00:00 GMT+0800 (China Standard Time),58.200001,58.200001,57.150002,57.189999,161200,55.246044,POOL
Fri Jun 20 2014 00:00:00 GMT+0800 (China Standard Time),57.189999,57.860001,56.98,57,468800,55.062504,POOL
Mon Jun 23 2014 00:00:00 GMT+0800 (China Standard Time),57.18,57.509998,56.73,57.200001,264800,55.255706,POOL
Tue Jun 24 2014 00:00:00 GMT+0800 (China Standard Time),56.950001,57.919998,56.91,57.48,313000,55.526188,POOL
Wed Jun 25 2014 00:00:00 GMT+0800 (China Standard Time),57.18,58.049999,56.919998,57.98,361100,56.009192,POOL
Thu Jun 26 2014 00:00:00 GMT+0800 (China Standard Time),57.939999,58.330002,57.529999,57.639999,238000,55.680749,POOL
Fri Jun 27 2014 00:00:00 GMT+0800 (China Standard Time),57.299999,58.099998,57.200001,57.810001,844400,55.844972,POOL
Mon Jun 30 2014 00:00:00 GMT+0800 (China Standard Time),57.52,57.52,56.459999,56.560001,392600,54.637461,POOL
Tue Jul 01 2014 00:00:00 GMT+0800 (China Standard Time),56.830002,57.849998,56.16,57.529999,238600,55.574488,POOL
Wed Jul 02 2014 00:00:00 GMT+0800 (China Standard Time),57.18,57.580002,56.73,56.849998,156300,54.917601,POOL
Thu Jul 03 2014 00:00:00 GMT+0800 (China Standard Time),56.990002,57.59,56.990002,57.369999,111200,55.419926,POOL
Mon Jul 07 2014 00:00:00 GMT+0800 (China Standard Time),57.25,57.810001,56.93,57.27,229600,55.323327,POOL
Tue Jul 08 2014 00:00:00 GMT+0800 (China Standard Time),57.18,57.18,56.23,56.32,254200,54.405618,POOL
Wed Jul 09 2014 00:00:00 GMT+0800 (China Standard Time),56.389999,57.02,56.119999,56.490002,192200,54.569841,POOL
Thu Jul 10 2014 00:00:00 GMT+0800 (China Standard Time),55.470001,56.450001,54.5,56.25,266300,54.337997,POOL
Fri Jul 11 2014 00:00:00 GMT+0800 (China Standard Time),56.040001,56.5,55.470001,55.639999,233700,53.748731,POOL
Mon Jul 14 2014 00:00:00 GMT+0800 (China Standard Time),56.119999,56.119999,55.400002,55.599998,156600,53.71009,POOL
Tue Jul 15 2014 00:00:00 GMT+0800 (China Standard Time),55.720001,55.849998,54.77,54.799999,152200,52.937284,POOL
Wed Jul 16 2014 00:00:00 GMT+0800 (China Standard Time),54.950001,55.049999,54.16,54.360001,219900,52.512241,POOL
Thu Jul 17 2014 00:00:00 GMT+0800 (China Standard Time),55.150002,56.830002,55.150002,55.650002,430800,53.758394,POOL
Fri Jul 18 2014 00:00:00 GMT+0800 (China Standard Time),55.5,56.450001,55.5,56.16,290100,54.251056,POOL
Mon Jul 21 2014 00:00:00 GMT+0800 (China Standard Time),55.959999,56.419998,55.369999,55.66,283500,53.768052,POOL
Tue Jul 22 2014 00:00:00 GMT+0800 (China Standard Time),55.790001,56.279999,55.52,55.689999,177500,53.797031,POOL
Wed Jul 23 2014 00:00:00 GMT+0800 (China Standard Time),55.860001,56.209999,55.369999,55.91,147800,54.009554,POOL
Thu Jul 24 2014 00:00:00 GMT+0800 (China Standard Time),56,56.419998,55.459999,55.610001,220000,53.719752,POOL
Fri Jul 25 2014 00:00:00 GMT+0800 (China Standard Time),55.209999,55.73,55.130001,55.459999,197600,53.574849,POOL
Mon Jul 28 2014 00:00:00 GMT+0800 (China Standard Time),55.43,55.709999,55.150002,55.299999,209700,53.420288,POOL
Tue Jul 29 2014 00:00:00 GMT+0800 (China Standard Time),55.330002,55.459999,54.490002,54.549999,292300,52.695782,POOL
Wed Jul 30 2014 00:00:00 GMT+0800 (China Standard Time),54.799999,55.419998,54.139999,55.279999,166200,53.400968,POOL
Thu Jul 31 2014 00:00:00 GMT+0800 (China Standard Time),54.950001,55.330002,54.740002,54.759998,263800,52.898643,POOL
Fri Aug 01 2014 00:00:00 GMT+0800 (China Standard Time),54.919998,55.23,54.48,54.630001,248400,52.773064,POOL
Mon Aug 04 2014 00:00:00 GMT+0800 (China Standard Time),54.82,54.84,53.950001,54.68,426100,52.821364,POOL
Tue Aug 05 2014 00:00:00 GMT+0800 (China Standard Time),54.330002,54.900002,54.23,54.889999,336300,53.024225,POOL
Wed Aug 06 2014 00:00:00 GMT+0800 (China Standard Time),54.59,55.560001,54.439999,55.240002,127800,53.36233,POOL
Thu Aug 07 2014 00:00:00 GMT+0800 (China Standard Time),55.34,55.790001,55.060001,55.299999,152200,53.420288,POOL
Fri Aug 08 2014 00:00:00 GMT+0800 (China Standard Time),55.259998,56.389999,55.049999,56.32,154700,54.405618,POOL
Mon Aug 11 2014 00:00:00 GMT+0800 (China Standard Time),56.299999,56.919998,56.259998,56.259998,117000,54.560782,POOL
Tue Aug 12 2014 00:00:00 GMT+0800 (China Standard Time),55.950001,56.23,55.509998,55.73,170100,54.046791,POOL
Wed Aug 13 2014 00:00:00 GMT+0800 (China Standard Time),55.82,55.990002,55.240002,55.599998,189500,53.920716,POOL
Thu Aug 14 2014 00:00:00 GMT+0800 (China Standard Time),55.689999,55.919998,55.099998,55.889999,196100,54.201958,POOL
Fri Aug 15 2014 00:00:00 GMT+0800 (China Standard Time),56.389999,56.419998,55.07,55.599998,147400,53.920716,POOL
Mon Aug 18 2014 00:00:00 GMT+0800 (China Standard Time),56.189999,56.529999,55.599998,56.43,129300,54.725649,POOL
Tue Aug 19 2014 00:00:00 GMT+0800 (China Standard Time),56.48,56.810001,56.32,56.32,138900,54.618971,POOL
Wed Aug 20 2014 00:00:00 GMT+0800 (China Standard Time),55.990002,56.330002,55.59,56.110001,126300,54.415314,POOL
Thu Aug 21 2014 00:00:00 GMT+0800 (China Standard Time),56.029999,56.400002,55.700001,56.150002,169300,54.454107,POOL
Fri Aug 22 2014 00:00:00 GMT+0800 (China Standard Time),56.240002,56.57,56.09,56.349998,93800,54.648064,POOL
Mon Aug 25 2014 00:00:00 GMT+0800 (China Standard Time),56.669998,56.900002,56.07,56.27,105300,54.570482,POOL
Tue Aug 26 2014 00:00:00 GMT+0800 (China Standard Time),56.169998,56.77,55.84,56.669998,148900,54.958398,POOL
Wed Aug 27 2014 00:00:00 GMT+0800 (China Standard Time),56.779999,57,56.419998,56.490002,103500,54.783838,POOL
Thu Aug 28 2014 00:00:00 GMT+0800 (China Standard Time),56.23,56.68,56,56.360001,98700,54.657764,POOL
Fri Aug 29 2014 00:00:00 GMT+0800 (China Standard Time),56.380001,56.75,56.110001,56.66,101600,54.948702,POOL
Tue Sep 02 2014 00:00:00 GMT+0800 (China Standard Time),56.900002,57,56.259998,56.73,160900,55.016588,POOL
Wed Sep 03 2014 00:00:00 GMT+0800 (China Standard Time),56.900002,56.950001,56.040001,56.130001,166300,54.434711,POOL
Thu Sep 04 2014 00:00:00 GMT+0800 (China Standard Time),56.240002,56.52,55.790001,55.91,123600,54.221354,POOL
Fri Sep 05 2014 00:00:00 GMT+0800 (China Standard Time),55.630001,56.560001,55.439999,55.599998,206700,53.920716,POOL
Mon Sep 08 2014 00:00:00 GMT+0800 (China Standard Time),55.52,55.57,54.919998,55.25,226700,53.581288,POOL
Tue Sep 09 2014 00:00:00 GMT+0800 (China Standard Time),55.080002,55.740002,54.650002,54.990002,131700,53.329143,POOL
Wed Sep 10 2014 00:00:00 GMT+0800 (China Standard Time),54.959999,55.52,54.66,55.310001,110100,53.639478,POOL
Thu Sep 11 2014 00:00:00 GMT+0800 (China Standard Time),54.98,55.830002,54.880001,55.759998,153000,54.075883,POOL
Fri Sep 12 2014 00:00:00 GMT+0800 (China Standard Time),55.919998,55.93,54.720001,54.75,439200,53.09639,POOL
Mon Sep 15 2014 00:00:00 GMT+0800 (China Standard Time),54.669998,56.09,54.380001,55.41,326700,53.736456,POOL
Tue Sep 16 2014 00:00:00 GMT+0800 (China Standard Time),55.299999,55.560001,54.830002,55.419998,139400,53.746152,POOL
Wed Sep 17 2014 00:00:00 GMT+0800 (China Standard Time),55.400002,55.990002,55.150002,55.639999,146700,53.959509,POOL
Thu Sep 18 2014 00:00:00 GMT+0800 (China Standard Time),55.709999,56.549999,55.48,56.169998,213100,54.4735,POOL
Fri Sep 19 2014 00:00:00 GMT+0800 (China Standard Time),56.23,56.509998,55.75,55.959999,554100,54.269843,POOL
Mon Sep 22 2014 00:00:00 GMT+0800 (China Standard Time),55.75,56.07,55.470001,55.560001,232500,53.881927,POOL
Tue Sep 23 2014 00:00:00 GMT+0800 (China Standard Time),55.540001,55.57,54.220001,54.34,355800,52.698773,POOL
Wed Sep 24 2014 00:00:00 GMT+0800 (China Standard Time),54.23,54.990002,54.119999,54.759998,118200,53.106086,POOL
Thu Sep 25 2014 00:00:00 GMT+0800 (China Standard Time),54.759998,54.759998,54.220001,54.240002,163300,52.601795,POOL
Fri Sep 26 2014 00:00:00 GMT+0800 (China Standard Time),54.23,54.630001,54.099998,54.470001,145300,52.824848,POOL
Mon Sep 29 2014 00:00:00 GMT+0800 (China Standard Time),53.970001,54.66,53.900002,54.560001,117400,52.91213,POOL
Tue Sep 30 2014 00:00:00 GMT+0800 (China Standard Time),54.389999,54.580002,53.91,53.919998,253700,52.291456,POOL
Wed Oct 01 2014 00:00:00 GMT+0800 (China Standard Time),53.959999,54.200001,53.029999,53.66,262100,52.039311,POOL
Thu Oct 02 2014 00:00:00 GMT+0800 (China Standard Time),53.66,55.240002,53.66,54.830002,177800,53.173975,POOL
Fri Oct 03 2014 00:00:00 GMT+0800 (China Standard Time),55.41,55.610001,54.759998,54.779999,143200,53.125483,POOL
Mon Oct 06 2014 00:00:00 GMT+0800 (China Standard Time),54.830002,55.299999,54.459999,55.150002,163600,53.48431,POOL
Tue Oct 07 2014 00:00:00 GMT+0800 (China Standard Time),54.740002,55.439999,54.18,54.240002,177100,52.601795,POOL
Wed Oct 08 2014 00:00:00 GMT+0800 (China Standard Time),54.119999,55.25,53.860001,55.099998,232200,53.435817,POOL
Thu Oct 09 2014 00:00:00 GMT+0800 (China Standard Time),55.099998,55.290001,53.900002,53.939999,186300,52.310853,POOL
Fri Oct 10 2014 00:00:00 GMT+0800 (China Standard Time),53.630001,54.369999,53.450001,53.869999,241200,52.242967,POOL
Mon Oct 13 2014 00:00:00 GMT+0800 (China Standard Time),54.009998,54.41,53.439999,53.66,207800,52.039311,POOL
Tue Oct 14 2014 00:00:00 GMT+0800 (China Standard Time),54.110001,54.580002,53.23,53.34,257200,51.728976,POOL
Wed Oct 15 2014 00:00:00 GMT+0800 (China Standard Time),52.790001,54.169998,51.610001,53.720001,366500,52.0975,POOL
Thu Oct 16 2014 00:00:00 GMT+0800 (China Standard Time),53.25,57.580002,52.889999,57.48,608200,55.743935,POOL
Fri Oct 17 2014 00:00:00 GMT+0800 (China Standard Time),58.119999,58.279999,56.700001,56.889999,264400,55.171755,POOL
Mon Oct 20 2014 00:00:00 GMT+0800 (China Standard Time),56.779999,57.610001,56.779999,57.490002,167300,55.753635,POOL
Tue Oct 21 2014 00:00:00 GMT+0800 (China Standard Time),57.610001,58.990002,57.610001,58.450001,174900,56.68464,POOL
Wed Oct 22 2014 00:00:00 GMT+0800 (China Standard Time),58.52,58.52,57.700001,57.740002,191900,55.996085,POOL
Thu Oct 23 2014 00:00:00 GMT+0800 (China Standard Time),58.349998,58.900002,57.279999,58.330002,208100,56.568265,POOL
Fri Oct 24 2014 00:00:00 GMT+0800 (China Standard Time),58.509998,58.509998,57.610001,57.779999,148400,56.034874,POOL
Mon Oct 27 2014 00:00:00 GMT+0800 (China Standard Time),57.400002,57.880001,57.080002,57.689999,114300,55.947592,POOL
Tue Oct 28 2014 00:00:00 GMT+0800 (China Standard Time),58.09,59.130001,57.639999,58.919998,169500,57.140442,POOL
Wed Oct 29 2014 00:00:00 GMT+0800 (China Standard Time),59,59.400002,58.41,58.490002,136300,56.723433,POOL
Thu Oct 30 2014 00:00:00 GMT+0800 (China Standard Time),58.18,59.41,57.599998,58.900002,136700,57.121049,POOL
Fri Oct 31 2014 00:00:00 GMT+0800 (China Standard Time),59.919998,59.919998,58.720001,59.700001,223600,57.896886,POOL
Mon Nov 03 2014 00:00:00 GMT+0800 (China Standard Time),59.619999,59.93,59.09,59.34,196500,57.547759,POOL
Tue Nov 04 2014 00:00:00 GMT+0800 (China Standard Time),59.009998,61.169998,58.849998,61.060001,289200,59.215811,POOL
Wed Nov 05 2014 00:00:00 GMT+0800 (China Standard Time),61.209999,61.610001,59.849998,60.099998,213300,58.284803,POOL
Thu Nov 06 2014 00:00:00 GMT+0800 (China Standard Time),59.900002,60.560001,59.630001,60.02,209900,58.207221,POOL
Fri Nov 07 2014 00:00:00 GMT+0800 (China Standard Time),59.700001,59.900002,59.240002,59.849998,166500,58.255887,POOL
Mon Nov 10 2014 00:00:00 GMT+0800 (China Standard Time),59.959999,60.139999,59.57,59.939999,99500,58.34349,POOL
Tue Nov 11 2014 00:00:00 GMT+0800 (China Standard Time),59.900002,60.049999,59.450001,59.919998,100100,58.324022,POOL
Wed Nov 12 2014 00:00:00 GMT+0800 (China Standard Time),59.75,60.509998,59.75,60.360001,159100,58.752305,POOL
Thu Nov 13 2014 00:00:00 GMT+0800 (China Standard Time),60.439999,60.810001,59.580002,59.700001,91200,58.109885,POOL
Fri Nov 14 2014 00:00:00 GMT+0800 (China Standard Time),59.740002,59.950001,59.07,59.459999,112400,57.876275,POOL
Mon Nov 17 2014 00:00:00 GMT+0800 (China Standard Time),59.360001,59.52,59.040001,59.18,110200,57.603734,POOL
Tue Nov 18 2014 00:00:00 GMT+0800 (China Standard Time),59.139999,59.610001,59.049999,59.200001,117200,57.623202,POOL
Wed Nov 19 2014 00:00:00 GMT+0800 (China Standard Time),58.209999,59.98,58,58.52,243300,56.961314,POOL
Thu Nov 20 2014 00:00:00 GMT+0800 (China Standard Time),58.169998,58.93,58.150002,58.73,137200,57.16572,POOL
Fri Nov 21 2014 00:00:00 GMT+0800 (China Standard Time),59.459999,59.459999,58.310001,58.439999,127600,56.883443,POOL
Mon Nov 24 2014 00:00:00 GMT+0800 (China Standard Time),58.540001,59.59,58.540001,59.490002,103600,57.905479,POOL
Tue Nov 25 2014 00:00:00 GMT+0800 (China Standard Time),59.560001,59.82,58.849998,59.32,113600,57.740005,POOL
Wed Nov 26 2014 00:00:00 GMT+0800 (China Standard Time),59.369999,59.790001,59.049999,59.459999,117000,57.876275,POOL
Fri Nov 28 2014 00:00:00 GMT+0800 (China Standard Time),59.700001,61.16,59.32,59.41,106600,57.827608,POOL
Mon Dec 01 2014 00:00:00 GMT+0800 (China Standard Time),59.32,59.57,58.91,58.970001,151700,57.399329,POOL
Tue Dec 02 2014 00:00:00 GMT+0800 (China Standard Time),59.080002,59.849998,58.810001,59.669998,182600,58.080681,POOL
Wed Dec 03 2014 00:00:00 GMT+0800 (China Standard Time),59.869999,60.73,59.77,60.509998,118400,58.898308,POOL
Thu Dec 04 2014 00:00:00 GMT+0800 (China Standard Time),60.369999,60.779999,60.110001,60.759998,151200,59.141649,POOL
Fri Dec 05 2014 00:00:00 GMT+0800 (China Standard Time),60.68,61.310001,60.27,61.23,253400,59.599132,POOL
Mon Dec 08 2014 00:00:00 GMT+0800 (China Standard Time),61.09,61.669998,60.900002,61.009998,156900,59.38499,POOL
Tue Dec 09 2014 00:00:00 GMT+0800 (China Standard Time),60.389999,62,60,61.970001,309200,60.319423,POOL
Wed Dec 10 2014 00:00:00 GMT+0800 (China Standard Time),61.599998,62.459999,60.889999,60.93,181900,59.307123,POOL
Thu Dec 11 2014 00:00:00 GMT+0800 (China Standard Time),61.080002,62.259998,60.639999,61.689999,173500,60.046879,POOL
Fri Dec 12 2014 00:00:00 GMT+0800 (China Standard Time),60.950001,61.91,60.580002,61.23,179700,59.599132,POOL
Mon Dec 15 2014 00:00:00 GMT+0800 (China Standard Time),61.490002,61.919998,60.41,61.099998,249400,59.472593,POOL
Tue Dec 16 2014 00:00:00 GMT+0800 (China Standard Time),60.990002,61.400002,60.360001,60.75,498700,59.131917,POOL
Wed Dec 17 2014 00:00:00 GMT+0800 (China Standard Time),60.75,62.5,60.279999,62.439999,155100,60.776902,POOL
Thu Dec 18 2014 00:00:00 GMT+0800 (China Standard Time),62.98,62.990002,62.029999,62.68,164900,61.010512,POOL
Fri Dec 19 2014 00:00:00 GMT+0800 (China Standard Time),62.529999,62.540001,61.34,61.59,1252800,59.949544,POOL
Mon Dec 22 2014 00:00:00 GMT+0800 (China Standard Time),61.82,62.279999,61.310001,62.25,122300,60.591964,POOL
Tue Dec 23 2014 00:00:00 GMT+0800 (China Standard Time),62.580002,63.459999,62.290001,62.939999,115300,61.263585,POOL
Wed Dec 24 2014 00:00:00 GMT+0800 (China Standard Time),62.939999,63.099998,62.52,62.619999,69100,60.952108,POOL
Fri Dec 26 2014 00:00:00 GMT+0800 (China Standard Time),62.84,63.459999,62.509998,63.389999,79800,61.7016,POOL
Mon Dec 29 2014 00:00:00 GMT+0800 (China Standard Time),63.459999,64.269997,63.34,64.089996,127200,62.382952,POOL
Tue Dec 30 2014 00:00:00 GMT+0800 (China Standard Time),63.799999,64.709999,63.709999,63.849998,188100,62.149347,POOL
Wed Dec 31 2014 00:00:00 GMT+0800 (China Standard Time),63.880001,64.690002,63.369999,63.439999,219200,61.750267,POOL
Fri Jan 02 2015 00:00:00 GMT+0800 (China Standard Time),63.490002,63.759998,62.419998,63.080002,184300,61.399859,POOL
Mon Jan 05 2015 00:00:00 GMT+0800 (China Standard Time),62.73,63.240002,62.16,62.639999,114800,60.971576,POOL
Tue Jan 06 2015 00:00:00 GMT+0800 (China Standard Time),62.639999,63.279999,61.669998,62.400002,280800,60.737971,POOL
Wed Jan 07 2015 00:00:00 GMT+0800 (China Standard Time),62.73,63.959999,62.209999,63.880001,275300,62.17855,POOL
Thu Jan 08 2015 00:00:00 GMT+0800 (China Standard Time),64.370003,65.190002,63.639999,64.790001,279900,63.064312,POOL
Fri Jan 09 2015 00:00:00 GMT+0800 (China Standard Time),64.760002,65.099998,64.339996,64.580002,190400,62.859906,POOL
Mon Jan 12 2015 00:00:00 GMT+0800 (China Standard Time),64.660004,64.889999,63.880001,64.370003,135900,62.655501,POOL
Tue Jan 13 2015 00:00:00 GMT+0800 (China Standard Time),64.940002,65.389999,63.41,64.379997,196100,62.665229,POOL
Wed Jan 14 2015 00:00:00 GMT+0800 (China Standard Time),63.66,64.18,63.150002,63.650002,79600,61.954677,POOL
Thu Jan 15 2015 00:00:00 GMT+0800 (China Standard Time),63.740002,63.759998,62.799999,62.939999,113900,61.263585,POOL
Fri Jan 16 2015 00:00:00 GMT+0800 (China Standard Time),62.73,63.439999,62.400002,63.389999,126200,61.7016,POOL
Tue Jan 20 2015 00:00:00 GMT+0800 (China Standard Time),63.490002,63.91,62.48,62.860001,137500,61.185718,POOL
Wed Jan 21 2015 00:00:00 GMT+0800 (China Standard Time),62.66,63.610001,62.220001,63.439999,160300,61.750267,POOL
Thu Jan 22 2015 00:00:00 GMT+0800 (China Standard Time),63.869999,64.870003,62.82,64.519997,162800,62.801499,POOL
Fri Jan 23 2015 00:00:00 GMT+0800 (China Standard Time),64.519997,64.989998,63.889999,64.779999,99100,63.054576,POOL
Mon Jan 26 2015 00:00:00 GMT+0800 (China Standard Time),64.889999,65.440002,64.129997,65.080002,141900,63.346589,POOL
Tue Jan 27 2015 00:00:00 GMT+0800 (China Standard Time),64.470001,65.269997,64.139999,64.709999,148600,62.986441,POOL
Wed Jan 28 2015 00:00:00 GMT+0800 (China Standard Time),65.089996,65.099998,62.869999,63.119999,157200,61.438791,POOL
Thu Jan 29 2015 00:00:00 GMT+0800 (China Standard Time),63.27,64.190002,62.73,63.880001,192900,62.17855,POOL
Fri Jan 30 2015 00:00:00 GMT+0800 (China Standard Time),63.490002,64.330002,62.110001,62.209999,278800,60.553029,POOL
Mon Feb 02 2015 00:00:00 GMT+0800 (China Standard Time),62.23,63.139999,61.830002,62.919998,172800,61.244117,POOL
Tue Feb 03 2015 00:00:00 GMT+0800 (China Standard Time),63.18,64.489998,63.18,64.059998,247200,62.353752,POOL
Wed Feb 04 2015 00:00:00 GMT+0800 (China Standard Time),63.790001,64.25,63.470001,64.010002,162500,62.305089,POOL
Thu Feb 05 2015 00:00:00 GMT+0800 (China Standard Time),64.360001,65.120003,64.260002,64.919998,223100,63.190847,POOL
Fri Feb 06 2015 00:00:00 GMT+0800 (China Standard Time),64.980003,64.980003,64.010002,64.410004,193300,62.694436,POOL
Mon Feb 09 2015 00:00:00 GMT+0800 (China Standard Time),64.059998,64.43,62.369999,63.400002,124100,61.711335,POOL
Tue Feb 10 2015 00:00:00 GMT+0800 (China Standard Time),63.91,64.760002,63.150002,64.669998,169000,62.947506,POOL
Wed Feb 11 2015 00:00:00 GMT+0800 (China Standard Time),64.379997,65.059998,63.740002,64.669998,180200,62.947506,POOL
Thu Feb 12 2015 00:00:00 GMT+0800 (China Standard Time),65.660004,70.610001,63.889999,69.800003,568600,67.940872,POOL
Fri Feb 13 2015 00:00:00 GMT+0800 (China Standard Time),69.800003,70.449997,68.110001,70.089996,360400,68.223142,POOL
Tue Feb 17 2015 00:00:00 GMT+0800 (China Standard Time),70.339996,70.690002,68.529999,69.489998,289600,67.639124,POOL
Wed Feb 18 2015 00:00:00 GMT+0800 (China Standard Time),69.360001,69.82,68.660004,69.809998,161800,67.950601,POOL
Thu Feb 19 2015 00:00:00 GMT+0800 (China Standard Time),69.660004,70.019997,69.410004,69.830002,144600,67.970072,POOL
Fri Feb 20 2015 00:00:00 GMT+0800 (China Standard Time),69.800003,70.050003,69.129997,69.93,215800,68.067407,POOL
Mon Feb 23 2015 00:00:00 GMT+0800 (China Standard Time),69.629997,70.099998,68.910004,69.449997,171100,67.600189,POOL
Tue Feb 24 2015 00:00:00 GMT+0800 (China Standard Time),69.449997,69.970001,69.18,69.5,147400,67.64886,POOL
Wed Feb 25 2015 00:00:00 GMT+0800 (China Standard Time),68.900002,69.769997,68.699997,69.379997,131800,67.532053,POOL
Thu Feb 26 2015 00:00:00 GMT+0800 (China Standard Time),69.379997,69.940002,68.57,69.849998,119700,67.989536,POOL
Fri Feb 27 2015 00:00:00 GMT+0800 (China Standard Time),69.580002,69.900002,69.07,69.169998,119900,67.327648,POOL
Mon Mar 02 2015 00:00:00 GMT+0800 (China Standard Time),68.849998,70.139999,68.650002,69.779999,187400,67.921401,POOL
Tue Mar 03 2015 00:00:00 GMT+0800 (China Standard Time),69.650002,69.870003,68.599998,69.360001,285500,67.512589,POOL
Wed Mar 04 2015 00:00:00 GMT+0800 (China Standard Time),68.959999,69.5,68.360001,68.540001,221100,66.71443,POOL
Thu Mar 05 2015 00:00:00 GMT+0800 (China Standard Time),68.699997,69.18,68.07,68.18,155900,66.364018,POOL
Fri Mar 06 2015 00:00:00 GMT+0800 (China Standard Time),67.580002,68.370003,67.260002,67.660004,188800,65.857872,POOL
Mon Mar 09 2015 00:00:00 GMT+0800 (China Standard Time),67.879997,68.529999,67.379997,68.099998,133900,66.286147,POOL
Tue Mar 10 2015 00:00:00 GMT+0800 (China Standard Time),67.260002,68.339996,67.239998,67.32,178700,65.739298,POOL
Wed Mar 11 2015 00:00:00 GMT+0800 (China Standard Time),67.599998,68.239998,67.099998,68.18,223500,66.579106,POOL
Thu Mar 12 2015 00:00:00 GMT+0800 (China Standard Time),68.639999,69.43,68.370003,69.370003,160800,67.741166,POOL
Fri Mar 13 2015 00:00:00 GMT+0800 (China Standard Time),69.470001,69.529999,68.940002,69.330002,197900,67.702105,POOL
Mon Mar 16 2015 00:00:00 GMT+0800 (China Standard Time),69.830002,70.099998,69.209999,69.760002,210100,68.122008,POOL
Tue Mar 17 2015 00:00:00 GMT+0800 (China Standard Time),69.860001,69.900002,69.529999,69.709999,189300,68.073179,POOL
Wed Mar 18 2015 00:00:00 GMT+0800 (China Standard Time),69.709999,70.43,69.169998,70.290001,236900,68.639562,POOL
Thu Mar 19 2015 00:00:00 GMT+0800 (China Standard Time),69.900002,70.489998,69.660004,69.779999,183500,68.141535,POOL
Fri Mar 20 2015 00:00:00 GMT+0800 (China Standard Time),70.32,70.639999,70.190002,70.43,274100,68.776275,POOL
Mon Mar 23 2015 00:00:00 GMT+0800 (China Standard Time),70.279999,70.540001,69.989998,70.389999,114600,68.737213,POOL
Tue Mar 24 2015 00:00:00 GMT+0800 (China Standard Time),70.209999,70.989998,69.059998,69.830002,361300,68.190364,POOL
Wed Mar 25 2015 00:00:00 GMT+0800 (China Standard Time),70,70,68.650002,68.68,168500,67.067365,POOL
Thu Mar 26 2015 00:00:00 GMT+0800 (China Standard Time),68.599998,68.599998,67.610001,67.870003,322800,66.276387,POOL
Fri Mar 27 2015 00:00:00 GMT+0800 (China Standard Time),67.879997,69.849998,67.650002,69.139999,220500,67.516563,POOL
Mon Mar 30 2015 00:00:00 GMT+0800 (China Standard Time),69.489998,70.449997,68.900002,70.209999,161300,68.561439,POOL
Tue Mar 31 2015 00:00:00 GMT+0800 (China Standard Time),70.040001,70.349998,69.580002,69.760002,197100,68.122008,POOL
Wed Apr 01 2015 00:00:00 GMT+0800 (China Standard Time),69.510002,70.220001,68.349998,68.970001,242300,67.350557,POOL
Thu Apr 02 2015 00:00:00 GMT+0800 (China Standard Time),69.160004,69.25,67.970001,68.5,265400,66.891592,POOL
Mon Apr 06 2015 00:00:00 GMT+0800 (China Standard Time),67.989998,68.839996,67.720001,67.809998,308100,66.217791,POOL
Tue Apr 07 2015 00:00:00 GMT+0800 (China Standard Time),67.68,68.860001,67.669998,68.370003,276600,66.764647,POOL
Wed Apr 08 2015 00:00:00 GMT+0800 (China Standard Time),68.489998,69.209999,68.419998,68.900002,190900,67.282201,POOL
Thu Apr 09 2015 00:00:00 GMT+0800 (China Standard Time),68.919998,69.059998,68,68.589996,268700,66.979475,POOL
Fri Apr 10 2015 00:00:00 GMT+0800 (China Standard Time),68.75,69.279999,68.540001,68.919998,104900,67.301728,POOL
Mon Apr 13 2015 00:00:00 GMT+0800 (China Standard Time),69,69.459999,68.349998,68.489998,116800,66.881824,POOL
Tue Apr 14 2015 00:00:00 GMT+0800 (China Standard Time),68.5,68.82,67.650002,68.779999,148800,67.165016,POOL
Wed Apr 15 2015 00:00:00 GMT+0800 (China Standard Time),69,69.669998,68.720001,69.25,295600,67.623981,POOL
Thu Apr 16 2015 00:00:00 GMT+0800 (China Standard Time),69.220001,69.629997,69,69.18,166200,67.555625,POOL
Fri Apr 17 2015 00:00:00 GMT+0800 (China Standard Time),68.709999,69.419998,67.849998,68.080002,332200,66.481455,POOL
Mon Apr 20 2015 00:00:00 GMT+0800 (China Standard Time),68.529999,69.660004,68.470001,68.910004,251200,67.291968,POOL
Tue Apr 21 2015 00:00:00 GMT+0800 (China Standard Time),69.120003,69.449997,68.629997,68.669998,165300,67.057598,POOL
Wed Apr 22 2015 00:00:00 GMT+0800 (China Standard Time),68.669998,68.669998,67.489998,68.550003,192000,66.940421,POOL
Thu Apr 23 2015 00:00:00 GMT+0800 (China Standard Time),69.760002,72.550003,68.5,70.029999,615500,68.385665,POOL
Fri Apr 24 2015 00:00:00 GMT+0800 (China Standard Time),70.279999,72.489998,67.440002,67.589996,351400,66.002955,POOL
Mon Apr 27 2015 00:00:00 GMT+0800 (China Standard Time),67.559998,68.529999,66.949997,67.419998,250500,65.836949,POOL
Tue Apr 28 2015 00:00:00 GMT+0800 (China Standard Time),67.309998,68.080002,67.309998,67.449997,204700,65.866243,POOL
Wed Apr 29 2015 00:00:00 GMT+0800 (China Standard Time),67.260002,67.419998,66.07,66.5,235200,64.938552,POOL
Thu Apr 30 2015 00:00:00 GMT+0800 (China Standard Time),66.029999,66.889999,64.860001,64.889999,262900,63.366355,POOL
Fri May 01 2015 00:00:00 GMT+0800 (China Standard Time),65.050003,66.400002,64.849998,65.889999,411400,64.342875,POOL
Mon May 04 2015 00:00:00 GMT+0800 (China Standard Time),65.75,66.669998,65.519997,65.889999,353800,64.342875,POOL
Tue May 05 2015 00:00:00 GMT+0800 (China Standard Time),65.660004,66.440002,65.099998,65.459999,232900,63.922971,POOL
Wed May 06 2015 00:00:00 GMT+0800 (China Standard Time),65.559998,65.730003,64.5,65.169998,316800,63.63978,POOL
Thu May 07 2015 00:00:00 GMT+0800 (China Standard Time),65.239998,66.239998,64.75,65.760002,296200,64.21593,POOL
Fri May 08 2015 00:00:00 GMT+0800 (China Standard Time),66.610001,66.800003,65.199997,66.300003,233300,64.743251,POOL
Mon May 11 2015 00:00:00 GMT+0800 (China Standard Time),66.169998,67.190002,65.959999,66.519997,156500,64.958079,POOL
Tue May 12 2015 00:00:00 GMT+0800 (China Standard Time),66.120003,66.970001,65.400002,66.730003,201600,65.163155,POOL
Wed May 13 2015 00:00:00 GMT+0800 (China Standard Time),66.980003,67.169998,66.330002,66.400002,152900,64.840902,POOL
Thu May 14 2015 00:00:00 GMT+0800 (China Standard Time),66.5,68.150002,66.040001,68.129997,263100,66.530277,POOL
Fri May 15 2015 00:00:00 GMT+0800 (China Standard Time),68.150002,68.540001,67.599998,68.519997,221700,66.911119,POOL
Mon May 18 2015 00:00:00 GMT+0800 (China Standard Time),68.199997,69.139999,68.089996,68.940002,207900,67.577685,POOL
Tue May 19 2015 00:00:00 GMT+0800 (China Standard Time),68.82,69.57,68.769997,69.050003,212800,67.685512,POOL
Wed May 20 2015 00:00:00 GMT+0800 (China Standard Time),69.239998,69.5,68.550003,68.809998,210500,67.45025,POOL
Thu May 21 2015 00:00:00 GMT+0800 (China Standard Time),68.82,68.959999,67.610001,67.760002,228300,66.421003,POOL
Fri May 22 2015 00:00:00 GMT+0800 (China Standard Time),67.610001,68.139999,67.279999,67.599998,171100,66.264161,POOL
Tue May 26 2015 00:00:00 GMT+0800 (China Standard Time),67.309998,67.309998,66.110001,66.949997,190400,65.627004,POOL
Wed May 27 2015 00:00:00 GMT+0800 (China Standard Time),67.160004,68.089996,66.779999,68.010002,250200,66.666063,POOL
Thu May 28 2015 00:00:00 GMT+0800 (China Standard Time),68.010002,68.279999,67,67.870003,223800,66.52883,POOL
Fri May 29 2015 00:00:00 GMT+0800 (China Standard Time),67.400002,67.43,66,66.279999,322100,64.970246,POOL
Mon Jun 01 2015 00:00:00 GMT+0800 (China Standard Time),66.459999,67.139999,65.860001,66.839996,248800,65.519177,POOL
Tue Jun 02 2015 00:00:00 GMT+0800 (China Standard Time),66.709999,68.120003,66.5,67.279999,163000,65.950485,POOL
Wed Jun 03 2015 00:00:00 GMT+0800 (China Standard Time),67.620003,68.300003,67.050003,68.230003,186600,66.881717,POOL
Thu Jun 04 2015 00:00:00 GMT+0800 (China Standard Time),67.839996,68.279999,67.620003,67.669998,122500,66.332778,POOL
Fri Jun 05 2015 00:00:00 GMT+0800 (China Standard Time),67.739998,68.489998,67,68.43,119500,67.077761,POOL
Mon Jun 08 2015 00:00:00 GMT+0800 (China Standard Time),68.139999,68.790001,67.779999,68.419998,163600,67.067957,POOL
Tue Jun 09 2015 00:00:00 GMT+0800 (China Standard Time),68.489998,68.559998,67.620003,68.459999,124500,67.107167,POOL
Wed Jun 10 2015 00:00:00 GMT+0800 (China Standard Time),68.940002,69.599998,68.610001,69.18,202000,67.812941,POOL
Thu Jun 11 2015 00:00:00 GMT+0800 (China Standard Time),69.080002,69.669998,69.040001,69.209999,135200,67.842347,POOL
Fri Jun 12 2015 00:00:00 GMT+0800 (China Standard Time),68.849998,68.889999,68.349998,68.769997,137200,67.411039,POOL
Mon Jun 15 2015 00:00:00 GMT+0800 (China Standard Time),68.300003,68.519997,67.599998,67.860001,192300,66.519025,POOL
Tue Jun 16 2015 00:00:00 GMT+0800 (China Standard Time),68.040001,68.589996,67.870003,68.269997,353500,66.92092,POOL
Wed Jun 17 2015 00:00:00 GMT+0800 (China Standard Time),68.629997,68.959999,68.190002,68.800003,175200,67.440453,POOL
Thu Jun 18 2015 00:00:00 GMT+0800 (China Standard Time),69.07,70.480003,68.809998,70.050003,229700,68.665751,POOL
Fri Jun 19 2015 00:00:00 GMT+0800 (China Standard Time),70,71.080002,69.519997,70.599998,412000,69.204878,POOL
Mon Jun 22 2015 00:00:00 GMT+0800 (China Standard Time),70.970001,71.519997,69.830002,71.279999,239400,69.871441,POOL
Tue Jun 23 2015 00:00:00 GMT+0800 (China Standard Time),71.459999,71.459999,70,70.410004,276900,69.018638,POOL
Wed Jun 24 2015 00:00:00 GMT+0800 (China Standard Time),70.580002,70.959999,69.900002,70.879997,234200,69.479344,POOL
Thu Jun 25 2015 00:00:00 GMT+0800 (China Standard Time),71.040001,71.660004,70.669998,71.510002,214300,70.0969,POOL
Fri Jun 26 2015 00:00:00 GMT+0800 (China Standard Time),71.720001,72.160004,71.199997,71.800003,626700,70.38117,POOL
Mon Jun 29 2015 00:00:00 GMT+0800 (China Standard Time),71.410004,71.82,69.860001,69.93,192900,68.54812,POOL
Tue Jun 30 2015 00:00:00 GMT+0800 (China Standard Time),70.519997,70.760002,69.949997,70.18,148000,68.79318,POOL
Wed Jul 01 2015 00:00:00 GMT+0800 (China Standard Time),70.989998,71.110001,70.209999,70.949997,225600,69.547961,POOL
Thu Jul 02 2015 00:00:00 GMT+0800 (China Standard Time),71.110001,71.389999,69.800003,69.860001,112900,68.479504,POOL
Mon Jul 06 2015 00:00:00 GMT+0800 (China Standard Time),69.43,70.489998,69.089996,70.080002,211100,68.695157,POOL
Tue Jul 07 2015 00:00:00 GMT+0800 (China Standard Time),70.040001,70.370003,69.129997,70.07,186700,68.685353,POOL
Wed Jul 08 2015 00:00:00 GMT+0800 (China Standard Time),69.580002,70.160004,69.110001,69.559998,296300,68.185429,POOL
Thu Jul 09 2015 00:00:00 GMT+0800 (China Standard Time),70.300003,70.459999,69.290001,70.160004,280700,68.773578,POOL
Fri Jul 10 2015 00:00:00 GMT+0800 (China Standard Time),70.809998,71.25,70.300003,71.199997,112200,69.79302,POOL
Mon Jul 13 2015 00:00:00 GMT+0800 (China Standard Time),71.699997,72.25,71.43,71.720001,298200,70.302749,POOL
Tue Jul 14 2015 00:00:00 GMT+0800 (China Standard Time),71.720001,72.010002,70.849998,70.900002,175900,69.498953,POOL
Wed Jul 15 2015 00:00:00 GMT+0800 (China Standard Time),70.949997,71,70.169998,70.5,199600,69.106856,POOL
Thu Jul 16 2015 00:00:00 GMT+0800 (China Standard Time),71.019997,71.849998,70.839996,71.370003,198200,69.959667,POOL
Fri Jul 17 2015 00:00:00 GMT+0800 (China Standard Time),71.599998,71.889999,71.139999,71.709999,178300,70.292944,POOL
Mon Jul 20 2015 00:00:00 GMT+0800 (China Standard Time),71.889999,72.470001,71.68,72.370003,145700,70.939906,POOL
Tue Jul 21 2015 00:00:00 GMT+0800 (China Standard Time),72.269997,72.849998,71.150002,71.260002,135700,69.85184,POOL
Wed Jul 22 2015 00:00:00 GMT+0800 (China Standard Time),71.239998,71.360001,70.669998,71.199997,212400,69.79302,POOL
Thu Jul 23 2015 00:00:00 GMT+0800 (China Standard Time),69.019997,71.339996,68.779999,69,461300,67.636497,POOL
Fri Jul 24 2015 00:00:00 GMT+0800 (China Standard Time),68.660004,69.139999,68,68.730003,403500,67.371836,POOL
Mon Jul 27 2015 00:00:00 GMT+0800 (China Standard Time),69.720001,70.989998,68.199997,68.769997,397300,67.411039,POOL
Tue Jul 28 2015 00:00:00 GMT+0800 (China Standard Time),69.349998,70.239998,68.300003,68.790001,192600,67.430648,POOL
Wed Jul 29 2015 00:00:00 GMT+0800 (China Standard Time),68.709999,70.139999,68.699997,69.639999,223700,68.26385,POOL
Thu Jul 30 2015 00:00:00 GMT+0800 (China Standard Time),69.459999,70.559998,69.260002,70.25,217900,68.861796,POOL
Fri Jul 31 2015 00:00:00 GMT+0800 (China Standard Time),70.510002,71.260002,70.360001,70.419998,172900,69.028435,POOL
Mon Aug 03 2015 00:00:00 GMT+0800 (China Standard Time),70.610001,71.269997,69.959999,70.68,186900,69.283299,POOL
Tue Aug 04 2015 00:00:00 GMT+0800 (China Standard Time),70.809998,71.400002,70.540001,70.769997,258700,69.371517,POOL
Wed Aug 05 2015 00:00:00 GMT+0800 (China Standard Time),71.059998,71.300003,70.389999,70.760002,149000,69.36172,POOL
Thu Aug 06 2015 00:00:00 GMT+0800 (China Standard Time),71.059998,71.059998,69.739998,70.370003,177300,68.979428,POOL
Fri Aug 07 2015 00:00:00 GMT+0800 (China Standard Time),70.019997,70.339996,69.370003,69.900002,358200,68.518714,POOL
Mon Aug 10 2015 00:00:00 GMT+0800 (China Standard Time),70.150002,70.949997,69.779999,70.68,199100,69.541969,POOL
Tue Aug 11 2015 00:00:00 GMT+0800 (China Standard Time),70.029999,70.75,69.839996,70.690002,104400,69.55181,POOL
Wed Aug 12 2015 00:00:00 GMT+0800 (China Standard Time),70.25,70.730003,69.57,70.449997,161400,69.315669,POOL
Thu Aug 13 2015 00:00:00 GMT+0800 (China Standard Time),70.43,71.199997,70.230003,70.440002,125500,69.305835,POOL
Fri Aug 14 2015 00:00:00 GMT+0800 (China Standard Time),70.290001,71.800003,70.029999,71.529999,167800,70.378281,POOL
Mon Aug 17 2015 00:00:00 GMT+0800 (China Standard Time),71.330002,72.489998,70.919998,72.010002,104100,70.850556,POOL
Tue Aug 18 2015 00:00:00 GMT+0800 (China Standard Time),71.769997,71.989998,71.419998,71.440002,135400,70.289734,POOL
Wed Aug 19 2015 00:00:00 GMT+0800 (China Standard Time),70.989998,72,70.599998,71.190002,101100,70.043759,POOL
Thu Aug 20 2015 00:00:00 GMT+0800 (China Standard Time),70.480003,71.370003,70.290001,70.349998,158200,69.21728,POOL
Fri Aug 21 2015 00:00:00 GMT+0800 (China Standard Time),69.019997,70.339996,68.57,68.830002,336400,67.721757,POOL
Mon Aug 24 2015 00:00:00 GMT+0800 (China Standard Time),66.019997,68.43,65.559998,66.139999,359400,65.075067,POOL
Tue Aug 25 2015 00:00:00 GMT+0800 (China Standard Time),67.980003,67.980003,66.160004,66.389999,305000,65.321042,POOL
Wed Aug 26 2015 00:00:00 GMT+0800 (China Standard Time),67.900002,68,66.370003,67.669998,256000,66.580431,POOL
Thu Aug 27 2015 00:00:00 GMT+0800 (China Standard Time),68.25,69.260002,67.769997,69.18,283500,68.066121,POOL
Fri Aug 28 2015 00:00:00 GMT+0800 (China Standard Time),68.800003,69.519997,68.769997,69.449997,132400,68.33177,POOL
Mon Aug 31 2015 00:00:00 GMT+0800 (China Standard Time),69.279999,69.790001,69.139999,69.68,230100,68.55807,POOL
Tue Sep 01 2015 00:00:00 GMT+0800 (China Standard Time),68.540001,69.169998,66.980003,67.18,381100,66.098323,POOL
Wed Sep 02 2015 00:00:00 GMT+0800 (China Standard Time),67.730003,69.349998,67.730003,69.260002,250200,68.144834,POOL
Thu Sep 03 2015 00:00:00 GMT+0800 (China Standard Time),69.510002,70.059998,69.260002,69.610001,137400,68.489197,POOL
Fri Sep 04 2015 00:00:00 GMT+0800 (China Standard Time),68.779999,69.720001,68.779999,69.239998,151100,68.125152,POOL
Tue Sep 08 2015 00:00:00 GMT+0800 (China Standard Time),70.93,71.360001,70.360001,71.290001,240100,70.142148,POOL
Wed Sep 09 2015 00:00:00 GMT+0800 (China Standard Time),71.900002,72,70.82,70.980003,397400,69.837141,POOL
Thu Sep 10 2015 00:00:00 GMT+0800 (China Standard Time),70.839996,71.330002,70.559998,71.050003,205900,69.906014,POOL
Fri Sep 11 2015 00:00:00 GMT+0800 (China Standard Time),70.580002,72.239998,70.43,72.190002,222900,71.027658,POOL
Mon Sep 14 2015 00:00:00 GMT+0800 (China Standard Time),72.230003,72.230003,71.379997,71.910004,132800,70.752168,POOL
Tue Sep 15 2015 00:00:00 GMT+0800 (China Standard Time),72.139999,72.610001,71.980003,72.199997,208200,71.037492,POOL
Wed Sep 16 2015 00:00:00 GMT+0800 (China Standard Time),72.239998,72.599998,72.110001,72.550003,216100,71.381862,POOL
Thu Sep 17 2015 00:00:00 GMT+0800 (China Standard Time),72.290001,73.870003,72.279999,72.800003,169400,71.627837,POOL
Fri Sep 18 2015 00:00:00 GMT+0800 (China Standard Time),71.510002,72.860001,71.510002,71.730003,405100,70.575066,POOL
Mon Sep 21 2015 00:00:00 GMT+0800 (China Standard Time),72.360001,73.099998,71.800003,72.370003,176300,71.20476,POOL
Tue Sep 22 2015 00:00:00 GMT+0800 (China Standard Time),71.610001,72.279999,71.089996,71.900002,509600,70.742327,POOL
Wed Sep 23 2015 00:00:00 GMT+0800 (China Standard Time),72.089996,72.389999,71.779999,72,218100,70.840715,POOL
Thu Sep 24 2015 00:00:00 GMT+0800 (China Standard Time),71.610001,72.309998,71.400002,72.279999,298600,71.116205,POOL
Fri Sep 25 2015 00:00:00 GMT+0800 (China Standard Time),72.959999,73.690002,72.25,72.760002,297600,71.58848,POOL
Mon Sep 28 2015 00:00:00 GMT+0800 (China Standard Time),72.540001,72.940002,71.769997,71.980003,311600,70.82104,POOL
Tue Sep 29 2015 00:00:00 GMT+0800 (China Standard Time),72.099998,72.339996,71.440002,71.830002,462200,70.673454,POOL
Wed Sep 30 2015 00:00:00 GMT+0800 (China Standard Time),72.459999,72.889999,71.800003,72.300003,219800,71.135888,POOL
Thu Oct 01 2015 00:00:00 GMT+0800 (China Standard Time),72.349998,72.980003,71.720001,72.629997,330300,71.460568,POOL
Fri Oct 02 2015 00:00:00 GMT+0800 (China Standard Time),71.559998,73.910004,71.559998,73.879997,266700,72.690442,POOL
Mon Oct 05 2015 00:00:00 GMT+0800 (China Standard Time),74.209999,74.739998,73.370003,74.599998,216300,73.39885,POOL
Tue Oct 06 2015 00:00:00 GMT+0800 (China Standard Time),74.489998,74.580002,73.610001,74.370003,221800,73.172558,POOL
Wed Oct 07 2015 00:00:00 GMT+0800 (China Standard Time),74.669998,74.949997,73.900002,74.660004,276800,73.457889,POOL
Thu Oct 08 2015 00:00:00 GMT+0800 (China Standard Time),74.410004,76.279999,74.18,75.610001,386800,74.39259,POOL
Fri Oct 09 2015 00:00:00 GMT+0800 (China Standard Time),75.699997,76.910004,75.510002,75.669998,217600,74.451622,POOL
Mon Oct 12 2015 00:00:00 GMT+0800 (China Standard Time),74.699997,75.650002,72.870003,75.169998,297200,73.959672,POOL
Tue Oct 13 2015 00:00:00 GMT+0800 (China Standard Time),74.940002,78.970001,74.360001,74.510002,270000,73.310303,POOL
Wed Oct 14 2015 00:00:00 GMT+0800 (China Standard Time),74.330002,75,73.309998,73.769997,323600,72.582213,POOL
Thu Oct 15 2015 00:00:00 GMT+0800 (China Standard Time),73.900002,75.120003,73.330002,74.940002,222100,73.73338,POOL
Fri Oct 16 2015 00:00:00 GMT+0800 (China Standard Time),74.949997,76.18,74.330002,75.220001,145800,74.00887,POOL
Mon Oct 19 2015 00:00:00 GMT+0800 (China Standard Time),74.980003,76.760002,74.769997,75.650002,151000,74.431947,POOL
Tue Oct 20 2015 00:00:00 GMT+0800 (China Standard Time),75.739998,75.949997,74.879997,75.089996,188300,73.880959,POOL
Wed Oct 21 2015 00:00:00 GMT+0800 (China Standard Time),75.349998,75.480003,73.82,73.879997,202800,72.690442,POOL
Thu Oct 22 2015 00:00:00 GMT+0800 (China Standard Time),75.059998,80.199997,71.099998,79.800003,838200,78.515129,POOL
Fri Oct 23 2015 00:00:00 GMT+0800 (China Standard Time),80.279999,81.410004,78.809998,81.209999,573100,79.902422,POOL
Mon Oct 26 2015 00:00:00 GMT+0800 (China Standard Time),81.209999,81.900002,80.440002,81.730003,358300,80.414054,POOL
Tue Oct 27 2015 00:00:00 GMT+0800 (China Standard Time),80.839996,81.5,80.720001,81.120003,266600,79.813875,POOL
Wed Oct 28 2015 00:00:00 GMT+0800 (China Standard Time),81.43,82.830002,81.080002,82.790001,436900,81.456984,POOL
Thu Oct 29 2015 00:00:00 GMT+0800 (China Standard Time),82.709999,83.379997,81.959999,82.389999,269900,81.063423,POOL
Fri Oct 30 2015 00:00:00 GMT+0800 (China Standard Time),82.059998,83.389999,81.410004,81.540001,289600,80.227111,POOL
Mon Nov 02 2015 00:00:00 GMT+0800 (China Standard Time),81.970001,82.360001,80.870003,81.870003,478100,80.551799,POOL
Tue Nov 03 2015 00:00:00 GMT+0800 (China Standard Time),81.160004,83.739998,81.160004,83.57,539000,82.224424,POOL
Wed Nov 04 2015 00:00:00 GMT+0800 (China Standard Time),83.980003,84.43,82.449997,82.769997,378500,81.437302,POOL
Thu Nov 05 2015 00:00:00 GMT+0800 (China Standard Time),82.940002,83.239998,81.760002,82.470001,418100,81.142137,POOL
Fri Nov 06 2015 00:00:00 GMT+0800 (China Standard Time),81.839996,82.709999,81.440002,81.970001,409800,80.905255,POOL
Mon Nov 09 2015 00:00:00 GMT+0800 (China Standard Time),81.959999,82.809998,80.349998,80.400002,281200,79.355649,POOL
Tue Nov 10 2015 00:00:00 GMT+0800 (China Standard Time),80.510002,81.839996,80.300003,81.57,283900,80.510449,POOL
Wed Nov 11 2015 00:00:00 GMT+0800 (China Standard Time),81.849998,82.629997,81.25,82.010002,241800,80.944736,POOL
Thu Nov 12 2015 00:00:00 GMT+0800 (China Standard Time),81.360001,82.489998,80.379997,81.389999,284000,80.332787,POOL
Fri Nov 13 2015 00:00:00 GMT+0800 (China Standard Time),80.93,82.389999,79.389999,79.470001,237600,78.437729,POOL
Mon Nov 16 2015 00:00:00 GMT+0800 (China Standard Time),79.489998,80.830002,79.120003,80.75,244100,79.701101,POOL
Tue Nov 17 2015 00:00:00 GMT+0800 (China Standard Time),80.949997,81.989998,80.540001,80.959999,214400,79.908372,POOL
Wed Nov 18 2015 00:00:00 GMT+0800 (China Standard Time),81.129997,82.120003,80.32,81.970001,194500,80.905255,POOL
Thu Nov 19 2015 00:00:00 GMT+0800 (China Standard Time),82.25,82.379997,81.57,82.029999,214400,80.964473,POOL
Fri Nov 20 2015 00:00:00 GMT+0800 (China Standard Time),82.239998,82.43,81.57,81.959999,278200,80.895383,POOL
Mon Nov 23 2015 00:00:00 GMT+0800 (China Standard Time),81.589996,82.540001,81.510002,81.889999,228700,80.826292,POOL
Tue Nov 24 2015 00:00:00 GMT+0800 (China Standard Time),81.339996,82.139999,81.269997,82,144600,80.934864,POOL
Wed Nov 25 2015 00:00:00 GMT+0800 (China Standard Time),82,82.449997,81.669998,82.25,143300,81.181617,POOL
Fri Nov 27 2015 00:00:00 GMT+0800 (China Standard Time),82.32,83.139999,82.32,82.889999,76200,81.813303,POOL
Mon Nov 30 2015 00:00:00 GMT+0800 (China Standard Time),83.169998,83.550003,81.599998,82.040001,302200,80.974345,POOL
Tue Dec 01 2015 00:00:00 GMT+0800 (China Standard Time),82.5,84.010002,81.860001,82.529999,269500,81.457979,POOL
Wed Dec 02 2015 00:00:00 GMT+0800 (China Standard Time),82.5,82.989998,82.07,82.550003,287700,81.477723,POOL
Thu Dec 03 2015 00:00:00 GMT+0800 (China Standard Time),82.849998,82.849998,81.150002,81.610001,270100,80.549931,POOL
Fri Dec 04 2015 00:00:00 GMT+0800 (China Standard Time),81.650002,84.220001,81.650002,84.160004,677900,83.066811,POOL
Mon Dec 07 2015 00:00:00 GMT+0800 (China Standard Time),83.82,84.290001,82.230003,82.589996,346900,81.517197,POOL
Tue Dec 08 2015 00:00:00 GMT+0800 (China Standard Time),81.739998,83.260002,81.639999,81.82,231100,80.757202,POOL
Wed Dec 09 2015 00:00:00 GMT+0800 (China Standard Time),81.419998,82.309998,79.940002,80.220001,285200,79.177987,POOL
Thu Dec 10 2015 00:00:00 GMT+0800 (China Standard Time),80.059998,81.699997,80.010002,81.330002,195300,80.273569,POOL
Fri Dec 11 2015 00:00:00 GMT+0800 (China Standard Time),79.959999,81.68,79.959999,80.160004,297400,79.118768,POOL
Mon Dec 14 2015 00:00:00 GMT+0800 (China Standard Time),80.599998,80.879997,79.639999,80.230003,334200,79.187859,POOL
Tue Dec 15 2015 00:00:00 GMT+0800 (China Standard Time),81.099998,81.970001,80.760002,81.489998,244800,80.431487,POOL
Wed Dec 16 2015 00:00:00 GMT+0800 (China Standard Time),82.449997,83.580002,82.110001,83.309998,517100,82.227846,POOL
Thu Dec 17 2015 00:00:00 GMT+0800 (China Standard Time),83.330002,83.330002,80.970001,81.019997,288400,79.967591,POOL
Fri Dec 18 2015 00:00:00 GMT+0800 (China Standard Time),80.550003,80.620003,79.610001,79.690002,526900,78.654872,POOL
Mon Dec 21 2015 00:00:00 GMT+0800 (China Standard Time),80.339996,80.449997,78.699997,80.349998,278400,79.306295,POOL
Tue Dec 22 2015 00:00:00 GMT+0800 (China Standard Time),80.809998,81.629997,80.120003,81.389999,137000,80.332787,POOL
Wed Dec 23 2015 00:00:00 GMT+0800 (China Standard Time),82.120003,82.980003,81.830002,82.349998,146300,81.280316,POOL
Thu Dec 24 2015 00:00:00 GMT+0800 (China Standard Time),82.269997,82.540001,81.690002,81.970001,70200,80.905255,POOL
Mon Dec 28 2015 00:00:00 GMT+0800 (China Standard Time),81.419998,82.739998,81.339996,82.199997,117200,81.132263,POOL
Tue Dec 29 2015 00:00:00 GMT+0800 (China Standard Time),82.650002,82.980003,81.860001,82.550003,146000,81.477723,POOL
Wed Dec 30 2015 00:00:00 GMT+0800 (China Standard Time),82.230003,82.370003,81.629997,81.690002,138500,80.628893,POOL
Thu Dec 31 2015 00:00:00 GMT+0800 (China Standard Time),81.300003,81.849998,80.690002,80.779999,237700,79.73071,POOL
Mon Jan 04 2016 00:00:00 GMT+0800 (China Standard Time),79.440002,79.849998,78.580002,79.169998,293700,78.141623,POOL
Tue Jan 05 2016 00:00:00 GMT+0800 (China Standard Time),79.489998,80.080002,78.839996,79.519997,181500,78.487075,POOL
Wed Jan 06 2016 00:00:00 GMT+0800 (China Standard Time),78.540001,79.25,77.940002,78.769997,176800,77.746817,POOL
Thu Jan 07 2016 00:00:00 GMT+0800 (China Standard Time),77.290001,78.470001,76.519997,77.529999,189900,76.522926,POOL
Fri Jan 08 2016 00:00:00 GMT+0800 (China Standard Time),77.639999,77.790001,75.900002,75.959999,264600,74.97332,POOL
Mon Jan 11 2016 00:00:00 GMT+0800 (China Standard Time),76.089996,76.400002,75.190002,75.800003,430000,74.815402,POOL
Tue Jan 12 2016 00:00:00 GMT+0800 (China Standard Time),76.260002,77.309998,75.870003,77.099998,222600,76.098511,POOL
Wed Jan 13 2016 00:00:00 GMT+0800 (China Standard Time),77.470001,77.470001,74.900002,75.129997,245700,74.154099,POOL
Thu Jan 14 2016 00:00:00 GMT+0800 (China Standard Time),75.459999,76.620003,74.379997,75.919998,220700,74.933838,POOL
Fri Jan 15 2016 00:00:00 GMT+0800 (China Standard Time),73.709999,74.510002,72.410004,74.5,417600,73.532285,POOL
Tue Jan 19 2016 00:00:00 GMT+0800 (China Standard Time),75.300003,75.550003,74.269997,75.029999,252900,74.0554,POOL
Wed Jan 20 2016 00:00:00 GMT+0800 (China Standard Time),74.18,75.459999,72.669998,74.550003,294300,73.581639,POOL
Thu Jan 21 2016 00:00:00 GMT+0800 (China Standard Time),74.68,75.07,73.43,74.370003,265100,73.403976,POOL
Fri Jan 22 2016 00:00:00 GMT+0800 (China Standard Time),75.220001,76.269997,74.470001,76.199997,248100,75.2102,POOL
Mon Jan 25 2016 00:00:00 GMT+0800 (China Standard Time),76.449997,78.900002,75.440002,77.970001,768500,76.957213,POOL
Tue Jan 26 2016 00:00:00 GMT+0800 (China Standard Time),78.260002,79.779999,75.879997,77.360001,6977900,76.355136,POOL
Wed Jan 27 2016 00:00:00 GMT+0800 (China Standard Time),76.629997,78.110001,76.120003,77.389999,631000,76.384745,POOL
Thu Jan 28 2016 00:00:00 GMT+0800 (China Standard Time),77.980003,80.099998,76.989998,79.900002,574800,78.862144,POOL
Fri Jan 29 2016 00:00:00 GMT+0800 (China Standard Time),80.150002,84.529999,80.150002,84.5,865300,83.402391,POOL
Mon Feb 01 2016 00:00:00 GMT+0800 (China Standard Time),83.989998,84.5,82.489998,83.949997,705200,82.859532,POOL
Tue Feb 02 2016 00:00:00 GMT+0800 (China Standard Time),82.169998,82.25,80.32,80.889999,494200,79.839282,POOL
Wed Feb 03 2016 00:00:00 GMT+0800 (China Standard Time),81.300003,82.279999,78.57,79.830002,507300,78.793053,POOL
Thu Feb 04 2016 00:00:00 GMT+0800 (China Standard Time),79.580002,80.57,78.660004,79.989998,329700,78.950971,POOL
Fri Feb 05 2016 00:00:00 GMT+0800 (China Standard Time),79.470001,80.620003,76.669998,77,628000,75.999811,POOL
Mon Feb 08 2016 00:00:00 GMT+0800 (China Standard Time),76.199997,77.019997,75,76.940002,385900,75.940593,POOL
Tue Feb 09 2016 00:00:00 GMT+0800 (China Standard Time),76.330002,77.809998,75.57,77.279999,347500,76.276173,POOL
Wed Feb 10 2016 00:00:00 GMT+0800 (China Standard Time),77.599998,79.040001,77.389999,77.419998,251500,76.414354,POOL
Thu Feb 11 2016 00:00:00 GMT+0800 (China Standard Time),76.300003,78.010002,76.300003,77.57,309600,76.562407,POOL
Fri Feb 12 2016 00:00:00 GMT+0800 (China Standard Time),78.410004,78.410004,76.260002,77.879997,371800,76.868378,POOL
Tue Feb 16 2016 00:00:00 GMT+0800 (China Standard Time),78.989998,80.050003,77.879997,79.43,289000,78.398247,POOL
Wed Feb 17 2016 00:00:00 GMT+0800 (China Standard Time),80,80.559998,79.370003,80.199997,524100,79.158242,POOL
Thu Feb 18 2016 00:00:00 GMT+0800 (China Standard Time),81.25,82.849998,80,80.230003,677300,79.187859,POOL
Fri Feb 19 2016 00:00:00 GMT+0800 (China Standard Time),80.089996,81.360001,79.879997,81.099998,589100,80.046553,POOL
Mon Feb 22 2016 00:00:00 GMT+0800 (China Standard Time),81.540001,82.610001,80.410004,80.940002,508300,79.888635,POOL
Tue Feb 23 2016 00:00:00 GMT+0800 (China Standard Time),80.860001,81.599998,80.410004,80.959999,311400,79.908372,POOL
Wed Feb 24 2016 00:00:00 GMT+0800 (China Standard Time),80.32,80.699997,79.260002,80.32,381000,79.276686,POOL
Thu Feb 25 2016 00:00:00 GMT+0800 (China Standard Time),80.410004,80.980003,79.699997,80.779999,364800,79.73071,POOL
Fri Feb 26 2016 00:00:00 GMT+0800 (China Standard Time),81.309998,81.839996,80.720001,81.830002,369300,80.767074,POOL
Mon Feb 29 2016 00:00:00 GMT+0800 (China Standard Time),82.040001,82.089996,79.949997,80.269997,314200,79.227333,POOL
Tue Mar 01 2016 00:00:00 GMT+0800 (China Standard Time),80.870003,82.419998,80.599998,81.699997,370100,80.638758,POOL
Wed Mar 02 2016 00:00:00 GMT+0800 (China Standard Time),81.290001,81.769997,80.25,81.230003,262400,80.174869,POOL
Thu Mar 03 2016 00:00:00 GMT+0800 (China Standard Time),80.779999,81.489998,79.919998,81.330002,228300,80.273569,POOL
Fri Mar 04 2016 00:00:00 GMT+0800 (China Standard Time),81.440002,82.160004,80.809998,81.559998,230900,80.500577,POOL
Mon Mar 07 2016 00:00:00 GMT+0800 (China Standard Time),80.879997,81.82,80.5,81.529999,272800,80.470968,POOL
Tue Mar 08 2016 00:00:00 GMT+0800 (China Standard Time),81.459999,82.5,80.989998,81.050003,203300,79.997207,POOL
Wed Mar 09 2016 00:00:00 GMT+0800 (China Standard Time),81.410004,83.269997,80.68,82.43,386300,81.359279,POOL
Thu Mar 10 2016 00:00:00 GMT+0800 (China Standard Time),82.940002,84,80.839996,81.5,226000,80.441359,POOL
Fri Mar 11 2016 00:00:00 GMT+0800 (China Standard Time),81.879997,82.779999,81.160004,82.739998,226200,81.66525,POOL
Mon Mar 14 2016 00:00:00 GMT+0800 (China Standard Time),82.400002,83.169998,81.349998,82.25,202000,81.437521,POOL
Tue Mar 15 2016 00:00:00 GMT+0800 (China Standard Time),81.82,82.610001,81.82,82.279999,172200,81.467224,POOL
Wed Mar 16 2016 00:00:00 GMT+0800 (China Standard Time),82.370003,83.110001,81.57,82.709999,182100,81.892977,POOL
Thu Mar 17 2016 00:00:00 GMT+0800 (China Standard Time),82.830002,84.389999,82.459999,84.150002,216200,83.318754,POOL
Fri Mar 18 2016 00:00:00 GMT+0800 (China Standard Time),84.300003,85.849998,83.849998,85.639999,553700,84.794034,POOL
Mon Mar 21 2016 00:00:00 GMT+0800 (China Standard Time),85.650002,86.459999,84.099998,85.589996,267900,84.744525,POOL
Tue Mar 22 2016 00:00:00 GMT+0800 (China Standard Time),84.989998,85.870003,84,85.150002,179500,84.308876,POOL
Wed Mar 23 2016 00:00:00 GMT+0800 (China Standard Time),84.989998,85.779999,84.730003,85.43,270600,84.586109,POOL
Thu Mar 24 2016 00:00:00 GMT+0800 (China Standard Time),85.139999,85.699997,85,85.610001,219000,84.764331,POOL
Mon Mar 28 2016 00:00:00 GMT+0800 (China Standard Time),85.690002,86.940002,85.5,86.489998,297900,85.635636,POOL
Tue Mar 29 2016 00:00:00 GMT+0800 (China Standard Time),86.160004,87.970001,86.160004,87.959999,428400,87.091116,POOL
Wed Mar 30 2016 00:00:00 GMT+0800 (China Standard Time),88.220001,88.620003,86.919998,87.540001,251700,86.675267,POOL
Thu Mar 31 2016 00:00:00 GMT+0800 (China Standard Time),87.309998,88.029999,87.190002,87.739998,218200,86.873288,POOL
Fri Apr 01 2016 00:00:00 GMT+0800 (China Standard Time),87.32,88.870003,86.970001,88.389999,230800,87.516869,POOL
Mon Apr 04 2016 00:00:00 GMT+0800 (China Standard Time),88.790001,88.800003,87.339996,87.43,235500,86.566353,POOL
Tue Apr 05 2016 00:00:00 GMT+0800 (China Standard Time),87.040001,87.910004,86.610001,86.68,236000,85.823762,POOL
Wed Apr 06 2016 00:00:00 GMT+0800 (China Standard Time),86.580002,89.169998,86.330002,89.139999,231800,88.25946,POOL
Thu Apr 07 2016 00:00:00 GMT+0800 (China Standard Time),88.580002,89.089996,87.5,88.07,299400,87.20003,POOL
Fri Apr 08 2016 00:00:00 GMT+0800 (China Standard Time),88.589996,89.620003,88.150002,89.309998,245900,88.427779,POOL
Mon Apr 11 2016 00:00:00 GMT+0800 (China Standard Time),89.760002,90.110001,88.779999,88.830002,279600,87.952525,POOL
Tue Apr 12 2016 00:00:00 GMT+0800 (China Standard Time),89.089996,89.209999,88.559998,88.860001,175200,87.982227,POOL
Wed Apr 13 2016 00:00:00 GMT+0800 (China Standard Time),89.540001,90.760002,89.059998,90.75,227000,89.853557,POOL
Thu Apr 14 2016 00:00:00 GMT+0800 (China Standard Time),90.699997,92.589996,90.129997,90.800003,333800,89.903066,POOL
Fri Apr 15 2016 00:00:00 GMT+0800 (China Standard Time),90.32,91.160004,90.059998,90.57,364400,89.675335,POOL
Mon Apr 18 2016 00:00:00 GMT+0800 (China Standard Time),90.5,91.769997,89.209999,91.639999,256800,90.734765,POOL
Tue Apr 19 2016 00:00:00 GMT+0800 (China Standard Time),91.910004,91.970001,90.769997,91.169998,243500,90.269406,POOL
Wed Apr 20 2016 00:00:00 GMT+0800 (China Standard Time),91.099998,91.480003,90.260002,90.82,227900,89.922865,POOL
Thu Apr 21 2016 00:00:00 GMT+0800 (China Standard Time),93.080002,94.599998,87.589996,90.300003,641100,89.408005,POOL
Fri Apr 22 2016 00:00:00 GMT+0800 (China Standard Time),90.089996,90.360001,88.580002,89.349998,463500,88.467385,POOL
Mon Apr 25 2016 00:00:00 GMT+0800 (China Standard Time),89.029999,89.5,88.720001,89.410004,241400,88.526797,POOL
Tue Apr 26 2016 00:00:00 GMT+0800 (China Standard Time),89.440002,90.440002,88.639999,89.150002,312500,88.269364,POOL
Wed Apr 27 2016 00:00:00 GMT+0800 (China Standard Time),88.900002,89.860001,88.709999,89.639999,213900,88.754521,POOL
Thu Apr 28 2016 00:00:00 GMT+0800 (China Standard Time),89.599998,90.209999,88.449997,88.639999,149800,87.764399,POOL
Fri Apr 29 2016 00:00:00 GMT+0800 (China Standard Time),88.940002,89.559998,87.370003,87.410004,250700,86.546554,POOL
Mon May 02 2016 00:00:00 GMT+0800 (China Standard Time),87.379997,88.769997,86.800003,88.370003,321800,87.49707,POOL
Tue May 03 2016 00:00:00 GMT+0800 (China Standard Time),88.040001,88.699997,86.599998,87.32,187900,86.457439,POOL
Wed May 04 2016 00:00:00 GMT+0800 (China Standard Time),87.190002,88.029999,86.800003,87.529999,212000,86.665364,POOL
Thu May 05 2016 00:00:00 GMT+0800 (China Standard Time),87.989998,88.190002,87.230003,87.330002,219900,86.467342,POOL
Fri May 06 2016 00:00:00 GMT+0800 (China Standard Time),87.080002,88.720001,86.190002,88.650002,340200,87.774303,POOL
Mon May 09 2016 00:00:00 GMT+0800 (China Standard Time),88.639999,90.949997,88.57,90.139999,301000,89.249582,POOL
Tue May 10 2016 00:00:00 GMT+0800 (China Standard Time),90.720001,91.239998,89.339996,90.360001,239400,89.46741,POOL
Wed May 11 2016 00:00:00 GMT+0800 (China Standard Time),90.849998,91.82,89.489998,89.970001,365300,89.081263,POOL
Thu May 12 2016 00:00:00 GMT+0800 (China Standard Time),90.370003,91.400002,90.040001,90.82,200800,89.922865,POOL
Fri May 13 2016 00:00:00 GMT+0800 (China Standard Time),90.599998,91.599998,89.790001,90.360001,192300,89.46741,POOL
Mon May 16 2016 00:00:00 GMT+0800 (China Standard Time),90.730003,91.040001,89.730003,89.970001,300300,89.081263,POOL
Tue May 17 2016 00:00:00 GMT+0800 (China Standard Time),89.790001,90.760002,87.260002,87.68,284600,87.114046,POOL
Wed May 18 2016 00:00:00 GMT+0800 (China Standard Time),87.18,88.660004,85.889999,87.650002,230500,87.084241,POOL
Thu May 19 2016 00:00:00 GMT+0800 (China Standard Time),87.720001,88.769997,87.199997,87.720001,427400,87.153789,POOL
Fri May 20 2016 00:00:00 GMT+0800 (China Standard Time),87.860001,88.900002,87.529999,88.220001,344100,87.650562,POOL
Mon May 23 2016 00:00:00 GMT+0800 (China Standard Time),88.580002,88.919998,87.629997,88.260002,132600,87.690304,POOL
Tue May 24 2016 00:00:00 GMT+0800 (China Standard Time),88.809998,90.970001,88.480003,90.519997,226100,89.935711,POOL
Wed May 25 2016 00:00:00 GMT+0800 (China Standard Time),90.410004,90.959999,89.519997,90.769997,176500,90.184098,POOL
Thu May 26 2016 00:00:00 GMT+0800 (China Standard Time),90.989998,91.989998,89.660004,91.400002,245800,90.810036,POOL
Fri May 27 2016 00:00:00 GMT+0800 (China Standard Time),91.410004,92.57,91.349998,92.43,210300,91.833386,POOL
Tue May 31 2016 00:00:00 GMT+0800 (China Standard Time),92.260002,92.419998,91.110001,91.57,225000,90.978937,POOL
Wed Jun 01 2016 00:00:00 GMT+0800 (China Standard Time),91.18,91.989998,91.019997,91.620003,125000,91.028617,POOL
Thu Jun 02 2016 00:00:00 GMT+0800 (China Standard Time),91.440002,93.160004,91.440002,93.080002,292600,92.479192,POOL
Fri Jun 03 2016 00:00:00 GMT+0800 (China Standard Time),93.029999,93.139999,92.360001,92.559998,256300,91.962544,POOL
Mon Jun 06 2016 00:00:00 GMT+0800 (China Standard Time),92.400002,92.400002,90.519997,91.269997,195700,90.68087,POOL
Tue Jun 07 2016 00:00:00 GMT+0800 (China Standard Time),91.190002,91.660004,90.559998,91.419998,300600,90.829903,POOL
Wed Jun 08 2016 00:00:00 GMT+0800 (China Standard Time),91.559998,92.230003,90.800003,92.120003,197000,91.52539,POOL
Thu Jun 09 2016 00:00:00 GMT+0800 (China Standard Time),91.699997,92.110001,91.139999,91.699997,170200,91.108095,POOL
Fri Jun 10 2016 00:00:00 GMT+0800 (China Standard Time),91.029999,91.489998,90.470001,90.529999,159000,89.945649,POOL
Mon Jun 13 2016 00:00:00 GMT+0800 (China Standard Time),89.93,90.040001,88.889999,89.18,317300,88.604364,POOL
Tue Jun 14 2016 00:00:00 GMT+0800 (China Standard Time),88.849998,89.349998,88.349998,89.220001,224100,88.644107,POOL
Wed Jun 15 2016 00:00:00 GMT+0800 (China Standard Time),89.68,91.110001,89.239998,90.169998,216900,89.587972,POOL
Thu Jun 16 2016 00:00:00 GMT+0800 (China Standard Time),89.550003,90.040001,88.919998,89.970001,160400,89.389266,POOL
Fri Jun 17 2016 00:00:00 GMT+0800 (China Standard Time),90.160004,90.599998,89.019997,89.440002,329900,88.862688,POOL
Mon Jun 20 2016 00:00:00 GMT+0800 (China Standard Time),90.360001,91.699997,89.540001,90.690002,309600,90.10462,POOL
Tue Jun 21 2016 00:00:00 GMT+0800 (China Standard Time),90.68,90.82,89.879997,90.440002,211200,89.856233,POOL
Wed Jun 22 2016 00:00:00 GMT+0800 (China Standard Time),90.5,91.120003,89.589996,89.940002,295500,89.359461,POOL
Thu Jun 23 2016 00:00:00 GMT+0800 (China Standard Time),90.75,91.25,89.940002,90.860001,334300,90.273521,POOL
Fri Jun 24 2016 00:00:00 GMT+0800 (China Standard Time),88.019997,90.669998,87.760002,89.300003,4161800,88.723592,POOL
Mon Jun 27 2016 00:00:00 GMT+0800 (China Standard Time),88.470001,88.980003,87.169998,88.660004,490000,88.087724,POOL
Tue Jun 28 2016 00:00:00 GMT+0800 (China Standard Time),89.120003,90.800003,88.779999,90.050003,378500,89.468751,POOL
Wed Jun 29 2016 00:00:00 GMT+0800 (China Standard Time),90.809998,91.410004,89.989998,91.309998,408600,90.720613,POOL
Thu Jun 30 2016 00:00:00 GMT+0800 (China Standard Time),91.379997,94.029999,87.019997,94.029999,455100,93.423057,POOL
Fri Jul 01 2016 00:00:00 GMT+0800 (China Standard Time),93.739998,95.25,93.730003,95.050003,392400,94.436478,POOL
Tue Jul 05 2016 00:00:00 GMT+0800 (China Standard Time),95.099998,96.989998,93.889999,94.730003,343500,94.118543,POOL
Wed Jul 06 2016 00:00:00 GMT+0800 (China Standard Time),94.620003,95.870003,94.330002,95.089996,972100,94.476213,POOL
Thu Jul 07 2016 00:00:00 GMT+0800 (China Standard Time),95.349998,96.32,95.040001,95.169998,336200,94.555698,POOL
Fri Jul 08 2016 00:00:00 GMT+0800 (China Standard Time),95.910004,97.150002,95.550003,96.669998,270500,96.046016,POOL
Mon Jul 11 2016 00:00:00 GMT+0800 (China Standard Time),96.540001,97.400002,96.239998,96.68,347500,96.055954,POOL
Tue Jul 12 2016 00:00:00 GMT+0800 (China Standard Time),97.010002,97.300003,96.360001,97.139999,301400,96.512983,POOL
Wed Jul 13 2016 00:00:00 GMT+0800 (China Standard Time),97.139999,97.410004,96.449997,96.760002,193600,96.135439,POOL
Thu Jul 14 2016 00:00:00 GMT+0800 (China Standard Time),97.230003,97.379997,96.300003,96.360001,230200,95.738019,POOL
Fri Jul 15 2016 00:00:00 GMT+0800 (China Standard Time),94.93,96.610001,93.889999,96.099998,270500,95.479695,POOL
Mon Jul 18 2016 00:00:00 GMT+0800 (China Standard Time),96.139999,97.010002,95.019997,96.010002,222300,95.39028,POOL
Tue Jul 19 2016 00:00:00 GMT+0800 (China Standard Time),95.739998,96.540001,95.739998,96.089996,226100,95.469758,POOL
Wed Jul 20 2016 00:00:00 GMT+0800 (China Standard Time),96.099998,97.5,96.040001,97.129997,372200,96.503046,POOL
Thu Jul 21 2016 00:00:00 GMT+0800 (China Standard Time),98,98.779999,96.459999,97.82,392100,97.188595,POOL
Fri Jul 22 2016 00:00:00 GMT+0800 (China Standard Time),98.43,100.510002,96.889999,100.32,727000,99.672458,POOL
Mon Jul 25 2016 00:00:00 GMT+0800 (China Standard Time),100.339996,101.43,99.809998,100.989998,454900,100.338131,POOL
Tue Jul 26 2016 00:00:00 GMT+0800 (China Standard Time),100.550003,101.239998,100.080002,101.150002,406100,100.497102,POOL
Wed Jul 27 2016 00:00:00 GMT+0800 (China Standard Time),101.150002,101.900002,100.769997,101.5,305000,100.844841,POOL
Thu Jul 28 2016 00:00:00 GMT+0800 (China Standard Time),101.230003,102.699997,101,102.410004,402000,101.748971,POOL
Fri Jul 29 2016 00:00:00 GMT+0800 (China Standard Time),102.510002,102.660004,101.620003,102.279999,244400,101.619805,POOL
Mon Aug 01 2016 00:00:00 GMT+0800 (China Standard Time),101.949997,102.849998,101.690002,102.510002,162700,101.848324,POOL
Tue Aug 02 2016 00:00:00 GMT+0800 (China Standard Time),102.699997,102.699997,100.75,100.839996,339300,100.189098,POOL
Wed Aug 03 2016 00:00:00 GMT+0800 (China Standard Time),100.75,100.760002,99.5,100.739998,278600,100.089745,POOL
Thu Aug 04 2016 00:00:00 GMT+0800 (China Standard Time),100.699997,101.169998,100.43,101.059998,470200,100.407679,POOL
Fri Aug 05 2016 00:00:00 GMT+0800 (China Standard Time),101.360001,101.82,99.779999,99.940002,335900,99.294913,POOL
Mon Aug 08 2016 00:00:00 GMT+0800 (China Standard Time),99.559998,99.93,98.889999,99.349998,245500,99.015848,POOL
Tue Aug 09 2016 00:00:00 GMT+0800 (China Standard Time),99.059998,99.620003,98.169998,99.370003,202000,99.035785,POOL
Wed Aug 10 2016 00:00:00 GMT+0800 (China Standard Time),99.290001,99.739998,99.010002,99.589996,147600,99.255038,POOL
Thu Aug 11 2016 00:00:00 GMT+0800 (China Standard Time),100.110001,100.940002,99.43,100.150002,198500,99.81316,POOL
Fri Aug 12 2016 00:00:00 GMT+0800 (China Standard Time),100.389999,100.389999,99.529999,100.190002,147800,99.853026,POOL
Mon Aug 15 2016 00:00:00 GMT+0800 (China Standard Time),99.93,100.690002,99.559998,100.5,103600,100.161981,POOL
Tue Aug 16 2016 00:00:00 GMT+0800 (China Standard Time),100.489998,100.489998,99.540001,99.699997,100900,99.364669,POOL
Wed Aug 17 2016 00:00:00 GMT+0800 (China Standard Time),99.519997,100.480003,98.879997,100.160004,147700,99.823128,POOL
Thu Aug 18 2016 00:00:00 GMT+0800 (China Standard Time),99.830002,100.57,99.489998,100.510002,150500,100.17195,POOL
Fri Aug 19 2016 00:00:00 GMT+0800 (China Standard Time),100.370003,101.190002,100.370003,100.889999,166400,100.550669,POOL
Mon Aug 22 2016 00:00:00 GMT+0800 (China Standard Time),100.669998,100.980003,100,100.860001,132500,100.520771,POOL
Tue Aug 23 2016 00:00:00 GMT+0800 (China Standard Time),101.379997,101.800003,101.120003,101.410004,84800,101.068924,POOL
Wed Aug 24 2016 00:00:00 GMT+0800 (China Standard Time),101.190002,101.599998,100.849998,101.139999,123600,100.799828,POOL
Thu Aug 25 2016 00:00:00 GMT+0800 (China Standard Time),101.599998,102.860001,100.849998,102.18,187000,101.836331,POOL
Fri Aug 26 2016 00:00:00 GMT+0800 (China Standard Time),102.620003,102.620003,100.550003,101.330002,186800,100.989191,POOL
Mon Aug 29 2016 00:00:00 GMT+0800 (China Standard Time),101.07,102.150002,101.07,101.800003,105500,101.457612,POOL
Tue Aug 30 2016 00:00:00 GMT+0800 (China Standard Time),102.019997,102.019997,101.029999,101.209999,135400,100.869592,POOL
Wed Aug 31 2016 00:00:00 GMT+0800 (China Standard Time),101.019997,101.120003,100.32,100.870003,184700,100.53074,POOL
Thu Sep 01 2016 00:00:00 GMT+0800 (China Standard Time),100.82,101.449997,100.019997,100.419998,262500,100.082248,POOL
Fri Sep 02 2016 00:00:00 GMT+0800 (China Standard Time),100.940002,101.010002,100.059998,100.419998,239700,100.082248,POOL
Tue Sep 06 2016 00:00:00 GMT+0800 (China Standard Time),100.769997,100.769997,99.169998,99.879997,426400,99.544064,POOL
Wed Sep 07 2016 00:00:00 GMT+0800 (China Standard Time),99.650002,99.980003,98.830002,99.239998,251100,98.906217,POOL
Thu Sep 08 2016 00:00:00 GMT+0800 (China Standard Time),99.199997,99.199997,97.949997,98.029999,305500,97.700288,POOL
Fri Sep 09 2016 00:00:00 GMT+0800 (China Standard Time),97.589996,97.589996,94.940002,94.980003,296400,94.66055,POOL
Mon Sep 12 2016 00:00:00 GMT+0800 (China Standard Time),93.900002,95.779999,93.019997,95.660004,635500,95.338264,POOL
Tue Sep 13 2016 00:00:00 GMT+0800 (China Standard Time),95.410004,95.550003,93.900002,94.059998,211900,93.743639,POOL
Wed Sep 14 2016 00:00:00 GMT+0800 (China Standard Time),94.379997,94.959999,93.589996,94.57,139400,94.251926,POOL
Thu Sep 15 2016 00:00:00 GMT+0800 (China Standard Time),94.68,95.339996,93.330002,95.080002,204500,94.760213,POOL
Fri Sep 16 2016 00:00:00 GMT+0800 (China Standard Time),94.760002,95.510002,93.650002,94.040001,301700,93.72371,POOL
Mon Sep 19 2016 00:00:00 GMT+0800 (China Standard Time),94.120003,94.860001,93.879997,93.970001,286000,93.653945,POOL
Tue Sep 20 2016 00:00:00 GMT+0800 (China Standard Time),94.660004,94.660004,92.870003,93.019997,308100,92.707136,POOL
Wed Sep 21 2016 00:00:00 GMT+0800 (China Standard Time),93.269997,93.75,92.989998,93.540001,220700,93.225391,POOL
Thu Sep 22 2016 00:00:00 GMT+0800 (China Standard Time),94.309998,95.209999,92.510002,94.940002,467300,94.620684,POOL
Fri Sep 23 2016 00:00:00 GMT+0800 (China Standard Time),94.529999,95.080002,94.239998,94.599998,300600,94.281824,POOL
Mon Sep 26 2016 00:00:00 GMT+0800 (China Standard Time),94.150002,94.93,93.610001,94.349998,241800,94.032664,POOL
Tue Sep 27 2016 00:00:00 GMT+0800 (China Standard Time),94.550003,95.5,94.5,95.379997,222300,95.059199,POOL
Wed Sep 28 2016 00:00:00 GMT+0800 (China Standard Time),95.32,95.690002,94.279999,95.160004,273300,94.839945,POOL
Thu Sep 29 2016 00:00:00 GMT+0800 (China Standard Time),94.809998,95.220001,94.150002,94.379997,196400,94.062562,POOL
Fri Sep 30 2016 00:00:00 GMT+0800 (China Standard Time),94.889999,94.93,94.360001,94.519997,263400,94.202091,POOL
Mon Oct 03 2016 00:00:00 GMT+0800 (China Standard Time),94.029999,95.370003,93.75,95.120003,303400,94.800079,POOL
Tue Oct 04 2016 00:00:00 GMT+0800 (China Standard Time),95.050003,95.699997,95.029999,95.650002,361600,95.328295,POOL
Wed Oct 05 2016 00:00:00 GMT+0800 (China Standard Time),95.760002,96.510002,94.540001,94.589996,558500,94.271855,POOL
Thu Oct 06 2016 00:00:00 GMT+0800 (China Standard Time),94.470001,95.410004,94.099998,95.269997,157600,94.949568,POOL
Fri Oct 07 2016 00:00:00 GMT+0800 (China Standard Time),95.279999,95.400002,94.449997,94.989998,215700,94.670511,POOL
Mon Oct 10 2016 00:00:00 GMT+0800 (China Standard Time),95.339996,96.370003,95,95.07,243900,94.750244,POOL
Tue Oct 11 2016 00:00:00 GMT+0800 (China Standard Time),94.910004,95,92.690002,92.870003,236100,92.557646,POOL
Wed Oct 12 2016 00:00:00 GMT+0800 (China Standard Time),92.830002,94.230003,92.410004,93.519997,194700,93.205454,POOL
Thu Oct 13 2016 00:00:00 GMT+0800 (China Standard Time),92.800003,93.080002,92.089996,92.879997,255000,92.567607,POOL
Fri Oct 14 2016 00:00:00 GMT+0800 (China Standard Time),93.040001,93.900002,93.040001,93.260002,158900,92.946334,POOL
Mon Oct 17 2016 00:00:00 GMT+0800 (China Standard Time),92.959999,93.669998,92.900002,93.459999,190200,93.145658,POOL
Tue Oct 18 2016 00:00:00 GMT+0800 (China Standard Time),94.360001,94.900002,93.309998,93.360001,134500,93.045996,POOL
Wed Oct 19 2016 00:00:00 GMT+0800 (China Standard Time),93.300003,94.739998,91.949997,92.160004,411900,91.850035,POOL
Thu Oct 20 2016 00:00:00 GMT+0800 (China Standard Time),91.870003,92.25,88.650002,91.279999,646600,90.97299,POOL
Fri Oct 21 2016 00:00:00 GMT+0800 (China Standard Time),91.239998,94.480003,90.629997,94.440002,584700,94.122366,POOL
Mon Oct 24 2016 00:00:00 GMT+0800 (China Standard Time),94.589996,95.080002,93.510002,94.099998,289200,93.783505,POOL
Tue Oct 25 2016 00:00:00 GMT+0800 (China Standard Time),94,94.209999,93.220001,93.269997,463600,92.956295,POOL
Wed Oct 26 2016 00:00:00 GMT+0800 (China Standard Time),93,93.220001,90.980003,91.309998,506700,91.002888,POOL
Thu Oct 27 2016 00:00:00 GMT+0800 (China Standard Time),91.68,91.949997,90.510002,91.760002,420000,91.451379,POOL
Fri Oct 28 2016 00:00:00 GMT+0800 (China Standard Time),91.519997,92.970001,91.519997,92.220001,237900,91.909831,POOL
Mon Oct 31 2016 00:00:00 GMT+0800 (China Standard Time),92.43,92.919998,91.839996,92.580002,172300,92.268621,POOL
Tue Nov 01 2016 00:00:00 GMT+0800 (China Standard Time),92.599998,93.989998,90.540001,90.589996,176200,90.285309,POOL
Wed Nov 02 2016 00:00:00 GMT+0800 (China Standard Time),90.57,91.660004,90.57,91.029999,295100,90.723831,POOL
Thu Nov 03 2016 00:00:00 GMT+0800 (China Standard Time),91.139999,91.68,91.129997,91.43,254100,91.122487,POOL
Fri Nov 04 2016 00:00:00 GMT+0800 (China Standard Time),92.059998,92.860001,91.169998,92.169998,301600,91.859996,POOL
Mon Nov 07 2016 00:00:00 GMT+0800 (China Standard Time),93.010002,94.440002,92.480003,94.389999,329300,94.389999,POOL
Tue Nov 08 2016 00:00:00 GMT+0800 (China Standard Time),94.010002,94.269997,93.160004,93.440002,314700,93.440002,POOL
Wed Nov 09 2016 00:00:00 GMT+0800 (China Standard Time),91.959999,94.199997,91.68,94,293300,94,POOL
Thu Nov 10 2016 00:00:00 GMT+0800 (China Standard Time),94.470001,96.489998,94.349998,95.330002,368200,95.330002,POOL
Fri Nov 11 2016 00:00:00 GMT+0800 (China Standard Time),95.449997,97.099998,95,96.779999,297800,96.779999,POOL
