Thu Jan 02 2014 00:00:00 GMT+0800 (China Standard Time),26.889999,26.889999,26.889999,26.889999,0,23.997385,SAL
Fri Jan 03 2014 00:00:00 GMT+0800 (China Standard Time),26.5,26.5,26.5,26.5,100,23.649338,SAL
Mon Jan 06 2014 00:00:00 GMT+0800 (China Standard Time),26.059999,26.5,26.059999,26.5,2200,23.649338,SAL
Tue Jan 07 2014 00:00:00 GMT+0800 (China Standard Time),26.15,26.48,26.15,26.48,500,23.631489,SAL
Wed Jan 08 2014 00:00:00 GMT+0800 (China Standard Time),26.129999,26.290001,25.85,25.9,5900,23.113881,SAL
Thu Jan 09 2014 00:00:00 GMT+0800 (China Standard Time),25.799999,26.370001,25.799999,25.9,11300,23.113881,SAL
Fri Jan 10 2014 00:00:00 GMT+0800 (China Standard Time),25.9,27,25.9,27,16600,24.095552,SAL
Mon Jan 13 2014 00:00:00 GMT+0800 (China Standard Time),26.620001,26.83,26.620001,26.76,1400,23.88137,SAL
Tue Jan 14 2014 00:00:00 GMT+0800 (China Standard Time),26.76,26.76,26.76,26.76,0,23.88137,SAL
Wed Jan 15 2014 00:00:00 GMT+0800 (China Standard Time),26.98,26.99,26.889999,26.99,1600,24.086628,SAL
Thu Jan 16 2014 00:00:00 GMT+0800 (China Standard Time),27,27.58,26.99,27.58,7800,24.61316,SAL
Fri Jan 17 2014 00:00:00 GMT+0800 (China Standard Time),27.25,27.25,27,27.25,5300,24.318659,SAL
Tue Jan 21 2014 00:00:00 GMT+0800 (China Standard Time),27,27.57,27,27.299999,6600,24.36328,SAL
Wed Jan 22 2014 00:00:00 GMT+0800 (China Standard Time),26.969999,27.219999,26.969999,27.219999,5500,24.291886,SAL
Thu Jan 23 2014 00:00:00 GMT+0800 (China Standard Time),27.25,27.25,26.709999,27.049999,8300,24.140173,SAL
Fri Jan 24 2014 00:00:00 GMT+0800 (China Standard Time),27.25,27.25,26.35,26.98,6900,24.077703,SAL
Mon Jan 27 2014 00:00:00 GMT+0800 (China Standard Time),27.190001,27.190001,26.68,26.68,1000,23.809976,SAL
Tue Jan 28 2014 00:00:00 GMT+0800 (China Standard Time),26.709999,26.940001,26.48,26.5,4900,23.649338,SAL
Wed Jan 29 2014 00:00:00 GMT+0800 (China Standard Time),26.790001,27.110001,26.790001,27,1800,24.095552,SAL
Thu Jan 30 2014 00:00:00 GMT+0800 (China Standard Time),26.809999,27.200001,26.790001,26.860001,1400,23.970613,SAL
Fri Jan 31 2014 00:00:00 GMT+0800 (China Standard Time),27.25,27.25,26.790001,26.870001,600,23.979537,SAL
Mon Feb 03 2014 00:00:00 GMT+0800 (China Standard Time),27.25,27.25,26.559999,26.82,1600,23.934915,SAL
Tue Feb 04 2014 00:00:00 GMT+0800 (China Standard Time),27.25,27.25,27,27,1200,24.095552,SAL
Wed Feb 05 2014 00:00:00 GMT+0800 (China Standard Time),27,27,27,27,0,24.095552,SAL
Thu Feb 06 2014 00:00:00 GMT+0800 (China Standard Time),27,27,26.51,26.82,2100,23.934915,SAL
Fri Feb 07 2014 00:00:00 GMT+0800 (China Standard Time),26.65,26.700001,26.65,26.700001,1300,23.827825,SAL
Mon Feb 10 2014 00:00:00 GMT+0800 (China Standard Time),27,27,26.9,26.9,1100,24.006309,SAL
Tue Feb 11 2014 00:00:00 GMT+0800 (China Standard Time),27.040001,27.040001,27.040001,27.040001,200,24.13125,SAL
Wed Feb 12 2014 00:00:00 GMT+0800 (China Standard Time),26.85,26.879999,26.49,26.5,10200,23.89679,SAL
Thu Feb 13 2014 00:00:00 GMT+0800 (China Standard Time),26.5,26.700001,26.5,26.51,2000,23.905807,SAL
Fri Feb 14 2014 00:00:00 GMT+0800 (China Standard Time),26.51,26.51,26.51,26.51,0,23.905807,SAL
Tue Feb 18 2014 00:00:00 GMT+0800 (China Standard Time),27.1,27.1,26.559999,27.1,4500,24.437849,SAL
Wed Feb 19 2014 00:00:00 GMT+0800 (China Standard Time),27.049999,27.25,27,27.049999,4300,24.39276,SAL
Thu Feb 20 2014 00:00:00 GMT+0800 (China Standard Time),26.879999,27.559999,26.52,27.559999,1900,24.852661,SAL
Fri Feb 21 2014 00:00:00 GMT+0800 (China Standard Time),27.559999,27.559999,27.559999,27.559999,0,24.852661,SAL
Mon Feb 24 2014 00:00:00 GMT+0800 (China Standard Time),27.559999,27.559999,27.559999,27.559999,200,24.852661,SAL
Tue Feb 25 2014 00:00:00 GMT+0800 (China Standard Time),27.540001,27.540001,27.209999,27.209999,1500,24.537042,SAL
Wed Feb 26 2014 00:00:00 GMT+0800 (China Standard Time),27.4,27.57,27.290001,27.290001,700,24.609185,SAL
Thu Feb 27 2014 00:00:00 GMT+0800 (China Standard Time),27.290001,27.290001,27.290001,27.290001,0,24.609185,SAL
Fri Feb 28 2014 00:00:00 GMT+0800 (China Standard Time),27.559999,27.559999,27.01,27.01,3400,24.35669,SAL
Mon Mar 03 2014 00:00:00 GMT+0800 (China Standard Time),27.299999,27.549999,26.9,27.02,3100,24.365708,SAL
Tue Mar 04 2014 00:00:00 GMT+0800 (China Standard Time),27.1,27.1,27.08,27.08,300,24.419814,SAL
Wed Mar 05 2014 00:00:00 GMT+0800 (China Standard Time),27.08,27.08,27.08,27.08,0,24.419814,SAL
Thu Mar 06 2014 00:00:00 GMT+0800 (China Standard Time),27.41,27.41,27.41,27.41,100,24.717396,SAL
Fri Mar 07 2014 00:00:00 GMT+0800 (China Standard Time),27.5,27.5,26.85,27.440001,5000,24.74445,SAL
Mon Mar 10 2014 00:00:00 GMT+0800 (China Standard Time),27.440001,27.440001,27.440001,27.440001,500,24.74445,SAL
Tue Mar 11 2014 00:00:00 GMT+0800 (China Standard Time),27.25,27.280001,27.02,27.08,2300,24.419814,SAL
Wed Mar 12 2014 00:00:00 GMT+0800 (China Standard Time),26.799999,27,26.34,27,5400,24.347672,SAL
Thu Mar 13 2014 00:00:00 GMT+0800 (China Standard Time),27,27.459999,26.9,26.9,5900,24.257495,SAL
Fri Mar 14 2014 00:00:00 GMT+0800 (China Standard Time),26.9,26.9,26.9,26.9,0,24.257495,SAL
Mon Mar 17 2014 00:00:00 GMT+0800 (China Standard Time),27,27.200001,27,27.190001,1700,24.519008,SAL
Tue Mar 18 2014 00:00:00 GMT+0800 (China Standard Time),27.51,27.51,27.1,27.299999,1000,24.618201,SAL
Wed Mar 19 2014 00:00:00 GMT+0800 (China Standard Time),26.139999,27.549999,26.139999,27.5,5000,24.798555,SAL
Thu Mar 20 2014 00:00:00 GMT+0800 (China Standard Time),27.48,27.790001,27.07,27.07,9400,24.410796,SAL
Fri Mar 21 2014 00:00:00 GMT+0800 (China Standard Time),27.1,27.32,26.98,26.98,6500,24.329637,SAL
Mon Mar 24 2014 00:00:00 GMT+0800 (China Standard Time),27.07,27.07,26.860001,27,2700,24.347672,SAL
Tue Mar 25 2014 00:00:00 GMT+0800 (China Standard Time),27,27,26.75,26.75,14600,24.122231,SAL
Wed Mar 26 2014 00:00:00 GMT+0800 (China Standard Time),27.139999,27.15,27.02,27.02,2200,24.365708,SAL
Thu Mar 27 2014 00:00:00 GMT+0800 (China Standard Time),26.969999,27,26.85,26.85,6000,24.212408,SAL
Fri Mar 28 2014 00:00:00 GMT+0800 (China Standard Time),27,27,27,27,1200,24.347672,SAL
Mon Mar 31 2014 00:00:00 GMT+0800 (China Standard Time),27.15,27.15,26.85,26.860001,9500,24.221426,SAL
Tue Apr 01 2014 00:00:00 GMT+0800 (China Standard Time),27,27.59,27,27.200001,2300,24.528026,SAL
Wed Apr 02 2014 00:00:00 GMT+0800 (China Standard Time),27.200001,27.200001,27.200001,27.200001,0,24.528026,SAL
Thu Apr 03 2014 00:00:00 GMT+0800 (China Standard Time),26.98,27.66,26.98,27.370001,4700,24.681326,SAL
Fri Apr 04 2014 00:00:00 GMT+0800 (China Standard Time),27.299999,27.299999,27.290001,27.290001,500,24.609185,SAL
Mon Apr 07 2014 00:00:00 GMT+0800 (China Standard Time),27.290001,27.290001,27,27.129999,1300,24.464901,SAL
Tue Apr 08 2014 00:00:00 GMT+0800 (China Standard Time),27.120001,27.49,27.120001,27.49,1300,24.789537,SAL
Wed Apr 09 2014 00:00:00 GMT+0800 (China Standard Time),27.41,27.440001,27.41,27.440001,400,24.74445,SAL
Thu Apr 10 2014 00:00:00 GMT+0800 (China Standard Time),27.51,27.799999,27.5,27.799999,5900,25.069084,SAL
Fri Apr 11 2014 00:00:00 GMT+0800 (China Standard Time),27.75,28,27.75,28,1100,25.249438,SAL
Mon Apr 14 2014 00:00:00 GMT+0800 (China Standard Time),28.219999,28.299999,27.299999,28,4200,25.249438,SAL
Tue Apr 15 2014 00:00:00 GMT+0800 (China Standard Time),28.25,28.299999,28,28.15,3300,25.384703,SAL
Wed Apr 16 2014 00:00:00 GMT+0800 (China Standard Time),28.299999,28.5,28.299999,28.5,1100,25.700321,SAL
Thu Apr 17 2014 00:00:00 GMT+0800 (China Standard Time),28.5,28.879999,28.5,28.879999,600,26.042991,SAL
Mon Apr 21 2014 00:00:00 GMT+0800 (China Standard Time),28.809999,30.01,28.809999,29.65,2900,26.737351,SAL
Tue Apr 22 2014 00:00:00 GMT+0800 (China Standard Time),29.950001,30,29.950001,30,300,27.052969,SAL
Wed Apr 23 2014 00:00:00 GMT+0800 (China Standard Time),30,30.389999,29,29.75,5100,26.827528,SAL
Thu Apr 24 2014 00:00:00 GMT+0800 (China Standard Time),29.780001,29.780001,29.75,29.76,2300,26.836546,SAL
Fri Apr 25 2014 00:00:00 GMT+0800 (China Standard Time),29.82,29.82,29.75,29.75,2200,26.827528,SAL
Mon Apr 28 2014 00:00:00 GMT+0800 (China Standard Time),29.75,29.75,29.75,29.75,1700,26.827528,SAL
Tue Apr 29 2014 00:00:00 GMT+0800 (China Standard Time),30.1,30.440001,30.09,30.440001,1200,27.449747,SAL
Wed Apr 30 2014 00:00:00 GMT+0800 (China Standard Time),30.299999,30.299999,30,30,800,27.052969,SAL
Thu May 01 2014 00:00:00 GMT+0800 (China Standard Time),30,30,30,30,0,27.052969,SAL
Fri May 02 2014 00:00:00 GMT+0800 (China Standard Time),30.290001,32.099998,30.1,30.98,19700,27.936699,SAL
Mon May 05 2014 00:00:00 GMT+0800 (China Standard Time),30.09,30.09,30.09,30.09,500,27.134128,SAL
Tue May 06 2014 00:00:00 GMT+0800 (China Standard Time),30.09,30.09,30.09,30.09,0,27.134128,SAL
Wed May 07 2014 00:00:00 GMT+0800 (China Standard Time),30.959999,30.959999,30.5,30.73,800,27.971545,SAL
Thu May 08 2014 00:00:00 GMT+0800 (China Standard Time),30.629999,31.700001,30.35,30.75,38900,27.98975,SAL
Fri May 09 2014 00:00:00 GMT+0800 (China Standard Time),30.290001,30.620001,30.219999,30.219999,2200,27.507324,SAL
Mon May 12 2014 00:00:00 GMT+0800 (China Standard Time),30,30.9,30,30.299999,10800,27.580143,SAL
Tue May 13 2014 00:00:00 GMT+0800 (China Standard Time),30.719999,30.719999,30.35,30.35,2400,27.625656,SAL
Wed May 14 2014 00:00:00 GMT+0800 (China Standard Time),30.370001,31.35,30.200001,30.360001,15300,27.634758,SAL
Thu May 15 2014 00:00:00 GMT+0800 (China Standard Time),30.610001,30.65,30,30.309999,3000,27.589245,SAL
Fri May 16 2014 00:00:00 GMT+0800 (China Standard Time),30.65,30.65,30.4,30.6,1400,27.853215,SAL
Mon May 19 2014 00:00:00 GMT+0800 (China Standard Time),30.6,30.6,30.6,30.6,0,27.853215,SAL
Tue May 20 2014 00:00:00 GMT+0800 (China Standard Time),30.09,30.09,30.07,30.07,500,27.370789,SAL
Wed May 21 2014 00:00:00 GMT+0800 (China Standard Time),30.25,30.25,30.25,30.25,100,27.534632,SAL
Thu May 22 2014 00:00:00 GMT+0800 (China Standard Time),30.25,30.25,30.25,30.25,0,27.534632,SAL
Fri May 23 2014 00:00:00 GMT+0800 (China Standard Time),30.25,30.25,30.25,30.25,0,27.534632,SAL
Tue May 27 2014 00:00:00 GMT+0800 (China Standard Time),30.25,30.25,30.25,30.25,0,27.534632,SAL
Wed May 28 2014 00:00:00 GMT+0800 (China Standard Time),30.5,30.889999,30.299999,30.6,8100,27.853215,SAL
Thu May 29 2014 00:00:00 GMT+0800 (China Standard Time),30.219999,30.219999,30.219999,30.219999,700,27.507324,SAL
Fri May 30 2014 00:00:00 GMT+0800 (China Standard Time),31,31,30.07,30.25,4300,27.534632,SAL
Mon Jun 02 2014 00:00:00 GMT+0800 (China Standard Time),30.559999,30.559999,30.17,30.299999,3800,27.580143,SAL
Tue Jun 03 2014 00:00:00 GMT+0800 (China Standard Time),30.049999,30.049999,30,30,800,27.307073,SAL
Wed Jun 04 2014 00:00:00 GMT+0800 (China Standard Time),30,30,30,30,0,27.307073,SAL
Thu Jun 05 2014 00:00:00 GMT+0800 (China Standard Time),30.01,30.01,30.01,30.01,200,27.316175,SAL
Fri Jun 06 2014 00:00:00 GMT+0800 (China Standard Time),30.690001,30.690001,30.690001,30.690001,700,27.935136,SAL
Mon Jun 09 2014 00:00:00 GMT+0800 (China Standard Time),30.690001,30.690001,30.690001,30.690001,0,27.935136,SAL
Tue Jun 10 2014 00:00:00 GMT+0800 (China Standard Time),30.709999,30.709999,30,30,7300,27.307073,SAL
Wed Jun 11 2014 00:00:00 GMT+0800 (China Standard Time),30,30,30,30,400,27.307073,SAL
Thu Jun 12 2014 00:00:00 GMT+0800 (China Standard Time),30.02,30.02,30,30,2200,27.307073,SAL
Fri Jun 13 2014 00:00:00 GMT+0800 (China Standard Time),30.030001,30.43,30,30.219999,1900,27.507324,SAL
Mon Jun 16 2014 00:00:00 GMT+0800 (China Standard Time),30.219999,30.219999,30.219999,30.219999,0,27.507324,SAL
Tue Jun 17 2014 00:00:00 GMT+0800 (China Standard Time),30.219999,30.219999,30.219999,30.219999,0,27.507324,SAL
Wed Jun 18 2014 00:00:00 GMT+0800 (China Standard Time),30,30,30,30,700,27.307073,SAL
Thu Jun 19 2014 00:00:00 GMT+0800 (China Standard Time),30,30,30,30,0,27.307073,SAL
Fri Jun 20 2014 00:00:00 GMT+0800 (China Standard Time),30.120001,30.120001,30.120001,30.120001,500,27.416302,SAL
Mon Jun 23 2014 00:00:00 GMT+0800 (China Standard Time),30.620001,30.620001,30.530001,30.549999,1000,27.807702,SAL
Tue Jun 24 2014 00:00:00 GMT+0800 (China Standard Time),30.459999,30.5,30.459999,30.5,1300,27.762191,SAL
Wed Jun 25 2014 00:00:00 GMT+0800 (China Standard Time),30,30.48,29.950001,30.1,4500,27.398097,SAL
Thu Jun 26 2014 00:00:00 GMT+0800 (China Standard Time),30.5,30.5,30.5,30.5,100,27.762191,SAL
Fri Jun 27 2014 00:00:00 GMT+0800 (China Standard Time),30.48,30.48,30.02,30.07,400,27.370789,SAL
Mon Jun 30 2014 00:00:00 GMT+0800 (China Standard Time),30.700001,30.700001,30.01,30.01,700,27.316175,SAL
Tue Jul 01 2014 00:00:00 GMT+0800 (China Standard Time),30,30,30,30,2500,27.307073,SAL
Wed Jul 02 2014 00:00:00 GMT+0800 (China Standard Time),30.02,30.02,30.02,30.02,100,27.325278,SAL
Thu Jul 03 2014 00:00:00 GMT+0800 (China Standard Time),30.01,30.379999,30,30.16,1500,27.45271,SAL
Mon Jul 07 2014 00:00:00 GMT+0800 (China Standard Time),30,30.76,30,30.700001,10800,27.944239,SAL
Tue Jul 08 2014 00:00:00 GMT+0800 (China Standard Time),30.77,30.77,30.08,30.09,1800,27.388994,SAL
Wed Jul 09 2014 00:00:00 GMT+0800 (China Standard Time),30,30.5,30,30.1,5800,27.398097,SAL
Thu Jul 10 2014 00:00:00 GMT+0800 (China Standard Time),30,30.049999,29.92,30.030001,5100,27.334381,SAL
Fri Jul 11 2014 00:00:00 GMT+0800 (China Standard Time),29.92,29.969999,29.92,29.92,1400,27.234254,SAL
Mon Jul 14 2014 00:00:00 GMT+0800 (China Standard Time),29.92,29.92,29.92,29.92,0,27.234254,SAL
Tue Jul 15 2014 00:00:00 GMT+0800 (China Standard Time),29.92,29.92,29.92,29.92,0,27.234254,SAL
Wed Jul 16 2014 00:00:00 GMT+0800 (China Standard Time),29.5,30.440001,26.780001,30.440001,2800,27.707577,SAL
Thu Jul 17 2014 00:00:00 GMT+0800 (China Standard Time),29.969999,30,29.200001,29.200001,6500,26.578885,SAL
Fri Jul 18 2014 00:00:00 GMT+0800 (China Standard Time),30.5,30.719999,29,29.049999,2000,26.442348,SAL
Mon Jul 21 2014 00:00:00 GMT+0800 (China Standard Time),30.42,30.42,30.42,30.42,100,27.689372,SAL
Tue Jul 22 2014 00:00:00 GMT+0800 (China Standard Time),29.73,29.73,29.4,29.4,200,26.760931,SAL
Wed Jul 23 2014 00:00:00 GMT+0800 (China Standard Time),28.17,28.99,28.17,28.360001,3600,25.814287,SAL
Thu Jul 24 2014 00:00:00 GMT+0800 (China Standard Time),28.16,28.870001,28.1,28.26,2600,25.723263,SAL
Fri Jul 25 2014 00:00:00 GMT+0800 (China Standard Time),29,29,28.26,28.26,300,25.723263,SAL
Mon Jul 28 2014 00:00:00 GMT+0800 (China Standard Time),28.530001,28.530001,28.530001,28.530001,200,25.969027,SAL
Tue Jul 29 2014 00:00:00 GMT+0800 (China Standard Time),28.76,28.76,28.75,28.75,500,26.169278,SAL
Wed Jul 30 2014 00:00:00 GMT+0800 (China Standard Time),28.780001,28.780001,28.75,28.75,300,26.169278,SAL
Thu Jul 31 2014 00:00:00 GMT+0800 (China Standard Time),28.16,28.33,27.9,28.33,1000,25.786979,SAL
Fri Aug 01 2014 00:00:00 GMT+0800 (China Standard Time),28.5,28.65,28.5,28.65,800,26.078254,SAL
Mon Aug 04 2014 00:00:00 GMT+0800 (China Standard Time),28.58,30.290001,28.58,30.290001,1500,27.571042,SAL
Tue Aug 05 2014 00:00:00 GMT+0800 (China Standard Time),28.049999,28.049999,28.01,28.01,800,25.495704,SAL
Wed Aug 06 2014 00:00:00 GMT+0800 (China Standard Time),28.01,28.01,28.01,28.01,0,25.753143,SAL
Thu Aug 07 2014 00:00:00 GMT+0800 (China Standard Time),28.01,28.01,28.01,28.01,0,25.753143,SAL
Fri Aug 08 2014 00:00:00 GMT+0800 (China Standard Time),28.01,28.01,28.01,28.01,0,25.753143,SAL
Mon Aug 11 2014 00:00:00 GMT+0800 (China Standard Time),28.01,28.01,28.01,28.01,0,25.753143,SAL
Tue Aug 12 2014 00:00:00 GMT+0800 (China Standard Time),28.25,28.25,27.68,27.68,600,25.449732,SAL
Wed Aug 13 2014 00:00:00 GMT+0800 (China Standard Time),30.129999,30.129999,30.129999,30.129999,100,27.702327,SAL
Thu Aug 14 2014 00:00:00 GMT+0800 (China Standard Time),30.129999,30.129999,30.129999,30.129999,0,27.702327,SAL
Fri Aug 15 2014 00:00:00 GMT+0800 (China Standard Time),28.02,30.040001,27.65,27.9,16500,25.652006,SAL
Mon Aug 18 2014 00:00:00 GMT+0800 (China Standard Time),28.200001,28.889999,27.879999,28.889999,1200,26.562238,SAL
Tue Aug 19 2014 00:00:00 GMT+0800 (China Standard Time),28,28,27.5,27.51,3700,25.29343,SAL
Wed Aug 20 2014 00:00:00 GMT+0800 (China Standard Time),27.51,27.51,27.51,27.51,0,25.29343,SAL
Thu Aug 21 2014 00:00:00 GMT+0800 (China Standard Time),28.959999,28.959999,28.959999,28.959999,100,26.626598,SAL
Fri Aug 22 2014 00:00:00 GMT+0800 (China Standard Time),28.959999,28.959999,28.959999,28.959999,0,26.626598,SAL
Mon Aug 25 2014 00:00:00 GMT+0800 (China Standard Time),28.67,28.67,27.950001,28.370001,1700,26.084137,SAL
Tue Aug 26 2014 00:00:00 GMT+0800 (China Standard Time),28.639999,28.639999,27.950001,28.4,400,26.111719,SAL
Wed Aug 27 2014 00:00:00 GMT+0800 (China Standard Time),28.889999,28.889999,27.85,27.85,500,25.606035,SAL
Thu Aug 28 2014 00:00:00 GMT+0800 (China Standard Time),28.15,28.67,28.15,28.629999,4000,26.323187,SAL
Fri Aug 29 2014 00:00:00 GMT+0800 (China Standard Time),28.75,29.25,28.75,29.25,1200,26.893232,SAL
Tue Sep 02 2014 00:00:00 GMT+0800 (China Standard Time),29.969999,29.969999,29.5,29.5,500,27.123089,SAL
Wed Sep 03 2014 00:00:00 GMT+0800 (China Standard Time),29.5,29.5,29.5,29.5,0,27.123089,SAL
Thu Sep 04 2014 00:00:00 GMT+0800 (China Standard Time),28.51,29,28.09,28.09,1100,25.826697,SAL
Fri Sep 05 2014 00:00:00 GMT+0800 (China Standard Time),28.09,28.09,28.09,28.09,0,25.826697,SAL
Mon Sep 08 2014 00:00:00 GMT+0800 (China Standard Time),29.9,29.99,29.4,29.98,3000,27.564413,SAL
Tue Sep 09 2014 00:00:00 GMT+0800 (China Standard Time),29.98,29.98,29.98,29.98,0,27.564413,SAL
Wed Sep 10 2014 00:00:00 GMT+0800 (China Standard Time),29.98,29.98,29.98,29.98,0,27.564413,SAL
Thu Sep 11 2014 00:00:00 GMT+0800 (China Standard Time),29.200001,29.200001,29.200001,29.200001,300,26.847261,SAL
Fri Sep 12 2014 00:00:00 GMT+0800 (China Standard Time),28.6,28.719999,28.43,28.610001,3300,26.3048,SAL
Mon Sep 15 2014 00:00:00 GMT+0800 (China Standard Time),28.57,28.700001,28.57,28.68,1500,26.369159,SAL
Tue Sep 16 2014 00:00:00 GMT+0800 (China Standard Time),28.719999,29.08,28.719999,28.799999,2500,26.479489,SAL
Wed Sep 17 2014 00:00:00 GMT+0800 (China Standard Time),28.49,28.84,28.49,28.690001,600,26.378354,SAL
Thu Sep 18 2014 00:00:00 GMT+0800 (China Standard Time),29.1,29.1,28.469999,28.469999,1600,26.176079,SAL
Fri Sep 19 2014 00:00:00 GMT+0800 (China Standard Time),29.09,29.35,28.299999,28.299999,7700,26.019776,SAL
Mon Sep 22 2014 00:00:00 GMT+0800 (China Standard Time),28.26,28.299999,28.25,28.25,700,25.973805,SAL
Tue Sep 23 2014 00:00:00 GMT+0800 (China Standard Time),28.219999,28.299999,27.549999,27.549999,3600,25.330206,SAL
Wed Sep 24 2014 00:00:00 GMT+0800 (China Standard Time),27.66,28.65,27.620001,27.620001,2600,25.394567,SAL
Thu Sep 25 2014 00:00:00 GMT+0800 (China Standard Time),27.620001,27.620001,27.620001,27.620001,0,25.394567,SAL
Fri Sep 26 2014 00:00:00 GMT+0800 (China Standard Time),27.65,27.65,27.549999,27.549999,700,25.330206,SAL
Mon Sep 29 2014 00:00:00 GMT+0800 (China Standard Time),27.360001,28.6,27,27,6100,24.824522,SAL
Tue Sep 30 2014 00:00:00 GMT+0800 (China Standard Time),27.57,27.57,26.950001,26.950001,600,24.778551,SAL
Wed Oct 01 2014 00:00:00 GMT+0800 (China Standard Time),27.25,27.25,27.25,27.25,300,25.054379,SAL
Thu Oct 02 2014 00:00:00 GMT+0800 (China Standard Time),27.25,27.25,27.25,27.25,0,25.054379,SAL
Fri Oct 03 2014 00:00:00 GMT+0800 (China Standard Time),27.25,27.25,27.25,27.25,0,25.054379,SAL
Mon Oct 06 2014 00:00:00 GMT+0800 (China Standard Time),27.5,27.75,27,27,900,24.824522,SAL
Tue Oct 07 2014 00:00:00 GMT+0800 (China Standard Time),27,27,27,27,400,24.824522,SAL
Wed Oct 08 2014 00:00:00 GMT+0800 (China Standard Time),27,27,27,27,0,24.824522,SAL
Thu Oct 09 2014 00:00:00 GMT+0800 (China Standard Time),27.32,27.32,27.32,27.32,300,25.118738,SAL
Fri Oct 10 2014 00:00:00 GMT+0800 (China Standard Time),27.1,27.1,27.1,27.1,600,24.916465,SAL
Mon Oct 13 2014 00:00:00 GMT+0800 (China Standard Time),27.1,27.1,27.1,27.1,0,24.916465,SAL
Tue Oct 14 2014 00:00:00 GMT+0800 (China Standard Time),27.370001,27.6,27.370001,27.370001,2700,25.164711,SAL
Wed Oct 15 2014 00:00:00 GMT+0800 (China Standard Time),27.1,28,26.719999,26.719999,1300,24.567082,SAL
Thu Oct 16 2014 00:00:00 GMT+0800 (China Standard Time),28,28,28,28,400,25.743949,SAL
Fri Oct 17 2014 00:00:00 GMT+0800 (China Standard Time),28.030001,28.030001,28.030001,28.030001,400,25.771532,SAL
Mon Oct 20 2014 00:00:00 GMT+0800 (China Standard Time),28.15,28.15,28.15,28.15,100,25.881862,SAL
Tue Oct 21 2014 00:00:00 GMT+0800 (China Standard Time),28.18,28.18,27.530001,27.530001,1100,25.311819,SAL
Wed Oct 22 2014 00:00:00 GMT+0800 (China Standard Time),27.530001,27.530001,27.530001,27.530001,0,25.311819,SAL
Thu Oct 23 2014 00:00:00 GMT+0800 (China Standard Time),27.85,28.129999,27.57,28.129999,800,25.863473,SAL
Fri Oct 24 2014 00:00:00 GMT+0800 (China Standard Time),28.129999,28.129999,28.129999,28.129999,0,25.863473,SAL
Mon Oct 27 2014 00:00:00 GMT+0800 (China Standard Time),28.129999,28.129999,28.129999,28.129999,0,25.863473,SAL
Tue Oct 28 2014 00:00:00 GMT+0800 (China Standard Time),28.129999,28.129999,28.129999,28.129999,0,25.863473,SAL
Wed Oct 29 2014 00:00:00 GMT+0800 (China Standard Time),27.5,27.540001,27.5,27.5,400,25.284235,SAL
Thu Oct 30 2014 00:00:00 GMT+0800 (China Standard Time),26.719999,27.5,26.719999,27.5,900,25.284235,SAL
Fri Oct 31 2014 00:00:00 GMT+0800 (China Standard Time),26.75,27.5,26.57,27.35,2100,25.146322,SAL
Mon Nov 03 2014 00:00:00 GMT+0800 (China Standard Time),26.48,27.33,26.4,27.33,400,25.127933,SAL
Tue Nov 04 2014 00:00:00 GMT+0800 (China Standard Time),27.33,27.33,27.33,27.33,0,25.127933,SAL
Wed Nov 05 2014 00:00:00 GMT+0800 (China Standard Time),26.549999,26.85,26.450001,26.85,3100,24.686608,SAL
Thu Nov 06 2014 00:00:00 GMT+0800 (China Standard Time),26.950001,27.389999,26.93,26.93,1800,24.760162,SAL
Fri Nov 07 2014 00:00:00 GMT+0800 (China Standard Time),26.35,26.799999,25.84,26.790001,10300,24.631443,SAL
Mon Nov 10 2014 00:00:00 GMT+0800 (China Standard Time),26.790001,27.129999,26.75,26.85,1300,24.686608,SAL
Tue Nov 11 2014 00:00:00 GMT+0800 (China Standard Time),26.85,26.85,26.85,26.85,0,24.686608,SAL
Wed Nov 12 2014 00:00:00 GMT+0800 (China Standard Time),26.85,26.85,26.85,26.85,0,24.94676,SAL
Thu Nov 13 2014 00:00:00 GMT+0800 (China Standard Time),26.73,26.780001,26.73,26.780001,300,24.881723,SAL
Fri Nov 14 2014 00:00:00 GMT+0800 (China Standard Time),26.41,26.620001,26.41,26.620001,1500,24.733064,SAL
Mon Nov 17 2014 00:00:00 GMT+0800 (China Standard Time),27.049999,27.07,26.889999,26.889999,600,24.983924,SAL
Tue Nov 18 2014 00:00:00 GMT+0800 (China Standard Time),26.950001,28.950001,26.889999,27.049999,4700,25.132583,SAL
Wed Nov 19 2014 00:00:00 GMT+0800 (China Standard Time),27.049999,27.049999,27.049999,27.049999,0,25.132583,SAL
Thu Nov 20 2014 00:00:00 GMT+0800 (China Standard Time),27.049999,27.049999,27.049999,27.049999,0,25.132583,SAL
Fri Nov 21 2014 00:00:00 GMT+0800 (China Standard Time),28.4,28.4,28.389999,28.389999,400,26.377598,SAL
Mon Nov 24 2014 00:00:00 GMT+0800 (China Standard Time),28.389999,28.389999,28.389999,28.389999,0,26.377598,SAL
Tue Nov 25 2014 00:00:00 GMT+0800 (China Standard Time),27,27,27,27,100,25.086127,SAL
Wed Nov 26 2014 00:00:00 GMT+0800 (China Standard Time),27.139999,27.139999,27,27,1300,25.086127,SAL
Fri Nov 28 2014 00:00:00 GMT+0800 (China Standard Time),28.440001,28.440001,27,27.049999,1300,25.132583,SAL
Mon Dec 01 2014 00:00:00 GMT+0800 (China Standard Time),28.4,28.4,27,27.15,2100,25.225494,SAL
Tue Dec 02 2014 00:00:00 GMT+0800 (China Standard Time),27.15,27.15,27.15,27.15,0,25.225494,SAL
Wed Dec 03 2014 00:00:00 GMT+0800 (China Standard Time),27.15,27.15,27.15,27.15,100,25.225494,SAL
Thu Dec 04 2014 00:00:00 GMT+0800 (China Standard Time),27.25,27.25,27.25,27.25,200,25.318406,SAL
Fri Dec 05 2014 00:00:00 GMT+0800 (China Standard Time),27.15,28.17,27,27.190001,900,25.26266,SAL
Mon Dec 08 2014 00:00:00 GMT+0800 (China Standard Time),27.950001,27.950001,27.950001,27.950001,100,25.968788,SAL
Tue Dec 09 2014 00:00:00 GMT+0800 (China Standard Time),27.5,27.5,27.389999,27.4,1100,25.457773,SAL
Wed Dec 10 2014 00:00:00 GMT+0800 (China Standard Time),27.139999,27.32,25.75,25.879999,5900,24.045517,SAL
Thu Dec 11 2014 00:00:00 GMT+0800 (China Standard Time),27.780001,27.780001,27.700001,27.700001,1000,25.736509,SAL
Fri Dec 12 2014 00:00:00 GMT+0800 (China Standard Time),26.5,26.5,26.5,26.5,100,24.62157,SAL
Mon Dec 15 2014 00:00:00 GMT+0800 (China Standard Time),27.440001,27.5,27.389999,27.389999,1900,25.448482,SAL
Tue Dec 16 2014 00:00:00 GMT+0800 (China Standard Time),27.34,27.34,26.75,26.76,1400,24.86314,SAL
Wed Dec 17 2014 00:00:00 GMT+0800 (China Standard Time),26.76,26.76,26.76,26.76,0,24.86314,SAL
Thu Dec 18 2014 00:00:00 GMT+0800 (China Standard Time),26.76,26.76,26.76,26.76,0,24.86314,SAL
Fri Dec 19 2014 00:00:00 GMT+0800 (China Standard Time),27.299999,27.299999,26.83,26.83,400,24.928178,SAL
Mon Dec 22 2014 00:00:00 GMT+0800 (China Standard Time),26.799999,26.799999,26.5,26.5,500,24.62157,SAL
Tue Dec 23 2014 00:00:00 GMT+0800 (China Standard Time),27,27,26.77,26.77,900,24.872431,SAL
Wed Dec 24 2014 00:00:00 GMT+0800 (China Standard Time),26.77,26.77,26.77,26.77,0,24.872431,SAL
Fri Dec 26 2014 00:00:00 GMT+0800 (China Standard Time),26.700001,26.74,26.700001,26.74,1300,24.844557,SAL
Mon Dec 29 2014 00:00:00 GMT+0800 (China Standard Time),27.389999,27.389999,26.65,26.950001,1100,25.039672,SAL
Tue Dec 30 2014 00:00:00 GMT+0800 (China Standard Time),27,27,26.85,26.85,1300,24.94676,SAL
Wed Dec 31 2014 00:00:00 GMT+0800 (China Standard Time),27.040001,27.34,27.040001,27.34,700,25.402027,SAL
Fri Jan 02 2015 00:00:00 GMT+0800 (China Standard Time),26.85,27,26.85,26.9,700,24.993216,SAL
Mon Jan 05 2015 00:00:00 GMT+0800 (China Standard Time),27.360001,27.360001,27.360001,27.360001,200,25.42061,SAL
Tue Jan 06 2015 00:00:00 GMT+0800 (China Standard Time),27.360001,27.360001,27.360001,27.360001,0,25.42061,SAL
Wed Jan 07 2015 00:00:00 GMT+0800 (China Standard Time),27.360001,27.360001,27.360001,27.360001,0,25.42061,SAL
Thu Jan 08 2015 00:00:00 GMT+0800 (China Standard Time),26.83,27.5,26.83,27.5,1400,25.550685,SAL
Fri Jan 09 2015 00:00:00 GMT+0800 (China Standard Time),27.48,27.549999,27.48,27.549999,900,25.59714,SAL
Mon Jan 12 2015 00:00:00 GMT+0800 (China Standard Time),27.58,27.84,27.5,27.5,2200,25.550685,SAL
Tue Jan 13 2015 00:00:00 GMT+0800 (China Standard Time),27.5,27.5,26.85,26.959999,3400,25.048962,SAL
Wed Jan 14 2015 00:00:00 GMT+0800 (China Standard Time),26.860001,26.9,26.85,26.9,1200,24.993216,SAL
Thu Jan 15 2015 00:00:00 GMT+0800 (China Standard Time),26.9,26.91,26.83,26.83,1900,24.928178,SAL
Fri Jan 16 2015 00:00:00 GMT+0800 (China Standard Time),26.969999,26.969999,26.969999,26.969999,200,25.058253,SAL
Tue Jan 20 2015 00:00:00 GMT+0800 (China Standard Time),27,27,27,27,400,25.086127,SAL
Wed Jan 21 2015 00:00:00 GMT+0800 (China Standard Time),26.83,26.83,26.610001,26.610001,900,24.723773,SAL
Thu Jan 22 2015 00:00:00 GMT+0800 (China Standard Time),26.799999,27,26.549999,26.65,20000,24.760937,SAL
Fri Jan 23 2015 00:00:00 GMT+0800 (China Standard Time),26.74,27.08,26.68,27.040001,17800,25.123293,SAL
Mon Jan 26 2015 00:00:00 GMT+0800 (China Standard Time),27.5,28.51,26.51,27.15,45800,25.225494,SAL
Tue Jan 27 2015 00:00:00 GMT+0800 (China Standard Time),27.43,27.870001,27.299999,27.870001,4200,25.894459,SAL
Wed Jan 28 2015 00:00:00 GMT+0800 (China Standard Time),27.559999,28.25,27.559999,28.01,5900,26.024535,SAL
Thu Jan 29 2015 00:00:00 GMT+0800 (China Standard Time),27.18,27.5,27.08,27.190001,3200,25.26266,SAL
Fri Jan 30 2015 00:00:00 GMT+0800 (China Standard Time),28,28,27.299999,27.299999,600,25.364862,SAL
Mon Feb 02 2015 00:00:00 GMT+0800 (China Standard Time),27.02,27.02,27.02,27.02,300,25.10471,SAL
Tue Feb 03 2015 00:00:00 GMT+0800 (China Standard Time),27,28.27,27,28.25,900,26.247522,SAL
Wed Feb 04 2015 00:00:00 GMT+0800 (China Standard Time),28.459999,28.5,28.459999,28.5,400,26.479801,SAL
Thu Feb 05 2015 00:00:00 GMT+0800 (China Standard Time),28.389999,28.389999,28,28.030001,1700,26.043117,SAL
Fri Feb 06 2015 00:00:00 GMT+0800 (China Standard Time),28.389999,28.4,27.4,28.190001,3900,26.191776,SAL
Mon Feb 09 2015 00:00:00 GMT+0800 (China Standard Time),28.01,28.299999,28.01,28.01,2300,26.024535,SAL
Tue Feb 10 2015 00:00:00 GMT+0800 (China Standard Time),28.02,28.6,27.950001,28.549999,17000,26.526256,SAL
Wed Feb 11 2015 00:00:00 GMT+0800 (China Standard Time),28.25,28.65,28.200001,28.65,3200,26.882818,SAL
Thu Feb 12 2015 00:00:00 GMT+0800 (China Standard Time),28.25,28.700001,28.18,28.700001,15100,26.929735,SAL
Fri Feb 13 2015 00:00:00 GMT+0800 (China Standard Time),28.530001,28.700001,28.440001,28.700001,1100,26.929735,SAL
Tue Feb 17 2015 00:00:00 GMT+0800 (China Standard Time),27.57,28.790001,27.57,28.18,1600,26.441809,SAL
Wed Feb 18 2015 00:00:00 GMT+0800 (China Standard Time),28.139999,28.799999,28.129999,28.799999,2900,27.023565,SAL
Thu Feb 19 2015 00:00:00 GMT+0800 (China Standard Time),28.799999,30.4,28.799999,30.4,12300,28.524875,SAL
Fri Feb 20 2015 00:00:00 GMT+0800 (China Standard Time),29.6,30.18,29,30.18,10100,28.318445,SAL
Mon Feb 23 2015 00:00:00 GMT+0800 (China Standard Time),29.01,29.950001,29.01,29.950001,1700,28.102632,SAL
Tue Feb 24 2015 00:00:00 GMT+0800 (China Standard Time),29.68,29.950001,29.68,29.950001,400,28.102632,SAL
Wed Feb 25 2015 00:00:00 GMT+0800 (China Standard Time),29.15,29.15,29.15,29.15,100,27.351977,SAL
Thu Feb 26 2015 00:00:00 GMT+0800 (China Standard Time),29.25,29.25,29.219999,29.23,1900,27.427042,SAL
Fri Feb 27 2015 00:00:00 GMT+0800 (China Standard Time),29.5,30.379999,29.5,29.950001,1600,28.102632,SAL
Mon Mar 02 2015 00:00:00 GMT+0800 (China Standard Time),30.35,30.35,29.370001,29.370001,1600,27.558408,SAL
Tue Mar 03 2015 00:00:00 GMT+0800 (China Standard Time),30.280001,30.299999,29.209999,30.25,3200,28.384127,SAL
Wed Mar 04 2015 00:00:00 GMT+0800 (China Standard Time),29.99,29.99,29.99,29.99,200,28.140164,SAL
Thu Mar 05 2015 00:00:00 GMT+0800 (China Standard Time),30.15,30.15,29.67,30,1300,28.149548,SAL
Fri Mar 06 2015 00:00:00 GMT+0800 (China Standard Time),29.549999,29.59,29.549999,29.59,1000,27.764837,SAL
Mon Mar 09 2015 00:00:00 GMT+0800 (China Standard Time),29.540001,29.99,29.540001,29.940001,3200,28.093249,SAL
Tue Mar 10 2015 00:00:00 GMT+0800 (China Standard Time),29.940001,29.950001,28.77,29.950001,1900,28.102632,SAL
Wed Mar 11 2015 00:00:00 GMT+0800 (China Standard Time),29.99,29.99,29.940001,29.99,500,28.140164,SAL
Thu Mar 12 2015 00:00:00 GMT+0800 (China Standard Time),29.969999,29.99,29.969999,29.99,400,28.140164,SAL
Fri Mar 13 2015 00:00:00 GMT+0800 (China Standard Time),29.52,29.860001,29.5,29.51,3800,27.689772,SAL
Mon Mar 16 2015 00:00:00 GMT+0800 (China Standard Time),30,30,28.879999,30,1800,28.149548,SAL
Tue Mar 17 2015 00:00:00 GMT+0800 (China Standard Time),29.299999,29.700001,29.200001,29.700001,1000,27.868053,SAL
Wed Mar 18 2015 00:00:00 GMT+0800 (China Standard Time),28.940001,29.690001,28.940001,29.690001,700,27.858669,SAL
Thu Mar 19 2015 00:00:00 GMT+0800 (China Standard Time),29.129999,29.4,28.6,29.4,3200,27.586556,SAL
Fri Mar 20 2015 00:00:00 GMT+0800 (China Standard Time),28.73,29.690001,27.51,27.51,13200,25.813135,SAL
Mon Mar 23 2015 00:00:00 GMT+0800 (China Standard Time),28.5,29.25,28.5,29.25,1100,27.445809,SAL
Tue Mar 24 2015 00:00:00 GMT+0800 (China Standard Time),29.42,29.440001,29.42,29.440001,700,27.62409,SAL
Wed Mar 25 2015 00:00:00 GMT+0800 (China Standard Time),29.49,30,29.49,30,1600,28.149548,SAL
Thu Mar 26 2015 00:00:00 GMT+0800 (China Standard Time),28.6,30,28.6,30,1100,28.149548,SAL
Fri Mar 27 2015 00:00:00 GMT+0800 (China Standard Time),29.030001,29.030001,29.02,29.02,600,27.229996,SAL
Mon Mar 30 2015 00:00:00 GMT+0800 (China Standard Time),29.02,29.02,29.02,29.02,0,27.229996,SAL
Tue Mar 31 2015 00:00:00 GMT+0800 (China Standard Time),29.5,29.700001,29.5,29.65,1000,27.821136,SAL
Wed Apr 01 2015 00:00:00 GMT+0800 (China Standard Time),29.459999,29.77,29.459999,29.77,400,27.933735,SAL
Thu Apr 02 2015 00:00:00 GMT+0800 (China Standard Time),28.92,29.34,28.889999,29.34,1800,27.530258,SAL
Mon Apr 06 2015 00:00:00 GMT+0800 (China Standard Time),29,29.1,29,29.030001,600,27.23938,SAL
Tue Apr 07 2015 00:00:00 GMT+0800 (China Standard Time),29.030001,29.030001,29.030001,29.030001,0,27.23938,SAL
Wed Apr 08 2015 00:00:00 GMT+0800 (China Standard Time),29.030001,29.030001,29.030001,29.030001,0,27.23938,SAL
Thu Apr 09 2015 00:00:00 GMT+0800 (China Standard Time),28.809999,28.809999,28.77,28.77,600,26.995417,SAL
Fri Apr 10 2015 00:00:00 GMT+0800 (China Standard Time),28.790001,29.280001,28.790001,29.280001,3500,27.473959,SAL
Mon Apr 13 2015 00:00:00 GMT+0800 (China Standard Time),29.5,29.5,29.5,29.5,300,27.680388,SAL
Tue Apr 14 2015 00:00:00 GMT+0800 (China Standard Time),28.870001,29,28.780001,28.950001,2700,27.164314,SAL
Wed Apr 15 2015 00:00:00 GMT+0800 (China Standard Time),29.92,29.92,29.41,29.459999,800,27.642855,SAL
Thu Apr 16 2015 00:00:00 GMT+0800 (China Standard Time),29.24,29.24,29.24,29.24,200,27.436425,SAL
Fri Apr 17 2015 00:00:00 GMT+0800 (China Standard Time),28.799999,28.799999,28.799999,28.799999,300,27.023565,SAL
Mon Apr 20 2015 00:00:00 GMT+0800 (China Standard Time),29,29.01,28.799999,28.799999,500,27.023565,SAL
Tue Apr 21 2015 00:00:00 GMT+0800 (China Standard Time),29.5,29.5,28.99,29.049999,5200,27.258145,SAL
Wed Apr 22 2015 00:00:00 GMT+0800 (China Standard Time),29.4,29.5,29.299999,29.299999,3200,27.492724,SAL
Thu Apr 23 2015 00:00:00 GMT+0800 (China Standard Time),29.4,29.5,29.26,29.5,2400,27.680388,SAL
Fri Apr 24 2015 00:00:00 GMT+0800 (China Standard Time),29.5,30,29.450001,30,3700,28.149548,SAL
Mon Apr 27 2015 00:00:00 GMT+0800 (China Standard Time),29.52,30.57,29.52,30.57,7000,28.684389,SAL
Tue Apr 28 2015 00:00:00 GMT+0800 (China Standard Time),30.66,30.700001,29.610001,29.629999,3000,27.802369,SAL
Wed Apr 29 2015 00:00:00 GMT+0800 (China Standard Time),30.690001,30.74,30,30,1300,28.149548,SAL
Thu Apr 30 2015 00:00:00 GMT+0800 (China Standard Time),30.469999,30.469999,30.469999,30.469999,200,28.590557,SAL
Fri May 01 2015 00:00:00 GMT+0800 (China Standard Time),30.25,30.59,30.1,30.59,1700,28.703155,SAL
Mon May 04 2015 00:00:00 GMT+0800 (China Standard Time),30.049999,30.25,30.049999,30.24,1200,28.374744,SAL
Tue May 05 2015 00:00:00 GMT+0800 (China Standard Time),30.24,30.4,30,30.4,1900,28.524875,SAL
Wed May 06 2015 00:00:00 GMT+0800 (China Standard Time),30.450001,30.82,30.389999,30.809999,5400,28.909585,SAL
Thu May 07 2015 00:00:00 GMT+0800 (China Standard Time),30.9,30.9,30.530001,30.530001,900,28.646857,SAL
Fri May 08 2015 00:00:00 GMT+0800 (China Standard Time),31.18,31.18,30.5,31,4300,29.087866,SAL
Mon May 11 2015 00:00:00 GMT+0800 (China Standard Time),30.700001,31.469999,30.700001,31.469999,2300,29.528875,SAL
Tue May 12 2015 00:00:00 GMT+0800 (China Standard Time),31.48,31.48,31,31,1700,29.087866,SAL
Wed May 13 2015 00:00:00 GMT+0800 (China Standard Time),31,31,31,31,0,29.352991,SAL
Thu May 14 2015 00:00:00 GMT+0800 (China Standard Time),31,31,30.99,31,1600,29.352991,SAL
Fri May 15 2015 00:00:00 GMT+0800 (China Standard Time),31,31,30.75,31,700,29.352991,SAL
Mon May 18 2015 00:00:00 GMT+0800 (China Standard Time),30.5,30.92,30.1,30.51,4400,28.889025,SAL
Tue May 19 2015 00:00:00 GMT+0800 (China Standard Time),30.959999,30.98,30.85,30.85,800,29.210961,SAL
Wed May 20 2015 00:00:00 GMT+0800 (China Standard Time),30.1,30.75,30.1,30.549999,900,28.926899,SAL
Thu May 21 2015 00:00:00 GMT+0800 (China Standard Time),30.58,31,29.9,30.92,2400,29.277242,SAL
Fri May 22 2015 00:00:00 GMT+0800 (China Standard Time),30.5,30.5,30,30,1100,28.406121,SAL
Tue May 26 2015 00:00:00 GMT+0800 (China Standard Time),30.290001,31.48,29.4,30.940001,4400,29.296179,SAL
Wed May 27 2015 00:00:00 GMT+0800 (China Standard Time),30.15,31.040001,29.5,31.040001,3400,29.390867,SAL
Thu May 28 2015 00:00:00 GMT+0800 (China Standard Time),31.040001,31.040001,31.040001,31.040001,0,29.390867,SAL
Fri May 29 2015 00:00:00 GMT+0800 (China Standard Time),31.48,31.49,30.58,31,2500,29.352991,SAL
Mon Jun 01 2015 00:00:00 GMT+0800 (China Standard Time),31.49,31.49,30.48,31.440001,1100,29.769615,SAL
Tue Jun 02 2015 00:00:00 GMT+0800 (China Standard Time),31.440001,31.440001,31.440001,31.440001,0,29.769615,SAL
Wed Jun 03 2015 00:00:00 GMT+0800 (China Standard Time),31.25,31.25,31.25,31.25,100,29.589709,SAL
Thu Jun 04 2015 00:00:00 GMT+0800 (China Standard Time),31.200001,31.200001,31.200001,31.200001,200,29.542366,SAL
Fri Jun 05 2015 00:00:00 GMT+0800 (China Standard Time),31.25,31.25,30.68,30.68,3200,29.049993,SAL
Mon Jun 08 2015 00:00:00 GMT+0800 (China Standard Time),30.299999,31,30.299999,30.51,700,28.889025,SAL
Tue Jun 09 2015 00:00:00 GMT+0800 (China Standard Time),30.51,30.51,30.51,30.51,0,28.889025,SAL
Wed Jun 10 2015 00:00:00 GMT+0800 (China Standard Time),30.32,30.98,30.01,30.969999,2800,29.324584,SAL
Thu Jun 11 2015 00:00:00 GMT+0800 (China Standard Time),30.99,34.439999,30.99,32.299999,20100,30.583922,SAL
Fri Jun 12 2015 00:00:00 GMT+0800 (China Standard Time),31.73,31.73,31.73,31.73,200,30.044206,SAL
Mon Jun 15 2015 00:00:00 GMT+0800 (China Standard Time),32.220001,32.25,32.029999,32.029999,900,30.328267,SAL
Tue Jun 16 2015 00:00:00 GMT+0800 (China Standard Time),32.029999,32.029999,32.029999,32.029999,0,30.328267,SAL
Wed Jun 17 2015 00:00:00 GMT+0800 (China Standard Time),31.1,31.1,31.1,31.1,300,29.447679,SAL
Thu Jun 18 2015 00:00:00 GMT+0800 (China Standard Time),31,31,31,31,300,29.352991,SAL
Fri Jun 19 2015 00:00:00 GMT+0800 (China Standard Time),32,32,30.15,30.15,1500,28.548151,SAL
Mon Jun 22 2015 00:00:00 GMT+0800 (China Standard Time),31.549999,31.549999,31.549999,31.549999,200,29.873769,SAL
Tue Jun 23 2015 00:00:00 GMT+0800 (China Standard Time),31.379999,31.379999,31.379999,31.379999,200,29.712801,SAL
Wed Jun 24 2015 00:00:00 GMT+0800 (China Standard Time),31.4,31.4,31.4,31.4,1100,29.731739,SAL
Thu Jun 25 2015 00:00:00 GMT+0800 (China Standard Time),31.4,31.4,31.4,31.4,0,29.731739,SAL
Fri Jun 26 2015 00:00:00 GMT+0800 (China Standard Time),31.74,31.74,30.5,30.5,500,28.879556,SAL
Mon Jun 29 2015 00:00:00 GMT+0800 (China Standard Time),31.690001,31.690001,31.690001,31.690001,800,30.006333,SAL
Tue Jun 30 2015 00:00:00 GMT+0800 (China Standard Time),31.690001,31.690001,31.690001,31.690001,0,30.006333,SAL
Wed Jul 01 2015 00:00:00 GMT+0800 (China Standard Time),31.74,31.74,31.74,31.74,500,30.053675,SAL
Thu Jul 02 2015 00:00:00 GMT+0800 (China Standard Time),30,30.049999,30,30.049999,1700,28.453463,SAL
Mon Jul 06 2015 00:00:00 GMT+0800 (China Standard Time),30.25,31.35,30.25,30.26,1100,28.652307,SAL
Tue Jul 07 2015 00:00:00 GMT+0800 (China Standard Time),31.58,31.67,30.84,30.84,900,29.201492,SAL
Wed Jul 08 2015 00:00:00 GMT+0800 (China Standard Time),30.57,31.040001,30.57,31,1800,29.352991,SAL
Thu Jul 09 2015 00:00:00 GMT+0800 (China Standard Time),30.1,30.33,30,30.200001,3400,28.595495,SAL
Fri Jul 10 2015 00:00:00 GMT+0800 (China Standard Time),30.190001,30.85,30.190001,30.450001,1000,28.832213,SAL
Mon Jul 13 2015 00:00:00 GMT+0800 (China Standard Time),30.450001,30.450001,30,30,1200,28.406121,SAL
Tue Jul 14 2015 00:00:00 GMT+0800 (China Standard Time),30,30,30,30,0,28.406121,SAL
Wed Jul 15 2015 00:00:00 GMT+0800 (China Standard Time),30,31.719999,30,31.530001,1200,29.854833,SAL
Thu Jul 16 2015 00:00:00 GMT+0800 (China Standard Time),30.139999,31.719999,30.059999,31.549999,3300,29.873769,SAL
Fri Jul 17 2015 00:00:00 GMT+0800 (China Standard Time),31.219999,31.450001,31.219999,31.450001,400,29.779084,SAL
Mon Jul 20 2015 00:00:00 GMT+0800 (China Standard Time),30.16,30.969999,30.16,30.969999,800,29.324584,SAL
Tue Jul 21 2015 00:00:00 GMT+0800 (China Standard Time),30.969999,30.969999,30.969999,30.969999,0,29.324584,SAL
Wed Jul 22 2015 00:00:00 GMT+0800 (China Standard Time),30.15,30.15,30.15,30.15,300,28.548151,SAL
Thu Jul 23 2015 00:00:00 GMT+0800 (China Standard Time),30.15,30.15,30.15,30.15,0,28.548151,SAL
Fri Jul 24 2015 00:00:00 GMT+0800 (China Standard Time),30.879999,30.879999,30.879999,30.879999,100,29.239366,SAL
Mon Jul 27 2015 00:00:00 GMT+0800 (China Standard Time),31,31,28.66,29,4800,27.45925,SAL
Tue Jul 28 2015 00:00:00 GMT+0800 (China Standard Time),29,29,29,29,0,27.45925,SAL
Wed Jul 29 2015 00:00:00 GMT+0800 (China Standard Time),29,29,29,29,0,27.45925,SAL
Thu Jul 30 2015 00:00:00 GMT+0800 (China Standard Time),29.34,30,29.309999,29.5,600,27.932685,SAL
Fri Jul 31 2015 00:00:00 GMT+0800 (China Standard Time),30,30,30,30,300,28.406121,SAL
Mon Aug 03 2015 00:00:00 GMT+0800 (China Standard Time),29.6,29.690001,29,29.690001,2900,28.112591,SAL
Tue Aug 04 2015 00:00:00 GMT+0800 (China Standard Time),29.92,30.23,29.92,30.23,1800,28.6239,SAL
Wed Aug 05 2015 00:00:00 GMT+0800 (China Standard Time),30.969999,31,30.450001,31,4200,29.352991,SAL
Thu Aug 06 2015 00:00:00 GMT+0800 (China Standard Time),31,31,30.68,30.700001,3100,29.068931,SAL
Fri Aug 07 2015 00:00:00 GMT+0800 (China Standard Time),30.360001,31,28.799999,30,6700,28.406121,SAL
Mon Aug 10 2015 00:00:00 GMT+0800 (China Standard Time),29.92,30,29.450001,29.799999,6700,28.216746,SAL
Tue Aug 11 2015 00:00:00 GMT+0800 (China Standard Time),29.469999,29.9,29.469999,29.76,2600,28.178872,SAL
Wed Aug 12 2015 00:00:00 GMT+0800 (China Standard Time),29.08,29.610001,29.08,29.610001,400,28.303134,SAL
Thu Aug 13 2015 00:00:00 GMT+0800 (China Standard Time),29.129999,29.9,29.129999,29.870001,3400,28.551659,SAL
Fri Aug 14 2015 00:00:00 GMT+0800 (China Standard Time),29.290001,29.290001,29.290001,29.290001,400,27.997258,SAL
Mon Aug 17 2015 00:00:00 GMT+0800 (China Standard Time),29,29,28.98,28.98,500,27.700939,SAL
Tue Aug 18 2015 00:00:00 GMT+0800 (China Standard Time),28.98,28.98,28.98,28.98,0,27.700939,SAL
Wed Aug 19 2015 00:00:00 GMT+0800 (China Standard Time),28.98,28.98,28.98,28.98,0,27.700939,SAL
Thu Aug 20 2015 00:00:00 GMT+0800 (China Standard Time),28.98,28.98,28.98,28.98,0,27.700939,SAL
Fri Aug 21 2015 00:00:00 GMT+0800 (China Standard Time),28.5,28.559999,28.5,28.549999,1000,27.289917,SAL
Mon Aug 24 2015 00:00:00 GMT+0800 (China Standard Time),28.5,28.5,28.379999,28.379999,1500,27.12742,SAL
Tue Aug 25 2015 00:00:00 GMT+0800 (China Standard Time),28,28.700001,27.959999,28.700001,4100,27.433298,SAL
Wed Aug 26 2015 00:00:00 GMT+0800 (China Standard Time),28.700001,28.700001,28.700001,28.700001,0,27.433298,SAL
Thu Aug 27 2015 00:00:00 GMT+0800 (China Standard Time),28.98,29,28,29,4800,27.720056,SAL
Fri Aug 28 2015 00:00:00 GMT+0800 (China Standard Time),29.01,29.9,28.99,29.9,3500,28.580334,SAL
Mon Aug 31 2015 00:00:00 GMT+0800 (China Standard Time),29.76,29.889999,28.450001,29,1800,27.720056,SAL
Tue Sep 01 2015 00:00:00 GMT+0800 (China Standard Time),29.16,29.16,28.4,29,600,27.720056,SAL
Wed Sep 02 2015 00:00:00 GMT+0800 (China Standard Time),28.959999,29,28.75,29,500,27.720056,SAL
Thu Sep 03 2015 00:00:00 GMT+0800 (China Standard Time),28.969999,28.969999,28.969999,28.969999,100,27.69138,SAL
Fri Sep 04 2015 00:00:00 GMT+0800 (China Standard Time),29,29,29,29,700,27.720056,SAL
Tue Sep 08 2015 00:00:00 GMT+0800 (China Standard Time),29.809999,30.969999,29,30.969999,3700,29.603108,SAL
Wed Sep 09 2015 00:00:00 GMT+0800 (China Standard Time),30.879999,30.969999,30.129999,30.969999,1500,29.603108,SAL
Thu Sep 10 2015 00:00:00 GMT+0800 (China Standard Time),31,31,29,30.75,2600,29.392818,SAL
Fri Sep 11 2015 00:00:00 GMT+0800 (China Standard Time),30.73,31,30.73,31,1700,29.631784,SAL
Mon Sep 14 2015 00:00:00 GMT+0800 (China Standard Time),30.950001,30.950001,29.950001,30,1700,28.67592,SAL
Tue Sep 15 2015 00:00:00 GMT+0800 (China Standard Time),30,30.719999,28.549999,29.790001,9400,28.47519,SAL
Wed Sep 16 2015 00:00:00 GMT+0800 (China Standard Time),29.82,30.1,29.65,30.1,3500,28.771507,SAL
Thu Sep 17 2015 00:00:00 GMT+0800 (China Standard Time),30.5,30.5,30.290001,30.290001,2300,28.953122,SAL
Fri Sep 18 2015 00:00:00 GMT+0800 (China Standard Time),30.959999,31.709999,29.190001,29.190001,4300,27.901671,SAL
Mon Sep 21 2015 00:00:00 GMT+0800 (China Standard Time),29.280001,31.700001,29.280001,29.93,1800,28.60901,SAL
Tue Sep 22 2015 00:00:00 GMT+0800 (China Standard Time),29.24,30.01,29.209999,29.299999,5500,28.006815,SAL
Wed Sep 23 2015 00:00:00 GMT+0800 (China Standard Time),29.5,29.76,29.01,29.110001,5000,27.825202,SAL
Thu Sep 24 2015 00:00:00 GMT+0800 (China Standard Time),29,29.049999,29,29,900,27.720056,SAL
Fri Sep 25 2015 00:00:00 GMT+0800 (China Standard Time),29.299999,30.530001,29.219999,30.530001,1000,29.182529,SAL
Mon Sep 28 2015 00:00:00 GMT+0800 (China Standard Time),29.5,29.58,28.91,28.91,1800,27.634028,SAL
Tue Sep 29 2015 00:00:00 GMT+0800 (China Standard Time),28.91,28.91,28.91,28.91,0,27.634028,SAL
Wed Sep 30 2015 00:00:00 GMT+0800 (China Standard Time),28.950001,28.950001,28.92,28.92,400,27.643587,SAL
Thu Oct 01 2015 00:00:00 GMT+0800 (China Standard Time),28.92,28.92,28.92,28.92,0,27.643587,SAL
Fri Oct 02 2015 00:00:00 GMT+0800 (China Standard Time),29.41,29.41,28.91,28.91,2400,27.634028,SAL
Mon Oct 05 2015 00:00:00 GMT+0800 (China Standard Time),29,29,28.799999,28.799999,2700,27.528883,SAL
Tue Oct 06 2015 00:00:00 GMT+0800 (China Standard Time),28.860001,30.5,28.860001,29.77,15500,28.456072,SAL
Wed Oct 07 2015 00:00:00 GMT+0800 (China Standard Time),30.08,30.1,29.1,29.1,8000,27.815643,SAL
Thu Oct 08 2015 00:00:00 GMT+0800 (China Standard Time),29.65,29.700001,29.610001,29.700001,700,28.389162,SAL
Fri Oct 09 2015 00:00:00 GMT+0800 (China Standard Time),29.379999,29.6,29.379999,29.4,400,28.102402,SAL
Mon Oct 12 2015 00:00:00 GMT+0800 (China Standard Time),30.1,30.1,30.1,30.1,200,28.771507,SAL
Tue Oct 13 2015 00:00:00 GMT+0800 (China Standard Time),30.1,30.1,30.1,30.1,0,28.771507,SAL
Wed Oct 14 2015 00:00:00 GMT+0800 (China Standard Time),30.1,30.1,30.1,30.1,0,28.771507,SAL
Thu Oct 15 2015 00:00:00 GMT+0800 (China Standard Time),30.1,30.1,29.02,29.799999,1700,28.484747,SAL
Fri Oct 16 2015 00:00:00 GMT+0800 (China Standard Time),29.200001,29.200001,29.200001,29.200001,500,27.91123,SAL
Mon Oct 19 2015 00:00:00 GMT+0800 (China Standard Time),29.200001,29.200001,29.200001,29.200001,0,27.91123,SAL
Tue Oct 20 2015 00:00:00 GMT+0800 (China Standard Time),29.5,29.65,29.5,29.610001,2100,28.303134,SAL
Wed Oct 21 2015 00:00:00 GMT+0800 (China Standard Time),29.75,29.75,29.75,29.75,200,28.436954,SAL
Thu Oct 22 2015 00:00:00 GMT+0800 (China Standard Time),30.1,30.1,30.1,30.1,300,28.771507,SAL
Fri Oct 23 2015 00:00:00 GMT+0800 (China Standard Time),30.1,30.1,30.1,30.1,0,28.771507,SAL
Mon Oct 26 2015 00:00:00 GMT+0800 (China Standard Time),29.299999,29.65,29.299999,29.629999,300,28.32225,SAL
Tue Oct 27 2015 00:00:00 GMT+0800 (China Standard Time),30.030001,30.09,29.049999,29.049999,6500,27.767849,SAL
Wed Oct 28 2015 00:00:00 GMT+0800 (China Standard Time),29.120001,29.450001,29,29,2000,27.720056,SAL
Thu Oct 29 2015 00:00:00 GMT+0800 (China Standard Time),29,29,29,29,0,27.720056,SAL
Fri Oct 30 2015 00:00:00 GMT+0800 (China Standard Time),29.68,29.68,29.5,29.5,700,28.197988,SAL
Mon Nov 02 2015 00:00:00 GMT+0800 (China Standard Time),28.77,29,28.77,29,300,27.720056,SAL
Tue Nov 03 2015 00:00:00 GMT+0800 (China Standard Time),29.68,29.92,29.629999,29.879999,7500,28.561216,SAL
Wed Nov 04 2015 00:00:00 GMT+0800 (China Standard Time),29.879999,30,29.35,30,4500,28.67592,SAL
Thu Nov 05 2015 00:00:00 GMT+0800 (China Standard Time),29.450001,29.450001,29.43,29.43,600,28.131078,SAL
Fri Nov 06 2015 00:00:00 GMT+0800 (China Standard Time),29.950001,30.76,29.68,30.65,5000,29.297232,SAL
Mon Nov 09 2015 00:00:00 GMT+0800 (China Standard Time),30.65,30.65,30.65,30.65,0,29.297232,SAL
Tue Nov 10 2015 00:00:00 GMT+0800 (China Standard Time),30,31.620001,30,31.59,2300,30.474138,SAL
Wed Nov 11 2015 00:00:00 GMT+0800 (China Standard Time),31.139999,31.5,30.379999,31.48,2400,30.368023,SAL
Thu Nov 12 2015 00:00:00 GMT+0800 (China Standard Time),30.65,31.74,30.65,31.709999,1600,30.589898,SAL
Fri Nov 13 2015 00:00:00 GMT+0800 (China Standard Time),31.290001,31.290001,31.200001,31.200001,300,30.097915,SAL
Mon Nov 16 2015 00:00:00 GMT+0800 (China Standard Time),31.200001,31.200001,31.200001,31.200001,0,30.097915,SAL
Tue Nov 17 2015 00:00:00 GMT+0800 (China Standard Time),31,31,30.049999,30.27,1500,29.200765,SAL
Wed Nov 18 2015 00:00:00 GMT+0800 (China Standard Time),30.01,30.219999,30.01,30.1,4500,29.03677,SAL
Thu Nov 19 2015 00:00:00 GMT+0800 (China Standard Time),30.030001,30.16,29.85,29.85,1900,28.795601,SAL
Fri Nov 20 2015 00:00:00 GMT+0800 (China Standard Time),29.85,29.85,29.85,29.85,0,28.795601,SAL
Mon Nov 23 2015 00:00:00 GMT+0800 (China Standard Time),30.34,30.34,30.34,30.34,200,29.268292,SAL
Tue Nov 24 2015 00:00:00 GMT+0800 (China Standard Time),30.049999,30.049999,30.049999,30.049999,200,28.988535,SAL
Wed Nov 25 2015 00:00:00 GMT+0800 (China Standard Time),30.700001,30.959999,30.51,30.51,1000,29.432287,SAL
Fri Nov 27 2015 00:00:00 GMT+0800 (China Standard Time),31,31,30.059999,30.059999,500,28.998182,SAL
Mon Nov 30 2015 00:00:00 GMT+0800 (China Standard Time),30.5,31.23,30.5,31.23,3400,30.126854,SAL
Tue Dec 01 2015 00:00:00 GMT+0800 (China Standard Time),30.6,30.790001,30.6,30.700001,1200,29.615577,SAL
Wed Dec 02 2015 00:00:00 GMT+0800 (China Standard Time),31.049999,31.459999,30.08,31.459999,700,30.348729,SAL
Thu Dec 03 2015 00:00:00 GMT+0800 (China Standard Time),30.879999,31.5,30.75,30.75,800,29.66381,SAL
Fri Dec 04 2015 00:00:00 GMT+0800 (China Standard Time),31.49,31.5,31.450001,31.5,600,30.387317,SAL
Mon Dec 07 2015 00:00:00 GMT+0800 (China Standard Time),31.35,31.360001,31.25,31.25,2600,30.146148,SAL
Tue Dec 08 2015 00:00:00 GMT+0800 (China Standard Time),31.4,31.4,31.4,31.4,200,30.290849,SAL
Wed Dec 09 2015 00:00:00 GMT+0800 (China Standard Time),31.5,31.5,31.469999,31.469999,600,30.358376,SAL
Thu Dec 10 2015 00:00:00 GMT+0800 (China Standard Time),31.5,31.5,31.450001,31.450001,800,30.339084,SAL
Fri Dec 11 2015 00:00:00 GMT+0800 (China Standard Time),31.42,31.42,30.5,31.040001,700,29.943567,SAL
Mon Dec 14 2015 00:00:00 GMT+0800 (China Standard Time),31,31.299999,31,31.299999,200,30.194381,SAL
Tue Dec 15 2015 00:00:00 GMT+0800 (China Standard Time),31.5,31.5,31.450001,31.5,600,30.387317,SAL
Wed Dec 16 2015 00:00:00 GMT+0800 (China Standard Time),31.5,31.5,31.5,31.5,400,30.387317,SAL
Thu Dec 17 2015 00:00:00 GMT+0800 (China Standard Time),31.42,31.700001,30.91,31.690001,3800,30.570606,SAL
Fri Dec 18 2015 00:00:00 GMT+0800 (China Standard Time),31.74,32.310001,31.370001,32.310001,3200,31.168707,SAL
Mon Dec 21 2015 00:00:00 GMT+0800 (China Standard Time),32.84,32.84,32.009998,32.099998,1300,30.966122,SAL
Tue Dec 22 2015 00:00:00 GMT+0800 (China Standard Time),32.040001,32.82,32.009998,32.82,900,31.66069,SAL
Wed Dec 23 2015 00:00:00 GMT+0800 (China Standard Time),32.82,32.82,32.82,32.82,0,31.66069,SAL
Thu Dec 24 2015 00:00:00 GMT+0800 (China Standard Time),32.5,32.5,32.25,32.5,1500,31.351994,SAL
Mon Dec 28 2015 00:00:00 GMT+0800 (China Standard Time),32.66,32.66,31.700001,31.77,600,30.64778,SAL
Tue Dec 29 2015 00:00:00 GMT+0800 (China Standard Time),32.43,32.5,32.209999,32.5,2600,31.351994,SAL
Wed Dec 30 2015 00:00:00 GMT+0800 (China Standard Time),32.75,34.200001,32.75,33.700001,6900,32.509607,SAL
Thu Dec 31 2015 00:00:00 GMT+0800 (China Standard Time),34.049999,34.049999,33.48,33.48,500,32.297377,SAL
Mon Jan 04 2016 00:00:00 GMT+0800 (China Standard Time),33.450001,33.450001,32.240002,32.240002,900,31.10118,SAL
Tue Jan 05 2016 00:00:00 GMT+0800 (China Standard Time),32.389999,33.599998,32.389999,32.919998,700,31.757156,SAL
Wed Jan 06 2016 00:00:00 GMT+0800 (China Standard Time),32.919998,32.919998,32.919998,32.919998,0,31.757156,SAL
Thu Jan 07 2016 00:00:00 GMT+0800 (China Standard Time),33,33.869999,32.240002,33.869999,1000,32.6736,SAL
Fri Jan 08 2016 00:00:00 GMT+0800 (China Standard Time),33.139999,33.490002,32.59,32.59,1500,31.438815,SAL
Mon Jan 11 2016 00:00:00 GMT+0800 (China Standard Time),34,34,34,34,100,32.799009,SAL
Tue Jan 12 2016 00:00:00 GMT+0800 (China Standard Time),34,34,34,34,0,32.799009,SAL
Wed Jan 13 2016 00:00:00 GMT+0800 (China Standard Time),33.369999,33.860001,33.369999,33.860001,1400,32.663955,SAL
Thu Jan 14 2016 00:00:00 GMT+0800 (China Standard Time),33.41,33.41,33,33.349998,600,32.171968,SAL
Fri Jan 15 2016 00:00:00 GMT+0800 (China Standard Time),32.959999,33,31.530001,31.549999,1300,30.43555,SAL
Tue Jan 19 2016 00:00:00 GMT+0800 (China Standard Time),32.75,34.049999,31.43,33.790001,4300,32.596428,SAL
Wed Jan 20 2016 00:00:00 GMT+0800 (China Standard Time),32.639999,32.689999,31.360001,31.4,5800,30.290849,SAL
Thu Jan 21 2016 00:00:00 GMT+0800 (China Standard Time),31.870001,31.870001,31.4,31.4,500,30.290849,SAL
Fri Jan 22 2016 00:00:00 GMT+0800 (China Standard Time),32.75,32.75,31.67,31.700001,500,30.580253,SAL
Mon Jan 25 2016 00:00:00 GMT+0800 (China Standard Time),31.700001,31.700001,31.700001,31.700001,300,30.580253,SAL
Tue Jan 26 2016 00:00:00 GMT+0800 (China Standard Time),31.02,31.02,31.02,31.02,500,29.924273,SAL
Wed Jan 27 2016 00:00:00 GMT+0800 (China Standard Time),30.719999,30.719999,30.719999,30.719999,200,29.634869,SAL
Thu Jan 28 2016 00:00:00 GMT+0800 (China Standard Time),30.200001,30.5,29.91,30.5,1800,29.422641,SAL
Fri Jan 29 2016 00:00:00 GMT+0800 (China Standard Time),30.290001,30.290001,29.51,29.51,3500,28.467611,SAL
Mon Feb 01 2016 00:00:00 GMT+0800 (China Standard Time),30,30,30,30,700,28.940302,SAL
Tue Feb 02 2016 00:00:00 GMT+0800 (China Standard Time),29.709999,29.959999,29.700001,29.9,2500,28.843834,SAL
Wed Feb 03 2016 00:00:00 GMT+0800 (China Standard Time),30.08,30.139999,30.08,30.139999,1300,29.075356,SAL
Thu Feb 04 2016 00:00:00 GMT+0800 (China Standard Time),30.360001,30.639999,30.360001,30.639999,400,29.557695,SAL
Fri Feb 05 2016 00:00:00 GMT+0800 (China Standard Time),30.48,30.74,30.469999,30.74,7100,29.654163,SAL
Mon Feb 08 2016 00:00:00 GMT+0800 (China Standard Time),32.549999,32.549999,30.5,30.5,1700,29.422641,SAL
Tue Feb 09 2016 00:00:00 GMT+0800 (China Standard Time),31.030001,32,31,32,1500,30.869656,SAL
Wed Feb 10 2016 00:00:00 GMT+0800 (China Standard Time),30.75,30.75,30.75,30.75,200,29.925659,SAL
Thu Feb 11 2016 00:00:00 GMT+0800 (China Standard Time),31.5,31.5,31.5,31.5,200,30.655553,SAL
Fri Feb 12 2016 00:00:00 GMT+0800 (China Standard Time),33.009998,33.009998,32,32.490002,3000,31.619015,SAL
Tue Feb 16 2016 00:00:00 GMT+0800 (China Standard Time),32.169998,33,32.09,32.560001,1200,31.687138,SAL
Wed Feb 17 2016 00:00:00 GMT+0800 (China Standard Time),32.299999,32.299999,32.25,32.25,700,31.385447,SAL
Thu Feb 18 2016 00:00:00 GMT+0800 (China Standard Time),32.25,32.25,32.25,32.25,0,31.385447,SAL
Fri Feb 19 2016 00:00:00 GMT+0800 (China Standard Time),32.950001,32.950001,32.509998,32.549999,1200,31.677404,SAL
Mon Feb 22 2016 00:00:00 GMT+0800 (China Standard Time),32.720001,32.799999,32.5,32.549999,3000,31.677404,SAL
Tue Feb 23 2016 00:00:00 GMT+0800 (China Standard Time),32.950001,32.950001,32.950001,32.950001,200,32.066682,SAL
Wed Feb 24 2016 00:00:00 GMT+0800 (China Standard Time),32.27,32.950001,32.25,32.950001,7000,32.066682,SAL
Thu Feb 25 2016 00:00:00 GMT+0800 (China Standard Time),32.549999,32.810001,32.549999,32.810001,200,31.930436,SAL
Fri Feb 26 2016 00:00:00 GMT+0800 (China Standard Time),32.950001,34,32.950001,34,2100,33.088533,SAL
Mon Feb 29 2016 00:00:00 GMT+0800 (China Standard Time),33.959999,33.959999,32.029999,32.029999,1100,31.171344,SAL
Tue Mar 01 2016 00:00:00 GMT+0800 (China Standard Time),32.889999,32.889999,32.889999,32.889999,100,32.008289,SAL
Wed Mar 02 2016 00:00:00 GMT+0800 (China Standard Time),32.799999,32.799999,32.75,32.75,2700,31.872043,SAL
Thu Mar 03 2016 00:00:00 GMT+0800 (China Standard Time),32.75,32.75,32.75,32.75,0,31.872043,SAL
Fri Mar 04 2016 00:00:00 GMT+0800 (China Standard Time),32.77,32.799999,32.75,32.75,900,31.872043,SAL
Mon Mar 07 2016 00:00:00 GMT+0800 (China Standard Time),32.5,33.189999,32.5,32.75,2500,31.872043,SAL
Tue Mar 08 2016 00:00:00 GMT+0800 (China Standard Time),33.009998,33.009998,33.009998,33.009998,300,32.125071,SAL
Wed Mar 09 2016 00:00:00 GMT+0800 (China Standard Time),33.009998,33.009998,33.009998,33.009998,0,32.125071,SAL
Thu Mar 10 2016 00:00:00 GMT+0800 (China Standard Time),32.900002,32.900002,32.900002,32.900002,700,32.018023,SAL
Fri Mar 11 2016 00:00:00 GMT+0800 (China Standard Time),32.900002,33.369999,32.900002,33.099998,600,32.212659,SAL
Mon Mar 14 2016 00:00:00 GMT+0800 (China Standard Time),33.720001,33.720001,32.849998,32.849998,900,31.969361,SAL
Tue Mar 15 2016 00:00:00 GMT+0800 (China Standard Time),32.509998,33.32,32.509998,33,900,32.115341,SAL
Wed Mar 16 2016 00:00:00 GMT+0800 (China Standard Time),33,33.349998,33,33.349998,600,32.455957,SAL
Thu Mar 17 2016 00:00:00 GMT+0800 (China Standard Time),33.150002,33.619999,33.150002,33.619999,2900,32.718719,SAL
Fri Mar 18 2016 00:00:00 GMT+0800 (China Standard Time),33.84,34.450001,33.59,34.43,5200,33.507006,SAL
Mon Mar 21 2016 00:00:00 GMT+0800 (China Standard Time),34.439999,34.900002,31.290001,32.18,6900,31.317324,SAL
Tue Mar 22 2016 00:00:00 GMT+0800 (China Standard Time),32.18,32.73,32.18,32.299999,5900,31.434106,SAL
Wed Mar 23 2016 00:00:00 GMT+0800 (China Standard Time),32.59,32.59,32.59,32.59,200,31.716332,SAL
Thu Mar 24 2016 00:00:00 GMT+0800 (China Standard Time),32.990002,32.990002,32.990002,32.990002,1200,32.105611,SAL
Mon Mar 28 2016 00:00:00 GMT+0800 (China Standard Time),33.200001,33.200001,33.200001,33.200001,500,32.30998,SAL
Tue Mar 29 2016 00:00:00 GMT+0800 (China Standard Time),33.200001,33.200001,32.619999,33.200001,1300,32.30998,SAL
Wed Mar 30 2016 00:00:00 GMT+0800 (China Standard Time),33.25,33.5,32.5,32.919998,4300,32.037484,SAL
Thu Mar 31 2016 00:00:00 GMT+0800 (China Standard Time),32.669998,33.02,31.790001,31.790001,1400,30.93778,SAL
Fri Apr 01 2016 00:00:00 GMT+0800 (China Standard Time),31.870001,32.240002,31.629999,31.75,3400,30.898851,SAL
Mon Apr 04 2016 00:00:00 GMT+0800 (China Standard Time),31.5,32.470001,30.5,31.809999,3200,30.957242,SAL
Tue Apr 05 2016 00:00:00 GMT+0800 (China Standard Time),31.870001,31.870001,31.23,31.23,1000,30.392791,SAL
Wed Apr 06 2016 00:00:00 GMT+0800 (China Standard Time),31,31.08,31,31.08,900,30.246812,SAL
Thu Apr 07 2016 00:00:00 GMT+0800 (China Standard Time),31.139999,31.200001,31.1,31.15,1200,30.314935,SAL
Fri Apr 08 2016 00:00:00 GMT+0800 (China Standard Time),31.17,31.17,31.17,31.17,300,30.3344,SAL
Mon Apr 11 2016 00:00:00 GMT+0800 (China Standard Time),31.719999,32.900002,31.66,32.419998,1800,31.550888,SAL
Tue Apr 12 2016 00:00:00 GMT+0800 (China Standard Time),32.41,32.41,31.549999,31.85,800,30.996171,SAL
Wed Apr 13 2016 00:00:00 GMT+0800 (China Standard Time),32.450001,32.75,31.9,32.75,900,31.872043,SAL
Thu Apr 14 2016 00:00:00 GMT+0800 (China Standard Time),31.73,31.93,31.639999,31.66,3300,30.811263,SAL
Fri Apr 15 2016 00:00:00 GMT+0800 (China Standard Time),31.66,31.66,31.66,31.66,0,30.811263,SAL
Mon Apr 18 2016 00:00:00 GMT+0800 (China Standard Time),31.5,32.700001,31.5,32.700001,900,31.823384,SAL
Tue Apr 19 2016 00:00:00 GMT+0800 (China Standard Time),31.440001,31.450001,31.440001,31.450001,700,30.606894,SAL
Wed Apr 20 2016 00:00:00 GMT+0800 (China Standard Time),33.080002,33.080002,31.6,31.6,700,30.752872,SAL
Thu Apr 21 2016 00:00:00 GMT+0800 (China Standard Time),32.560001,32.560001,32.040001,32.5,3000,31.628745,SAL
Fri Apr 22 2016 00:00:00 GMT+0800 (China Standard Time),32.5,32.939999,32.299999,32.310001,1900,31.44384,SAL
Mon Apr 25 2016 00:00:00 GMT+0800 (China Standard Time),33.490002,33.650002,31.65,32.450001,1400,31.580086,SAL
Tue Apr 26 2016 00:00:00 GMT+0800 (China Standard Time),32.450001,32.450001,32.450001,32.450001,0,31.580086,SAL
Wed Apr 27 2016 00:00:00 GMT+0800 (China Standard Time),32.450001,32.5,32.450001,32.5,1300,31.628745,SAL
Thu Apr 28 2016 00:00:00 GMT+0800 (China Standard Time),32.5,32.5,32.5,32.5,0,31.628745,SAL
Fri Apr 29 2016 00:00:00 GMT+0800 (China Standard Time),32.75,32.75,31.42,32.25,3000,31.385447,SAL
Mon May 02 2016 00:00:00 GMT+0800 (China Standard Time),31.75,31.75,31.1,31.1,7100,30.266276,SAL
Tue May 03 2016 00:00:00 GMT+0800 (China Standard Time),31.190001,31.870001,31.190001,31.870001,900,31.015635,SAL
Wed May 04 2016 00:00:00 GMT+0800 (China Standard Time),31.25,31.25,31.01,31.059999,5000,30.227348,SAL
Thu May 05 2016 00:00:00 GMT+0800 (China Standard Time),31.559999,31.559999,30.42,30.639999,2000,29.818607,SAL
Fri May 06 2016 00:00:00 GMT+0800 (China Standard Time),30.120001,30.639999,30.120001,30.360001,4000,29.546114,SAL
Mon May 09 2016 00:00:00 GMT+0800 (China Standard Time),30.5,30.620001,30.360001,30.620001,600,29.799145,SAL
Tue May 10 2016 00:00:00 GMT+0800 (China Standard Time),30.9,30.9,30.9,30.9,100,30.071637,SAL
Wed May 11 2016 00:00:00 GMT+0800 (China Standard Time),30.700001,30.870001,29.719999,30.01,4900,29.472562,SAL
Thu May 12 2016 00:00:00 GMT+0800 (China Standard Time),30.01,30.41,29.75,30.25,3200,29.708264,SAL
Fri May 13 2016 00:00:00 GMT+0800 (China Standard Time),29.84,31.25,29.84,29.9,1400,29.364532,SAL
Mon May 16 2016 00:00:00 GMT+0800 (China Standard Time),31,31,30.299999,30.299999,800,29.757368,SAL
Tue May 17 2016 00:00:00 GMT+0800 (China Standard Time),30,30.049999,29.719999,29.809999,1100,29.276143,SAL
Wed May 18 2016 00:00:00 GMT+0800 (China Standard Time),29.809999,29.809999,29.809999,29.809999,0,29.276143,SAL
Thu May 19 2016 00:00:00 GMT+0800 (China Standard Time),30.540001,31.24,30.32,30.6,3100,30.051996,SAL
Fri May 20 2016 00:00:00 GMT+0800 (China Standard Time),30.629999,30.75,30.629999,30.75,400,30.19931,SAL
Mon May 23 2016 00:00:00 GMT+0800 (China Standard Time),31,31,30.5,30.5,3100,29.953787,SAL
Tue May 24 2016 00:00:00 GMT+0800 (China Standard Time),31.120001,31.120001,31.120001,31.120001,400,30.562684,SAL
Wed May 25 2016 00:00:00 GMT+0800 (China Standard Time),30.190001,30.66,30.190001,30.299999,800,29.757368,SAL
Thu May 26 2016 00:00:00 GMT+0800 (China Standard Time),29.75,31.040001,29.75,31.040001,1500,30.484117,SAL
Fri May 27 2016 00:00:00 GMT+0800 (China Standard Time),30.4,30.9,30.02,30.16,3100,29.619875,SAL
Tue May 31 2016 00:00:00 GMT+0800 (China Standard Time),30.42,30.809999,30.190001,30.25,3300,29.708264,SAL
Wed Jun 01 2016 00:00:00 GMT+0800 (China Standard Time),29.76,30.5,29.76,30.299999,5300,29.757368,SAL
Thu Jun 02 2016 00:00:00 GMT+0800 (China Standard Time),30.27,30.32,30.23,30.32,1000,29.77701,SAL
Fri Jun 03 2016 00:00:00 GMT+0800 (China Standard Time),30.280001,30.700001,30,30.200001,2200,29.65916,SAL
Mon Jun 06 2016 00:00:00 GMT+0800 (China Standard Time),30.200001,30.59,30,30.59,2000,30.042175,SAL
Tue Jun 07 2016 00:00:00 GMT+0800 (China Standard Time),30.23,30.5,30.120001,30.24,5300,29.698443,SAL
Wed Jun 08 2016 00:00:00 GMT+0800 (China Standard Time),30.24,30.24,30.24,30.24,0,29.698443,SAL
Thu Jun 09 2016 00:00:00 GMT+0800 (China Standard Time),30.219999,30.34,30.219999,30.34,1100,29.796652,SAL
Fri Jun 10 2016 00:00:00 GMT+0800 (China Standard Time),30,30.35,30,30.35,1800,29.806473,SAL
Mon Jun 13 2016 00:00:00 GMT+0800 (China Standard Time),30.35,30.35,30.35,30.35,0,29.806473,SAL
Tue Jun 14 2016 00:00:00 GMT+0800 (China Standard Time),30.01,30.389999,30.01,30.35,900,29.806473,SAL
Wed Jun 15 2016 00:00:00 GMT+0800 (China Standard Time),30.35,30.35,30.35,30.35,0,29.806473,SAL
Thu Jun 16 2016 00:00:00 GMT+0800 (China Standard Time),30.139999,30.139999,30,30,600,29.462741,SAL
Fri Jun 17 2016 00:00:00 GMT+0800 (China Standard Time),30.24,30.25,30.219999,30.219999,1300,29.6788,SAL
Mon Jun 20 2016 00:00:00 GMT+0800 (China Standard Time),30.25,30.33,29.91,29.92,1300,29.384174,SAL
Tue Jun 21 2016 00:00:00 GMT+0800 (China Standard Time),30.309999,30.4,29.799999,29.799999,1300,29.266322,SAL
Wed Jun 22 2016 00:00:00 GMT+0800 (China Standard Time),30.34,30.34,29.719999,29.9,2000,29.364532,SAL
Thu Jun 23 2016 00:00:00 GMT+0800 (China Standard Time),29.74,30.4,29.74,30.01,3200,29.472562,SAL
Fri Jun 24 2016 00:00:00 GMT+0800 (China Standard Time),30,30.6,29.5,30.5,2400,29.953787,SAL
Mon Jun 27 2016 00:00:00 GMT+0800 (China Standard Time),29.65,30.49,29.65,30.450001,600,29.904683,SAL
Tue Jun 28 2016 00:00:00 GMT+0800 (China Standard Time),30.450001,30.450001,30.450001,30.450001,0,29.904683,SAL
Wed Jun 29 2016 00:00:00 GMT+0800 (China Standard Time),30.450001,30.450001,30.450001,30.450001,300,29.904683,SAL
Thu Jun 30 2016 00:00:00 GMT+0800 (China Standard Time),29.99,29.99,29.700001,29.780001,500,29.246682,SAL
Fri Jul 01 2016 00:00:00 GMT+0800 (China Standard Time),30,30.33,29.6,29.75,800,29.217218,SAL
Tue Jul 05 2016 00:00:00 GMT+0800 (China Standard Time),29.92,30.030001,29.6,29.75,5000,29.217218,SAL
Wed Jul 06 2016 00:00:00 GMT+0800 (China Standard Time),29.9,29.969999,29.85,29.860001,1000,29.325249,SAL
Thu Jul 07 2016 00:00:00 GMT+0800 (China Standard Time),29.870001,30,29.6,29.6,500,29.069905,SAL
Fri Jul 08 2016 00:00:00 GMT+0800 (China Standard Time),29.77,29.77,29.75,29.75,700,29.217218,SAL
Mon Jul 11 2016 00:00:00 GMT+0800 (China Standard Time),29.75,30,29.75,30,1100,29.462741,SAL
Tue Jul 12 2016 00:00:00 GMT+0800 (China Standard Time),30,30.35,29.75,30,2200,29.462741,SAL
Wed Jul 13 2016 00:00:00 GMT+0800 (China Standard Time),30.059999,30.059999,29.92,29.92,700,29.384174,SAL
Thu Jul 14 2016 00:00:00 GMT+0800 (China Standard Time),30.09,30.09,30.07,30.07,500,29.531487,SAL
Fri Jul 15 2016 00:00:00 GMT+0800 (China Standard Time),30.059999,30.200001,30.059999,30.200001,600,29.65916,SAL
Mon Jul 18 2016 00:00:00 GMT+0800 (China Standard Time),29.9,30.16,29.75,30.030001,4400,29.492204,SAL
Tue Jul 19 2016 00:00:00 GMT+0800 (China Standard Time),29.82,29.91,29.75,29.9,6200,29.364532,SAL
Wed Jul 20 2016 00:00:00 GMT+0800 (China Standard Time),29.809999,30,29.799999,29.85,1800,29.315428,SAL
Thu Jul 21 2016 00:00:00 GMT+0800 (China Standard Time),29.85,29.85,29.85,29.85,0,29.315428,SAL
Fri Jul 22 2016 00:00:00 GMT+0800 (China Standard Time),29.860001,29.92,29.85,29.92,1700,29.384174,SAL
Mon Jul 25 2016 00:00:00 GMT+0800 (China Standard Time),29.75,29.799999,29.75,29.799999,1100,29.266322,SAL
Tue Jul 26 2016 00:00:00 GMT+0800 (China Standard Time),30.43,30.43,29.75,29.799999,7200,29.266322,SAL
Wed Jul 27 2016 00:00:00 GMT+0800 (China Standard Time),29.85,30.4,29.85,29.92,3400,29.384174,SAL
Thu Jul 28 2016 00:00:00 GMT+0800 (China Standard Time),30.32,30.6,29.82,29.82,1600,29.285964,SAL
Fri Jul 29 2016 00:00:00 GMT+0800 (China Standard Time),30.1,30.1,29.9,30,3300,29.462741,SAL
Mon Aug 01 2016 00:00:00 GMT+0800 (China Standard Time),31.860001,31.860001,30.08,30.08,900,29.541308,SAL
Tue Aug 02 2016 00:00:00 GMT+0800 (China Standard Time),30.08,30.08,30.08,30.08,0,29.541308,SAL
Wed Aug 03 2016 00:00:00 GMT+0800 (China Standard Time),30.540001,30.940001,30.15,30.15,700,29.610054,SAL
Thu Aug 04 2016 00:00:00 GMT+0800 (China Standard Time),30.02,30.24,30,30.24,1200,29.698443,SAL
Fri Aug 05 2016 00:00:00 GMT+0800 (China Standard Time),30.120001,30.43,29.809999,30.290001,1900,29.747548,SAL
Mon Aug 08 2016 00:00:00 GMT+0800 (China Standard Time),29.860001,30.049999,29.860001,30.040001,900,29.502026,SAL
Tue Aug 09 2016 00:00:00 GMT+0800 (China Standard Time),30.389999,30.719999,30.389999,30.709999,2800,30.160025,SAL
Wed Aug 10 2016 00:00:00 GMT+0800 (China Standard Time),31.049999,31.049999,30.280001,30.280001,1000,30.011357,SAL
Thu Aug 11 2016 00:00:00 GMT+0800 (China Standard Time),30.77,30.77,30.049999,30.049999,1100,29.783396,SAL
Fri Aug 12 2016 00:00:00 GMT+0800 (China Standard Time),30.059999,30.059999,30.030001,30.030001,700,29.763575,SAL
Mon Aug 15 2016 00:00:00 GMT+0800 (China Standard Time),30.139999,30.18,30.139999,30.18,600,29.912244,SAL
Tue Aug 16 2016 00:00:00 GMT+0800 (China Standard Time),29.65,30.15,29.65,30.129999,700,29.862687,SAL
Wed Aug 17 2016 00:00:00 GMT+0800 (China Standard Time),30.129999,30.129999,30.129999,30.129999,0,29.862687,SAL
Thu Aug 18 2016 00:00:00 GMT+0800 (China Standard Time),29.82,30.200001,29.75,30,2500,29.733841,SAL
Fri Aug 19 2016 00:00:00 GMT+0800 (China Standard Time),30.200001,30.879999,30.200001,30.83,1800,30.556477,SAL
Mon Aug 22 2016 00:00:00 GMT+0800 (China Standard Time),31.040001,31.040001,30.049999,30.09,1500,29.823042,SAL
Tue Aug 23 2016 00:00:00 GMT+0800 (China Standard Time),31.040001,31.049999,30.4,30.4,800,30.130292,SAL
Wed Aug 24 2016 00:00:00 GMT+0800 (China Standard Time),30.75,31.049999,30.41,30.41,500,30.140203,SAL
Thu Aug 25 2016 00:00:00 GMT+0800 (China Standard Time),30.41,30.41,30.41,30.41,0,30.140203,SAL
Fri Aug 26 2016 00:00:00 GMT+0800 (China Standard Time),30.93,31.200001,30.51,31,5400,30.724969,SAL
Mon Aug 29 2016 00:00:00 GMT+0800 (China Standard Time),31.610001,31.610001,30.33,30.33,700,30.060913,SAL
Tue Aug 30 2016 00:00:00 GMT+0800 (China Standard Time),31,31,31,31,300,30.724969,SAL
Wed Aug 31 2016 00:00:00 GMT+0800 (China Standard Time),31.43,31.43,31,31.01,1200,30.73488,SAL
Thu Sep 01 2016 00:00:00 GMT+0800 (China Standard Time),31.879999,31.879999,31.15,31.15,700,30.873638,SAL
Fri Sep 02 2016 00:00:00 GMT+0800 (China Standard Time),31.129999,31.129999,31.129999,31.129999,500,30.853815,SAL
Tue Sep 06 2016 00:00:00 GMT+0800 (China Standard Time),32,32,31,31,1700,30.724969,SAL
Wed Sep 07 2016 00:00:00 GMT+0800 (China Standard Time),31,32,30.959999,30.959999,2400,30.685323,SAL
Thu Sep 08 2016 00:00:00 GMT+0800 (China Standard Time),31.49,31.49,30.299999,30.629999,2400,30.358251,SAL
Fri Sep 09 2016 00:00:00 GMT+0800 (China Standard Time),30.42,30.65,30.1,30.15,2500,29.88251,SAL
Mon Sep 12 2016 00:00:00 GMT+0800 (China Standard Time),30.139999,30.85,30.1,30.469999,9100,30.19967,SAL
Tue Sep 13 2016 00:00:00 GMT+0800 (China Standard Time),31.1,31.73,30.299999,30.34,4800,30.070825,SAL
Wed Sep 14 2016 00:00:00 GMT+0800 (China Standard Time),31.040001,31.32,30.4,30.91,3100,30.635767,SAL
Thu Sep 15 2016 00:00:00 GMT+0800 (China Standard Time),31.59,33.799999,30.92,32.099998,9000,31.815208,SAL
Fri Sep 16 2016 00:00:00 GMT+0800 (China Standard Time),33.110001,33.689999,31.309999,32.169998,20100,31.884587,SAL
Mon Sep 19 2016 00:00:00 GMT+0800 (China Standard Time),32.220001,33.380001,32.220001,32.52,1700,32.231484,SAL
Tue Sep 20 2016 00:00:00 GMT+0800 (China Standard Time),32.52,32.52,31.549999,31.549999,2100,31.270089,SAL
Wed Sep 21 2016 00:00:00 GMT+0800 (China Standard Time),31.99,32.310001,31.65,31.65,1600,31.369202,SAL
Thu Sep 22 2016 00:00:00 GMT+0800 (China Standard Time),33.23,33.23,31.74,32.009998,2100,31.726006,SAL
Fri Sep 23 2016 00:00:00 GMT+0800 (China Standard Time),32.98,33,31.76,31.879999,1600,31.597161,SAL
Mon Sep 26 2016 00:00:00 GMT+0800 (China Standard Time),32.59,32.59,31.41,31.709999,700,31.428669,SAL
Tue Sep 27 2016 00:00:00 GMT+0800 (China Standard Time),32.169998,32.169998,31.52,31.530001,800,31.250267,SAL
Wed Sep 28 2016 00:00:00 GMT+0800 (China Standard Time),32.900002,32.900002,31.370001,31.440001,2100,31.161066,SAL
Thu Sep 29 2016 00:00:00 GMT+0800 (China Standard Time),32.110001,32.41,31.200001,31.219999,2400,30.943016,SAL
Fri Sep 30 2016 00:00:00 GMT+0800 (China Standard Time),30.92,30.92,30.92,30.92,100,30.645679,SAL
Mon Oct 03 2016 00:00:00 GMT+0800 (China Standard Time),30.93,30.93,30.93,30.93,100,30.65559,SAL
Tue Oct 04 2016 00:00:00 GMT+0800 (China Standard Time),31.5,32.82,30.92,30.92,1400,30.645679,SAL
Wed Oct 05 2016 00:00:00 GMT+0800 (China Standard Time),30.5,32.849998,30.5,31.469999,3200,31.190798,SAL
Thu Oct 06 2016 00:00:00 GMT+0800 (China Standard Time),31.469999,31.469999,31.469999,31.469999,0,31.190798,SAL
Fri Oct 07 2016 00:00:00 GMT+0800 (China Standard Time),32.400002,32.400002,32.299999,32.299999,300,32.013435,SAL
Mon Oct 10 2016 00:00:00 GMT+0800 (China Standard Time),32.369999,32.369999,31.459999,31.709999,1200,31.428669,SAL
Tue Oct 11 2016 00:00:00 GMT+0800 (China Standard Time),31.719999,32.5,31.719999,31.98,1600,31.696274,SAL
Wed Oct 12 2016 00:00:00 GMT+0800 (China Standard Time),31.99,32,30.75,31.73,3800,31.448492,SAL
Thu Oct 13 2016 00:00:00 GMT+0800 (China Standard Time),31.959999,31.959999,31.959999,31.959999,300,31.676451,SAL
Fri Oct 14 2016 00:00:00 GMT+0800 (China Standard Time),31.959999,31.959999,31.959999,31.959999,0,31.676451,SAL
Mon Oct 17 2016 00:00:00 GMT+0800 (China Standard Time),31.51,32.490002,31.5,32.439999,2000,32.152192,SAL
Tue Oct 18 2016 00:00:00 GMT+0800 (China Standard Time),32.41,32.41,31.530001,31.530001,1900,31.250267,SAL
Wed Oct 19 2016 00:00:00 GMT+0800 (China Standard Time),31.870001,32.310001,31.299999,32.310001,1400,32.023348,SAL
Thu Oct 20 2016 00:00:00 GMT+0800 (China Standard Time),32.349998,32.450001,32.279999,32.279999,800,31.993612,SAL
Fri Oct 21 2016 00:00:00 GMT+0800 (China Standard Time),31.65,31.98,31.5,31.98,700,31.696274,SAL
Mon Oct 24 2016 00:00:00 GMT+0800 (China Standard Time),31.73,31.73,31.73,31.73,100,31.448492,SAL
Tue Oct 25 2016 00:00:00 GMT+0800 (China Standard Time),31.51,31.6,31.51,31.6,300,31.319646,SAL
Wed Oct 26 2016 00:00:00 GMT+0800 (China Standard Time),31.6,31.6,31.6,31.6,0,31.319646,SAL
Thu Oct 27 2016 00:00:00 GMT+0800 (China Standard Time),32.900002,32.900002,31.01,31.209999,2100,30.933105,SAL
Fri Oct 28 2016 00:00:00 GMT+0800 (China Standard Time),31.709999,31.709999,31.5,31.5,400,31.220533,SAL
Mon Oct 31 2016 00:00:00 GMT+0800 (China Standard Time),31.299999,31.299999,31.15,31.200001,600,30.923195,SAL
Tue Nov 01 2016 00:00:00 GMT+0800 (China Standard Time),31.200001,31.200001,31.200001,31.200001,0,30.923195,SAL
Wed Nov 02 2016 00:00:00 GMT+0800 (China Standard Time),31.65,31.65,31.200001,31.200001,800,30.923195,SAL
Thu Nov 03 2016 00:00:00 GMT+0800 (China Standard Time),31.200001,31.200001,31.200001,31.200001,0,30.923195,SAL
Fri Nov 04 2016 00:00:00 GMT+0800 (China Standard Time),31.200001,31.549999,31.200001,31.549999,800,31.270089,SAL
Mon Nov 07 2016 00:00:00 GMT+0800 (China Standard Time),31.25,32.900002,31.25,31.559999,4100,31.28,SAL
Tue Nov 08 2016 00:00:00 GMT+0800 (China Standard Time),31.5,31.950001,31.4,31.9,800,31.9,SAL
Wed Nov 09 2016 00:00:00 GMT+0800 (China Standard Time),31.4,31.9,31.4,31.9,1300,31.9,SAL
Thu Nov 10 2016 00:00:00 GMT+0800 (China Standard Time),31.9,31.9,31.85,31.85,2100,31.85,SAL
Fri Nov 11 2016 00:00:00 GMT+0800 (China Standard Time),32,32.950001,31.799999,31.799999,2000,31.799999,SAL
