Thu Jan 02 2014 00:00:00 GMT+0800 (China Standard Time),29.65,30.360001,29.450001,29.700001,527300,29.700001,SNCR
Fri Jan 03 2014 00:00:00 GMT+0800 (China Standard Time),29.950001,30.360001,29.459999,30.18,446500,30.18,SNCR
Mon Jan 06 2014 00:00:00 GMT+0800 (China Standard Time),30.690001,31.209999,30,30.059999,449300,30.059999,SNCR
Tue Jan 07 2014 00:00:00 GMT+0800 (China Standard Time),30.1,31.129999,30.1,30.889999,351300,30.889999,SNCR
Wed Jan 08 2014 00:00:00 GMT+0800 (China Standard Time),30.940001,31.870001,30.629999,31.459999,516500,31.459999,SNCR
Thu Jan 09 2014 00:00:00 GMT+0800 (China Standard Time),31.620001,31.99,30.77,30.959999,269300,30.959999,SNCR
Fri Jan 10 2014 00:00:00 GMT+0800 (China Standard Time),31.07,31.4,30.879999,31.34,247900,31.34,SNCR
Mon Jan 13 2014 00:00:00 GMT+0800 (China Standard Time),31.32,31.66,29.75,30.040001,438500,30.040001,SNCR
Tue Jan 14 2014 00:00:00 GMT+0800 (China Standard Time),30.120001,31.030001,29.700001,30.809999,217200,30.809999,SNCR
Wed Jan 15 2014 00:00:00 GMT+0800 (China Standard Time),30.82,31.790001,30.52,31.610001,258000,31.610001,SNCR
Thu Jan 16 2014 00:00:00 GMT+0800 (China Standard Time),31.65,31.77,31.049999,31.34,312800,31.34,SNCR
Fri Jan 17 2014 00:00:00 GMT+0800 (China Standard Time),31.299999,31.299999,30.360001,30.48,275400,30.48,SNCR
Tue Jan 21 2014 00:00:00 GMT+0800 (China Standard Time),30.83,30.959999,30.32,30.57,324800,30.57,SNCR
Wed Jan 22 2014 00:00:00 GMT+0800 (China Standard Time),30.709999,30.709999,29.700001,29.99,370000,29.99,SNCR
Thu Jan 23 2014 00:00:00 GMT+0800 (China Standard Time),29.969999,30.51,29.4,30.01,405100,30.01,SNCR
Fri Jan 24 2014 00:00:00 GMT+0800 (China Standard Time),29.91,30.23,29.25,29.549999,370000,29.549999,SNCR
Mon Jan 27 2014 00:00:00 GMT+0800 (China Standard Time),29.700001,29.99,28.639999,28.690001,367900,28.690001,SNCR
Tue Jan 28 2014 00:00:00 GMT+0800 (China Standard Time),28.459999,28.860001,27.93,28.01,630900,28.01,SNCR
Wed Jan 29 2014 00:00:00 GMT+0800 (China Standard Time),27.559999,27.9,25.93,26.639999,996400,26.639999,SNCR
Thu Jan 30 2014 00:00:00 GMT+0800 (China Standard Time),27,27.459999,26.67,27.290001,630600,27.290001,SNCR
Fri Jan 31 2014 00:00:00 GMT+0800 (China Standard Time),26.75,26.91,26.200001,26.66,489400,26.66,SNCR
Mon Feb 03 2014 00:00:00 GMT+0800 (China Standard Time),26.76,27.52,25.9,26.49,538300,26.49,SNCR
Tue Feb 04 2014 00:00:00 GMT+0800 (China Standard Time),26.639999,26.83,26,26.120001,587500,26.120001,SNCR
Wed Feb 05 2014 00:00:00 GMT+0800 (China Standard Time),25.940001,26.969999,25.280001,26.67,800600,26.67,SNCR
Thu Feb 06 2014 00:00:00 GMT+0800 (China Standard Time),31,32.720001,29.76,31.559999,2364200,31.559999,SNCR
Fri Feb 07 2014 00:00:00 GMT+0800 (China Standard Time),31.559999,33.400002,31.559999,32.209999,905400,32.209999,SNCR
Mon Feb 10 2014 00:00:00 GMT+0800 (China Standard Time),32.32,32.950001,31.889999,32.220001,845500,32.220001,SNCR
Tue Feb 11 2014 00:00:00 GMT+0800 (China Standard Time),32.709999,33.299999,31.860001,32,427600,32,SNCR
Wed Feb 12 2014 00:00:00 GMT+0800 (China Standard Time),31.93,32.189999,31.52,31.67,426100,31.67,SNCR
Thu Feb 13 2014 00:00:00 GMT+0800 (China Standard Time),31.5,32.5,31.25,32.400002,693700,32.400002,SNCR
Fri Feb 14 2014 00:00:00 GMT+0800 (China Standard Time),32.509998,32.880001,32.310001,32.490002,596600,32.490002,SNCR
Tue Feb 18 2014 00:00:00 GMT+0800 (China Standard Time),32.52,33.150002,32.459999,32.740002,343600,32.740002,SNCR
Wed Feb 19 2014 00:00:00 GMT+0800 (China Standard Time),32.700001,33.080002,32.200001,32.259998,450900,32.259998,SNCR
Thu Feb 20 2014 00:00:00 GMT+0800 (China Standard Time),31.82,32.369999,31.65,32.240002,419400,32.240002,SNCR
Fri Feb 21 2014 00:00:00 GMT+0800 (China Standard Time),32.240002,32.709999,31.93,32.389999,502100,32.389999,SNCR
Mon Feb 24 2014 00:00:00 GMT+0800 (China Standard Time),32.549999,32.779999,32.009998,32.419998,406200,32.419998,SNCR
Tue Feb 25 2014 00:00:00 GMT+0800 (China Standard Time),32.5,32.75,32,32.299999,342900,32.299999,SNCR
Wed Feb 26 2014 00:00:00 GMT+0800 (China Standard Time),32.77,34.25,32.77,33.560001,1047700,33.560001,SNCR
Thu Feb 27 2014 00:00:00 GMT+0800 (China Standard Time),33.560001,34.849998,33.02,34.75,951100,34.75,SNCR
Fri Feb 28 2014 00:00:00 GMT+0800 (China Standard Time),34.880001,35.32,34.09,34.380001,566200,34.380001,SNCR
Mon Mar 03 2014 00:00:00 GMT+0800 (China Standard Time),33.84,34.150002,33.099998,33.990002,546600,33.990002,SNCR
Tue Mar 04 2014 00:00:00 GMT+0800 (China Standard Time),34.27,34.849998,34.18,34.369999,473200,34.369999,SNCR
Wed Mar 05 2014 00:00:00 GMT+0800 (China Standard Time),34.220001,34.830002,33.939999,34.650002,284300,34.650002,SNCR
Thu Mar 06 2014 00:00:00 GMT+0800 (China Standard Time),34.810001,34.98,34.419998,34.610001,293000,34.610001,SNCR
Fri Mar 07 2014 00:00:00 GMT+0800 (China Standard Time),34.939999,34.990002,34.169998,34.450001,304200,34.450001,SNCR
Mon Mar 10 2014 00:00:00 GMT+0800 (China Standard Time),34.27,34.450001,33.630001,33.91,294900,33.91,SNCR
Tue Mar 11 2014 00:00:00 GMT+0800 (China Standard Time),34.110001,34.630001,33.630001,33.740002,340300,33.740002,SNCR
Wed Mar 12 2014 00:00:00 GMT+0800 (China Standard Time),33.93,34.599998,33.509998,34.34,339800,34.34,SNCR
Thu Mar 13 2014 00:00:00 GMT+0800 (China Standard Time),34.5,34.759998,33.02,33.18,417700,33.18,SNCR
Fri Mar 14 2014 00:00:00 GMT+0800 (China Standard Time),33.16,34.580002,33.16,34.310001,397100,34.310001,SNCR
Mon Mar 17 2014 00:00:00 GMT+0800 (China Standard Time),34.57,35.099998,34.349998,34.860001,622000,34.860001,SNCR
Tue Mar 18 2014 00:00:00 GMT+0800 (China Standard Time),34.959999,35.849998,34.650002,35.16,384500,35.16,SNCR
Wed Mar 19 2014 00:00:00 GMT+0800 (China Standard Time),35.279999,37.860001,35.279999,36.439999,1570300,36.439999,SNCR
Thu Mar 20 2014 00:00:00 GMT+0800 (China Standard Time),35.630001,35.779999,33.790001,35.240002,1153900,35.240002,SNCR
Fri Mar 21 2014 00:00:00 GMT+0800 (China Standard Time),35.299999,35.939999,34.950001,35.209999,688500,35.209999,SNCR
Mon Mar 24 2014 00:00:00 GMT+0800 (China Standard Time),35.200001,35.610001,33.66,34.380001,420200,34.380001,SNCR
Tue Mar 25 2014 00:00:00 GMT+0800 (China Standard Time),34.560001,35.259998,33.990002,34.509998,287800,34.509998,SNCR
Wed Mar 26 2014 00:00:00 GMT+0800 (China Standard Time),34.799999,35.220001,33.509998,33.529999,390400,33.529999,SNCR
Thu Mar 27 2014 00:00:00 GMT+0800 (China Standard Time),33.459999,33.869999,32.810001,33.220001,455100,33.220001,SNCR
Fri Mar 28 2014 00:00:00 GMT+0800 (China Standard Time),33.25,34.200001,33.23,33.68,305200,33.68,SNCR
Mon Mar 31 2014 00:00:00 GMT+0800 (China Standard Time),34.060001,34.529999,33.709999,34.290001,246400,34.290001,SNCR
Tue Apr 01 2014 00:00:00 GMT+0800 (China Standard Time),34.34,35.360001,34.34,35.189999,440400,35.189999,SNCR
Wed Apr 02 2014 00:00:00 GMT+0800 (China Standard Time),35.18,35.43,34.93,35.220001,272000,35.220001,SNCR
Thu Apr 03 2014 00:00:00 GMT+0800 (China Standard Time),35.400002,35.439999,33.970001,34.18,355400,34.18,SNCR
Fri Apr 04 2014 00:00:00 GMT+0800 (China Standard Time),34.439999,35.009998,32.209999,32.490002,587500,32.490002,SNCR
Mon Apr 07 2014 00:00:00 GMT+0800 (China Standard Time),32.310001,33.419998,31.9,33.279999,413600,33.279999,SNCR
Tue Apr 08 2014 00:00:00 GMT+0800 (China Standard Time),33.419998,33.689999,31.209999,31.73,722800,31.73,SNCR
Wed Apr 09 2014 00:00:00 GMT+0800 (China Standard Time),31.82,32.990002,31.450001,32.970001,335400,32.970001,SNCR
Thu Apr 10 2014 00:00:00 GMT+0800 (China Standard Time),33.029999,33.049999,31.49,31.709999,305000,31.709999,SNCR
Fri Apr 11 2014 00:00:00 GMT+0800 (China Standard Time),31.33,31.860001,30.549999,30.92,262900,30.92,SNCR
Mon Apr 14 2014 00:00:00 GMT+0800 (China Standard Time),30.870001,31.059999,29.91,30.440001,467100,30.440001,SNCR
Tue Apr 15 2014 00:00:00 GMT+0800 (China Standard Time),30.530001,31.27,29.809999,30.99,329300,30.99,SNCR
Wed Apr 16 2014 00:00:00 GMT+0800 (China Standard Time),31.110001,31.450001,30.35,31.25,288600,31.25,SNCR
Thu Apr 17 2014 00:00:00 GMT+0800 (China Standard Time),31.110001,32.23,30.559999,32.049999,350500,32.049999,SNCR
Mon Apr 21 2014 00:00:00 GMT+0800 (China Standard Time),32.02,32.060001,31.43,32.029999,184500,32.029999,SNCR
Tue Apr 22 2014 00:00:00 GMT+0800 (China Standard Time),32.18,33.389999,31.43,32.82,356600,32.82,SNCR
Wed Apr 23 2014 00:00:00 GMT+0800 (China Standard Time),32.610001,32.779999,31.93,32.240002,329300,32.240002,SNCR
Thu Apr 24 2014 00:00:00 GMT+0800 (China Standard Time),32.48,32.990002,31.620001,31.9,304600,31.9,SNCR
Fri Apr 25 2014 00:00:00 GMT+0800 (China Standard Time),31.75,32.200001,29.719999,29.870001,852900,29.870001,SNCR
Mon Apr 28 2014 00:00:00 GMT+0800 (China Standard Time),30.129999,31.110001,28.51,29,941600,29,SNCR
Tue Apr 29 2014 00:00:00 GMT+0800 (China Standard Time),29.209999,29.290001,28.620001,28.84,773900,28.84,SNCR
Wed Apr 30 2014 00:00:00 GMT+0800 (China Standard Time),30,31.23,27.870001,30.440001,1422300,30.440001,SNCR
Thu May 01 2014 00:00:00 GMT+0800 (China Standard Time),31.290001,31.68,29.799999,30.959999,815600,30.959999,SNCR
Fri May 02 2014 00:00:00 GMT+0800 (China Standard Time),31.110001,31.219999,30.379999,30.959999,413700,30.959999,SNCR
Mon May 05 2014 00:00:00 GMT+0800 (China Standard Time),30.57,30.58,29.91,30.18,473700,30.18,SNCR
Tue May 06 2014 00:00:00 GMT+0800 (China Standard Time),29.93,30.219999,28.51,28.65,651400,28.65,SNCR
Wed May 07 2014 00:00:00 GMT+0800 (China Standard Time),28.690001,29.059999,27.780001,28.610001,551600,28.610001,SNCR
Thu May 08 2014 00:00:00 GMT+0800 (China Standard Time),28.559999,29.51,28.190001,28.870001,387900,28.870001,SNCR
Fri May 09 2014 00:00:00 GMT+0800 (China Standard Time),28.790001,29.620001,28.6,29.33,226200,29.33,SNCR
Mon May 12 2014 00:00:00 GMT+0800 (China Standard Time),29.42,30.57,29.379999,30.41,325600,30.41,SNCR
Tue May 13 2014 00:00:00 GMT+0800 (China Standard Time),30.42,30.469999,29.379999,29.889999,439000,29.889999,SNCR
Wed May 14 2014 00:00:00 GMT+0800 (China Standard Time),29.66,30,29.190001,29.690001,511300,29.690001,SNCR
Thu May 15 2014 00:00:00 GMT+0800 (China Standard Time),29.57,30.450001,29.040001,30.209999,475700,30.209999,SNCR
Fri May 16 2014 00:00:00 GMT+0800 (China Standard Time),30.040001,30.5,29.59,30.26,188700,30.26,SNCR
Mon May 19 2014 00:00:00 GMT+0800 (China Standard Time),30.530001,31.139999,30.129999,30.74,186900,30.74,SNCR
Tue May 20 2014 00:00:00 GMT+0800 (China Standard Time),30.639999,30.809999,29.84,30.110001,281600,30.110001,SNCR
Wed May 21 2014 00:00:00 GMT+0800 (China Standard Time),30.25,30.799999,30.01,30.48,243100,30.48,SNCR
Thu May 22 2014 00:00:00 GMT+0800 (China Standard Time),30.5,31.120001,30.110001,30.91,192800,30.91,SNCR
Fri May 23 2014 00:00:00 GMT+0800 (China Standard Time),30.91,31.57,30.620001,31.530001,183700,31.530001,SNCR
Tue May 27 2014 00:00:00 GMT+0800 (China Standard Time),31.700001,32.18,31.549999,32.110001,251400,32.110001,SNCR
Wed May 28 2014 00:00:00 GMT+0800 (China Standard Time),31.879999,31.92,31.01,31.639999,294000,31.639999,SNCR
Thu May 29 2014 00:00:00 GMT+0800 (China Standard Time),31.91,32.130001,31.75,32.02,177900,32.02,SNCR
Fri May 30 2014 00:00:00 GMT+0800 (China Standard Time),32.169998,32.240002,31.370001,31.75,224300,31.75,SNCR
Mon Jun 02 2014 00:00:00 GMT+0800 (China Standard Time),31.67,31.67,30.190001,30.530001,533200,30.530001,SNCR
Tue Jun 03 2014 00:00:00 GMT+0800 (China Standard Time),30.450001,31.059999,30.35,30.93,371700,30.93,SNCR
Wed Jun 04 2014 00:00:00 GMT+0800 (China Standard Time),30.73,31.15,30.35,31.01,181000,31.01,SNCR
Thu Jun 05 2014 00:00:00 GMT+0800 (China Standard Time),31.16,31.74,30.76,31.58,189400,31.58,SNCR
Fri Jun 06 2014 00:00:00 GMT+0800 (China Standard Time),31.83,32.25,31.75,31.969999,249300,31.969999,SNCR
Mon Jun 09 2014 00:00:00 GMT+0800 (China Standard Time),31.9,32.560001,31.5,32.32,136100,32.32,SNCR
Tue Jun 10 2014 00:00:00 GMT+0800 (China Standard Time),32.150002,32.779999,31.84,32.75,203200,32.75,SNCR
Wed Jun 11 2014 00:00:00 GMT+0800 (China Standard Time),32.450001,33.400002,31.93,32.66,440200,32.66,SNCR
Thu Jun 12 2014 00:00:00 GMT+0800 (China Standard Time),32.68,33.48,32.27,32.91,294400,32.91,SNCR
Fri Jun 13 2014 00:00:00 GMT+0800 (China Standard Time),32.889999,33.5,32.360001,33.349998,207300,33.349998,SNCR
Mon Jun 16 2014 00:00:00 GMT+0800 (China Standard Time),33.240002,34.48,33.029999,34.02,443100,34.02,SNCR
Tue Jun 17 2014 00:00:00 GMT+0800 (China Standard Time),33.919998,35.130001,33.669998,34.540001,351600,34.540001,SNCR
Wed Jun 18 2014 00:00:00 GMT+0800 (China Standard Time),34.419998,34.720001,33.669998,34.540001,285800,34.540001,SNCR
Thu Jun 19 2014 00:00:00 GMT+0800 (China Standard Time),34.700001,34.700001,33.759998,34.34,210300,34.34,SNCR
Fri Jun 20 2014 00:00:00 GMT+0800 (China Standard Time),34.34,34.66,33.790001,34.52,298600,34.52,SNCR
Mon Jun 23 2014 00:00:00 GMT+0800 (China Standard Time),34.580002,34.959999,34.189999,34.73,247600,34.73,SNCR
Tue Jun 24 2014 00:00:00 GMT+0800 (China Standard Time),34.77,35.57,34,34.02,450300,34.02,SNCR
Wed Jun 25 2014 00:00:00 GMT+0800 (China Standard Time),33.900002,34.43,33.810001,34.419998,267200,34.419998,SNCR
Thu Jun 26 2014 00:00:00 GMT+0800 (China Standard Time),34.470001,34.470001,33.68,34.150002,205200,34.150002,SNCR
Fri Jun 27 2014 00:00:00 GMT+0800 (China Standard Time),34.009998,34.650002,33.799999,33.799999,1081900,33.799999,SNCR
Mon Jun 30 2014 00:00:00 GMT+0800 (China Standard Time),33.73,35.060001,33.560001,34.959999,472100,34.959999,SNCR
Tue Jul 01 2014 00:00:00 GMT+0800 (China Standard Time),35.110001,35.950001,34.470001,35.450001,383200,35.450001,SNCR
Wed Jul 02 2014 00:00:00 GMT+0800 (China Standard Time),35.380001,36.23,34.860001,35.349998,303900,35.349998,SNCR
Thu Jul 03 2014 00:00:00 GMT+0800 (China Standard Time),35.450001,35.84,35.310001,35.68,103500,35.68,SNCR
Mon Jul 07 2014 00:00:00 GMT+0800 (China Standard Time),35.470001,35.470001,34.540001,34.560001,214700,34.560001,SNCR
Tue Jul 08 2014 00:00:00 GMT+0800 (China Standard Time),34.549999,34.57,32.580002,33.110001,594500,33.110001,SNCR
Wed Jul 09 2014 00:00:00 GMT+0800 (China Standard Time),33.110001,34.110001,32.869999,33.25,298500,33.25,SNCR
Thu Jul 10 2014 00:00:00 GMT+0800 (China Standard Time),32.259998,33.560001,32.259998,32.950001,252800,32.950001,SNCR
Fri Jul 11 2014 00:00:00 GMT+0800 (China Standard Time),32.990002,33.939999,32.970001,33.91,256000,33.91,SNCR
Mon Jul 14 2014 00:00:00 GMT+0800 (China Standard Time),34.150002,34.700001,34,34.150002,223300,34.150002,SNCR
Tue Jul 15 2014 00:00:00 GMT+0800 (China Standard Time),33.970001,35.060001,33.700001,34.099998,349000,34.099998,SNCR
Wed Jul 16 2014 00:00:00 GMT+0800 (China Standard Time),34.169998,34.91,33.66,34.02,246900,34.02,SNCR
Thu Jul 17 2014 00:00:00 GMT+0800 (China Standard Time),33.700001,34.07,33.16,33.41,271300,33.41,SNCR
Fri Jul 18 2014 00:00:00 GMT+0800 (China Standard Time),33.369999,33.950001,33.25,33.740002,295000,33.740002,SNCR
Mon Jul 21 2014 00:00:00 GMT+0800 (China Standard Time),33.549999,33.950001,33.259998,33.82,177300,33.82,SNCR
Tue Jul 22 2014 00:00:00 GMT+0800 (China Standard Time),34.009998,34.75,33.919998,34.470001,137700,34.470001,SNCR
Wed Jul 23 2014 00:00:00 GMT+0800 (China Standard Time),34.529999,34.700001,33.75,33.889999,179800,33.889999,SNCR
Thu Jul 24 2014 00:00:00 GMT+0800 (China Standard Time),34.110001,34.619999,33.639999,34.48,132300,34.48,SNCR
Fri Jul 25 2014 00:00:00 GMT+0800 (China Standard Time),34.150002,34.650002,34,34.630001,153000,34.630001,SNCR
Mon Jul 28 2014 00:00:00 GMT+0800 (China Standard Time),34.650002,34.799999,33.880001,34.66,253500,34.66,SNCR
Tue Jul 29 2014 00:00:00 GMT+0800 (China Standard Time),36.16,41.400002,35.91,39.720001,1941300,39.720001,SNCR
Wed Jul 30 2014 00:00:00 GMT+0800 (China Standard Time),40.290001,41,39.669998,40.68,747100,40.68,SNCR
Thu Jul 31 2014 00:00:00 GMT+0800 (China Standard Time),40,40.75,39.080002,40.41,558700,40.41,SNCR
Fri Aug 01 2014 00:00:00 GMT+0800 (China Standard Time),39.77,40.310001,39.16,39.889999,476900,39.889999,SNCR
Mon Aug 04 2014 00:00:00 GMT+0800 (China Standard Time),39.630001,40.32,39.549999,40.169998,469900,40.169998,SNCR
Tue Aug 05 2014 00:00:00 GMT+0800 (China Standard Time),39.950001,42,39.509998,41.98,741800,41.98,SNCR
Wed Aug 06 2014 00:00:00 GMT+0800 (China Standard Time),40.869999,40.880001,38.16,38.669998,1554600,38.669998,SNCR
Thu Aug 07 2014 00:00:00 GMT+0800 (China Standard Time),38.82,39.369999,37.689999,38.200001,984200,38.200001,SNCR
Fri Aug 08 2014 00:00:00 GMT+0800 (China Standard Time),38.330002,38.790001,37.98,38.299999,497300,38.299999,SNCR
Mon Aug 11 2014 00:00:00 GMT+0800 (China Standard Time),38.360001,39.400002,37.939999,39.040001,464500,39.040001,SNCR
Tue Aug 12 2014 00:00:00 GMT+0800 (China Standard Time),38.639999,39.360001,38.450001,39.110001,327300,39.110001,SNCR
Wed Aug 13 2014 00:00:00 GMT+0800 (China Standard Time),39,39.77,39,39.549999,376100,39.549999,SNCR
Thu Aug 14 2014 00:00:00 GMT+0800 (China Standard Time),39.27,39.82,39,39.52,322600,39.52,SNCR
Fri Aug 15 2014 00:00:00 GMT+0800 (China Standard Time),39.740002,40.009998,39.240002,39.959999,383700,39.959999,SNCR
Mon Aug 18 2014 00:00:00 GMT+0800 (China Standard Time),40.209999,40.669998,39.849998,40.59,461800,40.59,SNCR
Tue Aug 19 2014 00:00:00 GMT+0800 (China Standard Time),40.599998,41.919998,40.439999,41.66,820200,41.66,SNCR
Wed Aug 20 2014 00:00:00 GMT+0800 (China Standard Time),41.41,42.450001,40.970001,42.290001,827700,42.290001,SNCR
Thu Aug 21 2014 00:00:00 GMT+0800 (China Standard Time),42.290001,42.41,41.18,42.290001,396100,42.290001,SNCR
Fri Aug 22 2014 00:00:00 GMT+0800 (China Standard Time),42.279999,42.950001,41.639999,42.41,295800,42.41,SNCR
Mon Aug 25 2014 00:00:00 GMT+0800 (China Standard Time),42.759998,43.419998,42.16,42.759998,420400,42.759998,SNCR
Tue Aug 26 2014 00:00:00 GMT+0800 (China Standard Time),42.73,43.830002,42.34,43.779999,464100,43.779999,SNCR
Wed Aug 27 2014 00:00:00 GMT+0800 (China Standard Time),43.700001,43.98,43.310001,43.790001,435300,43.790001,SNCR
Thu Aug 28 2014 00:00:00 GMT+0800 (China Standard Time),43.470001,43.77,42.279999,43.09,475800,43.09,SNCR
Fri Aug 29 2014 00:00:00 GMT+0800 (China Standard Time),43.490002,44.43,43.110001,44.169998,307600,44.169998,SNCR
Tue Sep 02 2014 00:00:00 GMT+0800 (China Standard Time),44.57,45.32,44.330002,45,526400,45,SNCR
Wed Sep 03 2014 00:00:00 GMT+0800 (China Standard Time),45.299999,45.389999,44.080002,44.299999,324100,44.299999,SNCR
Thu Sep 04 2014 00:00:00 GMT+0800 (China Standard Time),44.299999,44.830002,43.939999,44,318300,44,SNCR
Fri Sep 05 2014 00:00:00 GMT+0800 (China Standard Time),43.98,44.779999,43.720001,44.650002,328100,44.650002,SNCR
Mon Sep 08 2014 00:00:00 GMT+0800 (China Standard Time),44.720001,45.59,44.639999,45.220001,550400,45.220001,SNCR
Tue Sep 09 2014 00:00:00 GMT+0800 (China Standard Time),45.009998,45.27,44.080002,44.330002,374700,44.330002,SNCR
Wed Sep 10 2014 00:00:00 GMT+0800 (China Standard Time),44.5,44.639999,43.759998,44.360001,487800,44.360001,SNCR
Thu Sep 11 2014 00:00:00 GMT+0800 (China Standard Time),44.5,45.119999,43.939999,44.860001,322500,44.860001,SNCR
Fri Sep 12 2014 00:00:00 GMT+0800 (China Standard Time),44.82,44.869999,43.970001,44.400002,343700,44.400002,SNCR
Mon Sep 15 2014 00:00:00 GMT+0800 (China Standard Time),44.41,44.66,42.700001,42.990002,560400,42.990002,SNCR
Tue Sep 16 2014 00:00:00 GMT+0800 (China Standard Time),42.950001,43.459999,42.189999,43.189999,438700,43.189999,SNCR
Wed Sep 17 2014 00:00:00 GMT+0800 (China Standard Time),42.970001,44.299999,41.07,43.5,473400,43.5,SNCR
Thu Sep 18 2014 00:00:00 GMT+0800 (China Standard Time),43.849998,44.619999,43.68,44.18,323200,44.18,SNCR
Fri Sep 19 2014 00:00:00 GMT+0800 (China Standard Time),44.599998,44.599998,42.939999,43.66,1180900,43.66,SNCR
Mon Sep 22 2014 00:00:00 GMT+0800 (China Standard Time),43.549999,44.419998,42.959999,44.02,488300,44.02,SNCR
Tue Sep 23 2014 00:00:00 GMT+0800 (China Standard Time),43.919998,44.029999,43.09,43.400002,452200,43.400002,SNCR
Wed Sep 24 2014 00:00:00 GMT+0800 (China Standard Time),43.52,45.099998,43.279999,44.849998,509100,44.849998,SNCR
Thu Sep 25 2014 00:00:00 GMT+0800 (China Standard Time),44.82,44.959999,43.330002,43.349998,392600,43.349998,SNCR
Fri Sep 26 2014 00:00:00 GMT+0800 (China Standard Time),43.490002,44.110001,42.900002,43.919998,394500,43.919998,SNCR
Mon Sep 29 2014 00:00:00 GMT+0800 (China Standard Time),43.48,45.560001,43.360001,45.169998,538700,45.169998,SNCR
Tue Sep 30 2014 00:00:00 GMT+0800 (China Standard Time),45.5,46.740002,45.419998,45.779999,673900,45.779999,SNCR
Wed Oct 01 2014 00:00:00 GMT+0800 (China Standard Time),45.959999,46.029999,44.040001,44.459999,424300,44.459999,SNCR
Thu Oct 02 2014 00:00:00 GMT+0800 (China Standard Time),44.5,45.73,43.77,45.369999,380000,45.369999,SNCR
Fri Oct 03 2014 00:00:00 GMT+0800 (China Standard Time),45.990002,47.810001,45.549999,46.110001,376900,46.110001,SNCR
Mon Oct 06 2014 00:00:00 GMT+0800 (China Standard Time),46.490002,46.779999,44.959999,45.23,392500,45.23,SNCR
Tue Oct 07 2014 00:00:00 GMT+0800 (China Standard Time),44.84,44.970001,43.900002,44.060001,270800,44.060001,SNCR
Wed Oct 08 2014 00:00:00 GMT+0800 (China Standard Time),43.849998,45.490002,43.41,45.369999,362600,45.369999,SNCR
Thu Oct 09 2014 00:00:00 GMT+0800 (China Standard Time),45.110001,45.959999,44.400002,44.509998,353700,44.509998,SNCR
Fri Oct 10 2014 00:00:00 GMT+0800 (China Standard Time),44.209999,45.189999,42.959999,42.98,388900,42.98,SNCR
Mon Oct 13 2014 00:00:00 GMT+0800 (China Standard Time),42.990002,43.650002,41.110001,42.380001,629000,42.380001,SNCR
Tue Oct 14 2014 00:00:00 GMT+0800 (China Standard Time),43.029999,43.939999,42.139999,42.700001,381700,42.700001,SNCR
Wed Oct 15 2014 00:00:00 GMT+0800 (China Standard Time),41.869999,44.290001,41.41,43,618500,43,SNCR
Thu Oct 16 2014 00:00:00 GMT+0800 (China Standard Time),41.939999,45.029999,41.130001,44.529999,391300,44.529999,SNCR
Fri Oct 17 2014 00:00:00 GMT+0800 (China Standard Time),45.130001,45.349998,43.490002,44.200001,427700,44.200001,SNCR
Mon Oct 20 2014 00:00:00 GMT+0800 (China Standard Time),44.130001,44.84,43.59,44.669998,379300,44.669998,SNCR
Tue Oct 21 2014 00:00:00 GMT+0800 (China Standard Time),45.09,46.360001,44.939999,45.560001,653400,45.560001,SNCR
Wed Oct 22 2014 00:00:00 GMT+0800 (China Standard Time),46.450001,47.209999,45.470001,45.490002,626500,45.490002,SNCR
Thu Oct 23 2014 00:00:00 GMT+0800 (China Standard Time),46.23,47.299999,45.450001,45.720001,578500,45.720001,SNCR
Fri Oct 24 2014 00:00:00 GMT+0800 (China Standard Time),46,46.950001,45.959999,46.130001,630100,46.130001,SNCR
Mon Oct 27 2014 00:00:00 GMT+0800 (China Standard Time),46.150002,46.799999,46,46.59,859800,46.59,SNCR
Tue Oct 28 2014 00:00:00 GMT+0800 (China Standard Time),48.990002,52.389999,45.549999,51.950001,2000700,51.950001,SNCR
Wed Oct 29 2014 00:00:00 GMT+0800 (China Standard Time),52.439999,53.470001,49.16,50.880001,888500,50.880001,SNCR
Thu Oct 30 2014 00:00:00 GMT+0800 (China Standard Time),50.610001,52.5,50.360001,52.330002,595800,52.330002,SNCR
Fri Oct 31 2014 00:00:00 GMT+0800 (China Standard Time),52.860001,53.099998,51.560001,51.669998,811700,51.669998,SNCR
Mon Nov 03 2014 00:00:00 GMT+0800 (China Standard Time),51.360001,52.139999,50.360001,50.599998,671100,50.599998,SNCR
Tue Nov 04 2014 00:00:00 GMT+0800 (China Standard Time),49.459999,51.23,49.290001,50.799999,513200,50.799999,SNCR
Wed Nov 05 2014 00:00:00 GMT+0800 (China Standard Time),51.349998,51.860001,50.419998,50.529999,615300,50.529999,SNCR
Thu Nov 06 2014 00:00:00 GMT+0800 (China Standard Time),50.880001,52.459999,50.169998,52.330002,819700,52.330002,SNCR
Fri Nov 07 2014 00:00:00 GMT+0800 (China Standard Time),52.439999,52.580002,51.669998,52.119999,463800,52.119999,SNCR
Mon Nov 10 2014 00:00:00 GMT+0800 (China Standard Time),52.049999,54,51.110001,53.669998,600200,53.669998,SNCR
Tue Nov 11 2014 00:00:00 GMT+0800 (China Standard Time),53.619999,54.049999,52.669998,52.75,426100,52.75,SNCR
Wed Nov 12 2014 00:00:00 GMT+0800 (China Standard Time),51.82,52.139999,48.810001,49.310001,1266000,49.310001,SNCR
Thu Nov 13 2014 00:00:00 GMT+0800 (China Standard Time),49.200001,50.040001,47.91,47.959999,745900,47.959999,SNCR
Fri Nov 14 2014 00:00:00 GMT+0800 (China Standard Time),48.029999,49.150002,47.799999,48.380001,526900,48.380001,SNCR
Mon Nov 17 2014 00:00:00 GMT+0800 (China Standard Time),48.16,48.310001,46.470001,47.57,728500,47.57,SNCR
Tue Nov 18 2014 00:00:00 GMT+0800 (China Standard Time),47.799999,48.279999,47.470001,47.610001,701900,47.610001,SNCR
Wed Nov 19 2014 00:00:00 GMT+0800 (China Standard Time),45.259998,45.709999,41.540001,42.25,2876800,42.25,SNCR
Thu Nov 20 2014 00:00:00 GMT+0800 (China Standard Time),42.169998,43.849998,41.889999,43.119999,1286100,43.119999,SNCR
Fri Nov 21 2014 00:00:00 GMT+0800 (China Standard Time),43.939999,44.580002,42.400002,42.880001,791800,42.880001,SNCR
Mon Nov 24 2014 00:00:00 GMT+0800 (China Standard Time),43,43.240002,41.720001,43,690400,43,SNCR
Tue Nov 25 2014 00:00:00 GMT+0800 (China Standard Time),43.040001,44.150002,42.900002,43.110001,591600,43.110001,SNCR
Wed Nov 26 2014 00:00:00 GMT+0800 (China Standard Time),43.119999,44.119999,43.119999,43.869999,439400,43.869999,SNCR
Fri Nov 28 2014 00:00:00 GMT+0800 (China Standard Time),43.84,44.169998,42.77,42.830002,342500,42.830002,SNCR
Mon Dec 01 2014 00:00:00 GMT+0800 (China Standard Time),42.990002,43.279999,41.799999,41.869999,676500,41.869999,SNCR
Tue Dec 02 2014 00:00:00 GMT+0800 (China Standard Time),42,42.43,39.799999,41.490002,1162900,41.490002,SNCR
Wed Dec 03 2014 00:00:00 GMT+0800 (China Standard Time),41.459999,42.470001,41.139999,41.990002,531000,41.990002,SNCR
Thu Dec 04 2014 00:00:00 GMT+0800 (China Standard Time),42.029999,42.330002,41.619999,42.09,581500,42.09,SNCR
Fri Dec 05 2014 00:00:00 GMT+0800 (China Standard Time),43.639999,43.639999,41.799999,42.419998,407900,42.419998,SNCR
Mon Dec 08 2014 00:00:00 GMT+0800 (China Standard Time),42.16,43.220001,40.919998,40.990002,581500,40.990002,SNCR
Tue Dec 09 2014 00:00:00 GMT+0800 (China Standard Time),40.439999,41.98,39.540001,41.880001,499900,41.880001,SNCR
Wed Dec 10 2014 00:00:00 GMT+0800 (China Standard Time),41.599998,41.990002,39.439999,39.66,809000,39.66,SNCR
Thu Dec 11 2014 00:00:00 GMT+0800 (China Standard Time),39.869999,41.48,39,40.419998,650600,40.419998,SNCR
Fri Dec 12 2014 00:00:00 GMT+0800 (China Standard Time),39.799999,40.700001,39.400002,39.810001,304400,39.810001,SNCR
Mon Dec 15 2014 00:00:00 GMT+0800 (China Standard Time),40.060001,40.740002,39.43,40.02,620200,40.02,SNCR
Tue Dec 16 2014 00:00:00 GMT+0800 (China Standard Time),39.900002,40.830002,39.599998,39.91,497800,39.91,SNCR
Wed Dec 17 2014 00:00:00 GMT+0800 (China Standard Time),40,42.07,39.57,41.860001,531800,41.860001,SNCR
Thu Dec 18 2014 00:00:00 GMT+0800 (China Standard Time),43.540001,44.169998,41.950001,42.5,727900,42.5,SNCR
Fri Dec 19 2014 00:00:00 GMT+0800 (China Standard Time),42.41,42.75,41.82,42.560001,577000,42.560001,SNCR
Mon Dec 22 2014 00:00:00 GMT+0800 (China Standard Time),42.75,42.939999,42.310001,42.490002,290400,42.490002,SNCR
Tue Dec 23 2014 00:00:00 GMT+0800 (China Standard Time),42.599998,43.240002,42.18,43.029999,352800,43.029999,SNCR
Wed Dec 24 2014 00:00:00 GMT+0800 (China Standard Time),43.23,43.52,42.150002,43.240002,159600,43.240002,SNCR
Fri Dec 26 2014 00:00:00 GMT+0800 (China Standard Time),43.34,43.66,42.830002,43.290001,190200,43.290001,SNCR
Mon Dec 29 2014 00:00:00 GMT+0800 (China Standard Time),43.150002,43.369999,42.549999,42.849998,203600,42.849998,SNCR
Tue Dec 30 2014 00:00:00 GMT+0800 (China Standard Time),42.790001,43.110001,42.25,42.41,244100,42.41,SNCR
Wed Dec 31 2014 00:00:00 GMT+0800 (China Standard Time),42.52,42.990002,41.759998,41.860001,346800,41.860001,SNCR
Fri Jan 02 2015 00:00:00 GMT+0800 (China Standard Time),41.650002,42.259998,40.84,41.48,246500,41.48,SNCR
Mon Jan 05 2015 00:00:00 GMT+0800 (China Standard Time),41.049999,41.68,39.549999,39.599998,512300,39.599998,SNCR
Tue Jan 06 2015 00:00:00 GMT+0800 (China Standard Time),39.360001,39.889999,37.759998,38.529999,892400,38.529999,SNCR
Wed Jan 07 2015 00:00:00 GMT+0800 (China Standard Time),38.939999,39.52,38.459999,39.029999,539100,39.029999,SNCR
Thu Jan 08 2015 00:00:00 GMT+0800 (China Standard Time),39.490002,41.150002,39.060001,40.240002,1162300,40.240002,SNCR
Fri Jan 09 2015 00:00:00 GMT+0800 (China Standard Time),40.299999,41.110001,40.220001,40.459999,460400,40.459999,SNCR
Mon Jan 12 2015 00:00:00 GMT+0800 (China Standard Time),40.32,40.91,39.380001,40.849998,564500,40.849998,SNCR
Tue Jan 13 2015 00:00:00 GMT+0800 (China Standard Time),41.32,42.209999,40.419998,41.27,791700,41.27,SNCR
Wed Jan 14 2015 00:00:00 GMT+0800 (China Standard Time),41.02,41.16,39.619999,39.900002,761300,39.900002,SNCR
Thu Jan 15 2015 00:00:00 GMT+0800 (China Standard Time),39.68,40.049999,39.310001,39.419998,488100,39.419998,SNCR
Fri Jan 16 2015 00:00:00 GMT+0800 (China Standard Time),39.369999,41.009998,38.959999,40.919998,293100,40.919998,SNCR
Tue Jan 20 2015 00:00:00 GMT+0800 (China Standard Time),41.330002,41.799999,40.650002,41.689999,377100,41.689999,SNCR
Wed Jan 21 2015 00:00:00 GMT+0800 (China Standard Time),41.439999,41.919998,40.91,41.349998,319000,41.349998,SNCR
Thu Jan 22 2015 00:00:00 GMT+0800 (China Standard Time),41.599998,43.82,40.549999,43.470001,539900,43.470001,SNCR
Fri Jan 23 2015 00:00:00 GMT+0800 (China Standard Time),43.349998,43.790001,42.470001,43.330002,570500,43.330002,SNCR
Mon Jan 26 2015 00:00:00 GMT+0800 (China Standard Time),43.279999,44.009998,42.740002,43.849998,288400,43.849998,SNCR
Tue Jan 27 2015 00:00:00 GMT+0800 (China Standard Time),43.029999,43.279999,42.080002,42.400002,426400,42.400002,SNCR
Wed Jan 28 2015 00:00:00 GMT+0800 (China Standard Time),43.18,43.689999,41.32,42.75,631500,42.75,SNCR
Thu Jan 29 2015 00:00:00 GMT+0800 (China Standard Time),42.880001,44.130001,42.18,43.880001,416700,43.880001,SNCR
Fri Jan 30 2015 00:00:00 GMT+0800 (China Standard Time),43.610001,43.990002,42.380001,42.470001,427800,42.470001,SNCR
Mon Feb 02 2015 00:00:00 GMT+0800 (China Standard Time),42.5,43.509998,41.150002,43.450001,415300,43.450001,SNCR
Tue Feb 03 2015 00:00:00 GMT+0800 (China Standard Time),43.25,45.189999,42.619999,45.139999,760700,45.139999,SNCR
Wed Feb 04 2015 00:00:00 GMT+0800 (China Standard Time),46.290001,47.869999,45.549999,47.07,1221900,47.07,SNCR
Thu Feb 05 2015 00:00:00 GMT+0800 (China Standard Time),51.259998,51.389999,42.639999,43.82,2700100,43.82,SNCR
Fri Feb 06 2015 00:00:00 GMT+0800 (China Standard Time),45.130001,45.18,43.369999,43.849998,968200,43.849998,SNCR
Mon Feb 09 2015 00:00:00 GMT+0800 (China Standard Time),43.259998,43.740002,41.259998,41.369999,732800,41.369999,SNCR
Tue Feb 10 2015 00:00:00 GMT+0800 (China Standard Time),41.68,42.650002,41.68,42.5,457000,42.5,SNCR
Wed Feb 11 2015 00:00:00 GMT+0800 (China Standard Time),41.709999,43.310001,41.700001,42.540001,448600,42.540001,SNCR
Thu Feb 12 2015 00:00:00 GMT+0800 (China Standard Time),42.740002,43.34,42.5,42.830002,460300,42.830002,SNCR
Fri Feb 13 2015 00:00:00 GMT+0800 (China Standard Time),42.939999,43.990002,42.599998,43.889999,344700,43.889999,SNCR
Tue Feb 17 2015 00:00:00 GMT+0800 (China Standard Time),42.68,43.82,42.68,43.540001,560700,43.540001,SNCR
Wed Feb 18 2015 00:00:00 GMT+0800 (China Standard Time),43.450001,44.400002,43.330002,44.169998,342300,44.169998,SNCR
Thu Feb 19 2015 00:00:00 GMT+0800 (China Standard Time),43.93,45.389999,43.810001,45.060001,332200,45.060001,SNCR
Fri Feb 20 2015 00:00:00 GMT+0800 (China Standard Time),45.200001,45.25,44.130001,44.810001,317700,44.810001,SNCR
Mon Feb 23 2015 00:00:00 GMT+0800 (China Standard Time),44.810001,44.84,43.060001,43.549999,486400,43.549999,SNCR
Tue Feb 24 2015 00:00:00 GMT+0800 (China Standard Time),43.549999,44.580002,43.549999,44.490002,320800,44.490002,SNCR
Wed Feb 25 2015 00:00:00 GMT+0800 (China Standard Time),44.52,45.23,44.240002,44.849998,398800,44.849998,SNCR
Thu Feb 26 2015 00:00:00 GMT+0800 (China Standard Time),44.650002,45.639999,44.23,45.139999,410200,45.139999,SNCR
Fri Feb 27 2015 00:00:00 GMT+0800 (China Standard Time),45.009998,45.939999,44.209999,44.259998,460500,44.259998,SNCR
Mon Mar 02 2015 00:00:00 GMT+0800 (China Standard Time),44.259998,44.34,43.07,44.060001,728100,44.060001,SNCR
Tue Mar 03 2015 00:00:00 GMT+0800 (China Standard Time),43.98,44.68,43.650002,44.490002,483900,44.490002,SNCR
Wed Mar 04 2015 00:00:00 GMT+0800 (China Standard Time),44.349998,45.299999,43.93,45.009998,650300,45.009998,SNCR
Thu Mar 05 2015 00:00:00 GMT+0800 (China Standard Time),44.919998,45.5,44.509998,44.799999,382100,44.799999,SNCR
Fri Mar 06 2015 00:00:00 GMT+0800 (China Standard Time),44.630001,45.529999,44.57,45.349998,573100,45.349998,SNCR
Mon Mar 09 2015 00:00:00 GMT+0800 (China Standard Time),45.5,45.700001,44.279999,44.349998,551700,44.349998,SNCR
Tue Mar 10 2015 00:00:00 GMT+0800 (China Standard Time),43.889999,44.080002,42.48,42.889999,411900,42.889999,SNCR
Wed Mar 11 2015 00:00:00 GMT+0800 (China Standard Time),43.009998,43.209999,41.509998,42.619999,731300,42.619999,SNCR
Thu Mar 12 2015 00:00:00 GMT+0800 (China Standard Time),42.709999,45.939999,42.709999,45.549999,827300,45.549999,SNCR
Fri Mar 13 2015 00:00:00 GMT+0800 (China Standard Time),45.459999,46.34,45.119999,46.259998,638900,46.259998,SNCR
Mon Mar 16 2015 00:00:00 GMT+0800 (China Standard Time),46.779999,48.439999,46.57,47.790001,669600,47.790001,SNCR
Tue Mar 17 2015 00:00:00 GMT+0800 (China Standard Time),47.759998,47.759998,46.25,46.950001,553300,46.950001,SNCR
Wed Mar 18 2015 00:00:00 GMT+0800 (China Standard Time),46.669998,47.48,46.25,46.959999,441200,46.959999,SNCR
Thu Mar 19 2015 00:00:00 GMT+0800 (China Standard Time),46.919998,47.41,46.110001,46.599998,270400,46.599998,SNCR
Fri Mar 20 2015 00:00:00 GMT+0800 (China Standard Time),46.93,47.75,46.93,47.240002,493500,47.240002,SNCR
Mon Mar 23 2015 00:00:00 GMT+0800 (China Standard Time),47.119999,47.48,46.450001,46.650002,330500,46.650002,SNCR
Tue Mar 24 2015 00:00:00 GMT+0800 (China Standard Time),46.540001,46.790001,45.849998,46.209999,313600,46.209999,SNCR
Wed Mar 25 2015 00:00:00 GMT+0800 (China Standard Time),46.389999,46.869999,45.450001,45.700001,530800,45.700001,SNCR
Thu Mar 26 2015 00:00:00 GMT+0800 (China Standard Time),45.860001,46.200001,44.5,45.759998,472300,45.759998,SNCR
Fri Mar 27 2015 00:00:00 GMT+0800 (China Standard Time),45.830002,47,45.310001,46.939999,442300,46.939999,SNCR
Mon Mar 30 2015 00:00:00 GMT+0800 (China Standard Time),47.439999,48.310001,47.029999,47.400002,422500,47.400002,SNCR
Tue Mar 31 2015 00:00:00 GMT+0800 (China Standard Time),47.380001,47.84,47.150002,47.459999,391600,47.459999,SNCR
Wed Apr 01 2015 00:00:00 GMT+0800 (China Standard Time),47.560001,47.75,46.119999,47.299999,305000,47.299999,SNCR
Thu Apr 02 2015 00:00:00 GMT+0800 (China Standard Time),47.209999,47.779999,46.84,47.349998,382200,47.349998,SNCR
Mon Apr 06 2015 00:00:00 GMT+0800 (China Standard Time),47.169998,47.68,46.630001,46.790001,663900,46.790001,SNCR
Tue Apr 07 2015 00:00:00 GMT+0800 (China Standard Time),46.889999,48.740002,46.889999,47.689999,462400,47.689999,SNCR
Wed Apr 08 2015 00:00:00 GMT+0800 (China Standard Time),47.91,48.68,47.529999,48.400002,477800,48.400002,SNCR
Thu Apr 09 2015 00:00:00 GMT+0800 (China Standard Time),48.240002,49.060001,47.75,48.73,639200,48.73,SNCR
Fri Apr 10 2015 00:00:00 GMT+0800 (China Standard Time),48.990002,49.59,48.630001,49.419998,340500,49.419998,SNCR
Mon Apr 13 2015 00:00:00 GMT+0800 (China Standard Time),49.41,49.900002,49.290001,49.369999,282800,49.369999,SNCR
Tue Apr 14 2015 00:00:00 GMT+0800 (China Standard Time),49.380001,50.25,49.25,49.900002,458900,49.900002,SNCR
Wed Apr 15 2015 00:00:00 GMT+0800 (China Standard Time),50.150002,50.549999,49.84,50.310001,345500,50.310001,SNCR
Thu Apr 16 2015 00:00:00 GMT+0800 (China Standard Time),50.27,50.32,49.189999,49.490002,428000,49.490002,SNCR
Fri Apr 17 2015 00:00:00 GMT+0800 (China Standard Time),49.110001,49.619999,48.619999,49.389999,370600,49.389999,SNCR
Mon Apr 20 2015 00:00:00 GMT+0800 (China Standard Time),49.869999,50.700001,49.509998,50.290001,459900,50.290001,SNCR
Tue Apr 21 2015 00:00:00 GMT+0800 (China Standard Time),50.700001,52,50.540001,51.849998,595200,51.849998,SNCR
Wed Apr 22 2015 00:00:00 GMT+0800 (China Standard Time),51.880001,52,51.09,51.869999,428200,51.869999,SNCR
Thu Apr 23 2015 00:00:00 GMT+0800 (China Standard Time),51.639999,52.450001,51.23,51.919998,328500,51.919998,SNCR
Fri Apr 24 2015 00:00:00 GMT+0800 (China Standard Time),52.07,52.240002,51.18,51.48,421900,51.48,SNCR
Mon Apr 27 2015 00:00:00 GMT+0800 (China Standard Time),51.59,51.889999,48.02,48.299999,988800,48.299999,SNCR
Tue Apr 28 2015 00:00:00 GMT+0800 (China Standard Time),48.299999,49.52,48.02,49.119999,680300,49.119999,SNCR
Wed Apr 29 2015 00:00:00 GMT+0800 (China Standard Time),50.119999,51.849998,48.599998,48.900002,1132500,48.900002,SNCR
Thu Apr 30 2015 00:00:00 GMT+0800 (China Standard Time),48.200001,48.41,45.459999,45.880001,1224300,45.880001,SNCR
Fri May 01 2015 00:00:00 GMT+0800 (China Standard Time),46.040001,46.990002,45.43,45.82,550400,45.82,SNCR
Mon May 04 2015 00:00:00 GMT+0800 (China Standard Time),45.599998,46.18,45.130001,45.34,386600,45.34,SNCR
Tue May 05 2015 00:00:00 GMT+0800 (China Standard Time),45.34,45.580002,44.48,44.540001,504800,44.540001,SNCR
Wed May 06 2015 00:00:00 GMT+0800 (China Standard Time),44.77,44.990002,43.889999,44.610001,432300,44.610001,SNCR
Thu May 07 2015 00:00:00 GMT+0800 (China Standard Time),44.32,45.759998,44.32,45.009998,363300,45.009998,SNCR
Fri May 08 2015 00:00:00 GMT+0800 (China Standard Time),45.009998,46.389999,45.009998,45.75,559500,45.75,SNCR
Mon May 11 2015 00:00:00 GMT+0800 (China Standard Time),45.549999,46.630001,45.549999,45.73,305200,45.73,SNCR
Tue May 12 2015 00:00:00 GMT+0800 (China Standard Time),45.299999,45.919998,44.830002,45.77,257300,45.77,SNCR
Wed May 13 2015 00:00:00 GMT+0800 (China Standard Time),45.709999,46.48,45.389999,45.799999,214200,45.799999,SNCR
Thu May 14 2015 00:00:00 GMT+0800 (China Standard Time),45.75,47.18,45.73,46.799999,414200,46.799999,SNCR
Fri May 15 2015 00:00:00 GMT+0800 (China Standard Time),46.540001,47.240002,45.959999,46.32,341800,46.32,SNCR
Mon May 18 2015 00:00:00 GMT+0800 (China Standard Time),46.029999,47.220001,45.82,46.75,299100,46.75,SNCR
Tue May 19 2015 00:00:00 GMT+0800 (China Standard Time),47,47.880001,46.790001,46.889999,433600,46.889999,SNCR
Wed May 20 2015 00:00:00 GMT+0800 (China Standard Time),46.990002,47.07,46.040001,46.099998,192600,46.099998,SNCR
Thu May 21 2015 00:00:00 GMT+0800 (China Standard Time),46.150002,46.889999,45.830002,46.099998,263000,46.099998,SNCR
Fri May 22 2015 00:00:00 GMT+0800 (China Standard Time),45.959999,46.580002,45.860001,45.93,206100,45.93,SNCR
Tue May 26 2015 00:00:00 GMT+0800 (China Standard Time),45.66,45.66,44.619999,44.93,252400,44.93,SNCR
Wed May 27 2015 00:00:00 GMT+0800 (China Standard Time),45,45.709999,44.560001,45.639999,353100,45.639999,SNCR
Thu May 28 2015 00:00:00 GMT+0800 (China Standard Time),45.669998,45.790001,44.669998,45.169998,392400,45.169998,SNCR
Fri May 29 2015 00:00:00 GMT+0800 (China Standard Time),44.919998,45.029999,43.549999,44.040001,871900,44.040001,SNCR
Mon Jun 01 2015 00:00:00 GMT+0800 (China Standard Time),44.150002,44.240002,42.009998,42.48,924900,42.48,SNCR
Tue Jun 02 2015 00:00:00 GMT+0800 (China Standard Time),42.169998,43.189999,42.110001,42.529999,447400,42.529999,SNCR
Wed Jun 03 2015 00:00:00 GMT+0800 (China Standard Time),50.599998,50.849998,48.849998,49.02,3981200,49.02,SNCR
Thu Jun 04 2015 00:00:00 GMT+0800 (China Standard Time),49.02,49.599998,48.07,49.549999,624100,49.549999,SNCR
Fri Jun 05 2015 00:00:00 GMT+0800 (China Standard Time),49.610001,50.310001,48.759998,50.290001,494500,50.290001,SNCR
Mon Jun 08 2015 00:00:00 GMT+0800 (China Standard Time),50.310001,50.779999,49.59,49.650002,553900,49.650002,SNCR
Tue Jun 09 2015 00:00:00 GMT+0800 (China Standard Time),49.66,49.73,48.700001,49.209999,370400,49.209999,SNCR
Wed Jun 10 2015 00:00:00 GMT+0800 (China Standard Time),49.529999,49.740002,48.5,48.650002,784500,48.650002,SNCR
Thu Jun 11 2015 00:00:00 GMT+0800 (China Standard Time),48.549999,48.889999,48.290001,48.639999,334300,48.639999,SNCR
Fri Jun 12 2015 00:00:00 GMT+0800 (China Standard Time),48.529999,48.860001,47.869999,48.080002,358900,48.080002,SNCR
Mon Jun 15 2015 00:00:00 GMT+0800 (China Standard Time),47.509998,49.32,47.049999,48.77,497900,48.77,SNCR
Tue Jun 16 2015 00:00:00 GMT+0800 (China Standard Time),48.73,50.389999,48.73,49.27,448900,49.27,SNCR
Wed Jun 17 2015 00:00:00 GMT+0800 (China Standard Time),49.27,50.330002,49.259998,49.82,356600,49.82,SNCR
Thu Jun 18 2015 00:00:00 GMT+0800 (China Standard Time),49.91,50.419998,49.279999,50.380001,281300,50.380001,SNCR
Fri Jun 19 2015 00:00:00 GMT+0800 (China Standard Time),50.400002,50.59,50,50.400002,763300,50.400002,SNCR
Mon Jun 22 2015 00:00:00 GMT+0800 (China Standard Time),51,51.48,48.700001,49.419998,479300,49.419998,SNCR
Tue Jun 23 2015 00:00:00 GMT+0800 (China Standard Time),49.509998,49.98,48.599998,49.18,206200,49.18,SNCR
Wed Jun 24 2015 00:00:00 GMT+0800 (China Standard Time),49.099998,49.439999,48.450001,49.080002,196700,49.080002,SNCR
Thu Jun 25 2015 00:00:00 GMT+0800 (China Standard Time),49.240002,49.57,49.139999,49.279999,187300,49.279999,SNCR
Fri Jun 26 2015 00:00:00 GMT+0800 (China Standard Time),49.41,49.560001,48.23,48.669998,412700,48.669998,SNCR
Mon Jun 29 2015 00:00:00 GMT+0800 (China Standard Time),47.959999,48.34,46.049999,46.32,510900,46.32,SNCR
Tue Jun 30 2015 00:00:00 GMT+0800 (China Standard Time),46.709999,46.959999,45.34,45.73,509800,45.73,SNCR
Wed Jul 01 2015 00:00:00 GMT+0800 (China Standard Time),45.990002,46.66,45.59,45.84,283300,45.84,SNCR
Thu Jul 02 2015 00:00:00 GMT+0800 (China Standard Time),45.91,46.009998,45.040001,45.66,301200,45.66,SNCR
Mon Jul 06 2015 00:00:00 GMT+0800 (China Standard Time),45.080002,46.259998,45.080002,45.529999,426400,45.529999,SNCR
Tue Jul 07 2015 00:00:00 GMT+0800 (China Standard Time),45.52,45.939999,44.150002,45.759998,391000,45.759998,SNCR
Wed Jul 08 2015 00:00:00 GMT+0800 (China Standard Time),45.16,46.209999,44.720001,45.209999,258500,45.209999,SNCR
Thu Jul 09 2015 00:00:00 GMT+0800 (China Standard Time),45.669998,46.07,45.23,45.669998,318300,45.669998,SNCR
Fri Jul 10 2015 00:00:00 GMT+0800 (China Standard Time),46.150002,46.389999,45.709999,46.200001,209600,46.200001,SNCR
Mon Jul 13 2015 00:00:00 GMT+0800 (China Standard Time),46.360001,46.619999,45.619999,45.790001,210400,45.790001,SNCR
Tue Jul 14 2015 00:00:00 GMT+0800 (China Standard Time),45.880001,47.400002,45.880001,46.439999,567500,46.439999,SNCR
Wed Jul 15 2015 00:00:00 GMT+0800 (China Standard Time),46.639999,47.119999,45.810001,46.490002,402900,46.490002,SNCR
Thu Jul 16 2015 00:00:00 GMT+0800 (China Standard Time),46.59,47,45.57,45.889999,268400,45.889999,SNCR
Fri Jul 17 2015 00:00:00 GMT+0800 (China Standard Time),46.080002,46.619999,45.59,46.18,213300,46.18,SNCR
Mon Jul 20 2015 00:00:00 GMT+0800 (China Standard Time),46.330002,46.93,45.98,46.759998,282500,46.759998,SNCR
Tue Jul 21 2015 00:00:00 GMT+0800 (China Standard Time),46.650002,47.849998,46.209999,47.619999,331700,47.619999,SNCR
Wed Jul 22 2015 00:00:00 GMT+0800 (China Standard Time),47.400002,48.240002,47.27,47.639999,292900,47.639999,SNCR
Thu Jul 23 2015 00:00:00 GMT+0800 (China Standard Time),47.869999,48.130001,46.59,46.630001,227200,46.630001,SNCR
Fri Jul 24 2015 00:00:00 GMT+0800 (China Standard Time),46.560001,47.439999,46.18,46.400002,288200,46.400002,SNCR
Mon Jul 27 2015 00:00:00 GMT+0800 (China Standard Time),45.91,46.830002,43.599998,43.720001,865600,43.720001,SNCR
Tue Jul 28 2015 00:00:00 GMT+0800 (China Standard Time),43.790001,44.580002,42.380001,44.27,922000,44.27,SNCR
Wed Jul 29 2015 00:00:00 GMT+0800 (China Standard Time),45.259998,48,44.259998,47.099998,1005000,47.099998,SNCR
Thu Jul 30 2015 00:00:00 GMT+0800 (China Standard Time),47.5,48,46.07,47.330002,605900,47.330002,SNCR
Fri Jul 31 2015 00:00:00 GMT+0800 (China Standard Time),47.18,48,47.18,47.799999,301400,47.799999,SNCR
Mon Aug 03 2015 00:00:00 GMT+0800 (China Standard Time),47.610001,47.91,46.540001,47.439999,275300,47.439999,SNCR
Tue Aug 04 2015 00:00:00 GMT+0800 (China Standard Time),47.650002,48.77,47.360001,48.380001,512800,48.380001,SNCR
Wed Aug 05 2015 00:00:00 GMT+0800 (China Standard Time),49,49.529999,48.57,48.799999,357400,48.799999,SNCR
Thu Aug 06 2015 00:00:00 GMT+0800 (China Standard Time),48.900002,48.990002,47.389999,47.450001,260700,47.450001,SNCR
Fri Aug 07 2015 00:00:00 GMT+0800 (China Standard Time),47.27,47.459999,46.68,47.119999,231200,47.119999,SNCR
Mon Aug 10 2015 00:00:00 GMT+0800 (China Standard Time),47.23,48.599998,47.139999,48.23,337000,48.23,SNCR
Tue Aug 11 2015 00:00:00 GMT+0800 (China Standard Time),47.790001,48.34,46.790001,47.139999,354300,47.139999,SNCR
Wed Aug 12 2015 00:00:00 GMT+0800 (China Standard Time),46.939999,47.5,46.150002,47.139999,462500,47.139999,SNCR
Thu Aug 13 2015 00:00:00 GMT+0800 (China Standard Time),47,47.459999,46.529999,46.57,170300,46.57,SNCR
Fri Aug 14 2015 00:00:00 GMT+0800 (China Standard Time),46.09,47.09,46.060001,46.939999,212900,46.939999,SNCR
Mon Aug 17 2015 00:00:00 GMT+0800 (China Standard Time),46.529999,47.459999,46.330002,47.189999,262300,47.189999,SNCR
Tue Aug 18 2015 00:00:00 GMT+0800 (China Standard Time),47.25,47.48,46.57,46.84,267600,46.84,SNCR
Wed Aug 19 2015 00:00:00 GMT+0800 (China Standard Time),46.610001,46.849998,45.580002,46.080002,396300,46.080002,SNCR
Thu Aug 20 2015 00:00:00 GMT+0800 (China Standard Time),45.470001,46.509998,45.34,45.41,429500,45.41,SNCR
Fri Aug 21 2015 00:00:00 GMT+0800 (China Standard Time),44.509998,46.200001,43.130001,43.200001,541200,43.200001,SNCR
Mon Aug 24 2015 00:00:00 GMT+0800 (China Standard Time),40.779999,43.150002,38.060001,39.970001,862500,39.970001,SNCR
Tue Aug 25 2015 00:00:00 GMT+0800 (China Standard Time),42.720001,42.720001,39.18,39.200001,502800,39.200001,SNCR
Wed Aug 26 2015 00:00:00 GMT+0800 (China Standard Time),40.439999,40.900002,39.189999,40.450001,448000,40.450001,SNCR
Thu Aug 27 2015 00:00:00 GMT+0800 (China Standard Time),40.779999,41.299999,39.869999,40.59,481900,40.59,SNCR
Fri Aug 28 2015 00:00:00 GMT+0800 (China Standard Time),40.25,41.220001,40,40.450001,387600,40.450001,SNCR
Mon Aug 31 2015 00:00:00 GMT+0800 (China Standard Time),40.18,41.439999,40.139999,40.389999,302400,40.389999,SNCR
Tue Sep 01 2015 00:00:00 GMT+0800 (China Standard Time),39.560001,40.369999,39.060001,39.099998,414900,39.099998,SNCR
Wed Sep 02 2015 00:00:00 GMT+0800 (China Standard Time),40.080002,40.400002,39.150002,39.700001,318700,39.700001,SNCR
Thu Sep 03 2015 00:00:00 GMT+0800 (China Standard Time),39.700001,40.5,38.990002,39.200001,337900,39.200001,SNCR
Fri Sep 04 2015 00:00:00 GMT+0800 (China Standard Time),38.48,39.84,38.41,38.790001,334700,38.790001,SNCR
Tue Sep 08 2015 00:00:00 GMT+0800 (China Standard Time),39.610001,40.43,39.610001,39.98,509000,39.98,SNCR
Wed Sep 09 2015 00:00:00 GMT+0800 (China Standard Time),40.470001,40.82,39.259998,39.32,371400,39.32,SNCR
Thu Sep 10 2015 00:00:00 GMT+0800 (China Standard Time),38.900002,40.09,38.75,39.540001,328100,39.540001,SNCR
Fri Sep 11 2015 00:00:00 GMT+0800 (China Standard Time),39.419998,39.91,39.220001,39.580002,365700,39.580002,SNCR
Mon Sep 14 2015 00:00:00 GMT+0800 (China Standard Time),40,41.25,39.650002,40.23,341500,40.23,SNCR
Tue Sep 15 2015 00:00:00 GMT+0800 (China Standard Time),40.400002,40.759998,39.91,40.450001,464100,40.450001,SNCR
Wed Sep 16 2015 00:00:00 GMT+0800 (China Standard Time),40.330002,40.73,40.09,40.59,457900,40.59,SNCR
Thu Sep 17 2015 00:00:00 GMT+0800 (China Standard Time),40.459999,40.84,39.75,40.169998,325700,40.169998,SNCR
Fri Sep 18 2015 00:00:00 GMT+0800 (China Standard Time),39.450001,40.029999,39.099998,39.360001,691000,39.360001,SNCR
Mon Sep 21 2015 00:00:00 GMT+0800 (China Standard Time),39.75,40.200001,39.23,39.34,379300,39.34,SNCR
Tue Sep 22 2015 00:00:00 GMT+0800 (China Standard Time),38.830002,38.93,37.200001,37.389999,782500,37.389999,SNCR
Wed Sep 23 2015 00:00:00 GMT+0800 (China Standard Time),37.060001,37.389999,27.860001,33.369999,9686200,33.369999,SNCR
Thu Sep 24 2015 00:00:00 GMT+0800 (China Standard Time),34.950001,36.18,33.630001,35.740002,2784600,35.740002,SNCR
Fri Sep 25 2015 00:00:00 GMT+0800 (China Standard Time),35.959999,36.099998,34,34.549999,1371700,34.549999,SNCR
Mon Sep 28 2015 00:00:00 GMT+0800 (China Standard Time),34.299999,34.599998,33.639999,34.139999,720600,34.139999,SNCR
Tue Sep 29 2015 00:00:00 GMT+0800 (China Standard Time),34.119999,34.32,33,33.400002,397700,33.400002,SNCR
Wed Sep 30 2015 00:00:00 GMT+0800 (China Standard Time),33.790001,34.23,32.619999,32.799999,587600,32.799999,SNCR
Thu Oct 01 2015 00:00:00 GMT+0800 (China Standard Time),32.709999,33.060001,32.299999,32.700001,505100,32.700001,SNCR
Fri Oct 02 2015 00:00:00 GMT+0800 (China Standard Time),32.419998,32.990002,31.9,32.59,649000,32.59,SNCR
Mon Oct 05 2015 00:00:00 GMT+0800 (China Standard Time),32.919998,33.709999,32.580002,33.470001,388400,33.470001,SNCR
Tue Oct 06 2015 00:00:00 GMT+0800 (China Standard Time),33.259998,33.709999,32.810001,33.549999,411300,33.549999,SNCR
Wed Oct 07 2015 00:00:00 GMT+0800 (China Standard Time),33.759998,34.400002,33.34,34.25,460500,34.25,SNCR
Thu Oct 08 2015 00:00:00 GMT+0800 (China Standard Time),34.060001,35.709999,33.98,35.66,558100,35.66,SNCR
Fri Oct 09 2015 00:00:00 GMT+0800 (China Standard Time),35.91,36.360001,35.439999,35.900002,343800,35.900002,SNCR
Mon Oct 12 2015 00:00:00 GMT+0800 (China Standard Time),36.049999,36.049999,35.09,35.66,247500,35.66,SNCR
Tue Oct 13 2015 00:00:00 GMT+0800 (China Standard Time),35.41,35.639999,34.950001,35.259998,410600,35.259998,SNCR
Wed Oct 14 2015 00:00:00 GMT+0800 (China Standard Time),35.16,36.150002,35.110001,35.599998,408300,35.599998,SNCR
Thu Oct 15 2015 00:00:00 GMT+0800 (China Standard Time),35.610001,36.490002,35.25,36.470001,354800,36.470001,SNCR
Fri Oct 16 2015 00:00:00 GMT+0800 (China Standard Time),36.400002,36.860001,35.52,35.91,292100,35.91,SNCR
Mon Oct 19 2015 00:00:00 GMT+0800 (China Standard Time),35.84,35.84,35.349998,35.599998,250700,35.599998,SNCR
Tue Oct 20 2015 00:00:00 GMT+0800 (China Standard Time),35.650002,35.759998,35.150002,35.630001,317300,35.630001,SNCR
Wed Oct 21 2015 00:00:00 GMT+0800 (China Standard Time),36,36.82,35.66,35.900002,362100,35.900002,SNCR
Thu Oct 22 2015 00:00:00 GMT+0800 (China Standard Time),35.900002,37.259998,35.700001,37.150002,513900,37.150002,SNCR
Fri Oct 23 2015 00:00:00 GMT+0800 (China Standard Time),37.77,37.77,36.68,37.09,738200,37.09,SNCR
Mon Oct 26 2015 00:00:00 GMT+0800 (China Standard Time),36.82,37.84,36.82,37.759998,343100,37.759998,SNCR
Tue Oct 27 2015 00:00:00 GMT+0800 (China Standard Time),37.759998,37.759998,35.93,36.450001,845700,36.450001,SNCR
Wed Oct 28 2015 00:00:00 GMT+0800 (China Standard Time),35.029999,35.470001,29.77,33.759998,3280400,33.759998,SNCR
Thu Oct 29 2015 00:00:00 GMT+0800 (China Standard Time),34.450001,35.779999,34.099998,35.619999,979000,35.619999,SNCR
Fri Oct 30 2015 00:00:00 GMT+0800 (China Standard Time),35.529999,35.82,35.139999,35.18,533300,35.18,SNCR
Mon Nov 02 2015 00:00:00 GMT+0800 (China Standard Time),35.389999,36.419998,35.310001,36.029999,421600,36.029999,SNCR
Tue Nov 03 2015 00:00:00 GMT+0800 (China Standard Time),35.84,36.93,35.740002,36.200001,311200,36.200001,SNCR
Wed Nov 04 2015 00:00:00 GMT+0800 (China Standard Time),36.200001,36.740002,36.049999,36.720001,324500,36.720001,SNCR
Thu Nov 05 2015 00:00:00 GMT+0800 (China Standard Time),36.43,37.41,36.200001,37.07,439200,37.07,SNCR
Fri Nov 06 2015 00:00:00 GMT+0800 (China Standard Time),37.130001,37.43,36.639999,37.360001,248600,37.360001,SNCR
Mon Nov 09 2015 00:00:00 GMT+0800 (China Standard Time),37.310001,37.580002,37,37.27,245300,37.27,SNCR
Tue Nov 10 2015 00:00:00 GMT+0800 (China Standard Time),37.220001,37.419998,36.84,37.220001,271500,37.220001,SNCR
Wed Nov 11 2015 00:00:00 GMT+0800 (China Standard Time),37.25,37.419998,36.299999,36.450001,324400,36.450001,SNCR
Thu Nov 12 2015 00:00:00 GMT+0800 (China Standard Time),36.150002,37.27,36,36.849998,469800,36.849998,SNCR
Fri Nov 13 2015 00:00:00 GMT+0800 (China Standard Time),36.799999,37.310001,36.02,36.060001,406500,36.060001,SNCR
Mon Nov 16 2015 00:00:00 GMT+0800 (China Standard Time),35.93,37.200001,35.66,37.07,397100,37.07,SNCR
Tue Nov 17 2015 00:00:00 GMT+0800 (China Standard Time),37,38.689999,36.810001,38.060001,387300,38.060001,SNCR
Wed Nov 18 2015 00:00:00 GMT+0800 (China Standard Time),38.110001,39.259998,37.869999,39.220001,367200,39.220001,SNCR
Thu Nov 19 2015 00:00:00 GMT+0800 (China Standard Time),39.25,40.389999,39.029999,39.25,500200,39.25,SNCR
Fri Nov 20 2015 00:00:00 GMT+0800 (China Standard Time),39.369999,39.790001,39.119999,39.27,343900,39.27,SNCR
Mon Nov 23 2015 00:00:00 GMT+0800 (China Standard Time),39.25,39.470001,38.27,38.599998,213200,38.599998,SNCR
Tue Nov 24 2015 00:00:00 GMT+0800 (China Standard Time),38.330002,39.139999,38.209999,38.98,238500,38.98,SNCR
Wed Nov 25 2015 00:00:00 GMT+0800 (China Standard Time),38.740002,39.43,38.669998,39.330002,136500,39.330002,SNCR
Fri Nov 27 2015 00:00:00 GMT+0800 (China Standard Time),39.27,39.529999,39.049999,39.299999,109400,39.299999,SNCR
Mon Nov 30 2015 00:00:00 GMT+0800 (China Standard Time),39.400002,39.73,39.299999,39.369999,302600,39.369999,SNCR
Tue Dec 01 2015 00:00:00 GMT+0800 (China Standard Time),39.369999,39.75,38.889999,39.52,303000,39.52,SNCR
Wed Dec 02 2015 00:00:00 GMT+0800 (China Standard Time),39.209999,40.200001,39.209999,40.110001,254500,40.110001,SNCR
Thu Dec 03 2015 00:00:00 GMT+0800 (China Standard Time),40.119999,40.389999,39.52,39.900002,567000,39.900002,SNCR
Fri Dec 04 2015 00:00:00 GMT+0800 (China Standard Time),39.950001,40.119999,39.450001,39.950001,201200,39.950001,SNCR
Mon Dec 07 2015 00:00:00 GMT+0800 (China Standard Time),39.610001,39.91,39.259998,39.490002,392900,39.490002,SNCR
Tue Dec 08 2015 00:00:00 GMT+0800 (China Standard Time),39,39.52,38.799999,39.029999,232700,39.029999,SNCR
Wed Dec 09 2015 00:00:00 GMT+0800 (China Standard Time),38.75,39.740002,38.18,38.290001,261000,38.290001,SNCR
Thu Dec 10 2015 00:00:00 GMT+0800 (China Standard Time),38.330002,39.790001,37.860001,39,462300,39,SNCR
Fri Dec 11 2015 00:00:00 GMT+0800 (China Standard Time),38.200001,38.419998,37.16,37.330002,369100,37.330002,SNCR
Mon Dec 14 2015 00:00:00 GMT+0800 (China Standard Time),37.52,37.52,36.650002,36.869999,358800,36.869999,SNCR
Tue Dec 15 2015 00:00:00 GMT+0800 (China Standard Time),37.110001,37.619999,36.91,37.009998,324900,37.009998,SNCR
Wed Dec 16 2015 00:00:00 GMT+0800 (China Standard Time),37.189999,37.580002,37.099998,37.439999,283500,37.439999,SNCR
Thu Dec 17 2015 00:00:00 GMT+0800 (China Standard Time),37.639999,37.889999,36.07,36.139999,434800,36.139999,SNCR
Fri Dec 18 2015 00:00:00 GMT+0800 (China Standard Time),36.189999,37.810001,35.849998,35.889999,764900,35.889999,SNCR
Mon Dec 21 2015 00:00:00 GMT+0800 (China Standard Time),36.34,36.59,35.25,36.02,361800,36.02,SNCR
Tue Dec 22 2015 00:00:00 GMT+0800 (China Standard Time),36.349998,36.349998,35.709999,36.02,368900,36.02,SNCR
Wed Dec 23 2015 00:00:00 GMT+0800 (China Standard Time),36,36.07,35.549999,35.77,384600,35.77,SNCR
Thu Dec 24 2015 00:00:00 GMT+0800 (China Standard Time),35.779999,36.84,35.599998,36.580002,274300,36.580002,SNCR
Mon Dec 28 2015 00:00:00 GMT+0800 (China Standard Time),36.5,36.529999,35.970001,36.169998,210200,36.169998,SNCR
Tue Dec 29 2015 00:00:00 GMT+0800 (China Standard Time),36.560001,36.560001,35.779999,36.43,235100,36.43,SNCR
Wed Dec 30 2015 00:00:00 GMT+0800 (China Standard Time),36.43,36.939999,35.799999,35.869999,230700,35.869999,SNCR
Thu Dec 31 2015 00:00:00 GMT+0800 (China Standard Time),35.700001,35.830002,35.209999,35.23,312400,35.23,SNCR
Mon Jan 04 2016 00:00:00 GMT+0800 (China Standard Time),34.939999,35.419998,33.599998,33.689999,392300,33.689999,SNCR
Tue Jan 05 2016 00:00:00 GMT+0800 (China Standard Time),33.66,34.18,33.48,33.5,258400,33.5,SNCR
Wed Jan 06 2016 00:00:00 GMT+0800 (China Standard Time),33.220001,33.240002,32.060001,32.610001,490100,32.610001,SNCR
Thu Jan 07 2016 00:00:00 GMT+0800 (China Standard Time),32.139999,32.59,31.889999,32.169998,596300,32.169998,SNCR
Fri Jan 08 2016 00:00:00 GMT+0800 (China Standard Time),32.220001,32.799999,31.809999,32.02,371800,32.02,SNCR
Mon Jan 11 2016 00:00:00 GMT+0800 (China Standard Time),32.259998,32.259998,31.559999,31.84,358500,31.84,SNCR
Tue Jan 12 2016 00:00:00 GMT+0800 (China Standard Time),32.220001,32.759998,30.389999,31.17,688600,31.17,SNCR
Wed Jan 13 2016 00:00:00 GMT+0800 (China Standard Time),31.33,31.83,30,30.5,374100,30.5,SNCR
Thu Jan 14 2016 00:00:00 GMT+0800 (China Standard Time),30.76,31.620001,30.360001,31.110001,421600,31.110001,SNCR
Fri Jan 15 2016 00:00:00 GMT+0800 (China Standard Time),30.139999,30.799999,29.67,30.6,502000,30.6,SNCR
Tue Jan 19 2016 00:00:00 GMT+0800 (China Standard Time),30.879999,31,29.84,30.27,275200,30.27,SNCR
Wed Jan 20 2016 00:00:00 GMT+0800 (China Standard Time),29.799999,29.969999,28.450001,29.309999,543800,29.309999,SNCR
Thu Jan 21 2016 00:00:00 GMT+0800 (China Standard Time),29.379999,30.41,29.190001,29.51,512200,29.51,SNCR
Fri Jan 22 2016 00:00:00 GMT+0800 (China Standard Time),29.98,30.709999,29.629999,30.65,361400,30.65,SNCR
Mon Jan 25 2016 00:00:00 GMT+0800 (China Standard Time),30.59,30.85,30.02,30.18,170400,30.18,SNCR
Tue Jan 26 2016 00:00:00 GMT+0800 (China Standard Time),30.280001,30.93,30.07,30.93,209800,30.93,SNCR
Wed Jan 27 2016 00:00:00 GMT+0800 (China Standard Time),30.879999,30.879999,29.42,29.52,362200,29.52,SNCR
Thu Jan 28 2016 00:00:00 GMT+0800 (China Standard Time),29.66,30.370001,29.16,29.469999,438200,29.469999,SNCR
Fri Jan 29 2016 00:00:00 GMT+0800 (China Standard Time),29.690001,30.700001,29.6,30.639999,540300,30.639999,SNCR
Mon Feb 01 2016 00:00:00 GMT+0800 (China Standard Time),30.52,31.299999,29.65,30.73,586400,30.73,SNCR
Tue Feb 02 2016 00:00:00 GMT+0800 (China Standard Time),30.379999,30.629999,29.76,29.940001,508900,29.940001,SNCR
Wed Feb 03 2016 00:00:00 GMT+0800 (China Standard Time),27.91,29.120001,26.26,26.719999,3644900,26.719999,SNCR
Thu Feb 04 2016 00:00:00 GMT+0800 (China Standard Time),25.219999,25.219999,20.33,22.34,5422400,22.34,SNCR
Fri Feb 05 2016 00:00:00 GMT+0800 (China Standard Time),22.85,25.200001,22.799999,24.280001,2140800,24.280001,SNCR
Mon Feb 08 2016 00:00:00 GMT+0800 (China Standard Time),23.790001,24.139999,22.24,22.43,742400,22.43,SNCR
Tue Feb 09 2016 00:00:00 GMT+0800 (China Standard Time),22.459999,23.52,22.139999,22.629999,622000,22.629999,SNCR
Wed Feb 10 2016 00:00:00 GMT+0800 (China Standard Time),22.73,23.73,22.66,22.940001,418800,22.940001,SNCR
Thu Feb 11 2016 00:00:00 GMT+0800 (China Standard Time),22.58,23.530001,22,23.43,529000,23.43,SNCR
Fri Feb 12 2016 00:00:00 GMT+0800 (China Standard Time),23.530001,23.559999,22.09,23.459999,508900,23.459999,SNCR
Tue Feb 16 2016 00:00:00 GMT+0800 (China Standard Time),23.129999,24.82,23.129999,24.690001,576200,24.690001,SNCR
Wed Feb 17 2016 00:00:00 GMT+0800 (China Standard Time),24.91,26.059999,24.52,25.799999,580400,25.799999,SNCR
Thu Feb 18 2016 00:00:00 GMT+0800 (China Standard Time),25.690001,26.120001,25.33,25.559999,392900,25.559999,SNCR
Fri Feb 19 2016 00:00:00 GMT+0800 (China Standard Time),25.35,25.879999,25.07,25.809999,472000,25.809999,SNCR
Mon Feb 22 2016 00:00:00 GMT+0800 (China Standard Time),26.16,26.26,25.77,25.92,472000,25.92,SNCR
Tue Feb 23 2016 00:00:00 GMT+0800 (China Standard Time),25.799999,26.02,25.110001,25.389999,469400,25.389999,SNCR
Wed Feb 24 2016 00:00:00 GMT+0800 (China Standard Time),25.01,25.91,24.41,25.709999,395400,25.709999,SNCR
Thu Feb 25 2016 00:00:00 GMT+0800 (China Standard Time),25.879999,27.17,25.790001,27.17,565200,27.17,SNCR
Fri Feb 26 2016 00:00:00 GMT+0800 (China Standard Time),27.15,27.98,26.65,27.690001,437000,27.690001,SNCR
Mon Feb 29 2016 00:00:00 GMT+0800 (China Standard Time),27.719999,28.58,27.51,28.01,546600,28.01,SNCR
Tue Mar 01 2016 00:00:00 GMT+0800 (China Standard Time),28.280001,29.52,28.1,29.49,532300,29.49,SNCR
Wed Mar 02 2016 00:00:00 GMT+0800 (China Standard Time),29.280001,30.059999,28.84,30.01,533100,30.01,SNCR
Thu Mar 03 2016 00:00:00 GMT+0800 (China Standard Time),29.690001,30.030001,28.780001,29.49,518600,29.49,SNCR
Fri Mar 04 2016 00:00:00 GMT+0800 (China Standard Time),29.6,30.01,29.15,29.23,303100,29.23,SNCR
Mon Mar 07 2016 00:00:00 GMT+0800 (China Standard Time),29.200001,29.93,29.15,29.52,404700,29.52,SNCR
Tue Mar 08 2016 00:00:00 GMT+0800 (China Standard Time),29.41,29.49,28.27,28.709999,266500,28.709999,SNCR
Wed Mar 09 2016 00:00:00 GMT+0800 (China Standard Time),28.879999,29.280001,28.73,28.93,217100,28.93,SNCR
Thu Mar 10 2016 00:00:00 GMT+0800 (China Standard Time),28.9,29.09,27.809999,28.370001,209900,28.370001,SNCR
Fri Mar 11 2016 00:00:00 GMT+0800 (China Standard Time),28.57,29.219999,28.549999,29.09,224100,29.09,SNCR
Mon Mar 14 2016 00:00:00 GMT+0800 (China Standard Time),28.879999,29.08,28.620001,28.99,292100,28.99,SNCR
Tue Mar 15 2016 00:00:00 GMT+0800 (China Standard Time),28.940001,29.25,28.559999,29.16,335900,29.16,SNCR
Wed Mar 16 2016 00:00:00 GMT+0800 (China Standard Time),29.02,30.540001,28.860001,30.459999,732300,30.459999,SNCR
Thu Mar 17 2016 00:00:00 GMT+0800 (China Standard Time),30.370001,31.030001,30.32,30.950001,466400,30.950001,SNCR
Fri Mar 18 2016 00:00:00 GMT+0800 (China Standard Time),31.1,31.91,30.98,31.870001,746100,31.870001,SNCR
Mon Mar 21 2016 00:00:00 GMT+0800 (China Standard Time),31.709999,31.77,31.129999,31.26,355300,31.26,SNCR
Tue Mar 22 2016 00:00:00 GMT+0800 (China Standard Time),31.200001,31.34,30.85,31.030001,202700,31.030001,SNCR
Wed Mar 23 2016 00:00:00 GMT+0800 (China Standard Time),30.98,31.43,30,30.299999,409900,30.299999,SNCR
Thu Mar 24 2016 00:00:00 GMT+0800 (China Standard Time),30.049999,31.309999,29.85,31.18,249200,31.18,SNCR
Mon Mar 28 2016 00:00:00 GMT+0800 (China Standard Time),31.18,31.34,30.620001,31.040001,290900,31.040001,SNCR
Tue Mar 29 2016 00:00:00 GMT+0800 (China Standard Time),31.09,31.950001,30.110001,31.83,427900,31.83,SNCR
Wed Mar 30 2016 00:00:00 GMT+0800 (China Standard Time),31.879999,32.580002,31.469999,31.959999,253700,31.959999,SNCR
Thu Mar 31 2016 00:00:00 GMT+0800 (China Standard Time),32.040001,32.639999,31.83,32.34,271700,32.34,SNCR
Fri Apr 01 2016 00:00:00 GMT+0800 (China Standard Time),31.85,32.400002,31.58,32.240002,186500,32.240002,SNCR
Mon Apr 04 2016 00:00:00 GMT+0800 (China Standard Time),32.119999,32.549999,32.060001,32.150002,230700,32.150002,SNCR
Tue Apr 05 2016 00:00:00 GMT+0800 (China Standard Time),32,32.279999,31.57,31.610001,187000,31.610001,SNCR
Wed Apr 06 2016 00:00:00 GMT+0800 (China Standard Time),31.9,32.369999,31.639999,32.16,199300,32.16,SNCR
Thu Apr 07 2016 00:00:00 GMT+0800 (China Standard Time),31.9,32.07,31.450001,31.629999,214000,31.629999,SNCR
Fri Apr 08 2016 00:00:00 GMT+0800 (China Standard Time),31.879999,32.380001,31.48,32.029999,322100,32.029999,SNCR
Mon Apr 11 2016 00:00:00 GMT+0800 (China Standard Time),32.349998,32.48,31.48,31.559999,247900,31.559999,SNCR
Tue Apr 12 2016 00:00:00 GMT+0800 (China Standard Time),31.469999,31.48,30.77,31.370001,207200,31.370001,SNCR
Wed Apr 13 2016 00:00:00 GMT+0800 (China Standard Time),31.540001,32.799999,31.540001,32.380001,340600,32.380001,SNCR
Thu Apr 14 2016 00:00:00 GMT+0800 (China Standard Time),32.5,32.68,31.74,31.870001,234100,31.870001,SNCR
Fri Apr 15 2016 00:00:00 GMT+0800 (China Standard Time),31.879999,32.790001,31.879999,32.639999,262300,32.639999,SNCR
Mon Apr 18 2016 00:00:00 GMT+0800 (China Standard Time),32.439999,32.939999,32.240002,32.740002,220400,32.740002,SNCR
Tue Apr 19 2016 00:00:00 GMT+0800 (China Standard Time),32.77,32.77,31.969999,32.52,218000,32.52,SNCR
Wed Apr 20 2016 00:00:00 GMT+0800 (China Standard Time),32.639999,33,32.57,32.75,198400,32.75,SNCR
Thu Apr 21 2016 00:00:00 GMT+0800 (China Standard Time),32.82,33.599998,32.639999,33.169998,253900,33.169998,SNCR
Fri Apr 22 2016 00:00:00 GMT+0800 (China Standard Time),32.91,33.41,32.66,32.959999,291800,32.959999,SNCR
Mon Apr 25 2016 00:00:00 GMT+0800 (China Standard Time),32.939999,32.959999,32,32.169998,148300,32.169998,SNCR
Tue Apr 26 2016 00:00:00 GMT+0800 (China Standard Time),32.169998,32.189999,31.799999,32.16,301400,32.16,SNCR
Wed Apr 27 2016 00:00:00 GMT+0800 (China Standard Time),31.870001,32.119999,31.68,32.029999,297900,32.029999,SNCR
Thu Apr 28 2016 00:00:00 GMT+0800 (China Standard Time),32,32.099998,30.799999,31,487100,31,SNCR
Fri Apr 29 2016 00:00:00 GMT+0800 (China Standard Time),30.82,31.26,30.17,31.07,411600,31.07,SNCR
Mon May 02 2016 00:00:00 GMT+0800 (China Standard Time),31.27,31.99,31.17,31.93,459500,31.93,SNCR
Tue May 03 2016 00:00:00 GMT+0800 (China Standard Time),31.459999,31.709999,30.219999,30.57,414300,30.57,SNCR
Wed May 04 2016 00:00:00 GMT+0800 (China Standard Time),30.18,30.9,30.059999,30.200001,658800,30.200001,SNCR
Thu May 05 2016 00:00:00 GMT+0800 (China Standard Time),30.25,30.49,28.73,28.9,790000,28.9,SNCR
Fri May 06 2016 00:00:00 GMT+0800 (China Standard Time),30.309999,35.060001,30.309999,34.900002,1775200,34.900002,SNCR
Mon May 09 2016 00:00:00 GMT+0800 (China Standard Time),34.77,36.52,34.66,36.310001,626200,36.310001,SNCR
Tue May 10 2016 00:00:00 GMT+0800 (China Standard Time),36.25,36.669998,35.84,36.419998,561700,36.419998,SNCR
Wed May 11 2016 00:00:00 GMT+0800 (China Standard Time),36.169998,37.98,36.009998,36.66,514700,36.66,SNCR
Thu May 12 2016 00:00:00 GMT+0800 (China Standard Time),36.919998,36.919998,34.880001,35.23,447300,35.23,SNCR
Fri May 13 2016 00:00:00 GMT+0800 (China Standard Time),34.790001,35.580002,34.360001,34.900002,335900,34.900002,SNCR
Mon May 16 2016 00:00:00 GMT+0800 (China Standard Time),34.720001,35.27,34.279999,34.93,337300,34.93,SNCR
Tue May 17 2016 00:00:00 GMT+0800 (China Standard Time),34.889999,35.630001,34.310001,34.330002,277400,34.330002,SNCR
Wed May 18 2016 00:00:00 GMT+0800 (China Standard Time),34.509998,35.119999,34.16,35.09,225900,35.09,SNCR
Thu May 19 2016 00:00:00 GMT+0800 (China Standard Time),34.84,35.540001,34.040001,34.459999,233400,34.459999,SNCR
Fri May 20 2016 00:00:00 GMT+0800 (China Standard Time),34.700001,35.560001,34.400002,34.959999,325100,34.959999,SNCR
Mon May 23 2016 00:00:00 GMT+0800 (China Standard Time),34.91,35.549999,34.700001,34.959999,304000,34.959999,SNCR
Tue May 24 2016 00:00:00 GMT+0800 (China Standard Time),35.299999,36.330002,34.990002,36.02,283500,36.02,SNCR
Wed May 25 2016 00:00:00 GMT+0800 (China Standard Time),36.32,36.330002,35.549999,35.639999,231200,35.639999,SNCR
Thu May 26 2016 00:00:00 GMT+0800 (China Standard Time),35.639999,35.959999,34.720001,35.57,231100,35.57,SNCR
Fri May 27 2016 00:00:00 GMT+0800 (China Standard Time),35.599998,35.799999,35.09,35.700001,206100,35.700001,SNCR
Tue May 31 2016 00:00:00 GMT+0800 (China Standard Time),35.689999,35.889999,34.709999,35.27,357300,35.27,SNCR
Wed Jun 01 2016 00:00:00 GMT+0800 (China Standard Time),35.380001,35.529999,34.950001,35.32,399500,35.32,SNCR
Thu Jun 02 2016 00:00:00 GMT+0800 (China Standard Time),35.200001,36.18,35.080002,36.080002,267800,36.080002,SNCR
Fri Jun 03 2016 00:00:00 GMT+0800 (China Standard Time),35.810001,36.009998,34.91,35.470001,175700,35.470001,SNCR
Mon Jun 06 2016 00:00:00 GMT+0800 (China Standard Time),35.419998,35.790001,35.23,35.580002,232400,35.580002,SNCR
Tue Jun 07 2016 00:00:00 GMT+0800 (China Standard Time),35.709999,35.98,35.240002,35.810001,198100,35.810001,SNCR
Wed Jun 08 2016 00:00:00 GMT+0800 (China Standard Time),35.950001,36.490002,35.700001,36.279999,232900,36.279999,SNCR
Thu Jun 09 2016 00:00:00 GMT+0800 (China Standard Time),36.130001,36.439999,35.799999,36.189999,223500,36.189999,SNCR
Fri Jun 10 2016 00:00:00 GMT+0800 (China Standard Time),35.650002,35.799999,34.540001,34.619999,342200,34.619999,SNCR
Mon Jun 13 2016 00:00:00 GMT+0800 (China Standard Time),34.619999,35.41,34.34,34.400002,232200,34.400002,SNCR
Tue Jun 14 2016 00:00:00 GMT+0800 (China Standard Time),34.490002,34.68,34.049999,34.400002,238800,34.400002,SNCR
Wed Jun 15 2016 00:00:00 GMT+0800 (China Standard Time),34.529999,34.889999,34.240002,34.299999,184500,34.299999,SNCR
Thu Jun 16 2016 00:00:00 GMT+0800 (China Standard Time),34.189999,34.400002,33.290001,34.310001,343400,34.310001,SNCR
Fri Jun 17 2016 00:00:00 GMT+0800 (China Standard Time),34.43,34.549999,33.57,34.099998,402800,34.099998,SNCR
Mon Jun 20 2016 00:00:00 GMT+0800 (China Standard Time),34.540001,34.970001,34.130001,34.279999,311000,34.279999,SNCR
Tue Jun 21 2016 00:00:00 GMT+0800 (China Standard Time),34.490002,34.950001,34.349998,34.400002,221900,34.400002,SNCR
Wed Jun 22 2016 00:00:00 GMT+0800 (China Standard Time),34.41,34.41,33.110001,33.360001,547900,33.360001,SNCR
Thu Jun 23 2016 00:00:00 GMT+0800 (China Standard Time),33.700001,34.93,33.450001,34.830002,228000,34.830002,SNCR
Fri Jun 24 2016 00:00:00 GMT+0800 (China Standard Time),33.349998,34.040001,32.450001,32.52,731300,32.52,SNCR
Mon Jun 27 2016 00:00:00 GMT+0800 (China Standard Time),32.119999,32.150002,30.41,30.790001,325800,30.790001,SNCR
Tue Jun 28 2016 00:00:00 GMT+0800 (China Standard Time),31.08,32.23,30.870001,30.940001,275100,30.940001,SNCR
Wed Jun 29 2016 00:00:00 GMT+0800 (China Standard Time),31.32,31.540001,31.129999,31.469999,282600,31.469999,SNCR
Thu Jun 30 2016 00:00:00 GMT+0800 (China Standard Time),31.530001,31.99,31.4,31.860001,356400,31.860001,SNCR
Fri Jul 01 2016 00:00:00 GMT+0800 (China Standard Time),32,33.18,31.93,33,255700,33,SNCR
Tue Jul 05 2016 00:00:00 GMT+0800 (China Standard Time),32.93,32.950001,31.719999,31.879999,208000,31.879999,SNCR
Wed Jul 06 2016 00:00:00 GMT+0800 (China Standard Time),31.450001,32.73,31.450001,32.41,515300,32.41,SNCR
Thu Jul 07 2016 00:00:00 GMT+0800 (China Standard Time),32.419998,33.16,32.419998,33.150002,308300,33.150002,SNCR
Fri Jul 08 2016 00:00:00 GMT+0800 (China Standard Time),33.459999,34.369999,33.299999,33.68,246400,33.68,SNCR
Mon Jul 11 2016 00:00:00 GMT+0800 (China Standard Time),34,34.419998,33.91,34.25,129700,34.25,SNCR
Tue Jul 12 2016 00:00:00 GMT+0800 (China Standard Time),34.619999,36.099998,34.439999,35.93,342000,35.93,SNCR
Wed Jul 13 2016 00:00:00 GMT+0800 (China Standard Time),35.700001,36.220001,34.950001,35.169998,317100,35.169998,SNCR
Thu Jul 14 2016 00:00:00 GMT+0800 (China Standard Time),35.560001,35.720001,35.27,35.32,196400,35.32,SNCR
Fri Jul 15 2016 00:00:00 GMT+0800 (China Standard Time),35.529999,36.130001,35.299999,35.880001,247800,35.880001,SNCR
Mon Jul 18 2016 00:00:00 GMT+0800 (China Standard Time),34.189999,36.279999,34.189999,35.900002,273500,35.900002,SNCR
Tue Jul 19 2016 00:00:00 GMT+0800 (China Standard Time),35.900002,36.209999,35.299999,35.310001,143700,35.310001,SNCR
Wed Jul 20 2016 00:00:00 GMT+0800 (China Standard Time),35.580002,36.150002,35.299999,35.919998,196300,35.919998,SNCR
Thu Jul 21 2016 00:00:00 GMT+0800 (China Standard Time),36.009998,36.18,35.709999,35.900002,392100,35.900002,SNCR
Fri Jul 22 2016 00:00:00 GMT+0800 (China Standard Time),35.93,37,35.540001,36.700001,335500,36.700001,SNCR
Mon Jul 25 2016 00:00:00 GMT+0800 (China Standard Time),36.709999,36.740002,36.220001,36.630001,177300,36.630001,SNCR
Tue Jul 26 2016 00:00:00 GMT+0800 (China Standard Time),36.549999,36.560001,35.610001,35.880001,294000,35.880001,SNCR
Wed Jul 27 2016 00:00:00 GMT+0800 (China Standard Time),36.029999,36.75,35.880001,36.599998,364000,36.599998,SNCR
Thu Jul 28 2016 00:00:00 GMT+0800 (China Standard Time),36.580002,36.950001,36.209999,36.779999,222100,36.779999,SNCR
Fri Jul 29 2016 00:00:00 GMT+0800 (China Standard Time),36.799999,37.810001,36.59,37.34,493300,37.34,SNCR
Mon Aug 01 2016 00:00:00 GMT+0800 (China Standard Time),37.48,37.990002,37.080002,37.84,388300,37.84,SNCR
Tue Aug 02 2016 00:00:00 GMT+0800 (China Standard Time),37.630001,37.939999,36.580002,36.75,555500,36.75,SNCR
Wed Aug 03 2016 00:00:00 GMT+0800 (China Standard Time),36.68,37.400002,36.68,37.27,332100,37.27,SNCR
Thu Aug 04 2016 00:00:00 GMT+0800 (China Standard Time),38.389999,40.299999,38.009998,40.259998,1280100,40.259998,SNCR
Fri Aug 05 2016 00:00:00 GMT+0800 (China Standard Time),40.689999,41.790001,39.389999,41.48,614300,41.48,SNCR
Mon Aug 08 2016 00:00:00 GMT+0800 (China Standard Time),41.48,41.5,40.029999,41.07,531800,41.07,SNCR
Tue Aug 09 2016 00:00:00 GMT+0800 (China Standard Time),40.959999,41.400002,40.599998,41.02,267000,41.02,SNCR
Wed Aug 10 2016 00:00:00 GMT+0800 (China Standard Time),41.119999,41.32,40.709999,40.900002,271400,40.900002,SNCR
Thu Aug 11 2016 00:00:00 GMT+0800 (China Standard Time),41.009998,41.5,40.82,41.330002,324100,41.330002,SNCR
Fri Aug 12 2016 00:00:00 GMT+0800 (China Standard Time),41.240002,41.34,40.959999,41.220001,205600,41.220001,SNCR
Mon Aug 15 2016 00:00:00 GMT+0800 (China Standard Time),41.130001,41.459999,40.900002,41.400002,378400,41.400002,SNCR
Tue Aug 16 2016 00:00:00 GMT+0800 (China Standard Time),41.240002,41.27,40.299999,40.82,261700,40.82,SNCR
Wed Aug 17 2016 00:00:00 GMT+0800 (China Standard Time),40.459999,40.77,39.610001,40.529999,391900,40.529999,SNCR
Thu Aug 18 2016 00:00:00 GMT+0800 (China Standard Time),40.41,41,40.169998,40.84,275300,40.84,SNCR
Fri Aug 19 2016 00:00:00 GMT+0800 (China Standard Time),40.73,40.860001,40.419998,40.740002,171600,40.740002,SNCR
Mon Aug 22 2016 00:00:00 GMT+0800 (China Standard Time),40.77,41.02,40.43,40.66,182200,40.66,SNCR
Tue Aug 23 2016 00:00:00 GMT+0800 (China Standard Time),40.880001,41.32,40.810001,40.849998,171300,40.849998,SNCR
Wed Aug 24 2016 00:00:00 GMT+0800 (China Standard Time),40.810001,41.02,40.259998,40.450001,291300,40.450001,SNCR
Thu Aug 25 2016 00:00:00 GMT+0800 (China Standard Time),40.169998,41,39.93,40.740002,308400,40.740002,SNCR
Fri Aug 26 2016 00:00:00 GMT+0800 (China Standard Time),40.900002,41.419998,40.599998,41.060001,212600,41.060001,SNCR
Mon Aug 29 2016 00:00:00 GMT+0800 (China Standard Time),41.27,41.419998,40.959999,41.029999,112900,41.029999,SNCR
Tue Aug 30 2016 00:00:00 GMT+0800 (China Standard Time),41,41.470001,40.970001,41.450001,179300,41.450001,SNCR
Wed Aug 31 2016 00:00:00 GMT+0800 (China Standard Time),41.290001,41.799999,41.080002,41.75,295400,41.75,SNCR
Thu Sep 01 2016 00:00:00 GMT+0800 (China Standard Time),41.889999,42.330002,41.41,42.290001,236600,42.290001,SNCR
Fri Sep 02 2016 00:00:00 GMT+0800 (China Standard Time),42.400002,43.349998,42.130001,43.240002,426000,43.240002,SNCR
Tue Sep 06 2016 00:00:00 GMT+0800 (China Standard Time),42.900002,43.490002,42.900002,43.470001,296000,43.470001,SNCR
Wed Sep 07 2016 00:00:00 GMT+0800 (China Standard Time),43.349998,43.650002,43.110001,43.41,187800,43.41,SNCR
Thu Sep 08 2016 00:00:00 GMT+0800 (China Standard Time),43.25,43.43,42.889999,43.139999,249300,43.139999,SNCR
Fri Sep 09 2016 00:00:00 GMT+0800 (China Standard Time),42.779999,42.810001,41.080002,41.119999,336700,41.119999,SNCR
Mon Sep 12 2016 00:00:00 GMT+0800 (China Standard Time),40.630001,41.68,40.599998,41.66,425600,41.66,SNCR
Tue Sep 13 2016 00:00:00 GMT+0800 (China Standard Time),41.41,41.779999,40.779999,41.09,167800,41.09,SNCR
Wed Sep 14 2016 00:00:00 GMT+0800 (China Standard Time),41.049999,41.27,40.040001,40.110001,262300,40.110001,SNCR
Thu Sep 15 2016 00:00:00 GMT+0800 (China Standard Time),40.240002,42.25,40,41.490002,409800,41.490002,SNCR
Fri Sep 16 2016 00:00:00 GMT+0800 (China Standard Time),41.5,41.779999,41.09,41.240002,442500,41.240002,SNCR
Mon Sep 19 2016 00:00:00 GMT+0800 (China Standard Time),41.259998,41.880001,40.889999,41.099998,305400,41.099998,SNCR
Tue Sep 20 2016 00:00:00 GMT+0800 (China Standard Time),41.450001,41.580002,40.959999,41.189999,315400,41.189999,SNCR
Wed Sep 21 2016 00:00:00 GMT+0800 (China Standard Time),41.380001,41.810001,41.169998,41.669998,305000,41.669998,SNCR
Thu Sep 22 2016 00:00:00 GMT+0800 (China Standard Time),42.029999,42.400002,41.619999,41.959999,189700,41.959999,SNCR
Fri Sep 23 2016 00:00:00 GMT+0800 (China Standard Time),41.810001,42.169998,41.580002,42.09,386600,42.09,SNCR
Mon Sep 26 2016 00:00:00 GMT+0800 (China Standard Time),41.889999,42.119999,41.529999,42.02,257900,42.02,SNCR
Tue Sep 27 2016 00:00:00 GMT+0800 (China Standard Time),42.110001,42.669998,41.939999,42.5,343900,42.5,SNCR
Wed Sep 28 2016 00:00:00 GMT+0800 (China Standard Time),42.549999,42.990002,42.32,42.889999,475400,42.889999,SNCR
Thu Sep 29 2016 00:00:00 GMT+0800 (China Standard Time),42.68,42.84,40.970001,41.220001,383700,41.220001,SNCR
Fri Sep 30 2016 00:00:00 GMT+0800 (China Standard Time),41.529999,41.529999,41.16,41.18,223100,41.18,SNCR
Mon Oct 03 2016 00:00:00 GMT+0800 (China Standard Time),40.860001,40.860001,40.080002,40.419998,304500,40.419998,SNCR
Tue Oct 04 2016 00:00:00 GMT+0800 (China Standard Time),40.380001,41.75,40.32,40.48,440300,40.48,SNCR
Wed Oct 05 2016 00:00:00 GMT+0800 (China Standard Time),40.52,41,40.34,40.810001,409700,40.810001,SNCR
Thu Oct 06 2016 00:00:00 GMT+0800 (China Standard Time),40.790001,41.59,40.369999,40.720001,338500,40.720001,SNCR
Fri Oct 07 2016 00:00:00 GMT+0800 (China Standard Time),40.77,40.77,39.77,40.27,230300,40.27,SNCR
Mon Oct 10 2016 00:00:00 GMT+0800 (China Standard Time),40.59,41.68,40.509998,40.869999,270200,40.869999,SNCR
Tue Oct 11 2016 00:00:00 GMT+0800 (China Standard Time),40.709999,40.779999,39.200001,39.470001,256000,39.470001,SNCR
Wed Oct 12 2016 00:00:00 GMT+0800 (China Standard Time),39.610001,39.610001,39.110001,39.25,162200,39.25,SNCR
Thu Oct 13 2016 00:00:00 GMT+0800 (China Standard Time),38.849998,38.849998,37.650002,37.73,380100,37.73,SNCR
Fri Oct 14 2016 00:00:00 GMT+0800 (China Standard Time),37.84,38.060001,36.900002,37.099998,440300,37.099998,SNCR
Mon Oct 17 2016 00:00:00 GMT+0800 (China Standard Time),37.09,37.419998,36.720001,36.779999,398900,36.779999,SNCR
Tue Oct 18 2016 00:00:00 GMT+0800 (China Standard Time),37.23,37.389999,36.669998,36.720001,278500,36.720001,SNCR
Wed Oct 19 2016 00:00:00 GMT+0800 (China Standard Time),36.68,37.700001,36.68,37.529999,373300,37.529999,SNCR
Thu Oct 20 2016 00:00:00 GMT+0800 (China Standard Time),37.330002,37.450001,36.549999,36.880001,310300,36.880001,SNCR
Fri Oct 21 2016 00:00:00 GMT+0800 (China Standard Time),36.959999,38.290001,36.810001,37.77,354000,37.77,SNCR
Mon Oct 24 2016 00:00:00 GMT+0800 (China Standard Time),38.189999,38.470001,38.029999,38.34,243500,38.34,SNCR
Tue Oct 25 2016 00:00:00 GMT+0800 (China Standard Time),38.209999,38.34,37.400002,37.540001,256700,37.540001,SNCR
Wed Oct 26 2016 00:00:00 GMT+0800 (China Standard Time),37.349998,38.029999,37.18,37.27,246100,37.27,SNCR
Thu Oct 27 2016 00:00:00 GMT+0800 (China Standard Time),37.509998,37.509998,36.580002,36.639999,154400,36.639999,SNCR
Fri Oct 28 2016 00:00:00 GMT+0800 (China Standard Time),36.509998,37.279999,36.16,37.009998,215700,37.009998,SNCR
Mon Oct 31 2016 00:00:00 GMT+0800 (China Standard Time),37.080002,37.099998,36,36.709999,272900,36.709999,SNCR
Tue Nov 01 2016 00:00:00 GMT+0800 (China Standard Time),36.68,36.91,36.470001,36.77,349800,36.77,SNCR
Wed Nov 02 2016 00:00:00 GMT+0800 (China Standard Time),36.720001,37.369999,36.549999,37.049999,376000,37.049999,SNCR
Thu Nov 03 2016 00:00:00 GMT+0800 (China Standard Time),37.099998,37.25,36.740002,37.02,351000,37.02,SNCR
Fri Nov 04 2016 00:00:00 GMT+0800 (China Standard Time),37.009998,38.459999,36.810001,37.689999,406800,37.689999,SNCR
Mon Nov 07 2016 00:00:00 GMT+0800 (China Standard Time),38.560001,39.860001,38.27,39.619999,756000,39.619999,SNCR
Tue Nov 08 2016 00:00:00 GMT+0800 (China Standard Time),43.5,46.23,43.25,45.060001,2624700,45.060001,SNCR
Wed Nov 09 2016 00:00:00 GMT+0800 (China Standard Time),44.669998,47.529999,43.68,46.77,1042300,46.77,SNCR
Thu Nov 10 2016 00:00:00 GMT+0800 (China Standard Time),46.73,47.799999,45.099998,47.009998,855200,47.009998,SNCR
Fri Nov 11 2016 00:00:00 GMT+0800 (China Standard Time),46.790001,48.220001,46,47.73,500400,47.73,SNCR
