Thu Jan 02 2014 00:00:00 GMT+0800 (China Standard Time),39.919998,40,36.860001,38.110001,136000,38.110001,XLRN
Fri Jan 03 2014 00:00:00 GMT+0800 (China Standard Time),38.200001,39.990002,37.759998,39.009998,124200,39.009998,XLRN
Mon Jan 06 2014 00:00:00 GMT+0800 (China Standard Time),39.380001,40.950001,38.099998,40.939999,151100,40.939999,XLRN
Tue Jan 07 2014 00:00:00 GMT+0800 (China Standard Time),41.810001,43.700001,41.220001,41.669998,332400,41.669998,XLRN
Wed Jan 08 2014 00:00:00 GMT+0800 (China Standard Time),41.459999,42.369999,40.279999,41.259998,188200,41.259998,XLRN
Thu Jan 09 2014 00:00:00 GMT+0800 (China Standard Time),42.060001,49.330002,42,48.990002,192000,48.990002,XLRN
Fri Jan 10 2014 00:00:00 GMT+0800 (China Standard Time),48.759998,48.759998,40.939999,47.150002,533300,47.150002,XLRN
Mon Jan 13 2014 00:00:00 GMT+0800 (China Standard Time),45.639999,48.369999,45.43,46.310001,194500,46.310001,XLRN
Tue Jan 14 2014 00:00:00 GMT+0800 (China Standard Time),46.310001,48.779999,46.310001,48.52,94300,48.52,XLRN
Wed Jan 15 2014 00:00:00 GMT+0800 (China Standard Time),49.310001,50.650002,47.990002,48.73,159800,48.73,XLRN
Thu Jan 16 2014 00:00:00 GMT+0800 (China Standard Time),48.490002,48.790001,47.150002,47.419998,69900,47.419998,XLRN
Fri Jan 17 2014 00:00:00 GMT+0800 (China Standard Time),47.099998,50.369999,46.09,49.139999,205800,49.139999,XLRN
Tue Jan 21 2014 00:00:00 GMT+0800 (China Standard Time),47,51.990002,45.810001,51.66,175900,51.66,XLRN
Wed Jan 22 2014 00:00:00 GMT+0800 (China Standard Time),51.540001,57.889999,51.040001,56.700001,354900,56.700001,XLRN
Thu Jan 23 2014 00:00:00 GMT+0800 (China Standard Time),53.25,53.389999,50.919998,51.009998,1866000,51.009998,XLRN
Fri Jan 24 2014 00:00:00 GMT+0800 (China Standard Time),50.779999,51.669998,48.689999,49.029999,291200,49.029999,XLRN
Mon Jan 27 2014 00:00:00 GMT+0800 (China Standard Time),49,49,44.119999,46.080002,295200,46.080002,XLRN
Tue Jan 28 2014 00:00:00 GMT+0800 (China Standard Time),46,48.330002,45.900002,47.389999,147700,47.389999,XLRN
Wed Jan 29 2014 00:00:00 GMT+0800 (China Standard Time),48.400002,50.299999,47.32,49.639999,212300,49.639999,XLRN
Thu Jan 30 2014 00:00:00 GMT+0800 (China Standard Time),51.91,52.84,49,49.650002,233300,49.650002,XLRN
Fri Jan 31 2014 00:00:00 GMT+0800 (China Standard Time),48.66,48.830002,44.209999,46.349998,279400,46.349998,XLRN
Mon Feb 03 2014 00:00:00 GMT+0800 (China Standard Time),46.099998,46.650002,43.459999,44.630001,137200,44.630001,XLRN
Tue Feb 04 2014 00:00:00 GMT+0800 (China Standard Time),45.009998,46.939999,43.950001,44.48,287200,44.48,XLRN
Wed Feb 05 2014 00:00:00 GMT+0800 (China Standard Time),44.029999,45.380001,43.810001,44.540001,125400,44.540001,XLRN
Thu Feb 06 2014 00:00:00 GMT+0800 (China Standard Time),44.970001,45.400002,44.029999,44.5,200400,44.5,XLRN
Fri Feb 07 2014 00:00:00 GMT+0800 (China Standard Time),45.41,45.52,42.619999,43.470001,229500,43.470001,XLRN
Mon Feb 10 2014 00:00:00 GMT+0800 (China Standard Time),43.939999,45.5,42.630001,45.240002,149600,45.240002,XLRN
Tue Feb 11 2014 00:00:00 GMT+0800 (China Standard Time),45.5,45.5,43.799999,44.439999,95800,44.439999,XLRN
Wed Feb 12 2014 00:00:00 GMT+0800 (China Standard Time),44.34,45.240002,43.509998,43.790001,101700,43.790001,XLRN
Thu Feb 13 2014 00:00:00 GMT+0800 (China Standard Time),43.130001,44.400002,40.290001,43.990002,206100,43.990002,XLRN
Fri Feb 14 2014 00:00:00 GMT+0800 (China Standard Time),43.369999,43.84,41.16,41.75,250200,41.75,XLRN
Tue Feb 18 2014 00:00:00 GMT+0800 (China Standard Time),42.16,45.889999,41.700001,45.610001,324200,45.610001,XLRN
Wed Feb 19 2014 00:00:00 GMT+0800 (China Standard Time),45.330002,46.5,43.959999,44.360001,161700,44.360001,XLRN
Thu Feb 20 2014 00:00:00 GMT+0800 (China Standard Time),44.169998,46.610001,43.189999,46.080002,189900,46.080002,XLRN
Fri Feb 21 2014 00:00:00 GMT+0800 (China Standard Time),46.32,48.130001,43.549999,47.490002,291300,47.490002,XLRN
Mon Feb 24 2014 00:00:00 GMT+0800 (China Standard Time),47.790001,49,44.880001,45.279999,313700,45.279999,XLRN
Tue Feb 25 2014 00:00:00 GMT+0800 (China Standard Time),46.5,47.470001,45.040001,46.869999,170700,46.869999,XLRN
Wed Feb 26 2014 00:00:00 GMT+0800 (China Standard Time),46,50.099998,45.970001,46.900002,246500,46.900002,XLRN
Thu Feb 27 2014 00:00:00 GMT+0800 (China Standard Time),46.52,47.639999,45,47.029999,177600,47.029999,XLRN
Fri Feb 28 2014 00:00:00 GMT+0800 (China Standard Time),46.84,48.59,45.5,46.93,179400,46.93,XLRN
Mon Mar 03 2014 00:00:00 GMT+0800 (China Standard Time),46.290001,49.34,46.009998,48.52,167100,48.52,XLRN
Tue Mar 04 2014 00:00:00 GMT+0800 (China Standard Time),49.099998,53.849998,48.75,50.52,233200,50.52,XLRN
Wed Mar 05 2014 00:00:00 GMT+0800 (China Standard Time),50.48,53.57,50.450001,52.27,181900,52.27,XLRN
Thu Mar 06 2014 00:00:00 GMT+0800 (China Standard Time),52.349998,53.93,50.740002,51.75,168900,51.75,XLRN
Fri Mar 07 2014 00:00:00 GMT+0800 (China Standard Time),52.43,52.43,48.830002,51.43,182800,51.43,XLRN
Mon Mar 10 2014 00:00:00 GMT+0800 (China Standard Time),51.450001,53.07,49.369999,50.139999,207300,50.139999,XLRN
Tue Mar 11 2014 00:00:00 GMT+0800 (China Standard Time),51.099998,51.360001,47.740002,47.98,179700,47.98,XLRN
Wed Mar 12 2014 00:00:00 GMT+0800 (China Standard Time),47.509998,49.34,47.009998,48.130001,139200,48.130001,XLRN
Thu Mar 13 2014 00:00:00 GMT+0800 (China Standard Time),48.419998,48.610001,45.009998,45.639999,147700,45.639999,XLRN
Fri Mar 14 2014 00:00:00 GMT+0800 (China Standard Time),45.299999,47.639999,44.099998,45.25,254400,45.25,XLRN
Mon Mar 17 2014 00:00:00 GMT+0800 (China Standard Time),45.560001,45.830002,42.470001,42.5,258700,42.5,XLRN
Tue Mar 18 2014 00:00:00 GMT+0800 (China Standard Time),42.599998,44.040001,38,40.080002,1074100,40.080002,XLRN
Wed Mar 19 2014 00:00:00 GMT+0800 (China Standard Time),40.23,40.610001,39.380001,39.799999,513800,39.799999,XLRN
Thu Mar 20 2014 00:00:00 GMT+0800 (China Standard Time),39.549999,39.610001,38.32,38.919998,335700,38.919998,XLRN
Fri Mar 21 2014 00:00:00 GMT+0800 (China Standard Time),38.98,39.099998,38.52,39.009998,438600,39.009998,XLRN
Mon Mar 24 2014 00:00:00 GMT+0800 (China Standard Time),39.049999,39.66,37.91,38.549999,264200,38.549999,XLRN
Tue Mar 25 2014 00:00:00 GMT+0800 (China Standard Time),38.779999,39.07,37.52,38.200001,473100,38.200001,XLRN
Wed Mar 26 2014 00:00:00 GMT+0800 (China Standard Time),38.639999,38.689999,36.509998,36.75,322200,36.75,XLRN
Thu Mar 27 2014 00:00:00 GMT+0800 (China Standard Time),36.830002,36.889999,35.91,36.310001,202000,36.310001,XLRN
Fri Mar 28 2014 00:00:00 GMT+0800 (China Standard Time),36.25,38.360001,33.93,34.279999,337700,34.279999,XLRN
Mon Mar 31 2014 00:00:00 GMT+0800 (China Standard Time),34.689999,35.34,33.810001,34.5,173300,34.5,XLRN
Tue Apr 01 2014 00:00:00 GMT+0800 (China Standard Time),34.740002,35.259998,33.029999,33.869999,168400,33.869999,XLRN
Wed Apr 02 2014 00:00:00 GMT+0800 (China Standard Time),38,42.240002,37.400002,38.330002,974600,38.330002,XLRN
Thu Apr 03 2014 00:00:00 GMT+0800 (China Standard Time),38,38.529999,35.529999,37.16,363400,37.16,XLRN
Fri Apr 04 2014 00:00:00 GMT+0800 (China Standard Time),37.41,37.41,34.560001,35.959999,213800,35.959999,XLRN
Mon Apr 07 2014 00:00:00 GMT+0800 (China Standard Time),35.619999,36.810001,35.09,36.369999,410600,36.369999,XLRN
Tue Apr 08 2014 00:00:00 GMT+0800 (China Standard Time),36.459999,36.779999,35.799999,36.009998,631900,36.009998,XLRN
Wed Apr 09 2014 00:00:00 GMT+0800 (China Standard Time),36.299999,38.009998,35.919998,37.830002,174600,37.830002,XLRN
Thu Apr 10 2014 00:00:00 GMT+0800 (China Standard Time),38.439999,38.439999,36.02,36.709999,618700,36.709999,XLRN
Fri Apr 11 2014 00:00:00 GMT+0800 (China Standard Time),36.240002,38.119999,34.869999,36.540001,308700,36.540001,XLRN
Mon Apr 14 2014 00:00:00 GMT+0800 (China Standard Time),36.84,38.5,35.630001,37.16,299700,37.16,XLRN
Tue Apr 15 2014 00:00:00 GMT+0800 (China Standard Time),37.220001,37.419998,33.610001,34.5,262600,34.5,XLRN
Wed Apr 16 2014 00:00:00 GMT+0800 (China Standard Time),34.720001,38.169998,34.490002,37.799999,353800,37.799999,XLRN
Thu Apr 17 2014 00:00:00 GMT+0800 (China Standard Time),38.02,39.279999,37.700001,38.41,224600,38.41,XLRN
Mon Apr 21 2014 00:00:00 GMT+0800 (China Standard Time),38.080002,38.529999,35.77,36.369999,155000,36.369999,XLRN
Tue Apr 22 2014 00:00:00 GMT+0800 (China Standard Time),35.75,36.860001,34.66,35.009998,420300,35.009998,XLRN
Wed Apr 23 2014 00:00:00 GMT+0800 (China Standard Time),35,35.259998,33.060001,33.419998,206700,33.419998,XLRN
Thu Apr 24 2014 00:00:00 GMT+0800 (China Standard Time),33.630001,35.189999,30.01,31.85,1931800,31.85,XLRN
Fri Apr 25 2014 00:00:00 GMT+0800 (China Standard Time),32.380001,32.619999,30.719999,32.5,284400,32.5,XLRN
Mon Apr 28 2014 00:00:00 GMT+0800 (China Standard Time),32.740002,32.740002,30.799999,32.419998,340900,32.419998,XLRN
Tue Apr 29 2014 00:00:00 GMT+0800 (China Standard Time),32.5,33.860001,32.080002,33.700001,178800,33.700001,XLRN
Wed Apr 30 2014 00:00:00 GMT+0800 (China Standard Time),33.459999,34.48,32.599998,34.349998,201300,34.349998,XLRN
Thu May 01 2014 00:00:00 GMT+0800 (China Standard Time),34.029999,34.490002,32.560001,34.16,136400,34.16,XLRN
Fri May 02 2014 00:00:00 GMT+0800 (China Standard Time),34.130001,34.310001,33.09,33.700001,192300,33.700001,XLRN
Mon May 05 2014 00:00:00 GMT+0800 (China Standard Time),33.25,35.369999,32.639999,33.369999,263700,33.369999,XLRN
Tue May 06 2014 00:00:00 GMT+0800 (China Standard Time),33.279999,33.650002,31.120001,31.17,183400,31.17,XLRN
Wed May 07 2014 00:00:00 GMT+0800 (China Standard Time),31.719999,33.200001,30.370001,32.689999,445600,32.689999,XLRN
Thu May 08 2014 00:00:00 GMT+0800 (China Standard Time),32.009998,33.049999,31.459999,32.099998,194700,32.099998,XLRN
Fri May 09 2014 00:00:00 GMT+0800 (China Standard Time),31.93,32.700001,31,31.870001,370900,31.870001,XLRN
Mon May 12 2014 00:00:00 GMT+0800 (China Standard Time),31.780001,33.169998,31.709999,32.650002,277500,32.650002,XLRN
Tue May 13 2014 00:00:00 GMT+0800 (China Standard Time),32.720001,34.990002,32.18,32.740002,209200,32.740002,XLRN
Wed May 14 2014 00:00:00 GMT+0800 (China Standard Time),32.73,33.34,31.530001,31.75,295400,31.75,XLRN
Thu May 15 2014 00:00:00 GMT+0800 (China Standard Time),32.32,32.400002,30.950001,31.559999,377200,31.559999,XLRN
Fri May 16 2014 00:00:00 GMT+0800 (China Standard Time),31.77,32.369999,31.27,31.98,425700,31.98,XLRN
Mon May 19 2014 00:00:00 GMT+0800 (China Standard Time),31.68,32.650002,31,31.52,379400,31.52,XLRN
Tue May 20 2014 00:00:00 GMT+0800 (China Standard Time),31.51,32.91,31.43,31.76,327300,31.76,XLRN
Wed May 21 2014 00:00:00 GMT+0800 (China Standard Time),31.780001,32.75,28.530001,29.43,373700,29.43,XLRN
Thu May 22 2014 00:00:00 GMT+0800 (China Standard Time),29.610001,31.959999,28.59,31.23,523600,31.23,XLRN
Fri May 23 2014 00:00:00 GMT+0800 (China Standard Time),30.639999,31.530001,30.059999,30.66,120200,30.66,XLRN
Tue May 27 2014 00:00:00 GMT+0800 (China Standard Time),30.76,31.26,30.280001,31,192600,31,XLRN
Wed May 28 2014 00:00:00 GMT+0800 (China Standard Time),31,31.24,30.65,30.940001,478700,30.940001,XLRN
Thu May 29 2014 00:00:00 GMT+0800 (China Standard Time),31.200001,31.549999,29.959999,30.209999,350600,30.209999,XLRN
Fri May 30 2014 00:00:00 GMT+0800 (China Standard Time),30.34,30.469999,29.02,29.68,337100,29.68,XLRN
Mon Jun 02 2014 00:00:00 GMT+0800 (China Standard Time),29.610001,30.129999,29.02,30,232800,30,XLRN
Tue Jun 03 2014 00:00:00 GMT+0800 (China Standard Time),29.49,30.1,29.1,30,335900,30,XLRN
Wed Jun 04 2014 00:00:00 GMT+0800 (China Standard Time),29.83,30.23,29.610001,29.940001,185000,29.940001,XLRN
Thu Jun 05 2014 00:00:00 GMT+0800 (China Standard Time),30.120001,30.950001,29.93,30.23,498400,30.23,XLRN
Fri Jun 06 2014 00:00:00 GMT+0800 (China Standard Time),30.4,31.07,30.209999,30.719999,282600,30.719999,XLRN
Mon Jun 09 2014 00:00:00 GMT+0800 (China Standard Time),30.67,32.400002,30.440001,32.200001,766200,32.200001,XLRN
Tue Jun 10 2014 00:00:00 GMT+0800 (China Standard Time),32.169998,34.07,31.790001,33.700001,403300,33.700001,XLRN
Wed Jun 11 2014 00:00:00 GMT+0800 (China Standard Time),33.450001,33.889999,32.150002,32.650002,273600,32.650002,XLRN
Thu Jun 12 2014 00:00:00 GMT+0800 (China Standard Time),32.43,34.540001,31.92,34.240002,383400,34.240002,XLRN
Fri Jun 13 2014 00:00:00 GMT+0800 (China Standard Time),34.16,34.630001,33.009998,33.880001,289100,33.880001,XLRN
Mon Jun 16 2014 00:00:00 GMT+0800 (China Standard Time),34.080002,34.23,31.75,32.880001,440400,32.880001,XLRN
Tue Jun 17 2014 00:00:00 GMT+0800 (China Standard Time),32.740002,34.360001,31.889999,34.099998,360200,34.099998,XLRN
Wed Jun 18 2014 00:00:00 GMT+0800 (China Standard Time),34.130001,34.849998,34,34.580002,280500,34.580002,XLRN
Thu Jun 19 2014 00:00:00 GMT+0800 (China Standard Time),34.860001,34.970001,33.709999,34.34,173800,34.34,XLRN
Fri Jun 20 2014 00:00:00 GMT+0800 (China Standard Time),34.52,35.150002,33.869999,34.77,425100,34.77,XLRN
Mon Jun 23 2014 00:00:00 GMT+0800 (China Standard Time),34.700001,35.919998,34.48,34.610001,243400,34.610001,XLRN
Tue Jun 24 2014 00:00:00 GMT+0800 (China Standard Time),34.470001,35.32,33.369999,33.5,189900,33.5,XLRN
Wed Jun 25 2014 00:00:00 GMT+0800 (China Standard Time),33.349998,35,33.029999,34.669998,173600,34.669998,XLRN
Thu Jun 26 2014 00:00:00 GMT+0800 (China Standard Time),34.790001,35.099998,34.360001,34.779999,178400,34.779999,XLRN
Fri Jun 27 2014 00:00:00 GMT+0800 (China Standard Time),34.59,35.099998,34.41,34.470001,1590900,34.470001,XLRN
Mon Jun 30 2014 00:00:00 GMT+0800 (China Standard Time),34.220001,34.880001,33.330002,33.970001,325900,33.970001,XLRN
Tue Jul 01 2014 00:00:00 GMT+0800 (China Standard Time),34.049999,34.52,33.540001,34.049999,332900,34.049999,XLRN
Wed Jul 02 2014 00:00:00 GMT+0800 (China Standard Time),33.93,35,33.689999,34,238600,34,XLRN
Thu Jul 03 2014 00:00:00 GMT+0800 (China Standard Time),34,34,33.049999,33.279999,90900,33.279999,XLRN
Mon Jul 07 2014 00:00:00 GMT+0800 (China Standard Time),33.259998,33.259998,31.059999,31.34,174300,31.34,XLRN
Tue Jul 08 2014 00:00:00 GMT+0800 (China Standard Time),31.299999,31.41,28.879999,29.040001,224300,29.040001,XLRN
Wed Jul 09 2014 00:00:00 GMT+0800 (China Standard Time),29.040001,30.43,28.02,30.209999,166600,30.209999,XLRN
Thu Jul 10 2014 00:00:00 GMT+0800 (China Standard Time),29.4,30.52,29.33,30.4,102500,30.4,XLRN
Fri Jul 11 2014 00:00:00 GMT+0800 (China Standard Time),30.27,30.889999,30.01,30.299999,81600,30.299999,XLRN
Mon Jul 14 2014 00:00:00 GMT+0800 (China Standard Time),30.540001,30.540001,28.26,28.370001,141700,28.370001,XLRN
Tue Jul 15 2014 00:00:00 GMT+0800 (China Standard Time),28.440001,28.559999,26.98,27.360001,314200,27.360001,XLRN
Wed Jul 16 2014 00:00:00 GMT+0800 (China Standard Time),27.440001,28.07,27.17,27.780001,151700,27.780001,XLRN
Thu Jul 17 2014 00:00:00 GMT+0800 (China Standard Time),27.59,27.709999,25.25,25.540001,228100,25.540001,XLRN
Fri Jul 18 2014 00:00:00 GMT+0800 (China Standard Time),25.5,26.83,25.48,26.75,174100,26.75,XLRN
Mon Jul 21 2014 00:00:00 GMT+0800 (China Standard Time),26.48,27.139999,25.940001,27.07,135700,27.07,XLRN
Tue Jul 22 2014 00:00:00 GMT+0800 (China Standard Time),27.129999,27.34,26.469999,26.73,153300,26.73,XLRN
Wed Jul 23 2014 00:00:00 GMT+0800 (China Standard Time),26.83,28,26.549999,27.860001,175900,27.860001,XLRN
Thu Jul 24 2014 00:00:00 GMT+0800 (China Standard Time),27.799999,28.5,27.43,27.9,186700,27.9,XLRN
Fri Jul 25 2014 00:00:00 GMT+0800 (China Standard Time),27.610001,28.85,27.610001,28.129999,159700,28.129999,XLRN
Mon Jul 28 2014 00:00:00 GMT+0800 (China Standard Time),28.16,28.950001,27.860001,28.75,147200,28.75,XLRN
Tue Jul 29 2014 00:00:00 GMT+0800 (China Standard Time),28.629999,29.209999,28.450001,28.91,121700,28.91,XLRN
Wed Jul 30 2014 00:00:00 GMT+0800 (China Standard Time),29.110001,30.709999,29.110001,30.66,143700,30.66,XLRN
Thu Jul 31 2014 00:00:00 GMT+0800 (China Standard Time),30.219999,30.950001,29.26,29.620001,204200,29.620001,XLRN
Fri Aug 01 2014 00:00:00 GMT+0800 (China Standard Time),29.620001,30.24,28.690001,29.370001,137300,29.370001,XLRN
Mon Aug 04 2014 00:00:00 GMT+0800 (China Standard Time),29.549999,30.07,28.98,29.870001,160100,29.870001,XLRN
Tue Aug 05 2014 00:00:00 GMT+0800 (China Standard Time),29.629999,30.59,29.209999,29.690001,230000,29.690001,XLRN
Wed Aug 06 2014 00:00:00 GMT+0800 (China Standard Time),29.379999,30.17,29.35,29.48,209100,29.48,XLRN
Thu Aug 07 2014 00:00:00 GMT+0800 (China Standard Time),29.559999,29.629999,28.299999,28.9,115100,28.9,XLRN
Fri Aug 08 2014 00:00:00 GMT+0800 (China Standard Time),28.959999,30,28.17,29.92,104000,29.92,XLRN
Mon Aug 11 2014 00:00:00 GMT+0800 (China Standard Time),29.950001,30.08,29.32,29.91,121100,29.91,XLRN
Tue Aug 12 2014 00:00:00 GMT+0800 (China Standard Time),29.290001,29.290001,27.25,28.43,275300,28.43,XLRN
Wed Aug 13 2014 00:00:00 GMT+0800 (China Standard Time),28.629999,29.58,28.01,29.370001,198600,29.370001,XLRN
Thu Aug 14 2014 00:00:00 GMT+0800 (China Standard Time),30,30.59,29.23,29.959999,321200,29.959999,XLRN
Fri Aug 15 2014 00:00:00 GMT+0800 (China Standard Time),30.139999,30.18,28.780001,29.809999,140200,29.809999,XLRN
Mon Aug 18 2014 00:00:00 GMT+0800 (China Standard Time),30,30,29.09,29.48,147400,29.48,XLRN
Tue Aug 19 2014 00:00:00 GMT+0800 (China Standard Time),29.389999,29.389999,28.52,28.620001,75600,28.620001,XLRN
Wed Aug 20 2014 00:00:00 GMT+0800 (China Standard Time),28.58,28.58,27.629999,27.709999,90200,27.709999,XLRN
Thu Aug 21 2014 00:00:00 GMT+0800 (China Standard Time),27.74,27.98,26.01,26.16,121200,26.16,XLRN
Fri Aug 22 2014 00:00:00 GMT+0800 (China Standard Time),26.040001,27.620001,26.040001,27.5,99600,27.5,XLRN
Mon Aug 25 2014 00:00:00 GMT+0800 (China Standard Time),28,28.93,27.5,28.719999,95300,28.719999,XLRN
Tue Aug 26 2014 00:00:00 GMT+0800 (China Standard Time),28.889999,29.16,28.379999,28.549999,89700,28.549999,XLRN
Wed Aug 27 2014 00:00:00 GMT+0800 (China Standard Time),28.49,28.75,28.049999,28.200001,137100,28.200001,XLRN
Thu Aug 28 2014 00:00:00 GMT+0800 (China Standard Time),28,28.110001,27.35,27.450001,117400,27.450001,XLRN
Fri Aug 29 2014 00:00:00 GMT+0800 (China Standard Time),27.540001,27.93,26.65,26.870001,79400,26.870001,XLRN
Tue Sep 02 2014 00:00:00 GMT+0800 (China Standard Time),27.09,27.200001,26.16,26.389999,140000,26.389999,XLRN
Wed Sep 03 2014 00:00:00 GMT+0800 (China Standard Time),26.58,26.77,25.33,25.700001,152600,25.700001,XLRN
Thu Sep 04 2014 00:00:00 GMT+0800 (China Standard Time),25.83,26.6,25.6,26,139000,26,XLRN
Fri Sep 05 2014 00:00:00 GMT+0800 (China Standard Time),25.870001,27,24.67,25.17,190200,25.17,XLRN
Mon Sep 08 2014 00:00:00 GMT+0800 (China Standard Time),25.08,25.76,24.219999,25.040001,79100,25.040001,XLRN
Tue Sep 09 2014 00:00:00 GMT+0800 (China Standard Time),24.93,25.299999,23.610001,24.629999,190400,24.629999,XLRN
Wed Sep 10 2014 00:00:00 GMT+0800 (China Standard Time),24.629999,25.84,24.4,25.67,198800,25.67,XLRN
Thu Sep 11 2014 00:00:00 GMT+0800 (China Standard Time),25.5,26.41,25,26.040001,253000,26.040001,XLRN
Fri Sep 12 2014 00:00:00 GMT+0800 (China Standard Time),26.1,26.1,24.83,25.76,173100,25.76,XLRN
Mon Sep 15 2014 00:00:00 GMT+0800 (China Standard Time),25.709999,25.950001,25.27,25.620001,158100,25.620001,XLRN
Tue Sep 16 2014 00:00:00 GMT+0800 (China Standard Time),25.49,25.709999,24.75,25.200001,117800,25.200001,XLRN
Wed Sep 17 2014 00:00:00 GMT+0800 (China Standard Time),25.049999,25.74,24.75,25.620001,119200,25.620001,XLRN
Thu Sep 18 2014 00:00:00 GMT+0800 (China Standard Time),25.65,25.860001,24.5,24.709999,157200,24.709999,XLRN
Fri Sep 19 2014 00:00:00 GMT+0800 (China Standard Time),24.83,25.280001,23.790001,24.209999,248100,24.209999,XLRN
Mon Sep 22 2014 00:00:00 GMT+0800 (China Standard Time),24.190001,25.040001,23.870001,24.92,113000,24.92,XLRN
Tue Sep 23 2014 00:00:00 GMT+0800 (China Standard Time),24.5,28.6,24,28.120001,479000,28.120001,XLRN
Wed Sep 24 2014 00:00:00 GMT+0800 (China Standard Time),28.030001,29.049999,26.940001,28.68,284200,28.68,XLRN
Thu Sep 25 2014 00:00:00 GMT+0800 (China Standard Time),28.530001,29.440001,28.15,28.67,211800,28.67,XLRN
Fri Sep 26 2014 00:00:00 GMT+0800 (China Standard Time),28.700001,29.280001,27.530001,28.74,171400,28.74,XLRN
Mon Sep 29 2014 00:00:00 GMT+0800 (China Standard Time),28.32,29.84,27.379999,29.74,223400,29.74,XLRN
Tue Sep 30 2014 00:00:00 GMT+0800 (China Standard Time),29.52,30.73,28.629999,30.24,490000,30.24,XLRN
Wed Oct 01 2014 00:00:00 GMT+0800 (China Standard Time),30.33,30.9,29.07,29.59,344200,29.59,XLRN
Thu Oct 02 2014 00:00:00 GMT+0800 (China Standard Time),29.82,30.82,29.76,30.469999,377800,30.469999,XLRN
Fri Oct 03 2014 00:00:00 GMT+0800 (China Standard Time),30.93,31.360001,30.290001,31.08,185800,31.08,XLRN
Mon Oct 06 2014 00:00:00 GMT+0800 (China Standard Time),31.15,31.719999,29.290001,29.4,145300,29.4,XLRN
Tue Oct 07 2014 00:00:00 GMT+0800 (China Standard Time),29.299999,30.09,28.860001,29.26,152700,29.26,XLRN
Wed Oct 08 2014 00:00:00 GMT+0800 (China Standard Time),29.17,30.6,28.889999,30.27,177200,30.27,XLRN
Thu Oct 09 2014 00:00:00 GMT+0800 (China Standard Time),30.190001,30.549999,28.93,29,179800,29,XLRN
Fri Oct 10 2014 00:00:00 GMT+0800 (China Standard Time),29,30.02,28.530001,29.549999,169400,29.549999,XLRN
Mon Oct 13 2014 00:00:00 GMT+0800 (China Standard Time),29.629999,30.389999,29,29.57,142100,29.57,XLRN
Tue Oct 14 2014 00:00:00 GMT+0800 (China Standard Time),29.870001,29.870001,28.809999,29.09,347300,29.09,XLRN
Wed Oct 15 2014 00:00:00 GMT+0800 (China Standard Time),28.799999,29.17,27.639999,29.139999,561000,29.139999,XLRN
Thu Oct 16 2014 00:00:00 GMT+0800 (China Standard Time),28.58,29.370001,27.879999,29.049999,199600,29.049999,XLRN
Fri Oct 17 2014 00:00:00 GMT+0800 (China Standard Time),29.530001,29.530001,28.48,28.99,231100,28.99,XLRN
Mon Oct 20 2014 00:00:00 GMT+0800 (China Standard Time),28.83,29.34,28.52,29.16,123600,29.16,XLRN
Tue Oct 21 2014 00:00:00 GMT+0800 (China Standard Time),29.49,29.49,28.85,29.129999,116200,29.129999,XLRN
Wed Oct 22 2014 00:00:00 GMT+0800 (China Standard Time),29.1,29.450001,28.91,29.040001,103900,29.040001,XLRN
Thu Oct 23 2014 00:00:00 GMT+0800 (China Standard Time),29.82,32.040001,29.049999,32.029999,352000,32.029999,XLRN
Fri Oct 24 2014 00:00:00 GMT+0800 (China Standard Time),32.169998,34.75,31.75,34.240002,285300,34.240002,XLRN
Mon Oct 27 2014 00:00:00 GMT+0800 (China Standard Time),33.860001,35,33.259998,34.799999,189600,34.799999,XLRN
Tue Oct 28 2014 00:00:00 GMT+0800 (China Standard Time),34.98,36.580002,34.650002,35.830002,206700,35.830002,XLRN
Wed Oct 29 2014 00:00:00 GMT+0800 (China Standard Time),35.91,36.220001,34.709999,34.740002,186000,34.740002,XLRN
Thu Oct 30 2014 00:00:00 GMT+0800 (China Standard Time),34.709999,38.48,34.709999,38.240002,213800,38.240002,XLRN
Fri Oct 31 2014 00:00:00 GMT+0800 (China Standard Time),39.110001,40.48,36.369999,36.98,327400,36.98,XLRN
Mon Nov 03 2014 00:00:00 GMT+0800 (China Standard Time),36.970001,37.25,33,34.150002,348200,34.150002,XLRN
Tue Nov 04 2014 00:00:00 GMT+0800 (China Standard Time),34.099998,34.84,33.650002,34.540001,134000,34.540001,XLRN
Wed Nov 05 2014 00:00:00 GMT+0800 (China Standard Time),34.43,34.959999,32.959999,33.220001,126200,33.220001,XLRN
Thu Nov 06 2014 00:00:00 GMT+0800 (China Standard Time),33.119999,34.290001,32.75,34.139999,105300,34.139999,XLRN
Fri Nov 07 2014 00:00:00 GMT+0800 (China Standard Time),34.380001,34.380001,29.6,30.190001,302700,30.190001,XLRN
Mon Nov 10 2014 00:00:00 GMT+0800 (China Standard Time),30.030001,32.330002,29.82,32.259998,136100,32.259998,XLRN
Tue Nov 11 2014 00:00:00 GMT+0800 (China Standard Time),32.09,34.080002,31.01,33.720001,187900,33.720001,XLRN
Wed Nov 12 2014 00:00:00 GMT+0800 (China Standard Time),33.349998,34.169998,32.02,33.790001,252100,33.790001,XLRN
Thu Nov 13 2014 00:00:00 GMT+0800 (China Standard Time),33.700001,38.259998,33.240002,35.310001,697600,35.310001,XLRN
Fri Nov 14 2014 00:00:00 GMT+0800 (China Standard Time),35.25,35.25,32.849998,33.5,255000,33.5,XLRN
Mon Nov 17 2014 00:00:00 GMT+0800 (China Standard Time),32.509998,33.419998,31.870001,33.200001,177300,33.200001,XLRN
Tue Nov 18 2014 00:00:00 GMT+0800 (China Standard Time),33.290001,34.77,33.07,33.330002,145000,33.330002,XLRN
Wed Nov 19 2014 00:00:00 GMT+0800 (China Standard Time),33.330002,33.490002,32,32.169998,183400,32.169998,XLRN
Thu Nov 20 2014 00:00:00 GMT+0800 (China Standard Time),32.009998,35.119999,31.459999,34.279999,226300,34.279999,XLRN
Fri Nov 21 2014 00:00:00 GMT+0800 (China Standard Time),34.830002,35.470001,33.650002,34.830002,176100,34.830002,XLRN
Mon Nov 24 2014 00:00:00 GMT+0800 (China Standard Time),34.810001,36.790001,34.810001,36.25,145900,36.25,XLRN
Tue Nov 25 2014 00:00:00 GMT+0800 (China Standard Time),36.529999,36.939999,34.419998,35.950001,176200,35.950001,XLRN
Wed Nov 26 2014 00:00:00 GMT+0800 (China Standard Time),35.849998,38.799999,35.66,38.400002,201000,38.400002,XLRN
Fri Nov 28 2014 00:00:00 GMT+0800 (China Standard Time),38.200001,39.130001,38.009998,38.740002,222600,38.740002,XLRN
Mon Dec 01 2014 00:00:00 GMT+0800 (China Standard Time),38.48,38.5,34.470001,34.959999,253900,34.959999,XLRN
Tue Dec 02 2014 00:00:00 GMT+0800 (China Standard Time),35.16,37.919998,33.77,35.57,221200,35.57,XLRN
Wed Dec 03 2014 00:00:00 GMT+0800 (China Standard Time),35.540001,37.540001,35.349998,35.75,179400,35.75,XLRN
Thu Dec 04 2014 00:00:00 GMT+0800 (China Standard Time),35.560001,37.27,34.189999,37.009998,269000,37.009998,XLRN
Fri Dec 05 2014 00:00:00 GMT+0800 (China Standard Time),37.189999,38.400002,36.68,37.560001,396000,37.560001,XLRN
Mon Dec 08 2014 00:00:00 GMT+0800 (China Standard Time),38.23,48.5,38.23,42.669998,1265600,42.669998,XLRN
Tue Dec 09 2014 00:00:00 GMT+0800 (China Standard Time),40.740002,44.25,39,43.34,1146300,43.34,XLRN
Wed Dec 10 2014 00:00:00 GMT+0800 (China Standard Time),44.889999,44.900002,42.349998,43.459999,438000,43.459999,XLRN
Thu Dec 11 2014 00:00:00 GMT+0800 (China Standard Time),41.200001,42.950001,39.950001,41.48,953400,41.48,XLRN
Fri Dec 12 2014 00:00:00 GMT+0800 (China Standard Time),40.91,42.209999,40.02,41.77,503500,41.77,XLRN
Mon Dec 15 2014 00:00:00 GMT+0800 (China Standard Time),42.380001,42.380001,37.18,38,515500,38,XLRN
Tue Dec 16 2014 00:00:00 GMT+0800 (China Standard Time),38,39.150002,37.57,37.630001,346400,37.630001,XLRN
Wed Dec 17 2014 00:00:00 GMT+0800 (China Standard Time),37.779999,39.759998,37.75,39.73,227600,39.73,XLRN
Thu Dec 18 2014 00:00:00 GMT+0800 (China Standard Time),40.349998,41,39.389999,40.48,301700,40.48,XLRN
Fri Dec 19 2014 00:00:00 GMT+0800 (China Standard Time),40.419998,40.419998,37.450001,39.049999,1211500,39.049999,XLRN
Mon Dec 22 2014 00:00:00 GMT+0800 (China Standard Time),38.560001,39,37.709999,38.5,277500,38.5,XLRN
Tue Dec 23 2014 00:00:00 GMT+0800 (China Standard Time),38.549999,38.77,37.5,38,448200,38,XLRN
Wed Dec 24 2014 00:00:00 GMT+0800 (China Standard Time),37.91,39.259998,37.91,38.799999,124800,38.799999,XLRN
Fri Dec 26 2014 00:00:00 GMT+0800 (China Standard Time),39.169998,40.5,39,40.5,135000,40.5,XLRN
Mon Dec 29 2014 00:00:00 GMT+0800 (China Standard Time),40.400002,40.509998,38.450001,39,316400,39,XLRN
Tue Dec 30 2014 00:00:00 GMT+0800 (China Standard Time),38.630001,39,36.77,37.66,240700,37.66,XLRN
Wed Dec 31 2014 00:00:00 GMT+0800 (China Standard Time),37.84,39.900002,37.200001,38.959999,250900,38.959999,XLRN
Fri Jan 02 2015 00:00:00 GMT+0800 (China Standard Time),39.09,39.73,37.810001,38.259998,176100,38.259998,XLRN
Mon Jan 05 2015 00:00:00 GMT+0800 (China Standard Time),37.889999,40,37.889999,38.57,201500,38.57,XLRN
Tue Jan 06 2015 00:00:00 GMT+0800 (China Standard Time),38.650002,39.630001,37.599998,38.029999,219200,38.029999,XLRN
Wed Jan 07 2015 00:00:00 GMT+0800 (China Standard Time),38.369999,40.119999,37.91,39.790001,219600,39.790001,XLRN
Thu Jan 08 2015 00:00:00 GMT+0800 (China Standard Time),40,41.610001,39.549999,41.200001,409800,41.200001,XLRN
Fri Jan 09 2015 00:00:00 GMT+0800 (China Standard Time),42,42,40.099998,41.139999,299800,41.139999,XLRN
Mon Jan 12 2015 00:00:00 GMT+0800 (China Standard Time),41.490002,41.490002,39.669998,40.889999,258300,40.889999,XLRN
Tue Jan 13 2015 00:00:00 GMT+0800 (China Standard Time),41.41,41.5,40.060001,40.41,391100,40.41,XLRN
Wed Jan 14 2015 00:00:00 GMT+0800 (China Standard Time),39.669998,40.900002,39.110001,40.759998,213300,40.759998,XLRN
Thu Jan 15 2015 00:00:00 GMT+0800 (China Standard Time),40.73,41.209999,39.610001,40.950001,363500,40.950001,XLRN
Fri Jan 16 2015 00:00:00 GMT+0800 (China Standard Time),40.790001,42,40.450001,41.720001,336200,41.720001,XLRN
Tue Jan 20 2015 00:00:00 GMT+0800 (China Standard Time),41.82,42.639999,40.619999,41.689999,332800,41.689999,XLRN
Wed Jan 21 2015 00:00:00 GMT+0800 (China Standard Time),41.419998,41.66,38.509998,39.040001,190200,39.040001,XLRN
Thu Jan 22 2015 00:00:00 GMT+0800 (China Standard Time),39.139999,40.860001,37.790001,38.810001,185100,38.810001,XLRN
Fri Jan 23 2015 00:00:00 GMT+0800 (China Standard Time),38.880001,39.560001,38.240002,39.240002,108400,39.240002,XLRN
Mon Jan 26 2015 00:00:00 GMT+0800 (China Standard Time),39.400002,41.560001,38.900002,41.040001,285600,41.040001,XLRN
Tue Jan 27 2015 00:00:00 GMT+0800 (China Standard Time),40.540001,42.029999,40.27,40.73,173600,40.73,XLRN
Wed Jan 28 2015 00:00:00 GMT+0800 (China Standard Time),41.07,41.09,39.119999,39.41,111600,39.41,XLRN
Thu Jan 29 2015 00:00:00 GMT+0800 (China Standard Time),39.720001,40,38.16,39.310001,148900,39.310001,XLRN
Fri Jan 30 2015 00:00:00 GMT+0800 (China Standard Time),38.790001,41.310001,38.790001,39.470001,234800,39.470001,XLRN
Mon Feb 02 2015 00:00:00 GMT+0800 (China Standard Time),40.119999,40.790001,37.709999,38.610001,236900,38.610001,XLRN
Tue Feb 03 2015 00:00:00 GMT+0800 (China Standard Time),38.970001,39.110001,36.650002,37.490002,277400,37.490002,XLRN
Wed Feb 04 2015 00:00:00 GMT+0800 (China Standard Time),37.110001,38.580002,35.700001,37.310001,189700,37.310001,XLRN
Thu Feb 05 2015 00:00:00 GMT+0800 (China Standard Time),37.549999,38.25,37.009998,37.639999,278400,37.639999,XLRN
Fri Feb 06 2015 00:00:00 GMT+0800 (China Standard Time),37.740002,38.790001,36.77,37.080002,239400,37.080002,XLRN
Mon Feb 09 2015 00:00:00 GMT+0800 (China Standard Time),37.27,37.549999,36.02,36.57,198300,36.57,XLRN
Tue Feb 10 2015 00:00:00 GMT+0800 (China Standard Time),36.939999,37.849998,36.470001,37.669998,226400,37.669998,XLRN
Wed Feb 11 2015 00:00:00 GMT+0800 (China Standard Time),37.720001,39.5,37.720001,39.200001,167500,39.200001,XLRN
Thu Feb 12 2015 00:00:00 GMT+0800 (China Standard Time),39,39,37.139999,37.950001,232400,37.950001,XLRN
Fri Feb 13 2015 00:00:00 GMT+0800 (China Standard Time),38.150002,38.23,37.049999,38.02,83300,38.02,XLRN
Tue Feb 17 2015 00:00:00 GMT+0800 (China Standard Time),38.169998,38.52,37.830002,38.48,192300,38.48,XLRN
Wed Feb 18 2015 00:00:00 GMT+0800 (China Standard Time),38.32,38.630001,37.23,38.5,122900,38.5,XLRN
Thu Feb 19 2015 00:00:00 GMT+0800 (China Standard Time),38.5,40.990002,38.5,40.52,265600,40.52,XLRN
Fri Feb 20 2015 00:00:00 GMT+0800 (China Standard Time),40.610001,40.610001,39.16,39.98,203200,39.98,XLRN
Mon Feb 23 2015 00:00:00 GMT+0800 (China Standard Time),39.900002,41.610001,39.669998,40.48,152600,40.48,XLRN
Tue Feb 24 2015 00:00:00 GMT+0800 (China Standard Time),40.650002,41.139999,38.619999,39.509998,113600,39.509998,XLRN
Wed Feb 25 2015 00:00:00 GMT+0800 (China Standard Time),39.330002,41.18,39.16,40.650002,132800,40.650002,XLRN
Thu Feb 26 2015 00:00:00 GMT+0800 (China Standard Time),40.52,41.110001,39.330002,41,163500,41,XLRN
Fri Feb 27 2015 00:00:00 GMT+0800 (China Standard Time),40.82,41.299999,39.91,40.630001,186700,40.630001,XLRN
Mon Mar 02 2015 00:00:00 GMT+0800 (China Standard Time),39.689999,40.790001,36.310001,39.889999,374600,39.889999,XLRN
Tue Mar 03 2015 00:00:00 GMT+0800 (China Standard Time),39.619999,41.279999,39.619999,41.169998,126900,41.169998,XLRN
Wed Mar 04 2015 00:00:00 GMT+0800 (China Standard Time),40.919998,42.16,39.790001,41.009998,211000,41.009998,XLRN
Thu Mar 05 2015 00:00:00 GMT+0800 (China Standard Time),41.27,42.220001,41.09,41.34,373800,41.34,XLRN
Fri Mar 06 2015 00:00:00 GMT+0800 (China Standard Time),41.040001,41.779999,39.700001,40.549999,230000,40.549999,XLRN
Mon Mar 09 2015 00:00:00 GMT+0800 (China Standard Time),40.470001,41.049999,39.650002,41.040001,335100,41.040001,XLRN
Tue Mar 10 2015 00:00:00 GMT+0800 (China Standard Time),40.509998,41.93,39.889999,40.98,187700,40.98,XLRN
Wed Mar 11 2015 00:00:00 GMT+0800 (China Standard Time),41,41.740002,40.779999,41.02,197200,41.02,XLRN
Thu Mar 12 2015 00:00:00 GMT+0800 (China Standard Time),41.330002,42.639999,40.849998,42.060001,242400,42.060001,XLRN
Fri Mar 13 2015 00:00:00 GMT+0800 (China Standard Time),42.099998,42.810001,40.790001,41.200001,258200,41.200001,XLRN
Mon Mar 16 2015 00:00:00 GMT+0800 (China Standard Time),41.310001,41.75,40.18,41.049999,225300,41.049999,XLRN
Tue Mar 17 2015 00:00:00 GMT+0800 (China Standard Time),40.82,41.700001,40.75,41.52,209600,41.52,XLRN
Wed Mar 18 2015 00:00:00 GMT+0800 (China Standard Time),41.209999,41.82,40.5,41.32,220500,41.32,XLRN
Thu Mar 19 2015 00:00:00 GMT+0800 (China Standard Time),41.450001,42.779999,41.310001,42.439999,128000,42.439999,XLRN
Fri Mar 20 2015 00:00:00 GMT+0800 (China Standard Time),42.560001,43,40.880001,41.82,308900,41.82,XLRN
Mon Mar 23 2015 00:00:00 GMT+0800 (China Standard Time),41.639999,42.130001,40.610001,41.150002,148500,41.150002,XLRN
Tue Mar 24 2015 00:00:00 GMT+0800 (China Standard Time),41.290001,42.099998,40.849998,41.75,318600,41.75,XLRN
Wed Mar 25 2015 00:00:00 GMT+0800 (China Standard Time),41.869999,41.869999,36.68,36.779999,361000,36.779999,XLRN
Thu Mar 26 2015 00:00:00 GMT+0800 (China Standard Time),36.509998,37.139999,35.110001,36.16,381700,36.16,XLRN
Fri Mar 27 2015 00:00:00 GMT+0800 (China Standard Time),36.130001,37.990002,36.130001,37.549999,162300,37.549999,XLRN
Mon Mar 30 2015 00:00:00 GMT+0800 (China Standard Time),37.82,38.540001,37.130001,38.139999,133000,38.139999,XLRN
Tue Mar 31 2015 00:00:00 GMT+0800 (China Standard Time),37.889999,39.41,37.889999,38.060001,218100,38.060001,XLRN
Wed Apr 01 2015 00:00:00 GMT+0800 (China Standard Time),37.900002,37.900002,35.669998,37.34,303500,37.34,XLRN
Thu Apr 02 2015 00:00:00 GMT+0800 (China Standard Time),37.75,37.75,34.52,34.580002,518000,34.580002,XLRN
Mon Apr 06 2015 00:00:00 GMT+0800 (China Standard Time),34.25,34.950001,33.549999,34.139999,318500,34.139999,XLRN
Tue Apr 07 2015 00:00:00 GMT+0800 (China Standard Time),33.900002,35.689999,33.900002,34.32,207600,34.32,XLRN
Wed Apr 08 2015 00:00:00 GMT+0800 (China Standard Time),34.169998,35.970001,34.169998,35.16,178400,35.16,XLRN
Thu Apr 09 2015 00:00:00 GMT+0800 (China Standard Time),35.279999,35.529999,33.689999,34.080002,234200,34.080002,XLRN
Fri Apr 10 2015 00:00:00 GMT+0800 (China Standard Time),34.32,34.700001,33.68,34.23,147000,34.23,XLRN
Mon Apr 13 2015 00:00:00 GMT+0800 (China Standard Time),34,34.91,33.700001,34,217200,34,XLRN
Tue Apr 14 2015 00:00:00 GMT+0800 (China Standard Time),34,34.43,33.52,34,89000,34,XLRN
Wed Apr 15 2015 00:00:00 GMT+0800 (China Standard Time),34.23,34.23,33.110001,33.880001,104300,33.880001,XLRN
Thu Apr 16 2015 00:00:00 GMT+0800 (China Standard Time),33.919998,34.25,33.639999,34.150002,95800,34.150002,XLRN
Fri Apr 17 2015 00:00:00 GMT+0800 (China Standard Time),33.950001,34.25,33.18,33.759998,165000,33.759998,XLRN
Mon Apr 20 2015 00:00:00 GMT+0800 (China Standard Time),33.799999,33.950001,33.02,33.599998,112900,33.599998,XLRN
Tue Apr 21 2015 00:00:00 GMT+0800 (China Standard Time),33.830002,34.459999,33.529999,33.689999,121700,33.689999,XLRN
Wed Apr 22 2015 00:00:00 GMT+0800 (China Standard Time),33.700001,34.419998,32.990002,33.669998,185200,33.669998,XLRN
Thu Apr 23 2015 00:00:00 GMT+0800 (China Standard Time),33.5,34.689999,33.450001,34.240002,94600,34.240002,XLRN
Fri Apr 24 2015 00:00:00 GMT+0800 (China Standard Time),34.209999,34.75,33.220001,33.290001,85000,33.290001,XLRN
Mon Apr 27 2015 00:00:00 GMT+0800 (China Standard Time),33.360001,33.869999,31.440001,31.709999,234500,31.709999,XLRN
Tue Apr 28 2015 00:00:00 GMT+0800 (China Standard Time),31.860001,32,29.91,30.99,256200,30.99,XLRN
Wed Apr 29 2015 00:00:00 GMT+0800 (China Standard Time),30.780001,31.799999,29.65,30.02,216400,30.02,XLRN
Thu Apr 30 2015 00:00:00 GMT+0800 (China Standard Time),29.790001,30.74,27.219999,27.65,345800,27.65,XLRN
Fri May 01 2015 00:00:00 GMT+0800 (China Standard Time),27.65,29.16,26.940001,28.74,372800,28.74,XLRN
Mon May 04 2015 00:00:00 GMT+0800 (China Standard Time),28.969999,30.379999,28.93,29.219999,213400,29.219999,XLRN
Tue May 05 2015 00:00:00 GMT+0800 (China Standard Time),29.049999,29.049999,27.049999,27.120001,278100,27.120001,XLRN
Wed May 06 2015 00:00:00 GMT+0800 (China Standard Time),27.4,28.639999,27.120001,28.42,304900,28.42,XLRN
Thu May 07 2015 00:00:00 GMT+0800 (China Standard Time),28.690001,30.26,28.690001,29.5,306900,29.5,XLRN
Fri May 08 2015 00:00:00 GMT+0800 (China Standard Time),30,31.35,29.290001,31.25,288000,31.25,XLRN
Mon May 11 2015 00:00:00 GMT+0800 (China Standard Time),31.43,32.5,31.200001,31.860001,252400,31.860001,XLRN
Tue May 12 2015 00:00:00 GMT+0800 (China Standard Time),31.889999,32.349998,31.1,32.049999,190100,32.049999,XLRN
Wed May 13 2015 00:00:00 GMT+0800 (China Standard Time),32.049999,32.220001,31.67,31.9,189900,31.9,XLRN
Thu May 14 2015 00:00:00 GMT+0800 (China Standard Time),31.01,32.400002,30.4,31.860001,313200,31.860001,XLRN
Fri May 15 2015 00:00:00 GMT+0800 (China Standard Time),31.879999,31.940001,30.530001,31.84,154900,31.84,XLRN
Mon May 18 2015 00:00:00 GMT+0800 (China Standard Time),31.790001,32.759998,31.25,32.68,178400,32.68,XLRN
Tue May 19 2015 00:00:00 GMT+0800 (China Standard Time),32.799999,33.459999,32.389999,32.860001,130000,32.860001,XLRN
Wed May 20 2015 00:00:00 GMT+0800 (China Standard Time),32.779999,33.400002,32.02,33.09,112300,33.09,XLRN
Thu May 21 2015 00:00:00 GMT+0800 (China Standard Time),33.040001,33.650002,32.509998,33.029999,133100,33.029999,XLRN
Fri May 22 2015 00:00:00 GMT+0800 (China Standard Time),33.169998,33.330002,32.439999,32.919998,104800,32.919998,XLRN
Tue May 26 2015 00:00:00 GMT+0800 (China Standard Time),32.689999,33.57,32.32,33.389999,128800,33.389999,XLRN
Wed May 27 2015 00:00:00 GMT+0800 (China Standard Time),33.630001,35,33.099998,34.619999,188900,34.619999,XLRN
Thu May 28 2015 00:00:00 GMT+0800 (China Standard Time),34.400002,34.709999,32.849998,33.25,134900,33.25,XLRN
Fri May 29 2015 00:00:00 GMT+0800 (China Standard Time),33.330002,33.889999,32.610001,33.73,249500,33.73,XLRN
Mon Jun 01 2015 00:00:00 GMT+0800 (China Standard Time),34.009998,34.049999,32.02,32.060001,168100,32.060001,XLRN
Tue Jun 02 2015 00:00:00 GMT+0800 (China Standard Time),32,32.799999,31.120001,32.419998,230100,32.419998,XLRN
Wed Jun 03 2015 00:00:00 GMT+0800 (China Standard Time),32.459999,33.040001,31.92,32.220001,136200,32.220001,XLRN
Thu Jun 04 2015 00:00:00 GMT+0800 (China Standard Time),31.790001,32.349998,31.370001,31.82,130200,31.82,XLRN
Fri Jun 05 2015 00:00:00 GMT+0800 (China Standard Time),31.85,32.639999,31.26,32.470001,77900,32.470001,XLRN
Mon Jun 08 2015 00:00:00 GMT+0800 (China Standard Time),32.380001,33.009998,31.870001,32.66,143900,32.66,XLRN
Tue Jun 09 2015 00:00:00 GMT+0800 (China Standard Time),32.240002,32.369999,30.76,31.030001,209100,31.030001,XLRN
Wed Jun 10 2015 00:00:00 GMT+0800 (China Standard Time),30.190001,31.440001,30.139999,31.41,205400,31.41,XLRN
Thu Jun 11 2015 00:00:00 GMT+0800 (China Standard Time),31.559999,32.099998,31.43,31.799999,107300,31.799999,XLRN
Fri Jun 12 2015 00:00:00 GMT+0800 (China Standard Time),31.77,32.209999,31.25,31.6,128600,31.6,XLRN
Mon Jun 15 2015 00:00:00 GMT+0800 (China Standard Time),31.700001,32.220001,30.76,31.040001,205200,31.040001,XLRN
Tue Jun 16 2015 00:00:00 GMT+0800 (China Standard Time),30.870001,31.370001,30.610001,30.77,193100,30.77,XLRN
Wed Jun 17 2015 00:00:00 GMT+0800 (China Standard Time),30.959999,31.280001,30.52,30.959999,135000,30.959999,XLRN
Thu Jun 18 2015 00:00:00 GMT+0800 (China Standard Time),31.07,31.879999,30.85,31.66,243500,31.66,XLRN
Fri Jun 19 2015 00:00:00 GMT+0800 (China Standard Time),31.75,31.93,31.059999,31.129999,253500,31.129999,XLRN
Mon Jun 22 2015 00:00:00 GMT+0800 (China Standard Time),31.5,32.23,30.790001,32.130001,182900,32.130001,XLRN
Tue Jun 23 2015 00:00:00 GMT+0800 (China Standard Time),32.02,32.709999,31.84,32.419998,142600,32.419998,XLRN
Wed Jun 24 2015 00:00:00 GMT+0800 (China Standard Time),32.389999,32.720001,31.74,31.98,148300,31.98,XLRN
Thu Jun 25 2015 00:00:00 GMT+0800 (China Standard Time),32.139999,32.139999,31.07,31.51,92100,31.51,XLRN
Fri Jun 26 2015 00:00:00 GMT+0800 (China Standard Time),31.67,32.73,31.200001,32,749100,32,XLRN
Mon Jun 29 2015 00:00:00 GMT+0800 (China Standard Time),31.74,32.009998,30.459999,30.52,123500,30.52,XLRN
Tue Jun 30 2015 00:00:00 GMT+0800 (China Standard Time),30.65,31.76,30.4,31.639999,129000,31.639999,XLRN
Wed Jul 01 2015 00:00:00 GMT+0800 (China Standard Time),32,32.139999,29.700001,30.02,209500,30.02,XLRN
Thu Jul 02 2015 00:00:00 GMT+0800 (China Standard Time),30.15,30.860001,29.51,29.790001,112300,29.790001,XLRN
Mon Jul 06 2015 00:00:00 GMT+0800 (China Standard Time),29.52,30.709999,29.360001,30.42,92200,30.42,XLRN
Tue Jul 07 2015 00:00:00 GMT+0800 (China Standard Time),30.41,30.709999,29.1,29.809999,122100,29.809999,XLRN
Wed Jul 08 2015 00:00:00 GMT+0800 (China Standard Time),29.49,30.209999,28.59,28.700001,214900,28.700001,XLRN
Thu Jul 09 2015 00:00:00 GMT+0800 (China Standard Time),29.23,30.08,28.799999,29.83,145400,29.83,XLRN
Fri Jul 10 2015 00:00:00 GMT+0800 (China Standard Time),30.4,30.51,29.629999,30.030001,115900,30.030001,XLRN
Mon Jul 13 2015 00:00:00 GMT+0800 (China Standard Time),30.26,30.950001,29.530001,30.1,137900,30.1,XLRN
Tue Jul 14 2015 00:00:00 GMT+0800 (China Standard Time),30,31.709999,29.860001,31.67,149600,31.67,XLRN
Wed Jul 15 2015 00:00:00 GMT+0800 (China Standard Time),31.379999,32.709999,30.959999,32.310001,160600,32.310001,XLRN
Thu Jul 16 2015 00:00:00 GMT+0800 (China Standard Time),32.630001,32.900002,32.080002,32.439999,84300,32.439999,XLRN
Fri Jul 17 2015 00:00:00 GMT+0800 (China Standard Time),32.540001,32.939999,32.099998,32.77,94000,32.77,XLRN
Mon Jul 20 2015 00:00:00 GMT+0800 (China Standard Time),33.220001,33.220001,31.639999,32.580002,125100,32.580002,XLRN
Tue Jul 21 2015 00:00:00 GMT+0800 (China Standard Time),32.650002,32.650002,30.68,30.790001,166900,30.790001,XLRN
Wed Jul 22 2015 00:00:00 GMT+0800 (China Standard Time),30.440001,32.889999,30.25,32.18,145800,32.18,XLRN
Thu Jul 23 2015 00:00:00 GMT+0800 (China Standard Time),32.16,33.09,31.4,31.5,88700,31.5,XLRN
Fri Jul 24 2015 00:00:00 GMT+0800 (China Standard Time),31.33,31.59,29.629999,29.82,114600,29.82,XLRN
Mon Jul 27 2015 00:00:00 GMT+0800 (China Standard Time),29.459999,29.559999,28.059999,28.5,232600,28.5,XLRN
Tue Jul 28 2015 00:00:00 GMT+0800 (China Standard Time),28.77,29.610001,27.76,28.889999,118900,28.889999,XLRN
Wed Jul 29 2015 00:00:00 GMT+0800 (China Standard Time),28.969999,29.120001,27.9,28.15,192500,28.15,XLRN
Thu Jul 30 2015 00:00:00 GMT+0800 (China Standard Time),27.92,28.67,27.120001,28.1,157400,28.1,XLRN
Fri Jul 31 2015 00:00:00 GMT+0800 (China Standard Time),28.139999,28.9,28.02,28.639999,217900,28.639999,XLRN
Mon Aug 03 2015 00:00:00 GMT+0800 (China Standard Time),28.58,29.450001,28.360001,28.93,86000,28.93,XLRN
Tue Aug 04 2015 00:00:00 GMT+0800 (China Standard Time),29.059999,29.469999,28.52,29.01,65200,29.01,XLRN
Wed Aug 05 2015 00:00:00 GMT+0800 (China Standard Time),29.33,29.459999,28.719999,28.860001,74100,28.860001,XLRN
Thu Aug 06 2015 00:00:00 GMT+0800 (China Standard Time),29.610001,31.58,27.25,27.74,146500,27.74,XLRN
Fri Aug 07 2015 00:00:00 GMT+0800 (China Standard Time),27.610001,28.25,27.02,28.139999,212800,28.139999,XLRN
Mon Aug 10 2015 00:00:00 GMT+0800 (China Standard Time),28.610001,29.35,28.08,28.610001,153000,28.610001,XLRN
Tue Aug 11 2015 00:00:00 GMT+0800 (China Standard Time),28.299999,28.9,27.74,28.440001,161500,28.440001,XLRN
Wed Aug 12 2015 00:00:00 GMT+0800 (China Standard Time),27.77,28.889999,27.049999,28.690001,85900,28.690001,XLRN
Thu Aug 13 2015 00:00:00 GMT+0800 (China Standard Time),29.450001,33.48,29.049999,32.490002,422400,32.490002,XLRN
Fri Aug 14 2015 00:00:00 GMT+0800 (China Standard Time),32.279999,32.610001,29.76,31.280001,350900,31.280001,XLRN
Mon Aug 17 2015 00:00:00 GMT+0800 (China Standard Time),31.280001,33.290001,29.969999,32.349998,250100,32.349998,XLRN
Tue Aug 18 2015 00:00:00 GMT+0800 (China Standard Time),31.950001,32.259998,30.370001,30.719999,208700,30.719999,XLRN
Wed Aug 19 2015 00:00:00 GMT+0800 (China Standard Time),30.450001,31.6,30.02,30.92,172900,30.92,XLRN
Thu Aug 20 2015 00:00:00 GMT+0800 (China Standard Time),30.57,31.82,28.33,28.5,165400,28.5,XLRN
Fri Aug 21 2015 00:00:00 GMT+0800 (China Standard Time),27.620001,29.15,26.709999,28.360001,187100,28.360001,XLRN
Mon Aug 24 2015 00:00:00 GMT+0800 (China Standard Time),21.9,28.57,20,27.190001,417500,27.190001,XLRN
Tue Aug 25 2015 00:00:00 GMT+0800 (China Standard Time),27.309999,28.860001,26.92,27,192300,27,XLRN
Wed Aug 26 2015 00:00:00 GMT+0800 (China Standard Time),27.700001,29.07,27,28.25,296000,28.25,XLRN
Thu Aug 27 2015 00:00:00 GMT+0800 (China Standard Time),28.549999,29.34,27.540001,28.549999,197400,28.549999,XLRN
Fri Aug 28 2015 00:00:00 GMT+0800 (China Standard Time),28.469999,29.75,27.950001,29.709999,136100,29.709999,XLRN
Mon Aug 31 2015 00:00:00 GMT+0800 (China Standard Time),29.65,30.219999,28.559999,28.98,171400,28.98,XLRN
Tue Sep 01 2015 00:00:00 GMT+0800 (China Standard Time),28.290001,29.25,28.09,28.299999,151500,28.299999,XLRN
Wed Sep 02 2015 00:00:00 GMT+0800 (China Standard Time),28.690001,29.549999,28.16,29.450001,117900,29.450001,XLRN
Thu Sep 03 2015 00:00:00 GMT+0800 (China Standard Time),29.450001,29.790001,27.9,28.08,192500,28.08,XLRN
Fri Sep 04 2015 00:00:00 GMT+0800 (China Standard Time),27.709999,29.17,27.440001,28.92,134400,28.92,XLRN
Tue Sep 08 2015 00:00:00 GMT+0800 (China Standard Time),29.530001,31.34,28.73,31.299999,269800,31.299999,XLRN
Wed Sep 09 2015 00:00:00 GMT+0800 (China Standard Time),31.49,32.419998,30.799999,31.09,152000,31.09,XLRN
Thu Sep 10 2015 00:00:00 GMT+0800 (China Standard Time),30.93,32.240002,30.82,32.18,215600,32.18,XLRN
Fri Sep 11 2015 00:00:00 GMT+0800 (China Standard Time),32.099998,33.919998,31.9,33.619999,269600,33.619999,XLRN
Mon Sep 14 2015 00:00:00 GMT+0800 (China Standard Time),33.849998,34.73,32.259998,34.130001,227300,34.130001,XLRN
Tue Sep 15 2015 00:00:00 GMT+0800 (China Standard Time),34.150002,35.59,33.349998,35.099998,338800,35.099998,XLRN
Wed Sep 16 2015 00:00:00 GMT+0800 (China Standard Time),34.959999,35.240002,31.700001,32.48,301200,32.48,XLRN
Thu Sep 17 2015 00:00:00 GMT+0800 (China Standard Time),32.549999,35.169998,31.52,34.98,341300,34.98,XLRN
Fri Sep 18 2015 00:00:00 GMT+0800 (China Standard Time),34.349998,36,33.919998,35.880001,910700,35.880001,XLRN
Mon Sep 21 2015 00:00:00 GMT+0800 (China Standard Time),36.310001,36.310001,32.970001,33.57,284800,33.57,XLRN
Tue Sep 22 2015 00:00:00 GMT+0800 (China Standard Time),33.23,33.560001,31.02,32.450001,184000,32.450001,XLRN
Wed Sep 23 2015 00:00:00 GMT+0800 (China Standard Time),32.75,32.75,30.860001,30.93,190500,30.93,XLRN
Thu Sep 24 2015 00:00:00 GMT+0800 (China Standard Time),30.870001,31.139999,28.27,29.33,353800,29.33,XLRN
Fri Sep 25 2015 00:00:00 GMT+0800 (China Standard Time),29.76,29.76,26.85,27.309999,296000,27.309999,XLRN
Mon Sep 28 2015 00:00:00 GMT+0800 (China Standard Time),27.32,27.35,24.26,25.59,354200,25.59,XLRN
Tue Sep 29 2015 00:00:00 GMT+0800 (China Standard Time),25.530001,26.5,23.74,24.190001,350600,24.190001,XLRN
Wed Sep 30 2015 00:00:00 GMT+0800 (China Standard Time),24.82,25.5,24.02,24.9,377000,24.9,XLRN
Thu Oct 01 2015 00:00:00 GMT+0800 (China Standard Time),25,25.26,22.799999,24.209999,243200,24.209999,XLRN
Fri Oct 02 2015 00:00:00 GMT+0800 (China Standard Time),23.98,25,23.209999,24.67,385200,24.67,XLRN
Mon Oct 05 2015 00:00:00 GMT+0800 (China Standard Time),24.809999,25.26,23.35,24.57,280200,24.57,XLRN
Tue Oct 06 2015 00:00:00 GMT+0800 (China Standard Time),24.530001,24.76,22.4,24.200001,322300,24.200001,XLRN
Wed Oct 07 2015 00:00:00 GMT+0800 (China Standard Time),24.34,25.18,23.33,24.5,315700,24.5,XLRN
Thu Oct 08 2015 00:00:00 GMT+0800 (China Standard Time),24.24,24.639999,23.41,24.26,221000,24.26,XLRN
Fri Oct 09 2015 00:00:00 GMT+0800 (China Standard Time),24.379999,24.85,23.4,24.08,173800,24.08,XLRN
Mon Oct 12 2015 00:00:00 GMT+0800 (China Standard Time),24.190001,24.27,23.15,23.6,116800,23.6,XLRN
Tue Oct 13 2015 00:00:00 GMT+0800 (China Standard Time),23.5,24,21.99,22.049999,167800,22.049999,XLRN
Wed Oct 14 2015 00:00:00 GMT+0800 (China Standard Time),22.190001,23.1,21.93,22.18,136900,22.18,XLRN
Thu Oct 15 2015 00:00:00 GMT+0800 (China Standard Time),22.15,24.370001,22.15,24.27,275300,24.27,XLRN
Fri Oct 16 2015 00:00:00 GMT+0800 (China Standard Time),24.370001,24.809999,23.57,24.4,145600,24.4,XLRN
Mon Oct 19 2015 00:00:00 GMT+0800 (China Standard Time),24.43,25.49,24.17,25.27,218800,25.27,XLRN
Tue Oct 20 2015 00:00:00 GMT+0800 (China Standard Time),25.33,25.41,24.209999,24.870001,125600,24.870001,XLRN
Wed Oct 21 2015 00:00:00 GMT+0800 (China Standard Time),25.15,25.59,23.950001,25.15,188900,25.15,XLRN
Thu Oct 22 2015 00:00:00 GMT+0800 (China Standard Time),25.049999,25.93,24.35,25.309999,108300,25.309999,XLRN
Fri Oct 23 2015 00:00:00 GMT+0800 (China Standard Time),25.809999,26.34,25.51,26.17,143500,26.17,XLRN
Mon Oct 26 2015 00:00:00 GMT+0800 (China Standard Time),26.370001,27.48,25.74,26.23,199200,26.23,XLRN
Tue Oct 27 2015 00:00:00 GMT+0800 (China Standard Time),26.280001,27.49,26.280001,27.25,266200,27.25,XLRN
Wed Oct 28 2015 00:00:00 GMT+0800 (China Standard Time),27.32,29.93,26.82,29.889999,299800,29.889999,XLRN
Thu Oct 29 2015 00:00:00 GMT+0800 (China Standard Time),29.93,31.9,29.450001,30.629999,353800,30.629999,XLRN
Fri Oct 30 2015 00:00:00 GMT+0800 (China Standard Time),30.5,31.83,30.5,31.209999,300800,31.209999,XLRN
Mon Nov 02 2015 00:00:00 GMT+0800 (China Standard Time),31.280001,33.41,31.280001,33.049999,360800,33.049999,XLRN
Tue Nov 03 2015 00:00:00 GMT+0800 (China Standard Time),32.700001,33.880001,32.279999,33.07,160300,33.07,XLRN
Wed Nov 04 2015 00:00:00 GMT+0800 (China Standard Time),33.029999,34.25,32.709999,34.220001,365200,34.220001,XLRN
Thu Nov 05 2015 00:00:00 GMT+0800 (China Standard Time),34.75,38.240002,34.560001,37.73,642900,37.73,XLRN
Fri Nov 06 2015 00:00:00 GMT+0800 (China Standard Time),37.68,39.610001,37.07,39.490002,331100,39.490002,XLRN
Mon Nov 09 2015 00:00:00 GMT+0800 (China Standard Time),39.009998,39.669998,38.040001,38.639999,252000,38.639999,XLRN
Tue Nov 10 2015 00:00:00 GMT+0800 (China Standard Time),38.709999,38.709999,36.740002,37.080002,239800,37.080002,XLRN
Wed Nov 11 2015 00:00:00 GMT+0800 (China Standard Time),37.490002,37.5,36.119999,36.450001,155300,36.450001,XLRN
Thu Nov 12 2015 00:00:00 GMT+0800 (China Standard Time),36.139999,37.130001,35.439999,35.560001,102700,35.560001,XLRN
Fri Nov 13 2015 00:00:00 GMT+0800 (China Standard Time),35.349998,36.759998,34.779999,35.470001,138800,35.470001,XLRN
Mon Nov 16 2015 00:00:00 GMT+0800 (China Standard Time),35.220001,35.84,33.959999,35.580002,227800,35.580002,XLRN
Tue Nov 17 2015 00:00:00 GMT+0800 (China Standard Time),35.939999,36.490002,35.009998,35.790001,129900,35.790001,XLRN
Wed Nov 18 2015 00:00:00 GMT+0800 (China Standard Time),35.82,37.150002,35.509998,36.970001,118800,36.970001,XLRN
Thu Nov 19 2015 00:00:00 GMT+0800 (China Standard Time),37.099998,37.099998,35.57,35.990002,108700,35.990002,XLRN
Fri Nov 20 2015 00:00:00 GMT+0800 (China Standard Time),36.900002,39.220001,36.900002,39.080002,294100,39.080002,XLRN
Mon Nov 23 2015 00:00:00 GMT+0800 (China Standard Time),39,41.73,38.720001,40.75,322200,40.75,XLRN
Tue Nov 24 2015 00:00:00 GMT+0800 (China Standard Time),39.91,41.560001,39.91,41.279999,274200,41.279999,XLRN
Wed Nov 25 2015 00:00:00 GMT+0800 (China Standard Time),41.549999,43.18,41.43,42.279999,153800,42.279999,XLRN
Fri Nov 27 2015 00:00:00 GMT+0800 (China Standard Time),42.380001,42.84,42.139999,42.669998,129300,42.669998,XLRN
Mon Nov 30 2015 00:00:00 GMT+0800 (China Standard Time),42.919998,43.18,41.740002,42.869999,298900,42.869999,XLRN
Tue Dec 01 2015 00:00:00 GMT+0800 (China Standard Time),42.950001,43.970001,42.02,43.630001,274000,43.630001,XLRN
Wed Dec 02 2015 00:00:00 GMT+0800 (China Standard Time),43.209999,45.200001,43.209999,43.459999,182100,43.459999,XLRN
Thu Dec 03 2015 00:00:00 GMT+0800 (China Standard Time),43.57,43.869999,41.16,42.419998,152400,42.419998,XLRN
Fri Dec 04 2015 00:00:00 GMT+0800 (China Standard Time),42.52,43.400002,40.790001,42.900002,181000,42.900002,XLRN
Mon Dec 07 2015 00:00:00 GMT+0800 (China Standard Time),44.560001,44.560001,41.299999,42.880001,191000,42.880001,XLRN
Tue Dec 08 2015 00:00:00 GMT+0800 (China Standard Time),42.240002,43,40.849998,41.700001,250300,41.700001,XLRN
Wed Dec 09 2015 00:00:00 GMT+0800 (China Standard Time),41.34,42.5,41.040001,42.349998,209400,42.349998,XLRN
Thu Dec 10 2015 00:00:00 GMT+0800 (China Standard Time),42.619999,42.689999,41.549999,42.139999,171100,42.139999,XLRN
Fri Dec 11 2015 00:00:00 GMT+0800 (China Standard Time),41.27,42.549999,41.27,42.049999,210000,42.049999,XLRN
Mon Dec 14 2015 00:00:00 GMT+0800 (China Standard Time),41.619999,42.869999,40.970001,42.529999,206100,42.529999,XLRN
Tue Dec 15 2015 00:00:00 GMT+0800 (China Standard Time),43,44,42,43.580002,436200,43.580002,XLRN
Wed Dec 16 2015 00:00:00 GMT+0800 (China Standard Time),44.490002,45.310001,42.849998,44.130001,355500,44.130001,XLRN
Thu Dec 17 2015 00:00:00 GMT+0800 (China Standard Time),44.84,44.84,43.200001,43.91,185100,43.91,XLRN
Fri Dec 18 2015 00:00:00 GMT+0800 (China Standard Time),44,45.599998,44,44.5,829000,44.5,XLRN
Mon Dec 21 2015 00:00:00 GMT+0800 (China Standard Time),45.209999,48.450001,44.509998,47.93,342700,47.93,XLRN
Tue Dec 22 2015 00:00:00 GMT+0800 (China Standard Time),48.09,48.860001,46.5,47.07,303700,47.07,XLRN
Wed Dec 23 2015 00:00:00 GMT+0800 (China Standard Time),47.639999,48.669998,47.130001,48.27,156700,48.27,XLRN
Thu Dec 24 2015 00:00:00 GMT+0800 (China Standard Time),48.310001,49.439999,48.07,48.75,148700,48.75,XLRN
Mon Dec 28 2015 00:00:00 GMT+0800 (China Standard Time),48.080002,48.439999,46.209999,47.290001,255800,47.290001,XLRN
Tue Dec 29 2015 00:00:00 GMT+0800 (China Standard Time),47.860001,50.490002,47.57,50.040001,245500,50.040001,XLRN
Wed Dec 30 2015 00:00:00 GMT+0800 (China Standard Time),50.189999,50.860001,48.880001,49.57,144300,49.57,XLRN
Thu Dec 31 2015 00:00:00 GMT+0800 (China Standard Time),49,49.689999,48.490002,48.759998,220300,48.759998,XLRN
Mon Jan 04 2016 00:00:00 GMT+0800 (China Standard Time),47.869999,48.049999,44.41,44.860001,273600,44.860001,XLRN
Tue Jan 05 2016 00:00:00 GMT+0800 (China Standard Time),43.599998,45.419998,39.599998,40.220001,1008500,40.220001,XLRN
Wed Jan 06 2016 00:00:00 GMT+0800 (China Standard Time),40,40.09,35.450001,37.099998,3438900,37.099998,XLRN
Thu Jan 07 2016 00:00:00 GMT+0800 (China Standard Time),36.400002,36.700001,34.869999,35.009998,1056400,35.009998,XLRN
Fri Jan 08 2016 00:00:00 GMT+0800 (China Standard Time),35.599998,36.07,33.650002,34.43,614200,34.43,XLRN
Mon Jan 11 2016 00:00:00 GMT+0800 (China Standard Time),34.310001,34.689999,32.52,33.950001,616600,33.950001,XLRN
Tue Jan 12 2016 00:00:00 GMT+0800 (China Standard Time),34.560001,35.25,33.330002,35.080002,438100,35.080002,XLRN
Wed Jan 13 2016 00:00:00 GMT+0800 (China Standard Time),35.02,35.470001,32.830002,33.259998,583800,33.259998,XLRN
Thu Jan 14 2016 00:00:00 GMT+0800 (China Standard Time),33.599998,35.16,32.040001,34.93,626900,34.93,XLRN
Fri Jan 15 2016 00:00:00 GMT+0800 (China Standard Time),32.759998,34.75,32.18,33.689999,518100,33.689999,XLRN
Tue Jan 19 2016 00:00:00 GMT+0800 (China Standard Time),34.310001,34.310001,32.060001,32.490002,506500,32.490002,XLRN
Wed Jan 20 2016 00:00:00 GMT+0800 (China Standard Time),31.91,35.049999,30.139999,34.16,503100,34.16,XLRN
Thu Jan 21 2016 00:00:00 GMT+0800 (China Standard Time),35.049999,36.759998,33.669998,33.970001,588000,33.970001,XLRN
Fri Jan 22 2016 00:00:00 GMT+0800 (China Standard Time),34.43,36.630001,34.049999,36.310001,435700,36.310001,XLRN
Mon Jan 25 2016 00:00:00 GMT+0800 (China Standard Time),35.41,37,34.779999,35.639999,499500,35.639999,XLRN
Tue Jan 26 2016 00:00:00 GMT+0800 (China Standard Time),36.169998,36.169998,32.23,33.59,678400,33.59,XLRN
Wed Jan 27 2016 00:00:00 GMT+0800 (China Standard Time),33.720001,34.830002,32.080002,32.25,452700,32.25,XLRN
Thu Jan 28 2016 00:00:00 GMT+0800 (China Standard Time),32.279999,34.990002,29.52,30.709999,586500,30.709999,XLRN
Fri Jan 29 2016 00:00:00 GMT+0800 (China Standard Time),30.709999,34.200001,30.209999,30.700001,926600,30.700001,XLRN
Mon Feb 01 2016 00:00:00 GMT+0800 (China Standard Time),30.84,33.889999,29.110001,30.77,571200,30.77,XLRN
Tue Feb 02 2016 00:00:00 GMT+0800 (China Standard Time),30.24,30.24,27.67,28.82,716800,28.82,XLRN
Wed Feb 03 2016 00:00:00 GMT+0800 (China Standard Time),29.280001,30.190001,26.52,28.450001,829300,28.450001,XLRN
Thu Feb 04 2016 00:00:00 GMT+0800 (China Standard Time),28.110001,30.110001,27.51,28,365400,28,XLRN
Fri Feb 05 2016 00:00:00 GMT+0800 (China Standard Time),27.799999,28.27,26.48,26.59,417300,26.59,XLRN
Mon Feb 08 2016 00:00:00 GMT+0800 (China Standard Time),26.23,26.700001,23.4,24.83,522100,24.83,XLRN
Tue Feb 09 2016 00:00:00 GMT+0800 (China Standard Time),24.379999,25.77,24.16,24.629999,207300,24.629999,XLRN
Wed Feb 10 2016 00:00:00 GMT+0800 (China Standard Time),24.83,26.82,24.370001,25.67,438300,25.67,XLRN
Thu Feb 11 2016 00:00:00 GMT+0800 (China Standard Time),24.98,25.49,24.02,24.83,281600,24.83,XLRN
Fri Feb 12 2016 00:00:00 GMT+0800 (China Standard Time),25.059999,27.299999,23.799999,25.41,226100,25.41,XLRN
Tue Feb 16 2016 00:00:00 GMT+0800 (China Standard Time),25.799999,26.98,25.1,26.91,305500,26.91,XLRN
Wed Feb 17 2016 00:00:00 GMT+0800 (China Standard Time),27.16,29.25,27.09,28.93,484800,28.93,XLRN
Thu Feb 18 2016 00:00:00 GMT+0800 (China Standard Time),28.969999,29.959999,26.129999,26.27,363400,26.27,XLRN
Fri Feb 19 2016 00:00:00 GMT+0800 (China Standard Time),26.17,27.51,25.65,27.200001,225900,27.200001,XLRN
Mon Feb 22 2016 00:00:00 GMT+0800 (China Standard Time),27.469999,28.27,26.5,26.73,391300,26.73,XLRN
Tue Feb 23 2016 00:00:00 GMT+0800 (China Standard Time),26.620001,27.690001,25.99,26.07,295100,26.07,XLRN
Wed Feb 24 2016 00:00:00 GMT+0800 (China Standard Time),25.77,28,24.540001,26.4,256600,26.4,XLRN
Thu Feb 25 2016 00:00:00 GMT+0800 (China Standard Time),26.139999,26.24,23.74,24.18,476200,24.18,XLRN
Fri Feb 26 2016 00:00:00 GMT+0800 (China Standard Time),25.1,26.290001,24.709999,25.32,394400,25.32,XLRN
Mon Feb 29 2016 00:00:00 GMT+0800 (China Standard Time),26.190001,26.780001,25.299999,25.34,564300,25.34,XLRN
Tue Mar 01 2016 00:00:00 GMT+0800 (China Standard Time),25.57,27.25,25.110001,27.25,480700,27.25,XLRN
Wed Mar 02 2016 00:00:00 GMT+0800 (China Standard Time),27.08,28.27,26.889999,27.65,509700,27.65,XLRN
Thu Mar 03 2016 00:00:00 GMT+0800 (China Standard Time),27.59,28.450001,27.35,27.969999,327100,27.969999,XLRN
Fri Mar 04 2016 00:00:00 GMT+0800 (China Standard Time),27.9,29.41,27.33,28.469999,343400,28.469999,XLRN
Mon Mar 07 2016 00:00:00 GMT+0800 (China Standard Time),28.280001,30.559999,27.85,29.780001,537900,29.780001,XLRN
Tue Mar 08 2016 00:00:00 GMT+0800 (China Standard Time),29.59,30.1,27.59,27.74,363100,27.74,XLRN
Wed Mar 09 2016 00:00:00 GMT+0800 (China Standard Time),27.82,28.219999,26.1,27.360001,543200,27.360001,XLRN
Thu Mar 10 2016 00:00:00 GMT+0800 (China Standard Time),27.629999,28.950001,25.74,26.02,368200,26.02,XLRN
Fri Mar 11 2016 00:00:00 GMT+0800 (China Standard Time),26.25,26.93,25.4,26.870001,330300,26.870001,XLRN
Mon Mar 14 2016 00:00:00 GMT+0800 (China Standard Time),26.870001,28.030001,26.809999,27.26,411300,27.26,XLRN
Tue Mar 15 2016 00:00:00 GMT+0800 (China Standard Time),26.969999,27.99,25.02,25.49,332500,25.49,XLRN
Wed Mar 16 2016 00:00:00 GMT+0800 (China Standard Time),25.34,26.18,24.120001,24.870001,419000,24.870001,XLRN
Thu Mar 17 2016 00:00:00 GMT+0800 (China Standard Time),24.73,25.08,22.67,23.639999,428100,23.639999,XLRN
Fri Mar 18 2016 00:00:00 GMT+0800 (China Standard Time),23.74,25.459999,23.18,25.309999,767200,25.309999,XLRN
Mon Mar 21 2016 00:00:00 GMT+0800 (China Standard Time),25.209999,27.16,24.82,26.389999,341200,26.389999,XLRN
Tue Mar 22 2016 00:00:00 GMT+0800 (China Standard Time),26.15,28.08,25.9,27.620001,357800,27.620001,XLRN
Wed Mar 23 2016 00:00:00 GMT+0800 (China Standard Time),27.450001,28.120001,24.450001,24.459999,470700,24.459999,XLRN
Thu Mar 24 2016 00:00:00 GMT+0800 (China Standard Time),24.6,25.209999,23.129999,24.209999,416800,24.209999,XLRN
Mon Mar 28 2016 00:00:00 GMT+0800 (China Standard Time),24.200001,24.639999,23.1,23.92,286900,23.92,XLRN
Tue Mar 29 2016 00:00:00 GMT+0800 (China Standard Time),23.889999,25.950001,23.200001,25.76,403200,25.76,XLRN
Wed Mar 30 2016 00:00:00 GMT+0800 (China Standard Time),26.01,27.690001,25.219999,25.700001,347600,25.700001,XLRN
Thu Mar 31 2016 00:00:00 GMT+0800 (China Standard Time),26.049999,27.139999,25.690001,26.389999,372500,26.389999,XLRN
Fri Apr 01 2016 00:00:00 GMT+0800 (China Standard Time),26.15,27.42,25.49,27.34,370200,27.34,XLRN
Mon Apr 04 2016 00:00:00 GMT+0800 (China Standard Time),27.360001,29.67,27.02,29.209999,454800,29.209999,XLRN
Tue Apr 05 2016 00:00:00 GMT+0800 (China Standard Time),28.74,30.33,28.6,29.9,424400,29.9,XLRN
Wed Apr 06 2016 00:00:00 GMT+0800 (China Standard Time),29.959999,32,29.76,31.92,498600,31.92,XLRN
Thu Apr 07 2016 00:00:00 GMT+0800 (China Standard Time),31.360001,32.380001,30.02,31.450001,530300,31.450001,XLRN
Fri Apr 08 2016 00:00:00 GMT+0800 (China Standard Time),32.189999,32.540001,30.879999,31.26,482600,31.26,XLRN
Mon Apr 11 2016 00:00:00 GMT+0800 (China Standard Time),31.459999,32.450001,30.25,30.48,312900,30.48,XLRN
Tue Apr 12 2016 00:00:00 GMT+0800 (China Standard Time),30.870001,31.530001,28.969999,31.42,319600,31.42,XLRN
Wed Apr 13 2016 00:00:00 GMT+0800 (China Standard Time),31.889999,31.93,30.389999,31.719999,205300,31.719999,XLRN
Thu Apr 14 2016 00:00:00 GMT+0800 (China Standard Time),31.690001,32.349998,30.879999,31.440001,169000,31.440001,XLRN
Fri Apr 15 2016 00:00:00 GMT+0800 (China Standard Time),31.290001,31.6,30.15,31.23,167900,31.23,XLRN
Mon Apr 18 2016 00:00:00 GMT+0800 (China Standard Time),31.120001,31.6,30.129999,31.469999,270000,31.469999,XLRN
Tue Apr 19 2016 00:00:00 GMT+0800 (China Standard Time),31.48,31.48,28.84,29.18,323700,29.18,XLRN
Wed Apr 20 2016 00:00:00 GMT+0800 (China Standard Time),29.93,31.08,29.25,30.440001,611300,30.440001,XLRN
Thu Apr 21 2016 00:00:00 GMT+0800 (China Standard Time),30.280001,31.76,30.02,31.68,301900,31.68,XLRN
Fri Apr 22 2016 00:00:00 GMT+0800 (China Standard Time),31.66,32.48,30.9,32.200001,168200,32.200001,XLRN
Mon Apr 25 2016 00:00:00 GMT+0800 (China Standard Time),32.279999,33.700001,31.139999,31.450001,456100,31.450001,XLRN
Tue Apr 26 2016 00:00:00 GMT+0800 (China Standard Time),31.35,31.860001,30.32,31.030001,255100,31.030001,XLRN
Wed Apr 27 2016 00:00:00 GMT+0800 (China Standard Time),31.34,31.66,30.299999,30.700001,276100,30.700001,XLRN
Thu Apr 28 2016 00:00:00 GMT+0800 (China Standard Time),30.360001,31.66,29.76,30.110001,215800,30.110001,XLRN
Fri Apr 29 2016 00:00:00 GMT+0800 (China Standard Time),29.93,30.209999,29.129999,29.950001,311300,29.950001,XLRN
Mon May 02 2016 00:00:00 GMT+0800 (China Standard Time),30.049999,30.459999,28.530001,30.33,364300,30.33,XLRN
Tue May 03 2016 00:00:00 GMT+0800 (China Standard Time),29.950001,30.35,28.23,28.33,387600,28.33,XLRN
Wed May 04 2016 00:00:00 GMT+0800 (China Standard Time),28.120001,28.33,26.719999,27.5,456800,27.5,XLRN
Thu May 05 2016 00:00:00 GMT+0800 (China Standard Time),28.59,31.940001,28.59,30.190001,881100,30.190001,XLRN
Fri May 06 2016 00:00:00 GMT+0800 (China Standard Time),30.280001,30.879999,27.01,29.43,916800,29.43,XLRN
Mon May 09 2016 00:00:00 GMT+0800 (China Standard Time),29.360001,31.219999,29.360001,30.799999,258200,30.799999,XLRN
Tue May 10 2016 00:00:00 GMT+0800 (China Standard Time),30.93,31.67,30.25,31.59,315600,31.59,XLRN
Wed May 11 2016 00:00:00 GMT+0800 (China Standard Time),31.450001,31.82,29.68,29.73,239300,29.73,XLRN
Thu May 12 2016 00:00:00 GMT+0800 (China Standard Time),29.91,29.91,28,28.57,265900,28.57,XLRN
Fri May 13 2016 00:00:00 GMT+0800 (China Standard Time),28.57,29.6,28.35,29.370001,198200,29.370001,XLRN
Mon May 16 2016 00:00:00 GMT+0800 (China Standard Time),29.6,32.400002,29.41,32.220001,386500,32.220001,XLRN
Tue May 17 2016 00:00:00 GMT+0800 (China Standard Time),32.450001,32.990002,31.809999,32.040001,356600,32.040001,XLRN
Wed May 18 2016 00:00:00 GMT+0800 (China Standard Time),31.799999,33.330002,31.799999,32.889999,343500,32.889999,XLRN
Thu May 19 2016 00:00:00 GMT+0800 (China Standard Time),32.639999,33.299999,32.07,32.950001,394100,32.950001,XLRN
Fri May 20 2016 00:00:00 GMT+0800 (China Standard Time),33.150002,33.73,32.740002,33.68,303400,33.68,XLRN
Mon May 23 2016 00:00:00 GMT+0800 (China Standard Time),33.73,34.779999,33.529999,34.060001,318500,34.060001,XLRN
Tue May 24 2016 00:00:00 GMT+0800 (China Standard Time),34.060001,34.830002,33.509998,34.470001,374400,34.470001,XLRN
Wed May 25 2016 00:00:00 GMT+0800 (China Standard Time),34.790001,34.889999,34.009998,34.779999,419200,34.779999,XLRN
Thu May 26 2016 00:00:00 GMT+0800 (China Standard Time),34.720001,34.790001,34.16,34.349998,370600,34.349998,XLRN
Fri May 27 2016 00:00:00 GMT+0800 (China Standard Time),34.349998,34.439999,33.290001,33.889999,293700,33.889999,XLRN
Tue May 31 2016 00:00:00 GMT+0800 (China Standard Time),34.150002,34.41,33.5,34.209999,464300,34.209999,XLRN
Wed Jun 01 2016 00:00:00 GMT+0800 (China Standard Time),34.09,34.560001,33.360001,33.900002,412000,33.900002,XLRN
Thu Jun 02 2016 00:00:00 GMT+0800 (China Standard Time),33.759998,37.279999,33.759998,37.23,408000,37.23,XLRN
Fri Jun 03 2016 00:00:00 GMT+0800 (China Standard Time),36.990002,36.990002,34.889999,36.189999,356500,36.189999,XLRN
Mon Jun 06 2016 00:00:00 GMT+0800 (China Standard Time),36.240002,37.560001,35.48,37.049999,388400,37.049999,XLRN
Tue Jun 07 2016 00:00:00 GMT+0800 (China Standard Time),36.68,37.669998,35.66,35.759998,271700,35.759998,XLRN
Wed Jun 08 2016 00:00:00 GMT+0800 (China Standard Time),35.84,36.400002,35,36.16,265300,36.16,XLRN
Thu Jun 09 2016 00:00:00 GMT+0800 (China Standard Time),35.830002,36.07,34.150002,34.5,309500,34.5,XLRN
Fri Jun 10 2016 00:00:00 GMT+0800 (China Standard Time),34,35.939999,33.259998,35.439999,507300,35.439999,XLRN
Mon Jun 13 2016 00:00:00 GMT+0800 (China Standard Time),34.950001,36.110001,33.700001,34.91,413300,34.91,XLRN
Tue Jun 14 2016 00:00:00 GMT+0800 (China Standard Time),34.970001,36.240002,34.639999,35.759998,410800,35.759998,XLRN
Wed Jun 15 2016 00:00:00 GMT+0800 (China Standard Time),36.18,37.040001,35.540001,36.799999,341000,36.799999,XLRN
Thu Jun 16 2016 00:00:00 GMT+0800 (China Standard Time),36.380001,36.529999,35.34,36.299999,254800,36.299999,XLRN
Fri Jun 17 2016 00:00:00 GMT+0800 (China Standard Time),36.419998,36.419998,34.25,34.380001,606900,34.380001,XLRN
Mon Jun 20 2016 00:00:00 GMT+0800 (China Standard Time),34.919998,35.700001,34.189999,34.869999,222500,34.869999,XLRN
Tue Jun 21 2016 00:00:00 GMT+0800 (China Standard Time),35.09,35.09,33.25,33.73,307300,33.73,XLRN
Wed Jun 22 2016 00:00:00 GMT+0800 (China Standard Time),33.799999,35.02,33.189999,33.560001,305100,33.560001,XLRN
Thu Jun 23 2016 00:00:00 GMT+0800 (China Standard Time),33.990002,35.209999,33.5,35.040001,372000,35.040001,XLRN
Fri Jun 24 2016 00:00:00 GMT+0800 (China Standard Time),33.189999,34.419998,32.669998,33.459999,806900,33.459999,XLRN
Mon Jun 27 2016 00:00:00 GMT+0800 (China Standard Time),33.150002,33.380001,31.549999,31.84,335100,31.84,XLRN
Tue Jun 28 2016 00:00:00 GMT+0800 (China Standard Time),32.66,34,32.299999,33.889999,326300,33.889999,XLRN
Wed Jun 29 2016 00:00:00 GMT+0800 (China Standard Time),34.400002,35.220001,33.610001,35,298900,35,XLRN
Thu Jun 30 2016 00:00:00 GMT+0800 (China Standard Time),35.080002,35.080002,33.560001,33.98,442900,33.98,XLRN
Fri Jul 01 2016 00:00:00 GMT+0800 (China Standard Time),33.869999,35.349998,33.450001,35.27,448600,35.27,XLRN
Tue Jul 05 2016 00:00:00 GMT+0800 (China Standard Time),34.950001,35.299999,32.540001,32.77,426400,32.77,XLRN
Wed Jul 06 2016 00:00:00 GMT+0800 (China Standard Time),32.580002,34.5,32.529999,34.48,363100,34.48,XLRN
Thu Jul 07 2016 00:00:00 GMT+0800 (China Standard Time),34.580002,34.93,33.32,33.91,255900,33.91,XLRN
Fri Jul 08 2016 00:00:00 GMT+0800 (China Standard Time),33.75,34.779999,33.439999,34.75,358500,34.75,XLRN
Mon Jul 11 2016 00:00:00 GMT+0800 (China Standard Time),34.93,35.09,34,34.349998,200100,34.349998,XLRN
Tue Jul 12 2016 00:00:00 GMT+0800 (China Standard Time),34.84,35.52,34.48,35.099998,224100,35.099998,XLRN
Wed Jul 13 2016 00:00:00 GMT+0800 (China Standard Time),35.34,35.57,32.790001,32.869999,240200,32.869999,XLRN
Thu Jul 14 2016 00:00:00 GMT+0800 (China Standard Time),33.459999,34.18,32.43,32.810001,203100,32.810001,XLRN
Fri Jul 15 2016 00:00:00 GMT+0800 (China Standard Time),33.16,33.650002,32.849998,33.09,207500,33.09,XLRN
Mon Jul 18 2016 00:00:00 GMT+0800 (China Standard Time),33.040001,33.040001,32.18,32.459999,276300,32.459999,XLRN
Tue Jul 19 2016 00:00:00 GMT+0800 (China Standard Time),32.490002,32.93,32,32.360001,318100,32.360001,XLRN
Wed Jul 20 2016 00:00:00 GMT+0800 (China Standard Time),32.560001,33.470001,32.240002,33,293000,33,XLRN
Thu Jul 21 2016 00:00:00 GMT+0800 (China Standard Time),33.380001,34.130001,32.919998,33.450001,304200,33.450001,XLRN
Fri Jul 22 2016 00:00:00 GMT+0800 (China Standard Time),33.66,33.880001,32.950001,33.43,213600,33.43,XLRN
Mon Jul 25 2016 00:00:00 GMT+0800 (China Standard Time),33.529999,33.619999,32.77,32.98,165300,32.98,XLRN
Tue Jul 26 2016 00:00:00 GMT+0800 (China Standard Time),32.650002,33.259998,32.459999,32.669998,133000,32.669998,XLRN
Wed Jul 27 2016 00:00:00 GMT+0800 (China Standard Time),32.84,34.560001,32.700001,34.450001,169600,34.450001,XLRN
Thu Jul 28 2016 00:00:00 GMT+0800 (China Standard Time),34.529999,35.09,33.599998,33.93,170800,33.93,XLRN
Fri Jul 29 2016 00:00:00 GMT+0800 (China Standard Time),33.73,34.459999,33.150002,33.919998,279200,33.919998,XLRN
Mon Aug 01 2016 00:00:00 GMT+0800 (China Standard Time),34.099998,34.990002,33.869999,34.400002,154800,34.400002,XLRN
Tue Aug 02 2016 00:00:00 GMT+0800 (China Standard Time),34.380001,35.099998,32.5,33.009998,329900,33.009998,XLRN
Wed Aug 03 2016 00:00:00 GMT+0800 (China Standard Time),32.93,34.119999,32.549999,34.060001,255500,34.060001,XLRN
Thu Aug 04 2016 00:00:00 GMT+0800 (China Standard Time),31.780001,34.279999,31.450001,33.130001,405300,33.130001,XLRN
Fri Aug 05 2016 00:00:00 GMT+0800 (China Standard Time),33.57,33.830002,32.66,32.970001,244900,32.970001,XLRN
Mon Aug 08 2016 00:00:00 GMT+0800 (China Standard Time),33.02,33.52,30.33,30.370001,314800,30.370001,XLRN
Tue Aug 09 2016 00:00:00 GMT+0800 (China Standard Time),30.5,30.52,29.280001,30.049999,223800,30.049999,XLRN
Wed Aug 10 2016 00:00:00 GMT+0800 (China Standard Time),30.02,30.02,28.82,28.84,176100,28.84,XLRN
Thu Aug 11 2016 00:00:00 GMT+0800 (China Standard Time),29.07,29.540001,28.290001,29.48,232800,29.48,XLRN
Fri Aug 12 2016 00:00:00 GMT+0800 (China Standard Time),29.389999,30.01,29.200001,29.99,119600,29.99,XLRN
Mon Aug 15 2016 00:00:00 GMT+0800 (China Standard Time),30,30.74,29.860001,30.15,175700,30.15,XLRN
Tue Aug 16 2016 00:00:00 GMT+0800 (China Standard Time),29.99,30.120001,29.459999,29.709999,226800,29.709999,XLRN
Wed Aug 17 2016 00:00:00 GMT+0800 (China Standard Time),29.709999,30.26,29.48,30.01,186100,30.01,XLRN
Thu Aug 18 2016 00:00:00 GMT+0800 (China Standard Time),30.049999,30.26,29.77,30,211500,30,XLRN
Fri Aug 19 2016 00:00:00 GMT+0800 (China Standard Time),30,31.969999,29.559999,29.85,241300,29.85,XLRN
Mon Aug 22 2016 00:00:00 GMT+0800 (China Standard Time),30,30.799999,30,30.77,214100,30.77,XLRN
Tue Aug 23 2016 00:00:00 GMT+0800 (China Standard Time),30.91,31.25,30.780001,30.91,196000,30.91,XLRN
Wed Aug 24 2016 00:00:00 GMT+0800 (China Standard Time),30.799999,32.150002,29.719999,29.860001,358700,29.860001,XLRN
Thu Aug 25 2016 00:00:00 GMT+0800 (China Standard Time),29.98,30.540001,29.059999,29.65,273100,29.65,XLRN
Fri Aug 26 2016 00:00:00 GMT+0800 (China Standard Time),29.780001,30.549999,29.4,30.209999,146400,30.209999,XLRN
Mon Aug 29 2016 00:00:00 GMT+0800 (China Standard Time),30.33,30.51,29.620001,30.280001,123900,30.280001,XLRN
Tue Aug 30 2016 00:00:00 GMT+0800 (China Standard Time),30.26,30.84,30.110001,30.32,85000,30.32,XLRN
Wed Aug 31 2016 00:00:00 GMT+0800 (China Standard Time),30.15,30.77,29.26,30.01,279400,30.01,XLRN
Thu Sep 01 2016 00:00:00 GMT+0800 (China Standard Time),30.030001,30.799999,29.879999,30.25,135700,30.25,XLRN
Fri Sep 02 2016 00:00:00 GMT+0800 (China Standard Time),30.379999,31.620001,30.25,30.84,131700,30.84,XLRN
Tue Sep 06 2016 00:00:00 GMT+0800 (China Standard Time),31.059999,32.650002,30.82,32.02,275100,32.02,XLRN
Wed Sep 07 2016 00:00:00 GMT+0800 (China Standard Time),32,32.200001,31.18,31.68,275000,31.68,XLRN
Thu Sep 08 2016 00:00:00 GMT+0800 (China Standard Time),31.65,32.48,30.290001,32.32,131900,32.32,XLRN
Fri Sep 09 2016 00:00:00 GMT+0800 (China Standard Time),32.09,32.459999,30.969999,31.4,451000,31.4,XLRN
Mon Sep 12 2016 00:00:00 GMT+0800 (China Standard Time),31.24,32.66,31.24,32.57,260000,32.57,XLRN
Tue Sep 13 2016 00:00:00 GMT+0800 (China Standard Time),32.639999,33.459999,31.52,33.16,320300,33.16,XLRN
Wed Sep 14 2016 00:00:00 GMT+0800 (China Standard Time),33.23,34.580002,33.23,34.41,329600,34.41,XLRN
Thu Sep 15 2016 00:00:00 GMT+0800 (China Standard Time),34.220001,34.419998,32.720001,33.509998,288300,33.509998,XLRN
Fri Sep 16 2016 00:00:00 GMT+0800 (China Standard Time),33.400002,34.599998,32.450001,34.509998,415400,34.509998,XLRN
Mon Sep 19 2016 00:00:00 GMT+0800 (China Standard Time),34.84,37.200001,34.450001,36.5,396000,36.5,XLRN
Tue Sep 20 2016 00:00:00 GMT+0800 (China Standard Time),36.849998,37.669998,36.330002,37.48,381400,37.48,XLRN
Wed Sep 21 2016 00:00:00 GMT+0800 (China Standard Time),37.77,38.400002,36.98,38.119999,385000,38.119999,XLRN
Thu Sep 22 2016 00:00:00 GMT+0800 (China Standard Time),38.419998,40.380001,38.119999,40,439800,40,XLRN
Fri Sep 23 2016 00:00:00 GMT+0800 (China Standard Time),40,40.330002,38.990002,39.5,274900,39.5,XLRN
Mon Sep 26 2016 00:00:00 GMT+0800 (China Standard Time),39.209999,39.529999,38.639999,39.150002,242900,39.150002,XLRN
Tue Sep 27 2016 00:00:00 GMT+0800 (China Standard Time),39.110001,40.700001,38.91,40.470001,259300,40.470001,XLRN
Wed Sep 28 2016 00:00:00 GMT+0800 (China Standard Time),40.52,40.52,38.77,39.580002,307100,39.580002,XLRN
Thu Sep 29 2016 00:00:00 GMT+0800 (China Standard Time),39.349998,39.349998,36.290001,36.41,530400,36.41,XLRN
Fri Sep 30 2016 00:00:00 GMT+0800 (China Standard Time),36.759998,37.34,36.009998,36.189999,379400,36.189999,XLRN
Mon Oct 03 2016 00:00:00 GMT+0800 (China Standard Time),36,36.02,34.75,35.560001,240500,35.560001,XLRN
Tue Oct 04 2016 00:00:00 GMT+0800 (China Standard Time),35.639999,36.220001,34.290001,35.310001,124200,35.310001,XLRN
Wed Oct 05 2016 00:00:00 GMT+0800 (China Standard Time),35.380001,36.48,35.16,36.220001,311500,36.220001,XLRN
Thu Oct 06 2016 00:00:00 GMT+0800 (China Standard Time),35.68,35.68,33.84,33.950001,205900,33.950001,XLRN
Fri Oct 07 2016 00:00:00 GMT+0800 (China Standard Time),34,34,32.959999,33.470001,289800,33.470001,XLRN
Mon Oct 10 2016 00:00:00 GMT+0800 (China Standard Time),33.889999,35.360001,33.779999,35.060001,236200,35.060001,XLRN
Tue Oct 11 2016 00:00:00 GMT+0800 (China Standard Time),34.59,35.169998,33.490002,33.73,330800,33.73,XLRN
Wed Oct 12 2016 00:00:00 GMT+0800 (China Standard Time),33.689999,33.689999,30.75,30.76,226000,30.76,XLRN
Thu Oct 13 2016 00:00:00 GMT+0800 (China Standard Time),30.35,31.07,30.01,30.34,257400,30.34,XLRN
Fri Oct 14 2016 00:00:00 GMT+0800 (China Standard Time),30.639999,30.639999,29.74,29.74,301800,29.74,XLRN
Mon Oct 17 2016 00:00:00 GMT+0800 (China Standard Time),29.73,30.16,29.09,29.860001,177600,29.860001,XLRN
Tue Oct 18 2016 00:00:00 GMT+0800 (China Standard Time),30.280001,30.52,29.809999,30.02,124300,30.02,XLRN
Wed Oct 19 2016 00:00:00 GMT+0800 (China Standard Time),30.059999,30.190001,29.52,29.940001,224900,29.940001,XLRN
Thu Oct 20 2016 00:00:00 GMT+0800 (China Standard Time),29.860001,30.41,29.549999,30.190001,249000,30.190001,XLRN
Fri Oct 21 2016 00:00:00 GMT+0800 (China Standard Time),30.040001,30.23,29.110001,29.200001,152700,29.200001,XLRN
Mon Oct 24 2016 00:00:00 GMT+0800 (China Standard Time),29.389999,29.4,28.23,28.25,211100,28.25,XLRN
Tue Oct 25 2016 00:00:00 GMT+0800 (China Standard Time),28.35,28.440001,27.57,27.639999,182000,27.639999,XLRN
Wed Oct 26 2016 00:00:00 GMT+0800 (China Standard Time),27.690001,27.98,26.43,26.92,198300,26.92,XLRN
Thu Oct 27 2016 00:00:00 GMT+0800 (China Standard Time),27.48,29.190001,27.459999,28,644300,28,XLRN
Fri Oct 28 2016 00:00:00 GMT+0800 (China Standard Time),27.77,28.120001,26.780001,27.48,268800,27.48,XLRN
Mon Oct 31 2016 00:00:00 GMT+0800 (China Standard Time),27.540001,28.59,27.42,28.030001,266800,28.030001,XLRN
Tue Nov 01 2016 00:00:00 GMT+0800 (China Standard Time),28.09,28.98,27.620001,28.299999,274200,28.299999,XLRN
Wed Nov 02 2016 00:00:00 GMT+0800 (China Standard Time),28.23,28.91,27.34,27.360001,243400,27.360001,XLRN
Thu Nov 03 2016 00:00:00 GMT+0800 (China Standard Time),27.33,27.389999,24.77,24.860001,355100,24.860001,XLRN
Fri Nov 04 2016 00:00:00 GMT+0800 (China Standard Time),25.610001,28.780001,24.870001,27.49,530000,27.49,XLRN
Mon Nov 07 2016 00:00:00 GMT+0800 (China Standard Time),27.299999,28.07,26.48,27.51,511900,27.51,XLRN
Tue Nov 08 2016 00:00:00 GMT+0800 (China Standard Time),27.190001,28.33,27.1,28.15,191000,28.15,XLRN
Wed Nov 09 2016 00:00:00 GMT+0800 (China Standard Time),30.530001,34.060001,30.459999,33.759998,1288500,33.759998,XLRN
Thu Nov 10 2016 00:00:00 GMT+0800 (China Standard Time),34.599998,36.950001,33.990002,36.380001,543100,36.380001,XLRN
Fri Nov 11 2016 00:00:00 GMT+0800 (China Standard Time),36.09,38.950001,35.509998,38.82,560600,38.82,XLRN
